dataset_accession,participant_id,run_id,trial_index,task_paradigm,stimulus_condition,raw_onset_sec,raw_duration_sec,raw_response_time_sec,response_time_ms,accuracy,is_cognitive_conflict
ds000164,sub-001,1,1,stroop,neutral,0.342,1.0,1.186,1186.0,1.0,0.0
ds000164,sub-001,1,2,stroop,congruent,3.345,1.0,0.667,667.0,1.0,0.0
ds000164,sub-001,1,3,stroop,congruent,12.346,1.0,0.614,614.0,1.0,0.0
ds000164,sub-001,1,4,stroop,neutral,15.349,1.0,0.696,696.0,1.0,0.0
ds000164,sub-001,1,5,stroop,neutral,18.35,1.0,0.752,752.0,1.0,0.0
ds000164,sub-001,1,6,stroop,incongruent,21.351,1.0,0.864,864.0,1.0,1.0
ds000164,sub-001,1,7,stroop,congruent,24.352,1.0,0.793,793.0,1.0,0.0
ds000164,sub-001,1,8,stroop,neutral,27.353,1.0,0.662,662.0,1.0,0.0
ds000164,sub-001,1,9,stroop,neutral,31.854,1.0,0.715,715.0,1.0,0.0
ds000164,sub-001,1,10,stroop,incongruent,34.855,1.0,0.792,792.0,1.0,1.0
ds000164,sub-001,1,11,stroop,neutral,43.856,1.0,0.739,739.0,1.0,0.0
ds000164,sub-001,1,12,stroop,congruent,46.859,1.0,1.028,1028.0,1.0,0.0
ds000164,sub-001,1,13,stroop,incongruent,49.86,1.0,0.785,785.0,1.0,1.0
ds000164,sub-001,1,14,stroop,congruent,52.861,1.0,0.789,789.0,1.0,0.0
ds000164,sub-001,1,15,stroop,neutral,55.862,1.0,0.898,898.0,0.0,0.0
ds000164,sub-001,1,16,stroop,neutral,58.863,1.0,0.907,907.0,1.0,0.0
ds000164,sub-001,1,17,stroop,incongruent,66.364,1.0,1.055,1055.0,1.0,1.0
ds000164,sub-001,1,18,stroop,incongruent,69.367,1.0,0.654,654.0,1.0,1.0
ds000164,sub-001,1,19,stroop,incongruent,81.368,1.0,0.662,662.0,1.0,1.0
ds000164,sub-001,1,20,stroop,incongruent,84.372,1.0,0.661,661.0,1.0,1.0
ds000164,sub-001,1,21,stroop,neutral,90.373,1.0,0.847,847.0,0.0,0.0
ds000164,sub-001,1,22,stroop,neutral,94.875,1.0,0.811,811.0,1.0,0.0
ds000164,sub-001,1,23,stroop,congruent,99.376,1.0,0.801,801.0,1.0,0.0
ds000164,sub-001,1,24,stroop,incongruent,106.878,1.0,0.737,737.0,1.0,1.0
ds000164,sub-001,1,25,stroop,congruent,112.88,1.0,1.007,1006.9999999999999,1.0,0.0
ds000164,sub-001,1,26,stroop,neutral,118.882,1.0,1.016,1016.0,1.0,0.0
ds000164,sub-001,1,27,stroop,neutral,121.885,1.0,0.745,745.0,1.0,0.0
ds000164,sub-001,1,28,stroop,congruent,126.386,1.0,0.923,923.0,1.0,0.0
ds000164,sub-001,1,29,stroop,congruent,141.387,1.0,0.938,938.0,1.0,0.0
ds000164,sub-001,1,30,stroop,neutral,144.392,1.0,0.747,747.0,1.0,0.0
ds000164,sub-001,1,31,stroop,incongruent,148.893,1.0,1.106,1106.0,1.0,1.0
ds000164,sub-001,1,32,stroop,incongruent,151.895,1.0,1.191,1191.0,1.0,1.0
ds000164,sub-001,1,33,stroop,congruent,154.896,1.0,0.67,670.0,1.0,0.0
ds000164,sub-001,1,34,stroop,congruent,157.897,1.0,0.967,967.0,1.0,0.0
ds000164,sub-001,1,35,stroop,neutral,162.398,1.0,0.835,835.0,1.0,0.0
ds000164,sub-001,1,36,stroop,neutral,165.399,1.0,0.796,796.0,1.0,0.0
ds000164,sub-001,1,37,stroop,congruent,171.4,1.0,0.889,889.0,1.0,0.0
ds000164,sub-001,1,38,stroop,congruent,174.402,1.0,0.788,788.0,1.0,0.0
ds000164,sub-001,1,39,stroop,congruent,177.403,1.0,0.627,627.0,1.0,0.0
ds000164,sub-001,1,40,stroop,incongruent,180.404,1.0,0.926,926.0,0.0,1.0
ds000164,sub-001,1,41,stroop,neutral,183.405,1.0,0.778,778.0,0.0,0.0
ds000164,sub-001,1,42,stroop,neutral,189.406,1.0,0.823,823.0,1.0,0.0
ds000164,sub-001,1,43,stroop,neutral,196.908,1.0,0.702,702.0,1.0,0.0
ds000164,sub-001,1,44,stroop,neutral,202.911,1.0,0.622,622.0,1.0,0.0
ds000164,sub-001,1,45,stroop,incongruent,205.913,1.0,1.036,1036.0,1.0,1.0
ds000164,sub-001,1,46,stroop,incongruent,210.414,1.0,0.552,552.0,1.0,1.0
ds000164,sub-001,1,47,stroop,neutral,213.415,1.0,0.891,891.0,1.0,0.0
ds000164,sub-001,1,48,stroop,incongruent,216.416,1.0,0.853,853.0,1.0,1.0
ds000164,sub-001,1,49,stroop,congruent,219.417,1.0,1.052,1052.0,1.0,0.0
ds000164,sub-001,1,50,stroop,congruent,223.918,1.0,0.637,637.0,1.0,0.0
ds000164,sub-001,1,51,stroop,congruent,234.42,1.0,0.918,918.0,1.0,0.0
ds000164,sub-001,1,52,stroop,incongruent,237.424,1.0,0.924,924.0,1.0,1.0
ds000164,sub-001,1,53,stroop,neutral,241.924,1.0,0.835,835.0,1.0,0.0
ds000164,sub-001,1,54,stroop,neutral,244.926,1.0,0.709,709.0,1.0,0.0
ds000164,sub-001,1,55,stroop,incongruent,249.427,1.0,0.825,825.0,1.0,1.0
ds000164,sub-001,1,56,stroop,congruent,252.429,1.0,0.727,727.0,1.0,0.0
ds000164,sub-001,1,57,stroop,congruent,255.43,1.0,0.743,743.0,1.0,0.0
ds000164,sub-001,1,58,stroop,incongruent,265.931,1.0,0.0,,0.0,1.0
ds000164,sub-001,1,59,stroop,congruent,274.934,1.0,0.697,697.0,1.0,0.0
ds000164,sub-001,1,60,stroop,congruent,277.937,1.0,0.689,689.0,1.0,0.0
ds000164,sub-001,1,61,stroop,incongruent,282.438,1.0,0.87,870.0,1.0,1.0
ds000164,sub-001,1,62,stroop,congruent,289.94,1.0,0.695,695.0,1.0,0.0
ds000164,sub-001,1,63,stroop,neutral,294.442,1.0,0.851,851.0,1.0,0.0
ds000164,sub-001,1,64,stroop,incongruent,297.444,1.0,1.148,1148.0,1.0,1.0
ds000164,sub-001,1,65,stroop,neutral,303.445,1.0,0.921,921.0,1.0,0.0
ds000164,sub-001,1,66,stroop,incongruent,306.447,1.0,1.23,1230.0,1.0,1.0
ds000164,sub-001,1,67,stroop,congruent,309.448,1.0,0.804,804.0,1.0,0.0
ds000164,sub-001,1,68,stroop,incongruent,312.449,1.0,0.985,985.0,1.0,1.0
ds000164,sub-001,1,69,stroop,incongruent,321.45,1.0,1.022,1022.0,1.0,1.0
ds000164,sub-001,1,70,stroop,neutral,327.453,1.0,0.895,895.0,0.0,0.0
ds000164,sub-001,1,71,stroop,neutral,336.455,1.0,0.695,695.0,1.0,0.0
ds000164,sub-001,1,72,stroop,congruent,339.458,1.0,0.931,931.0,1.0,0.0
ds000164,sub-001,1,73,stroop,incongruent,342.459,1.0,1.093,1093.0,1.0,1.0
ds000164,sub-001,1,74,stroop,neutral,346.96,1.0,0.744,744.0,1.0,0.0
ds000164,sub-001,1,75,stroop,congruent,349.961,1.0,0.953,953.0,1.0,0.0
ds000164,sub-001,1,76,stroop,congruent,352.962,1.0,0.923,923.0,1.0,0.0
ds000164,sub-001,1,77,stroop,incongruent,355.963,1.0,1.127,1127.0,1.0,1.0
ds000164,sub-001,1,78,stroop,neutral,361.964,1.0,0.873,873.0,1.0,0.0
ds000164,sub-001,1,79,stroop,incongruent,369.467,1.0,0.945,945.0,1.0,1.0
ds000164,sub-001,1,80,stroop,incongruent,379.969,1.0,1.219,1219.0,1.0,1.0
ds000164,sub-001,1,81,stroop,incongruent,382.973,1.0,1.078,1078.0,1.0,1.0
ds000164,sub-001,1,82,stroop,neutral,387.474,1.0,0.691,691.0,1.0,0.0
ds000164,sub-001,1,83,stroop,neutral,390.475,1.0,0.808,808.0,1.0,0.0
ds000164,sub-001,1,84,stroop,congruent,393.476,1.0,0.935,935.0,1.0,0.0
ds000164,sub-001,1,85,stroop,neutral,397.977,1.0,0.752,752.0,1.0,0.0
ds000164,sub-001,1,86,stroop,congruent,405.479,1.0,0.801,801.0,1.0,0.0
ds000164,sub-001,1,87,stroop,neutral,408.481,1.0,1.0,1000.0,1.0,0.0
ds000164,sub-001,1,88,stroop,incongruent,412.982,1.0,0.692,692.0,1.0,1.0
ds000164,sub-001,1,89,stroop,neutral,418.984,1.0,0.832,832.0,1.0,0.0
ds000164,sub-001,1,90,stroop,incongruent,421.986,1.0,0.974,974.0,0.0,1.0
ds000164,sub-001,1,91,stroop,congruent,424.987,1.0,0.768,768.0,1.0,0.0
ds000164,sub-001,1,92,stroop,congruent,427.988,1.0,0.624,624.0,1.0,0.0
ds000164,sub-001,1,93,stroop,incongruent,433.989,1.0,1.036,1036.0,1.0,1.0
ds000164,sub-001,1,94,stroop,congruent,436.991,1.0,0.761,761.0,1.0,0.0
ds000164,sub-001,1,95,stroop,congruent,439.992,1.0,0.635,635.0,1.0,0.0
ds000164,sub-001,1,96,stroop,incongruent,442.993,1.0,0.922,922.0,0.0,1.0
ds000164,sub-001,1,97,stroop,congruent,448.994,1.0,0.78,780.0,1.0,0.0
ds000164,sub-001,1,98,stroop,congruent,451.996,1.0,0.694,694.0,1.0,0.0
ds000164,sub-001,1,99,stroop,incongruent,457.997,1.0,0.979,979.0,1.0,1.0
ds000164,sub-001,1,100,stroop,congruent,460.999,1.0,0.911,911.0,1.0,0.0
ds000164,sub-001,1,101,stroop,congruent,464.0,1.0,0.787,787.0,1.0,0.0
ds000164,sub-001,1,102,stroop,congruent,467.001,1.0,0.841,841.0,1.0,0.0
ds000164,sub-001,1,103,stroop,neutral,470.002,1.0,0.878,878.0,1.0,0.0
ds000164,sub-001,1,104,stroop,neutral,473.003,1.0,0.714,714.0,1.0,0.0
ds000164,sub-001,1,105,stroop,congruent,476.004,1.0,0.869,869.0,1.0,0.0
ds000164,sub-001,1,106,stroop,neutral,479.005,1.0,0.801,801.0,1.0,0.0
ds000164,sub-001,1,107,stroop,neutral,482.006,1.0,1.05,1050.0,1.0,0.0
ds000164,sub-001,1,108,stroop,neutral,486.507,1.0,1.031,1031.0,1.0,0.0
ds000164,sub-001,1,109,stroop,incongruent,489.509,1.0,1.048,1048.0,0.0,1.0
ds000164,sub-001,1,110,stroop,neutral,492.51,1.0,0.792,792.0,1.0,0.0
ds000164,sub-001,1,111,stroop,incongruent,495.511,1.0,1.158,1158.0,1.0,1.0
ds000164,sub-001,1,112,stroop,congruent,498.512,1.0,0.757,757.0,1.0,0.0
ds000164,sub-001,1,113,stroop,neutral,504.513,1.0,0.91,910.0,1.0,0.0
ds000164,sub-001,1,114,stroop,congruent,509.015,1.0,0.666,666.0,1.0,0.0
ds000164,sub-001,1,115,stroop,neutral,512.016,1.0,1.067,1067.0,1.0,0.0
ds000164,sub-001,1,116,stroop,incongruent,515.017,1.0,0.0,,0.0,1.0
ds000164,sub-001,1,117,stroop,neutral,524.018,1.0,1.089,1089.0,1.0,0.0
ds000164,sub-001,1,118,stroop,congruent,527.021,1.0,0.653,653.0,1.0,0.0
ds000164,sub-001,1,119,stroop,congruent,530.022,1.0,0.642,642.0,1.0,0.0
ds000164,sub-001,1,120,stroop,incongruent,533.023,1.0,0.961,961.0,1.0,1.0
ds000164,sub-002,1,1,stroop,neutral,3.396,1.0,0.888,888.0,1.0,0.0
ds000164,sub-002,1,2,stroop,congruent,6.399,1.0,0.597,597.0,1.0,0.0
ds000164,sub-002,1,3,stroop,incongruent,15.4,1.0,1.428,1428.0,1.0,1.0
ds000164,sub-002,1,4,stroop,neutral,24.403,1.0,0.87,870.0,0.0,0.0
ds000164,sub-002,1,5,stroop,incongruent,27.406,1.0,0.0,,0.0,1.0
ds000164,sub-002,1,6,stroop,neutral,30.407,1.0,0.888,888.0,1.0,0.0
ds000164,sub-002,1,7,stroop,incongruent,33.408,1.0,0.742,742.0,0.0,1.0
ds000164,sub-002,1,8,stroop,congruent,36.409,1.0,1.511,1511.0,1.0,0.0
ds000164,sub-002,1,9,stroop,incongruent,39.41,1.0,0.717,717.0,1.0,1.0
ds000164,sub-002,1,10,stroop,neutral,42.411,1.0,0.564,564.0,1.0,0.0
ds000164,sub-002,1,11,stroop,incongruent,49.912,1.0,1.102,1102.0,1.0,1.0
ds000164,sub-002,1,12,stroop,incongruent,52.915,1.0,0.836,836.0,1.0,1.0
ds000164,sub-002,1,13,stroop,incongruent,55.916,1.0,0.802,802.0,1.0,1.0
ds000164,sub-002,1,14,stroop,neutral,63.417,1.0,0.478,478.0,1.0,0.0
ds000164,sub-002,1,15,stroop,neutral,66.42,1.0,0.777,777.0,1.0,0.0
ds000164,sub-002,1,16,stroop,congruent,69.421,1.0,1.133,1133.0,1.0,0.0
ds000164,sub-002,1,17,stroop,incongruent,72.422,1.0,0.957,957.0,1.0,1.0
ds000164,sub-002,1,18,stroop,congruent,76.923,1.0,0.833,833.0,1.0,0.0
ds000164,sub-002,1,19,stroop,congruent,84.424,1.0,0.773,773.0,1.0,0.0
ds000164,sub-002,1,20,stroop,neutral,87.427,1.0,1.005,1004.9999999999999,0.0,0.0
ds000164,sub-002,1,21,stroop,congruent,91.928,1.0,0.954,954.0,1.0,0.0
ds000164,sub-002,1,22,stroop,incongruent,97.929,1.0,1.212,1212.0,1.0,1.0
ds000164,sub-002,1,23,stroop,neutral,102.431,1.0,0.801,801.0,1.0,0.0
ds000164,sub-002,1,24,stroop,neutral,105.433,1.0,0.647,647.0,1.0,0.0
ds000164,sub-002,1,25,stroop,neutral,108.434,1.0,0.734,734.0,1.0,0.0
ds000164,sub-002,1,26,stroop,congruent,112.935,1.0,0.862,862.0,1.0,0.0
ds000164,sub-002,1,27,stroop,neutral,115.936,1.0,0.638,638.0,1.0,0.0
ds000164,sub-002,1,28,stroop,incongruent,120.437,1.0,1.212,1212.0,1.0,1.0
ds000164,sub-002,1,29,stroop,congruent,124.939,1.0,0.793,793.0,1.0,0.0
ds000164,sub-002,1,30,stroop,neutral,129.44,1.0,0.927,927.0,1.0,0.0
ds000164,sub-002,1,31,stroop,congruent,132.442,1.0,0.792,792.0,1.0,0.0
ds000164,sub-002,1,32,stroop,incongruent,135.443,1.0,1.087,1087.0,1.0,1.0
ds000164,sub-002,1,33,stroop,neutral,144.444,1.0,0.942,942.0,1.0,0.0
ds000164,sub-002,1,34,stroop,congruent,147.447,1.0,0.756,756.0,1.0,0.0
ds000164,sub-002,1,35,stroop,congruent,150.448,1.0,0.827,827.0,1.0,0.0
ds000164,sub-002,1,36,stroop,congruent,153.449,1.0,0.774,774.0,1.0,0.0
ds000164,sub-002,1,37,stroop,congruent,157.95,1.0,0.655,655.0,1.0,0.0
ds000164,sub-002,1,38,stroop,incongruent,160.951,1.0,1.009,1008.9999999999999,1.0,1.0
ds000164,sub-002,1,39,stroop,incongruent,163.952,1.0,0.993,993.0,1.0,1.0
ds000164,sub-002,1,40,stroop,incongruent,171.453,1.0,0.786,786.0,1.0,1.0
ds000164,sub-002,1,41,stroop,neutral,178.956,1.0,0.987,987.0,1.0,0.0
ds000164,sub-002,1,42,stroop,congruent,184.959,1.0,0.682,682.0,1.0,0.0
ds000164,sub-002,1,43,stroop,incongruent,187.961,1.0,0.0,,0.0,1.0
ds000164,sub-002,1,44,stroop,incongruent,190.962,1.0,0.898,898.0,1.0,1.0
ds000164,sub-002,1,45,stroop,neutral,195.463,1.0,0.668,668.0,1.0,0.0
ds000164,sub-002,1,46,stroop,congruent,198.464,1.0,0.685,685.0,1.0,0.0
ds000164,sub-002,1,47,stroop,congruent,202.965,1.0,0.896,896.0,1.0,0.0
ds000164,sub-002,1,48,stroop,congruent,205.967,1.0,1.76,1760.0,1.0,0.0
ds000164,sub-002,1,49,stroop,neutral,211.968,1.0,0.827,827.0,1.0,0.0
ds000164,sub-002,1,50,stroop,congruent,220.97,1.0,0.776,776.0,1.0,0.0
ds000164,sub-002,1,51,stroop,incongruent,226.973,1.0,0.952,952.0,1.0,1.0
ds000164,sub-002,1,52,stroop,congruent,229.975,1.0,0.706,706.0,1.0,0.0
ds000164,sub-002,1,53,stroop,congruent,232.976,1.0,0.0,,0.0,0.0
ds000164,sub-002,1,54,stroop,congruent,235.977,1.0,0.804,804.0,1.0,0.0
ds000164,sub-002,1,55,stroop,incongruent,241.978,1.0,0.934,934.0,1.0,1.0
ds000164,sub-002,1,56,stroop,congruent,244.98,1.0,1.258,1258.0,1.0,0.0
ds000164,sub-002,1,57,stroop,neutral,247.981,1.0,0.0,,0.0,0.0
ds000164,sub-002,1,58,stroop,congruent,250.982,1.0,0.638,638.0,1.0,0.0
ds000164,sub-002,1,59,stroop,congruent,256.983,1.0,1.449,1449.0,1.0,0.0
ds000164,sub-002,1,60,stroop,congruent,262.985,1.0,0.635,635.0,1.0,0.0
ds000164,sub-002,1,61,stroop,incongruent,265.987,1.0,1.339,1339.0,1.0,1.0
ds000164,sub-002,1,62,stroop,neutral,270.488,1.0,1.908,1908.0,1.0,0.0
ds000164,sub-002,1,63,stroop,neutral,279.489,1.0,0.635,635.0,0.0,0.0
ds000164,sub-002,1,64,stroop,congruent,285.492,1.0,1.358,1358.0,1.0,0.0
ds000164,sub-002,1,65,stroop,neutral,292.994,1.0,1.236,1236.0,1.0,0.0
ds000164,sub-002,1,66,stroop,incongruent,295.997,1.0,0.812,812.0,0.0,1.0
ds000164,sub-002,1,67,stroop,incongruent,301.998,1.0,1.57,1570.0,0.0,1.0
ds000164,sub-002,1,68,stroop,incongruent,305.0,1.0,0.0,,0.0,1.0
ds000164,sub-002,1,69,stroop,congruent,309.501,1.0,0.871,871.0,1.0,0.0
ds000164,sub-002,1,70,stroop,neutral,315.503,1.0,1.356,1356.0,1.0,0.0
ds000164,sub-002,1,71,stroop,congruent,320.005,1.0,0.0,,0.0,0.0
ds000164,sub-002,1,72,stroop,incongruent,326.006,1.0,1.027,1027.0,0.0,1.0
ds000164,sub-002,1,73,stroop,incongruent,329.008,1.0,0.0,,0.0,1.0
ds000164,sub-002,1,74,stroop,incongruent,332.009,1.0,0.0,,0.0,1.0
ds000164,sub-002,1,75,stroop,incongruent,335.01,1.0,0.88,880.0,0.0,1.0
ds000164,sub-002,1,76,stroop,congruent,338.011,1.0,0.869,869.0,1.0,0.0
ds000164,sub-002,1,77,stroop,neutral,341.012,1.0,0.778,778.0,1.0,0.0
ds000164,sub-002,1,78,stroop,neutral,347.013,1.0,1.006,1006.0,1.0,0.0
ds000164,sub-002,1,79,stroop,incongruent,350.015,1.0,0.0,,0.0,1.0
ds000164,sub-002,1,80,stroop,incongruent,353.016,1.0,0.917,917.0,1.0,1.0
ds000164,sub-002,1,81,stroop,neutral,362.017,1.0,0.0,,0.0,0.0
ds000164,sub-002,1,82,stroop,neutral,365.02,1.0,0.998,998.0,1.0,0.0
ds000164,sub-002,1,83,stroop,incongruent,368.021,1.0,1.199,1199.0,1.0,1.0
ds000164,sub-002,1,84,stroop,neutral,371.022,1.0,1.051,1051.0,1.0,0.0
ds000164,sub-002,1,85,stroop,congruent,374.023,1.0,0.716,716.0,1.0,0.0
ds000164,sub-002,1,86,stroop,congruent,380.024,1.0,1.789,1789.0,1.0,0.0
ds000164,sub-002,1,87,stroop,neutral,384.526,1.0,0.0,,0.0,0.0
ds000164,sub-002,1,88,stroop,neutral,389.028,1.0,0.858,858.0,1.0,0.0
ds000164,sub-002,1,89,stroop,neutral,398.029,1.0,0.0,,0.0,0.0
ds000164,sub-002,1,90,stroop,congruent,407.032,1.0,0.727,727.0,0.0,0.0
ds000164,sub-002,1,91,stroop,congruent,410.035,1.0,0.629,629.0,1.0,0.0
ds000164,sub-002,1,92,stroop,neutral,414.536,1.0,1.31,1310.0,1.0,0.0
ds000164,sub-002,1,93,stroop,congruent,417.538,1.0,0.0,,0.0,0.0
ds000164,sub-002,1,94,stroop,congruent,420.539,1.0,0.0,,0.0,0.0
ds000164,sub-002,1,95,stroop,incongruent,423.54,1.0,1.082,1082.0,1.0,1.0
ds000164,sub-002,1,96,stroop,neutral,426.541,1.0,1.164,1164.0,1.0,0.0
ds000164,sub-002,1,97,stroop,congruent,429.542,1.0,0.725,725.0,1.0,0.0
ds000164,sub-002,1,98,stroop,incongruent,432.543,1.0,0.0,,0.0,1.0
ds000164,sub-002,1,99,stroop,congruent,435.544,1.0,0.756,756.0,1.0,0.0
ds000164,sub-002,1,100,stroop,neutral,441.545,1.0,0.919,919.0,1.0,0.0
ds000164,sub-002,1,101,stroop,incongruent,444.547,1.0,0.0,,0.0,1.0
ds000164,sub-002,1,102,stroop,neutral,450.548,1.0,0.0,,0.0,0.0
ds000164,sub-002,1,103,stroop,congruent,458.05,1.0,0.717,717.0,1.0,0.0
ds000164,sub-002,1,104,stroop,incongruent,461.053,1.0,0.889,889.0,1.0,1.0
ds000164,sub-002,1,105,stroop,congruent,468.554,1.0,1.043,1043.0,1.0,0.0
ds000164,sub-002,1,106,stroop,neutral,471.556,1.0,0.0,,0.0,0.0
ds000164,sub-002,1,107,stroop,neutral,474.557,1.0,1.371,1371.0,1.0,0.0
ds000164,sub-002,1,108,stroop,neutral,482.058,1.0,0.852,852.0,1.0,0.0
ds000164,sub-002,1,109,stroop,neutral,486.561,1.0,0.0,,0.0,0.0
ds000164,sub-002,1,110,stroop,neutral,491.062,1.0,1.17,1170.0,1.0,0.0
ds000164,sub-002,1,111,stroop,neutral,494.064,1.0,0.0,,0.0,0.0
ds000164,sub-002,1,112,stroop,neutral,498.565,1.0,0.774,774.0,1.0,0.0
ds000164,sub-002,1,113,stroop,congruent,504.566,1.0,1.225,1225.0,1.0,0.0
ds000164,sub-002,1,114,stroop,congruent,507.568,1.0,0.0,,0.0,0.0
ds000164,sub-002,1,115,stroop,neutral,512.069,1.0,0.922,922.0,1.0,0.0
ds000164,sub-002,1,116,stroop,neutral,515.071,1.0,0.0,,0.0,0.0
ds000164,sub-002,1,117,stroop,incongruent,519.572,1.0,0.0,,0.0,1.0
ds000164,sub-002,1,118,stroop,incongruent,525.573,1.0,1.208,1208.0,1.0,1.0
ds000164,sub-002,1,119,stroop,incongruent,528.575,1.0,0.987,987.0,1.0,1.0
ds000164,sub-003,1,1,stroop,incongruent,1.896,1.0,0.532,532.0,1.0,1.0
ds000164,sub-003,1,2,stroop,neutral,7.907,1.0,0.602,602.0,1.0,0.0
ds000164,sub-003,1,3,stroop,incongruent,10.909,1.0,0.754,754.0,1.0,1.0
ds000164,sub-003,1,4,stroop,incongruent,15.41,1.0,0.753,753.0,1.0,1.0
ds000164,sub-003,1,5,stroop,congruent,18.412,1.0,0.614,614.0,1.0,0.0
ds000164,sub-003,1,6,stroop,incongruent,22.913,1.0,0.727,727.0,1.0,1.0
ds000164,sub-003,1,7,stroop,congruent,25.914,1.0,0.601,601.0,1.0,0.0
ds000164,sub-003,1,8,stroop,congruent,31.915,1.0,0.7,700.0,0.0,0.0
ds000164,sub-003,1,9,stroop,congruent,34.917,1.0,0.689,689.0,1.0,0.0
ds000164,sub-003,1,10,stroop,neutral,40.918,1.0,0.71,710.0,1.0,0.0
ds000164,sub-003,1,11,stroop,congruent,43.92,1.0,0.611,611.0,1.0,0.0
ds000164,sub-003,1,12,stroop,congruent,55.921,1.0,0.69,690.0,1.0,0.0
ds000164,sub-003,1,13,stroop,congruent,58.925,1.0,0.621,621.0,1.0,0.0
ds000164,sub-003,1,14,stroop,neutral,61.926,1.0,0.748,748.0,1.0,0.0
ds000164,sub-003,1,15,stroop,neutral,64.927,1.0,0.577,577.0,1.0,0.0
ds000164,sub-003,1,16,stroop,neutral,73.928,1.0,0.665,665.0,1.0,0.0
ds000164,sub-003,1,17,stroop,incongruent,76.932,1.0,0.544,544.0,1.0,1.0
ds000164,sub-003,1,18,stroop,neutral,79.933,1.0,0.633,633.0,1.0,0.0
ds000164,sub-003,1,19,stroop,congruent,85.934,1.0,0.636,636.0,1.0,0.0
ds000164,sub-003,1,20,stroop,neutral,90.436,1.0,0.679,679.0,1.0,0.0
ds000164,sub-003,1,21,stroop,congruent,93.437,1.0,0.57,570.0,1.0,0.0
ds000164,sub-003,1,22,stroop,neutral,97.938,1.0,0.895,895.0,1.0,0.0
ds000164,sub-003,1,23,stroop,congruent,102.44,1.0,0.68,680.0,1.0,0.0
ds000164,sub-003,1,24,stroop,neutral,105.441,1.0,0.604,604.0,0.0,0.0
ds000164,sub-003,1,25,stroop,incongruent,108.442,1.0,0.78,780.0,1.0,1.0
ds000164,sub-003,1,26,stroop,neutral,111.443,1.0,0.973,973.0,1.0,0.0
ds000164,sub-003,1,27,stroop,incongruent,114.444,1.0,0.619,619.0,1.0,1.0
ds000164,sub-003,1,28,stroop,incongruent,117.445,1.0,0.628,628.0,1.0,1.0
ds000164,sub-003,1,29,stroop,incongruent,120.446,1.0,1.047,1047.0,1.0,1.0
ds000164,sub-003,1,30,stroop,neutral,129.447,1.0,0.899,899.0,1.0,0.0
ds000164,sub-003,1,31,stroop,incongruent,132.45,1.0,0.766,766.0,1.0,1.0
ds000164,sub-003,1,32,stroop,congruent,135.451,1.0,0.922,922.0,1.0,0.0
ds000164,sub-003,1,33,stroop,neutral,138.452,1.0,0.676,676.0,1.0,0.0
ds000164,sub-003,1,34,stroop,neutral,142.953,1.0,0.795,795.0,1.0,0.0
ds000164,sub-003,1,35,stroop,congruent,151.955,1.0,1.033,1033.0,1.0,0.0
ds000164,sub-003,1,36,stroop,neutral,154.958,1.0,0.635,635.0,1.0,0.0
ds000164,sub-003,1,37,stroop,congruent,157.959,1.0,0.72,720.0,1.0,0.0
ds000164,sub-003,1,38,stroop,neutral,163.96,1.0,0.723,723.0,1.0,0.0
ds000164,sub-003,1,39,stroop,incongruent,168.462,1.0,0.78,780.0,1.0,1.0
ds000164,sub-003,1,40,stroop,incongruent,174.463,1.0,1.0,1000.0,1.0,1.0
ds000164,sub-003,1,41,stroop,incongruent,178.965,1.0,0.968,968.0,1.0,1.0
ds000164,sub-003,1,42,stroop,congruent,181.967,1.0,0.967,967.0,1.0,0.0
ds000164,sub-003,1,43,stroop,congruent,184.968,1.0,0.709,709.0,1.0,0.0
ds000164,sub-003,1,44,stroop,congruent,192.469,1.0,0.645,645.0,1.0,0.0
ds000164,sub-003,1,45,stroop,neutral,195.472,1.0,0.742,742.0,1.0,0.0
ds000164,sub-003,1,46,stroop,neutral,198.473,1.0,0.821,821.0,1.0,0.0
ds000164,sub-003,1,47,stroop,neutral,205.974,1.0,0.91,910.0,1.0,0.0
ds000164,sub-003,1,48,stroop,congruent,208.976,1.0,1.174,1174.0,1.0,0.0
ds000164,sub-003,1,49,stroop,congruent,211.977,1.0,0.581,581.0,1.0,0.0
ds000164,sub-003,1,50,stroop,neutral,216.478,1.0,0.722,722.0,1.0,0.0
ds000164,sub-003,1,51,stroop,neutral,222.48,1.0,0.96,960.0,1.0,0.0
ds000164,sub-003,1,52,stroop,neutral,231.482,1.0,0.746,746.0,1.0,0.0
ds000164,sub-003,1,53,stroop,neutral,235.985,1.0,0.696,696.0,1.0,0.0
ds000164,sub-003,1,54,stroop,incongruent,240.486,1.0,0.828,828.0,1.0,1.0
ds000164,sub-003,1,55,stroop,congruent,243.488,1.0,0.894,894.0,1.0,0.0
ds000164,sub-003,1,56,stroop,congruent,247.989,1.0,0.685,685.0,1.0,0.0
ds000164,sub-003,1,57,stroop,incongruent,250.99,1.0,0.726,726.0,1.0,1.0
ds000164,sub-003,1,58,stroop,incongruent,256.991,1.0,0.747,747.0,1.0,1.0
ds000164,sub-003,1,59,stroop,incongruent,259.993,1.0,1.358,1358.0,1.0,1.0
ds000164,sub-003,1,60,stroop,neutral,262.994,1.0,1.38,1380.0,1.0,0.0
ds000164,sub-003,1,61,stroop,neutral,265.995,1.0,0.544,544.0,1.0,0.0
ds000164,sub-003,1,62,stroop,congruent,268.996,1.0,0.505,505.0,1.0,0.0
ds000164,sub-003,1,63,stroop,congruent,279.497,1.0,0.86,860.0,0.0,0.0
ds000164,sub-003,1,64,stroop,neutral,282.501,1.0,0.826,826.0,1.0,0.0
ds000164,sub-003,1,65,stroop,incongruent,288.502,1.0,0.844,844.0,1.0,1.0
ds000164,sub-003,1,66,stroop,incongruent,291.504,1.0,0.673,673.0,1.0,1.0
ds000164,sub-003,1,67,stroop,congruent,297.505,1.0,0.719,719.0,1.0,0.0
ds000164,sub-003,1,68,stroop,incongruent,300.507,1.0,1.223,1223.0,1.0,1.0
ds000164,sub-003,1,69,stroop,congruent,306.508,1.0,0.598,598.0,1.0,0.0
ds000164,sub-003,1,70,stroop,congruent,312.51,1.0,0.662,662.0,1.0,0.0
ds000164,sub-003,1,71,stroop,incongruent,317.012,1.0,1.009,1008.9999999999999,1.0,1.0
ds000164,sub-003,1,72,stroop,congruent,323.014,1.0,0.804,804.0,1.0,0.0
ds000164,sub-003,1,73,stroop,neutral,327.516,1.0,0.947,947.0,1.0,0.0
ds000164,sub-003,1,74,stroop,congruent,330.517,1.0,0.831,831.0,1.0,0.0
ds000164,sub-003,1,75,stroop,incongruent,333.518,1.0,0.963,963.0,1.0,1.0
ds000164,sub-003,1,76,stroop,neutral,336.519,1.0,0.657,657.0,1.0,0.0
ds000164,sub-003,1,77,stroop,neutral,339.52,1.0,0.938,938.0,0.0,0.0
ds000164,sub-003,1,78,stroop,neutral,344.021,1.0,0.83,830.0,1.0,0.0
ds000164,sub-003,1,79,stroop,neutral,347.023,1.0,0.839,839.0,1.0,0.0
ds000164,sub-003,1,80,stroop,incongruent,353.024,1.0,1.178,1178.0,1.0,1.0
ds000164,sub-003,1,81,stroop,neutral,359.026,1.0,0.721,721.0,1.0,0.0
ds000164,sub-003,1,82,stroop,incongruent,362.028,1.0,0.917,917.0,1.0,1.0
ds000164,sub-003,1,83,stroop,neutral,366.529,1.0,0.528,528.0,1.0,0.0
ds000164,sub-003,1,84,stroop,congruent,371.03,1.0,0.772,772.0,1.0,0.0
ds000164,sub-003,1,85,stroop,neutral,374.032,1.0,0.806,806.0,1.0,0.0
ds000164,sub-003,1,86,stroop,neutral,380.033,1.0,0.759,759.0,1.0,0.0
ds000164,sub-003,1,87,stroop,incongruent,387.535,1.0,0.688,688.0,1.0,1.0
ds000164,sub-003,1,88,stroop,congruent,393.537,1.0,0.757,757.0,1.0,0.0
ds000164,sub-003,1,89,stroop,neutral,396.539,1.0,0.714,714.0,1.0,0.0
ds000164,sub-003,1,90,stroop,congruent,402.54,1.0,0.627,627.0,1.0,0.0
ds000164,sub-003,1,91,stroop,neutral,405.542,1.0,0.578,578.0,1.0,0.0
ds000164,sub-003,1,92,stroop,incongruent,408.543,1.0,0.575,575.0,1.0,1.0
ds000164,sub-003,1,93,stroop,congruent,425.044,1.0,0.689,689.0,1.0,0.0
ds000164,sub-003,1,94,stroop,incongruent,429.55,1.0,0.673,673.0,1.0,1.0
ds000164,sub-003,1,95,stroop,neutral,434.051,1.0,0.764,764.0,1.0,0.0
ds000164,sub-003,1,96,stroop,incongruent,437.053,1.0,0.838,838.0,1.0,1.0
ds000164,sub-003,1,97,stroop,neutral,441.554,1.0,0.72,720.0,1.0,0.0
ds000164,sub-003,1,98,stroop,neutral,449.056,1.0,0.692,692.0,1.0,0.0
ds000164,sub-003,1,99,stroop,congruent,452.058,1.0,0.536,536.0,1.0,0.0
ds000164,sub-003,1,100,stroop,neutral,455.059,1.0,0.837,837.0,1.0,0.0
ds000164,sub-003,1,101,stroop,congruent,458.06,1.0,0.674,674.0,1.0,0.0
ds000164,sub-003,1,102,stroop,incongruent,461.061,1.0,0.653,653.0,1.0,1.0
ds000164,sub-003,1,103,stroop,congruent,464.062,1.0,0.854,854.0,1.0,0.0
ds000164,sub-003,1,104,stroop,incongruent,467.063,1.0,0.0,,0.0,1.0
ds000164,sub-003,1,105,stroop,neutral,470.064,1.0,1.18,1180.0,1.0,0.0
ds000164,sub-003,1,106,stroop,congruent,473.065,1.0,0.71,710.0,1.0,0.0
ds000164,sub-003,1,107,stroop,incongruent,476.066,1.0,0.916,916.0,1.0,1.0
ds000164,sub-003,1,108,stroop,congruent,479.067,1.0,0.69,690.0,1.0,0.0
ds000164,sub-003,1,109,stroop,congruent,482.068,1.0,0.744,744.0,1.0,0.0
ds000164,sub-003,1,110,stroop,incongruent,485.069,1.0,0.0,,0.0,1.0
ds000164,sub-003,1,111,stroop,congruent,488.07,1.0,0.797,797.0,1.0,0.0
ds000164,sub-003,1,112,stroop,congruent,491.071,1.0,0.784,784.0,1.0,0.0
ds000164,sub-003,1,113,stroop,incongruent,498.572,1.0,1.327,1327.0,1.0,1.0
ds000164,sub-003,1,114,stroop,congruent,503.075,1.0,0.617,617.0,1.0,0.0
ds000164,sub-003,1,115,stroop,congruent,507.576,1.0,0.676,676.0,1.0,0.0
ds000164,sub-003,1,116,stroop,incongruent,513.578,1.0,0.902,902.0,1.0,1.0
ds000164,sub-003,1,117,stroop,incongruent,518.08,1.0,0.858,858.0,1.0,1.0
ds000164,sub-003,1,118,stroop,neutral,524.081,1.0,0.719,719.0,1.0,0.0
ds000164,sub-003,1,119,stroop,congruent,533.083,1.0,0.741,741.0,1.0,0.0
ds000164,sub-004,1,1,stroop,neutral,0.383,1.0,0.863,863.0,1.0,0.0
ds000164,sub-004,1,2,stroop,incongruent,3.39,1.0,0.655,655.0,1.0,1.0
ds000164,sub-004,1,3,stroop,incongruent,6.391,1.0,0.656,656.0,1.0,1.0
ds000164,sub-004,1,4,stroop,incongruent,9.392,1.0,0.45,450.0,1.0,1.0
ds000164,sub-004,1,5,stroop,congruent,12.393,1.0,0.774,774.0,1.0,0.0
ds000164,sub-004,1,6,stroop,congruent,25.894,1.0,0.826,826.0,1.0,0.0
ds000164,sub-004,1,7,stroop,neutral,28.898,1.0,0.568,568.0,1.0,0.0
ds000164,sub-004,1,8,stroop,neutral,36.4,1.0,0.82,820.0,1.0,0.0
ds000164,sub-004,1,9,stroop,incongruent,39.402,1.0,1.016,1016.0,1.0,1.0
ds000164,sub-004,1,10,stroop,congruent,43.903,1.0,0.493,493.0,1.0,0.0
ds000164,sub-004,1,11,stroop,congruent,46.905,1.0,0.554,554.0,1.0,0.0
ds000164,sub-004,1,12,stroop,congruent,55.906,1.0,0.824,824.0,1.0,0.0
ds000164,sub-004,1,13,stroop,incongruent,60.409,1.0,1.03,1030.0,1.0,1.0
ds000164,sub-004,1,14,stroop,incongruent,63.41,1.0,0.742,742.0,1.0,1.0
ds000164,sub-004,1,15,stroop,incongruent,69.411,1.0,0.8,800.0,1.0,1.0
ds000164,sub-004,1,16,stroop,incongruent,72.413,1.0,0.531,531.0,1.0,1.0
ds000164,sub-004,1,17,stroop,incongruent,76.914,1.0,0.655,655.0,1.0,1.0
ds000164,sub-004,1,18,stroop,neutral,82.916,1.0,0.616,616.0,1.0,0.0
ds000164,sub-004,1,19,stroop,neutral,85.918,1.0,0.722,722.0,1.0,0.0
ds000164,sub-004,1,20,stroop,incongruent,88.919,1.0,0.769,769.0,1.0,1.0
ds000164,sub-004,1,21,stroop,neutral,96.42,1.0,0.728,728.0,1.0,0.0
ds000164,sub-004,1,22,stroop,incongruent,100.922,1.0,0.658,658.0,1.0,1.0
ds000164,sub-004,1,23,stroop,incongruent,103.924,1.0,0.515,515.0,1.0,1.0
ds000164,sub-004,1,24,stroop,congruent,106.925,1.0,0.621,621.0,1.0,0.0
ds000164,sub-004,1,25,stroop,neutral,109.926,1.0,0.639,639.0,1.0,0.0
ds000164,sub-004,1,26,stroop,congruent,114.427,1.0,0.601,601.0,1.0,0.0
ds000164,sub-004,1,27,stroop,neutral,117.428,1.0,0.71,710.0,1.0,0.0
ds000164,sub-004,1,28,stroop,incongruent,121.929,1.0,0.665,665.0,1.0,1.0
ds000164,sub-004,1,29,stroop,neutral,127.931,1.0,0.653,653.0,1.0,0.0
ds000164,sub-004,1,30,stroop,neutral,132.433,1.0,0.545,545.0,1.0,0.0
ds000164,sub-004,1,31,stroop,neutral,135.434,1.0,0.739,739.0,1.0,0.0
ds000164,sub-004,1,32,stroop,neutral,139.935,1.0,0.674,674.0,1.0,0.0
ds000164,sub-004,1,33,stroop,incongruent,142.937,1.0,0.852,852.0,0.0,1.0
ds000164,sub-004,1,34,stroop,incongruent,145.938,1.0,0.883,883.0,1.0,1.0
ds000164,sub-004,1,35,stroop,congruent,150.439,1.0,0.765,765.0,1.0,0.0
ds000164,sub-004,1,36,stroop,congruent,154.941,1.0,0.48,480.0,1.0,0.0
ds000164,sub-004,1,37,stroop,incongruent,157.942,1.0,0.717,717.0,1.0,1.0
ds000164,sub-004,1,38,stroop,congruent,162.443,1.0,0.673,673.0,1.0,0.0
ds000164,sub-004,1,39,stroop,neutral,165.445,1.0,0.632,632.0,1.0,0.0
ds000164,sub-004,1,40,stroop,congruent,169.946,1.0,0.553,553.0,1.0,0.0
ds000164,sub-004,1,41,stroop,neutral,172.947,1.0,0.649,649.0,1.0,0.0
ds000164,sub-004,1,42,stroop,neutral,175.948,1.0,0.588,588.0,1.0,0.0
ds000164,sub-004,1,43,stroop,neutral,178.949,1.0,0.555,555.0,1.0,0.0
ds000164,sub-004,1,44,stroop,congruent,181.95,1.0,0.536,536.0,1.0,0.0
ds000164,sub-004,1,45,stroop,neutral,184.951,1.0,0.496,496.0,1.0,0.0
ds000164,sub-004,1,46,stroop,incongruent,187.952,1.0,0.748,748.0,1.0,1.0
ds000164,sub-004,1,47,stroop,incongruent,190.953,1.0,0.817,817.0,1.0,1.0
ds000164,sub-004,1,48,stroop,congruent,196.954,1.0,0.71,710.0,1.0,0.0
ds000164,sub-004,1,49,stroop,incongruent,201.456,1.0,0.664,664.0,1.0,1.0
ds000164,sub-004,1,50,stroop,congruent,207.458,1.0,0.627,627.0,1.0,0.0
ds000164,sub-004,1,51,stroop,neutral,211.96,1.0,0.655,655.0,1.0,0.0
ds000164,sub-004,1,52,stroop,neutral,214.961,1.0,0.694,694.0,1.0,0.0
ds000164,sub-004,1,53,stroop,congruent,219.462,1.0,0.643,643.0,1.0,0.0
ds000164,sub-004,1,54,stroop,congruent,222.464,1.0,0.632,632.0,1.0,0.0
ds000164,sub-004,1,55,stroop,congruent,225.465,1.0,0.449,449.0,1.0,0.0
ds000164,sub-004,1,56,stroop,neutral,229.966,1.0,0.555,555.0,1.0,0.0
ds000164,sub-004,1,57,stroop,incongruent,232.967,1.0,0.821,821.0,1.0,1.0
ds000164,sub-004,1,58,stroop,neutral,235.968,1.0,0.533,533.0,1.0,0.0
ds000164,sub-004,1,59,stroop,congruent,244.969,1.0,0.722,722.0,1.0,0.0
ds000164,sub-004,1,60,stroop,congruent,247.972,1.0,0.631,631.0,1.0,0.0
ds000164,sub-004,1,61,stroop,neutral,253.973,1.0,0.704,704.0,1.0,0.0
ds000164,sub-004,1,62,stroop,neutral,264.475,1.0,0.618,618.0,1.0,0.0
ds000164,sub-004,1,63,stroop,neutral,267.479,1.0,0.61,610.0,1.0,0.0
ds000164,sub-004,1,64,stroop,incongruent,270.48,1.0,0.642,642.0,1.0,1.0
ds000164,sub-004,1,65,stroop,congruent,273.481,1.0,0.551,551.0,1.0,0.0
ds000164,sub-004,1,66,stroop,congruent,276.482,1.0,0.557,557.0,1.0,0.0
ds000164,sub-004,1,67,stroop,neutral,280.983,1.0,0.604,604.0,1.0,0.0
ds000164,sub-004,1,68,stroop,incongruent,283.985,1.0,0.648,648.0,1.0,1.0
ds000164,sub-004,1,69,stroop,incongruent,291.486,1.0,1.192,1192.0,1.0,1.0
ds000164,sub-004,1,70,stroop,neutral,294.488,1.0,0.759,759.0,1.0,0.0
ds000164,sub-004,1,71,stroop,neutral,301.989,1.0,0.812,812.0,1.0,0.0
ds000164,sub-004,1,72,stroop,congruent,304.992,1.0,0.648,648.0,1.0,0.0
ds000164,sub-004,1,73,stroop,incongruent,313.993,1.0,1.091,1091.0,1.0,1.0
ds000164,sub-004,1,74,stroop,incongruent,321.496,1.0,0.971,971.0,1.0,1.0
ds000164,sub-004,1,75,stroop,incongruent,324.498,1.0,0.912,912.0,1.0,1.0
ds000164,sub-004,1,76,stroop,congruent,328.999,1.0,0.561,561.0,1.0,0.0
ds000164,sub-004,1,77,stroop,neutral,332.001,1.0,0.76,760.0,1.0,0.0
ds000164,sub-004,1,78,stroop,neutral,341.002,1.0,0.492,492.0,1.0,0.0
ds000164,sub-004,1,79,stroop,congruent,348.505,1.0,0.612,612.0,1.0,0.0
ds000164,sub-004,1,80,stroop,congruent,351.507,1.0,0.692,692.0,1.0,0.0
ds000164,sub-004,1,81,stroop,congruent,357.508,1.0,0.61,610.0,1.0,0.0
ds000164,sub-004,1,82,stroop,congruent,360.51,1.0,0.679,679.0,1.0,0.0
ds000164,sub-004,1,83,stroop,incongruent,363.511,1.0,0.83,830.0,0.0,1.0
ds000164,sub-004,1,84,stroop,neutral,366.512,1.0,0.642,642.0,1.0,0.0
ds000164,sub-004,1,85,stroop,incongruent,378.513,1.0,1.233,1233.0,1.0,1.0
ds000164,sub-004,1,86,stroop,congruent,381.517,1.0,0.724,724.0,1.0,0.0
ds000164,sub-004,1,87,stroop,neutral,387.518,1.0,0.89,890.0,1.0,0.0
ds000164,sub-004,1,88,stroop,congruent,392.02,1.0,0.739,739.0,1.0,0.0
ds000164,sub-004,1,89,stroop,congruent,396.522,1.0,0.705,705.0,1.0,0.0
ds000164,sub-004,1,90,stroop,congruent,402.524,1.0,0.591,591.0,1.0,0.0
ds000164,sub-004,1,91,stroop,congruent,407.026,1.0,0.934,934.0,1.0,0.0
ds000164,sub-004,1,92,stroop,incongruent,410.027,1.0,0.775,775.0,1.0,1.0
ds000164,sub-004,1,93,stroop,incongruent,414.528,1.0,0.862,862.0,1.0,1.0
ds000164,sub-004,1,94,stroop,congruent,417.53,1.0,0.718,718.0,1.0,0.0
ds000164,sub-004,1,95,stroop,congruent,422.031,1.0,0.686,686.0,1.0,0.0
ds000164,sub-004,1,96,stroop,neutral,426.532,1.0,0.83,830.0,1.0,0.0
ds000164,sub-004,1,97,stroop,congruent,429.534,1.0,0.747,747.0,1.0,0.0
ds000164,sub-004,1,98,stroop,incongruent,432.535,1.0,0.619,619.0,1.0,1.0
ds000164,sub-004,1,99,stroop,congruent,435.536,1.0,0.681,681.0,1.0,0.0
ds000164,sub-004,1,100,stroop,congruent,440.037,1.0,0.569,569.0,1.0,0.0
ds000164,sub-004,1,101,stroop,neutral,443.038,1.0,0.675,675.0,1.0,0.0
ds000164,sub-004,1,102,stroop,neutral,449.039,1.0,0.638,638.0,1.0,0.0
ds000164,sub-004,1,103,stroop,congruent,456.541,1.0,0.629,629.0,1.0,0.0
ds000164,sub-004,1,104,stroop,neutral,459.544,1.0,0.668,668.0,1.0,0.0
ds000164,sub-004,1,105,stroop,incongruent,462.545,1.0,1.042,1042.0,1.0,1.0
ds000164,sub-004,1,106,stroop,neutral,465.546,1.0,0.558,558.0,1.0,0.0
ds000164,sub-004,1,107,stroop,neutral,468.547,1.0,0.755,755.0,1.0,0.0
ds000164,sub-004,1,108,stroop,incongruent,471.548,1.0,0.975,975.0,1.0,1.0
ds000164,sub-004,1,109,stroop,neutral,477.549,1.0,0.704,704.0,1.0,0.0
ds000164,sub-004,1,110,stroop,congruent,480.551,1.0,0.706,706.0,1.0,0.0
ds000164,sub-004,1,111,stroop,neutral,483.552,1.0,0.797,797.0,1.0,0.0
ds000164,sub-004,1,112,stroop,neutral,494.053,1.0,0.737,737.0,1.0,0.0
ds000164,sub-004,1,113,stroop,neutral,501.556,1.0,0.724,724.0,1.0,0.0
ds000164,sub-004,1,114,stroop,congruent,504.559,1.0,0.655,655.0,1.0,0.0
ds000164,sub-004,1,115,stroop,incongruent,507.56,1.0,0.974,974.0,1.0,1.0
ds000164,sub-004,1,116,stroop,neutral,513.561,1.0,0.661,661.0,1.0,0.0
ds000164,sub-004,1,117,stroop,congruent,516.563,1.0,0.577,577.0,1.0,0.0
ds000164,sub-004,1,118,stroop,incongruent,524.064,1.0,0.99,990.0,1.0,1.0
ds000164,sub-004,1,119,stroop,congruent,527.067,1.0,0.827,827.0,1.0,0.0
ds000164,sub-005,1,1,stroop,incongruent,1.898,1.0,0.632,632.0,1.0,1.0
ds000164,sub-005,1,2,stroop,congruent,4.906,1.0,0.561,561.0,1.0,0.0
ds000164,sub-005,1,3,stroop,neutral,10.907,1.0,0.787,787.0,1.0,0.0
ds000164,sub-005,1,4,stroop,congruent,16.909,1.0,0.76,760.0,1.0,0.0
ds000164,sub-005,1,5,stroop,incongruent,19.911,1.0,0.861,861.0,1.0,1.0
ds000164,sub-005,1,6,stroop,neutral,22.912,1.0,0.533,533.0,1.0,0.0
ds000164,sub-005,1,7,stroop,congruent,28.913,1.0,0.546,546.0,1.0,0.0
ds000164,sub-005,1,8,stroop,neutral,31.915,1.0,0.482,482.0,1.0,0.0
ds000164,sub-005,1,9,stroop,congruent,36.416,1.0,0.522,522.0,1.0,0.0
ds000164,sub-005,1,10,stroop,congruent,39.418,1.0,0.586,586.0,1.0,0.0
ds000164,sub-005,1,11,stroop,neutral,42.419,1.0,0.45,450.0,1.0,0.0
ds000164,sub-005,1,12,stroop,congruent,45.42,1.0,0.509,509.0,1.0,0.0
ds000164,sub-005,1,13,stroop,congruent,52.921,1.0,0.601,601.0,1.0,0.0
ds000164,sub-005,1,14,stroop,congruent,55.923,1.0,0.503,503.0,1.0,0.0
ds000164,sub-005,1,15,stroop,incongruent,64.924,1.0,0.895,895.0,1.0,1.0
ds000164,sub-005,1,16,stroop,incongruent,67.927,1.0,0.704,704.0,1.0,1.0
ds000164,sub-005,1,17,stroop,neutral,72.428,1.0,0.732,732.0,1.0,0.0
ds000164,sub-005,1,18,stroop,neutral,75.43,1.0,0.501,501.0,1.0,0.0
ds000164,sub-005,1,19,stroop,congruent,79.931,1.0,0.591,591.0,1.0,0.0
ds000164,sub-005,1,20,stroop,neutral,82.932,1.0,0.472,472.0,1.0,0.0
ds000164,sub-005,1,21,stroop,neutral,85.933,1.0,0.496,496.0,1.0,0.0
ds000164,sub-005,1,22,stroop,neutral,88.934,1.0,0.478,478.0,1.0,0.0
ds000164,sub-005,1,23,stroop,neutral,91.935,1.0,0.602,602.0,1.0,0.0
ds000164,sub-005,1,24,stroop,neutral,100.936,1.0,0.601,601.0,1.0,0.0
ds000164,sub-005,1,25,stroop,incongruent,103.939,1.0,0.593,593.0,1.0,1.0
ds000164,sub-005,1,26,stroop,congruent,106.94,1.0,0.547,547.0,1.0,0.0
ds000164,sub-005,1,27,stroop,neutral,109.941,1.0,0.526,526.0,0.0,0.0
ds000164,sub-005,1,28,stroop,incongruent,112.943,1.0,0.527,527.0,1.0,1.0
ds000164,sub-005,1,29,stroop,congruent,117.444,1.0,0.793,793.0,1.0,0.0
ds000164,sub-005,1,30,stroop,incongruent,120.445,1.0,0.52,520.0,1.0,1.0
ds000164,sub-005,1,31,stroop,incongruent,126.446,1.0,0.818,818.0,1.0,1.0
ds000164,sub-005,1,32,stroop,congruent,130.948,1.0,0.637,637.0,1.0,0.0
ds000164,sub-005,1,33,stroop,neutral,133.95,1.0,0.714,714.0,1.0,0.0
ds000164,sub-005,1,34,stroop,congruent,136.951,1.0,0.683,683.0,1.0,0.0
ds000164,sub-005,1,35,stroop,incongruent,139.952,1.0,0.929,929.0,1.0,1.0
ds000164,sub-005,1,36,stroop,incongruent,151.953,1.0,0.85,850.0,1.0,1.0
ds000164,sub-005,1,37,stroop,neutral,157.957,1.0,0.538,538.0,1.0,0.0
ds000164,sub-005,1,38,stroop,incongruent,160.959,1.0,0.66,660.0,1.0,1.0
ds000164,sub-005,1,39,stroop,congruent,163.96,1.0,0.487,487.0,1.0,0.0
ds000164,sub-005,1,40,stroop,congruent,171.461,1.0,0.854,854.0,1.0,0.0
ds000164,sub-005,1,41,stroop,congruent,177.463,1.0,0.485,485.0,1.0,0.0
ds000164,sub-005,1,42,stroop,incongruent,183.465,1.0,0.643,643.0,1.0,1.0
ds000164,sub-005,1,43,stroop,neutral,195.467,1.0,1.086,1086.0,1.0,0.0
ds000164,sub-005,1,44,stroop,congruent,201.471,1.0,0.684,684.0,1.0,0.0
ds000164,sub-005,1,45,stroop,congruent,205.973,1.0,0.708,708.0,1.0,0.0
ds000164,sub-005,1,46,stroop,neutral,210.475,1.0,0.622,622.0,1.0,0.0
ds000164,sub-005,1,47,stroop,incongruent,213.476,1.0,0.616,616.0,1.0,1.0
ds000164,sub-005,1,48,stroop,congruent,216.477,1.0,0.72,720.0,1.0,0.0
ds000164,sub-005,1,49,stroop,neutral,219.478,1.0,0.699,699.0,1.0,0.0
ds000164,sub-005,1,50,stroop,incongruent,222.479,1.0,0.958,958.0,1.0,1.0
ds000164,sub-005,1,51,stroop,congruent,228.48,1.0,0.699,699.0,1.0,0.0
ds000164,sub-005,1,52,stroop,congruent,231.483,1.0,0.0,,0.0,0.0
ds000164,sub-005,1,53,stroop,congruent,234.484,1.0,0.872,872.0,1.0,0.0
ds000164,sub-005,1,54,stroop,incongruent,237.485,1.0,1.141,1141.0,1.0,1.0
ds000164,sub-005,1,55,stroop,incongruent,240.486,1.0,0.807,807.0,1.0,1.0
ds000164,sub-005,1,56,stroop,incongruent,243.487,1.0,0.651,651.0,1.0,1.0
ds000164,sub-005,1,57,stroop,incongruent,246.488,1.0,0.739,739.0,1.0,1.0
ds000164,sub-005,1,58,stroop,incongruent,256.989,1.0,0.82,820.0,1.0,1.0
ds000164,sub-005,1,59,stroop,congruent,261.492,1.0,0.594,594.0,1.0,0.0
ds000164,sub-005,1,60,stroop,incongruent,265.994,1.0,0.612,612.0,1.0,1.0
ds000164,sub-005,1,61,stroop,congruent,274.995,1.0,0.671,671.0,1.0,0.0
ds000164,sub-005,1,62,stroop,incongruent,280.998,1.0,0.649,649.0,0.0,1.0
ds000164,sub-005,1,63,stroop,incongruent,284.0,1.0,0.726,726.0,1.0,1.0
ds000164,sub-005,1,64,stroop,congruent,287.001,1.0,0.588,588.0,1.0,0.0
ds000164,sub-005,1,65,stroop,incongruent,290.002,1.0,0.747,747.0,1.0,1.0
ds000164,sub-005,1,66,stroop,congruent,293.003,1.0,0.584,584.0,1.0,0.0
ds000164,sub-005,1,67,stroop,incongruent,297.504,1.0,0.74,740.0,1.0,1.0
ds000164,sub-005,1,68,stroop,incongruent,300.506,1.0,0.549,549.0,1.0,1.0
ds000164,sub-005,1,69,stroop,congruent,303.507,1.0,0.612,612.0,1.0,0.0
ds000164,sub-005,1,70,stroop,congruent,306.508,1.0,0.516,516.0,1.0,0.0
ds000164,sub-005,1,71,stroop,incongruent,309.509,1.0,0.603,603.0,1.0,1.0
ds000164,sub-005,1,72,stroop,neutral,312.51,1.0,0.609,609.0,1.0,0.0
ds000164,sub-005,1,73,stroop,neutral,315.511,1.0,0.788,788.0,1.0,0.0
ds000164,sub-005,1,74,stroop,congruent,318.512,1.0,0.577,577.0,1.0,0.0
ds000164,sub-005,1,75,stroop,congruent,321.513,1.0,0.916,916.0,1.0,0.0
ds000164,sub-005,1,76,stroop,neutral,326.014,1.0,0.885,885.0,1.0,0.0
ds000164,sub-005,1,77,stroop,neutral,329.015,1.0,0.597,597.0,1.0,0.0
ds000164,sub-005,1,78,stroop,incongruent,333.516,1.0,0.566,566.0,0.0,1.0
ds000164,sub-005,1,79,stroop,incongruent,338.018,1.0,0.63,630.0,1.0,1.0
ds000164,sub-005,1,80,stroop,congruent,345.519,1.0,0.922,922.0,1.0,0.0
ds000164,sub-005,1,81,stroop,neutral,351.522,1.0,0.517,517.0,1.0,0.0
ds000164,sub-005,1,82,stroop,congruent,356.024,1.0,0.484,484.0,1.0,0.0
ds000164,sub-005,1,83,stroop,neutral,359.026,1.0,0.705,705.0,1.0,0.0
ds000164,sub-005,1,84,stroop,incongruent,362.027,1.0,0.912,912.0,1.0,1.0
ds000164,sub-005,1,85,stroop,neutral,365.028,1.0,0.793,793.0,1.0,0.0
ds000164,sub-005,1,86,stroop,neutral,368.029,1.0,0.9,900.0,1.0,0.0
ds000164,sub-005,1,87,stroop,congruent,371.03,1.0,0.645,645.0,1.0,0.0
ds000164,sub-005,1,88,stroop,incongruent,375.531,1.0,0.605,605.0,1.0,1.0
ds000164,sub-005,1,89,stroop,incongruent,378.532,1.0,1.037,1037.0,1.0,1.0
ds000164,sub-005,1,90,stroop,neutral,381.533,1.0,0.706,706.0,1.0,0.0
ds000164,sub-005,1,91,stroop,congruent,384.534,1.0,0.567,567.0,1.0,0.0
ds000164,sub-005,1,92,stroop,neutral,392.035,1.0,0.673,673.0,1.0,0.0
ds000164,sub-005,1,93,stroop,incongruent,395.038,1.0,0.587,587.0,1.0,1.0
ds000164,sub-005,1,94,stroop,congruent,398.039,1.0,0.541,541.0,1.0,0.0
ds000164,sub-005,1,95,stroop,congruent,407.04,1.0,0.648,648.0,1.0,0.0
ds000164,sub-005,1,96,stroop,neutral,410.043,1.0,0.587,587.0,1.0,0.0
ds000164,sub-005,1,97,stroop,incongruent,413.044,1.0,0.579,579.0,1.0,1.0
ds000164,sub-005,1,98,stroop,congruent,416.045,1.0,0.536,536.0,1.0,0.0
ds000164,sub-005,1,99,stroop,neutral,429.546,1.0,0.706,706.0,1.0,0.0
ds000164,sub-005,1,100,stroop,neutral,432.55,1.0,0.642,642.0,1.0,0.0
ds000164,sub-005,1,101,stroop,neutral,437.051,1.0,0.625,625.0,1.0,0.0
ds000164,sub-005,1,102,stroop,congruent,446.053,1.0,0.827,827.0,1.0,0.0
ds000164,sub-005,1,103,stroop,neutral,449.056,1.0,0.749,749.0,1.0,0.0
ds000164,sub-005,1,104,stroop,neutral,452.057,1.0,0.675,675.0,1.0,0.0
ds000164,sub-005,1,105,stroop,incongruent,462.558,1.0,0.641,641.0,1.0,1.0
ds000164,sub-005,1,106,stroop,neutral,470.061,1.0,1.063,1063.0,1.0,0.0
ds000164,sub-005,1,107,stroop,neutral,473.064,1.0,0.614,614.0,1.0,0.0
ds000164,sub-005,1,108,stroop,congruent,476.065,1.0,0.593,593.0,1.0,0.0
ds000164,sub-005,1,109,stroop,congruent,480.566,1.0,0.637,637.0,1.0,0.0
ds000164,sub-005,1,110,stroop,neutral,483.568,1.0,0.621,621.0,1.0,0.0
ds000164,sub-005,1,111,stroop,neutral,488.069,1.0,0.0,,0.0,0.0
ds000164,sub-005,1,112,stroop,incongruent,491.07,1.0,0.941,941.0,1.0,1.0
ds000164,sub-005,1,113,stroop,incongruent,494.071,1.0,0.865,865.0,1.0,1.0
ds000164,sub-005,1,114,stroop,congruent,498.572,1.0,0.837,837.0,1.0,0.0
ds000164,sub-005,1,115,stroop,neutral,503.074,1.0,0.683,683.0,1.0,0.0
ds000164,sub-005,1,116,stroop,congruent,513.575,1.0,0.64,640.0,1.0,0.0
ds000164,sub-005,1,117,stroop,neutral,519.579,1.0,0.608,608.0,1.0,0.0
ds000164,sub-005,1,118,stroop,neutral,525.581,1.0,0.551,551.0,1.0,0.0
ds000164,sub-005,1,119,stroop,neutral,533.083,1.0,0.765,765.0,1.0,0.0
ds000164,sub-005,1,120,stroop,neutral,537.585,1.0,0.559,559.0,1.0,0.0
ds000164,sub-006,1,1,stroop,incongruent,1.897,1.0,0.729,729.0,1.0,1.0
ds000164,sub-006,1,2,stroop,congruent,12.394,1.0,0.614,614.0,1.0,0.0
ds000164,sub-006,1,3,stroop,incongruent,16.898,1.0,0.77,770.0,1.0,1.0
ds000164,sub-006,1,4,stroop,congruent,22.899,1.0,0.936,936.0,1.0,0.0
ds000164,sub-006,1,5,stroop,neutral,28.902,1.0,0.689,689.0,1.0,0.0
ds000164,sub-006,1,6,stroop,neutral,33.404,1.0,0.612,612.0,1.0,0.0
ds000164,sub-006,1,7,stroop,congruent,39.405,1.0,0.71,710.0,1.0,0.0
ds000164,sub-006,1,8,stroop,neutral,45.407,1.0,0.474,474.0,1.0,0.0
ds000164,sub-006,1,9,stroop,congruent,52.909,1.0,0.522,522.0,1.0,0.0
ds000164,sub-006,1,10,stroop,neutral,55.912,1.0,0.828,828.0,1.0,0.0
ds000164,sub-006,1,11,stroop,incongruent,58.913,1.0,0.807,807.0,1.0,1.0
ds000164,sub-006,1,12,stroop,neutral,64.914,1.0,0.573,573.0,1.0,0.0
ds000164,sub-006,1,13,stroop,neutral,69.416,1.0,0.531,531.0,1.0,0.0
ds000164,sub-006,1,14,stroop,incongruent,72.417,1.0,0.567,567.0,1.0,1.0
ds000164,sub-006,1,15,stroop,incongruent,75.418,1.0,0.791,791.0,1.0,1.0
ds000164,sub-006,1,16,stroop,incongruent,79.919,1.0,0.625,625.0,1.0,1.0
ds000164,sub-006,1,17,stroop,incongruent,82.921,1.0,0.908,908.0,1.0,1.0
ds000164,sub-006,1,18,stroop,neutral,87.422,1.0,0.761,761.0,1.0,0.0
ds000164,sub-006,1,19,stroop,incongruent,93.423,1.0,0.616,616.0,1.0,1.0
ds000164,sub-006,1,20,stroop,congruent,99.425,1.0,0.882,882.0,1.0,0.0
ds000164,sub-006,1,21,stroop,congruent,105.427,1.0,0.547,547.0,1.0,0.0
ds000164,sub-006,1,22,stroop,congruent,108.429,1.0,0.621,621.0,1.0,0.0
ds000164,sub-006,1,23,stroop,incongruent,111.43,1.0,0.733,733.0,1.0,1.0
ds000164,sub-006,1,24,stroop,incongruent,117.431,1.0,0.698,698.0,1.0,1.0
ds000164,sub-006,1,25,stroop,incongruent,120.433,1.0,0.717,717.0,1.0,1.0
ds000164,sub-006,1,26,stroop,incongruent,127.934,1.0,0.728,728.0,1.0,1.0
ds000164,sub-006,1,27,stroop,congruent,130.937,1.0,0.622,622.0,1.0,0.0
ds000164,sub-006,1,28,stroop,neutral,136.938,1.0,0.602,602.0,1.0,0.0
ds000164,sub-006,1,29,stroop,congruent,139.94,1.0,0.636,636.0,1.0,0.0
ds000164,sub-006,1,30,stroop,neutral,142.941,1.0,0.555,555.0,1.0,0.0
ds000164,sub-006,1,31,stroop,incongruent,148.942,1.0,0.611,611.0,1.0,1.0
ds000164,sub-006,1,32,stroop,incongruent,151.944,1.0,0.64,640.0,0.0,1.0
ds000164,sub-006,1,33,stroop,congruent,154.945,1.0,0.559,559.0,0.0,0.0
ds000164,sub-006,1,34,stroop,congruent,159.446,1.0,0.753,753.0,1.0,0.0
ds000164,sub-006,1,35,stroop,incongruent,162.448,1.0,0.697,697.0,1.0,1.0
ds000164,sub-006,1,36,stroop,incongruent,165.449,1.0,0.856,856.0,1.0,1.0
ds000164,sub-006,1,37,stroop,incongruent,168.45,1.0,1.003,1002.9999999999999,1.0,1.0
ds000164,sub-006,1,38,stroop,neutral,171.451,1.0,0.697,697.0,1.0,0.0
ds000164,sub-006,1,39,stroop,congruent,183.452,1.0,0.916,916.0,1.0,0.0
ds000164,sub-006,1,40,stroop,neutral,186.456,1.0,0.69,690.0,1.0,0.0
ds000164,sub-006,1,41,stroop,congruent,190.957,1.0,0.655,655.0,1.0,0.0
ds000164,sub-006,1,42,stroop,congruent,193.958,1.0,0.739,739.0,1.0,0.0
ds000164,sub-006,1,43,stroop,congruent,196.959,1.0,0.588,588.0,1.0,0.0
ds000164,sub-006,1,44,stroop,congruent,199.96,1.0,0.68,680.0,1.0,0.0
ds000164,sub-006,1,45,stroop,neutral,202.961,1.0,0.609,609.0,1.0,0.0
ds000164,sub-006,1,46,stroop,congruent,205.962,1.0,0.57,570.0,1.0,0.0
ds000164,sub-006,1,47,stroop,congruent,208.963,1.0,0.593,593.0,1.0,0.0
ds000164,sub-006,1,48,stroop,neutral,211.964,1.0,0.739,739.0,1.0,0.0
ds000164,sub-006,1,49,stroop,neutral,216.465,1.0,0.661,661.0,1.0,0.0
ds000164,sub-006,1,50,stroop,incongruent,219.467,1.0,0.505,505.0,1.0,1.0
ds000164,sub-006,1,51,stroop,incongruent,222.468,1.0,0.648,648.0,1.0,1.0
ds000164,sub-006,1,52,stroop,congruent,226.969,1.0,0.672,672.0,1.0,0.0
ds000164,sub-006,1,53,stroop,congruent,231.47,1.0,0.935,935.0,1.0,0.0
ds000164,sub-006,1,54,stroop,neutral,235.972,1.0,0.789,789.0,1.0,0.0
ds000164,sub-006,1,55,stroop,neutral,243.473,1.0,0.913,913.0,1.0,0.0
ds000164,sub-006,1,56,stroop,congruent,247.976,1.0,0.602,602.0,1.0,0.0
ds000164,sub-006,1,57,stroop,neutral,252.477,1.0,0.711,711.0,1.0,0.0
ds000164,sub-006,1,58,stroop,incongruent,256.979,1.0,0.91,910.0,1.0,1.0
ds000164,sub-006,1,59,stroop,neutral,259.98,1.0,0.787,787.0,0.0,0.0
ds000164,sub-006,1,60,stroop,incongruent,262.982,1.0,0.641,641.0,1.0,1.0
ds000164,sub-006,1,61,stroop,congruent,270.483,1.0,0.725,725.0,1.0,0.0
ds000164,sub-006,1,62,stroop,neutral,280.985,1.0,0.95,950.0,1.0,0.0
ds000164,sub-006,1,63,stroop,congruent,283.989,1.0,0.839,839.0,1.0,0.0
ds000164,sub-006,1,64,stroop,neutral,286.99,1.0,0.718,718.0,1.0,0.0
ds000164,sub-006,1,65,stroop,congruent,289.991,1.0,0.569,569.0,1.0,0.0
ds000164,sub-006,1,66,stroop,neutral,294.492,1.0,0.821,821.0,1.0,0.0
ds000164,sub-006,1,67,stroop,congruent,297.493,1.0,0.737,737.0,1.0,0.0
ds000164,sub-006,1,68,stroop,neutral,303.494,1.0,0.745,745.0,1.0,0.0
ds000164,sub-006,1,69,stroop,incongruent,309.496,1.0,0.638,638.0,1.0,1.0
ds000164,sub-006,1,70,stroop,neutral,316.998,1.0,0.769,769.0,1.0,0.0
ds000164,sub-006,1,71,stroop,neutral,330.501,1.0,0.806,806.0,1.0,0.0
ds000164,sub-006,1,72,stroop,congruent,335.005,1.0,0.674,674.0,1.0,0.0
ds000164,sub-006,1,73,stroop,neutral,338.007,1.0,0.765,765.0,1.0,0.0
ds000164,sub-006,1,74,stroop,incongruent,341.008,1.0,0.882,882.0,1.0,1.0
ds000164,sub-006,1,75,stroop,neutral,344.009,1.0,0.717,717.0,1.0,0.0
ds000164,sub-006,1,76,stroop,neutral,350.01,1.0,0.88,880.0,1.0,0.0
ds000164,sub-006,1,77,stroop,incongruent,353.012,1.0,0.687,687.0,1.0,1.0
ds000164,sub-006,1,78,stroop,congruent,359.013,1.0,0.662,662.0,1.0,0.0
ds000164,sub-006,1,79,stroop,congruent,362.015,1.0,0.711,711.0,1.0,0.0
ds000164,sub-006,1,80,stroop,congruent,365.016,1.0,0.623,623.0,1.0,0.0
ds000164,sub-006,1,81,stroop,neutral,368.017,1.0,0.664,664.0,1.0,0.0
ds000164,sub-006,1,82,stroop,incongruent,372.518,1.0,0.668,668.0,1.0,1.0
ds000164,sub-006,1,83,stroop,incongruent,380.019,1.0,0.744,744.0,1.0,1.0
ds000164,sub-006,1,84,stroop,congruent,383.022,1.0,0.698,698.0,1.0,0.0
ds000164,sub-006,1,85,stroop,congruent,386.023,1.0,0.654,654.0,1.0,0.0
ds000164,sub-006,1,86,stroop,neutral,389.024,1.0,0.818,818.0,1.0,0.0
ds000164,sub-006,1,87,stroop,neutral,395.025,1.0,0.784,784.0,1.0,0.0
ds000164,sub-006,1,88,stroop,congruent,402.527,1.0,0.839,839.0,1.0,0.0
ds000164,sub-006,1,89,stroop,incongruent,405.53,1.0,0.813,813.0,0.0,1.0
ds000164,sub-006,1,90,stroop,congruent,408.531,1.0,0.87,870.0,1.0,0.0
ds000164,sub-006,1,91,stroop,congruent,414.532,1.0,0.685,685.0,1.0,0.0
ds000164,sub-006,1,92,stroop,neutral,417.534,1.0,1.228,1228.0,1.0,0.0
ds000164,sub-006,1,93,stroop,incongruent,420.535,1.0,0.709,709.0,1.0,1.0
ds000164,sub-006,1,94,stroop,incongruent,426.536,1.0,0.755,755.0,1.0,1.0
ds000164,sub-006,1,95,stroop,incongruent,429.538,1.0,1.539,1539.0,1.0,1.0
ds000164,sub-006,1,96,stroop,incongruent,432.539,1.0,0.66,660.0,1.0,1.0
ds000164,sub-006,1,97,stroop,congruent,437.04,1.0,0.633,633.0,1.0,0.0
ds000164,sub-006,1,98,stroop,neutral,441.541,1.0,0.677,677.0,1.0,0.0
ds000164,sub-006,1,99,stroop,incongruent,446.043,1.0,0.648,648.0,1.0,1.0
ds000164,sub-006,1,100,stroop,congruent,449.044,1.0,0.759,759.0,1.0,0.0
ds000164,sub-006,1,101,stroop,incongruent,453.545,1.0,1.026,1026.0,1.0,1.0
ds000164,sub-006,1,102,stroop,congruent,458.047,1.0,0.86,860.0,1.0,0.0
ds000164,sub-006,1,103,stroop,congruent,461.048,1.0,0.706,706.0,1.0,0.0
ds000164,sub-006,1,104,stroop,incongruent,464.049,1.0,1.073,1073.0,1.0,1.0
ds000164,sub-006,1,105,stroop,congruent,474.55,1.0,1.209,1209.0,0.0,0.0
ds000164,sub-006,1,106,stroop,neutral,479.054,1.0,0.873,873.0,1.0,0.0
ds000164,sub-006,1,107,stroop,incongruent,482.055,1.0,0.772,772.0,1.0,1.0
ds000164,sub-006,1,108,stroop,congruent,491.056,1.0,0.804,804.0,1.0,0.0
ds000164,sub-006,1,109,stroop,neutral,494.059,1.0,0.758,758.0,1.0,0.0
ds000164,sub-006,1,110,stroop,neutral,497.06,1.0,0.562,562.0,1.0,0.0
ds000164,sub-006,1,111,stroop,neutral,501.561,1.0,1.006,1006.0,1.0,0.0
ds000164,sub-006,1,112,stroop,neutral,504.563,1.0,0.812,812.0,1.0,0.0
ds000164,sub-006,1,113,stroop,neutral,509.064,1.0,0.679,679.0,1.0,0.0
ds000164,sub-006,1,114,stroop,congruent,512.066,1.0,0.748,748.0,1.0,0.0
ds000164,sub-006,1,115,stroop,neutral,515.067,1.0,0.739,739.0,1.0,0.0
ds000164,sub-006,1,116,stroop,incongruent,518.068,1.0,0.846,846.0,1.0,1.0
ds000164,sub-006,1,117,stroop,congruent,522.569,1.0,0.539,539.0,1.0,0.0
ds000164,sub-006,1,118,stroop,neutral,525.57,1.0,1.125,1125.0,1.0,0.0
ds000164,sub-006,1,119,stroop,neutral,534.571,1.0,0.967,967.0,1.0,0.0
ds000164,sub-007,1,1,stroop,congruent,0.381,1.0,0.582,582.0,1.0,0.0
ds000164,sub-007,1,2,stroop,neutral,9.389,1.0,0.48,480.0,1.0,0.0
ds000164,sub-007,1,3,stroop,neutral,12.392,1.0,0.542,542.0,1.0,0.0
ds000164,sub-007,1,4,stroop,neutral,19.893,1.0,0.484,484.0,1.0,0.0
ds000164,sub-007,1,5,stroop,congruent,22.896,1.0,0.528,528.0,1.0,0.0
ds000164,sub-007,1,6,stroop,neutral,27.397,1.0,0.567,567.0,1.0,0.0
ds000164,sub-007,1,7,stroop,neutral,30.398,1.0,0.608,608.0,1.0,0.0
ds000164,sub-007,1,8,stroop,congruent,33.399,1.0,0.602,602.0,1.0,0.0
ds000164,sub-007,1,9,stroop,incongruent,36.4,1.0,0.561,561.0,0.0,1.0
ds000164,sub-007,1,10,stroop,congruent,39.401,1.0,0.525,525.0,1.0,0.0
ds000164,sub-007,1,11,stroop,congruent,51.402,1.0,0.582,582.0,1.0,0.0
ds000164,sub-007,1,12,stroop,incongruent,54.406,1.0,0.646,646.0,0.0,1.0
ds000164,sub-007,1,13,stroop,neutral,63.407,1.0,1.046,1046.0,1.0,0.0
ds000164,sub-007,1,14,stroop,congruent,70.91,1.0,0.708,708.0,1.0,0.0
ds000164,sub-007,1,15,stroop,incongruent,73.913,1.0,0.714,714.0,1.0,1.0
ds000164,sub-007,1,16,stroop,congruent,84.414,1.0,0.744,744.0,1.0,0.0
ds000164,sub-007,1,17,stroop,congruent,91.917,1.0,0.591,591.0,1.0,0.0
ds000164,sub-007,1,18,stroop,neutral,97.92,1.0,0.637,637.0,1.0,0.0
ds000164,sub-007,1,19,stroop,neutral,100.922,1.0,0.901,901.0,1.0,0.0
ds000164,sub-007,1,20,stroop,incongruent,103.923,1.0,0.745,745.0,1.0,1.0
ds000164,sub-007,1,21,stroop,incongruent,106.924,1.0,0.732,732.0,1.0,1.0
ds000164,sub-007,1,22,stroop,incongruent,111.425,1.0,1.166,1166.0,1.0,1.0
ds000164,sub-007,1,23,stroop,neutral,118.927,1.0,0.478,478.0,1.0,0.0
ds000164,sub-007,1,24,stroop,incongruent,121.929,1.0,0.702,702.0,1.0,1.0
ds000164,sub-007,1,25,stroop,incongruent,126.43,1.0,0.651,651.0,1.0,1.0
ds000164,sub-007,1,26,stroop,congruent,129.432,1.0,0.577,577.0,1.0,0.0
ds000164,sub-007,1,27,stroop,incongruent,132.433,1.0,0.794,794.0,1.0,1.0
ds000164,sub-007,1,28,stroop,congruent,135.434,1.0,0.668,668.0,1.0,0.0
ds000164,sub-007,1,29,stroop,congruent,138.435,1.0,0.429,429.0,1.0,0.0
ds000164,sub-007,1,30,stroop,neutral,141.436,1.0,0.593,593.0,1.0,0.0
ds000164,sub-007,1,31,stroop,incongruent,144.437,1.0,0.513,513.0,1.0,1.0
ds000164,sub-007,1,32,stroop,neutral,153.438,1.0,0.635,635.0,1.0,0.0
ds000164,sub-007,1,33,stroop,neutral,159.441,1.0,0.648,648.0,1.0,0.0
ds000164,sub-007,1,34,stroop,neutral,165.443,1.0,0.674,674.0,1.0,0.0
ds000164,sub-007,1,35,stroop,congruent,172.945,1.0,0.646,646.0,1.0,0.0
ds000164,sub-007,1,36,stroop,congruent,177.447,1.0,0.607,607.0,1.0,0.0
ds000164,sub-007,1,37,stroop,neutral,180.449,1.0,0.629,629.0,1.0,0.0
ds000164,sub-007,1,38,stroop,congruent,186.45,1.0,0.652,652.0,1.0,0.0
ds000164,sub-007,1,39,stroop,neutral,189.452,1.0,0.567,567.0,1.0,0.0
ds000164,sub-007,1,40,stroop,neutral,192.453,1.0,0.0,,0.0,0.0
ds000164,sub-007,1,41,stroop,incongruent,195.454,1.0,0.675,675.0,0.0,1.0
ds000164,sub-007,1,42,stroop,congruent,199.955,1.0,0.655,655.0,1.0,0.0
ds000164,sub-007,1,43,stroop,neutral,202.956,1.0,0.607,607.0,1.0,0.0
ds000164,sub-007,1,44,stroop,congruent,207.457,1.0,0.543,543.0,1.0,0.0
ds000164,sub-007,1,45,stroop,congruent,210.459,1.0,0.582,582.0,1.0,0.0
ds000164,sub-007,1,46,stroop,congruent,213.46,1.0,0.714,714.0,1.0,0.0
ds000164,sub-007,1,47,stroop,congruent,216.461,1.0,0.545,545.0,1.0,0.0
ds000164,sub-007,1,48,stroop,congruent,219.462,1.0,0.577,577.0,1.0,0.0
ds000164,sub-007,1,49,stroop,congruent,222.463,1.0,0.561,561.0,1.0,0.0
ds000164,sub-007,1,50,stroop,incongruent,237.464,1.0,0.669,669.0,1.0,1.0
ds000164,sub-007,1,51,stroop,congruent,246.469,1.0,0.684,684.0,1.0,0.0
ds000164,sub-007,1,52,stroop,neutral,252.472,1.0,0.627,627.0,1.0,0.0
ds000164,sub-007,1,53,stroop,neutral,255.474,1.0,0.728,728.0,1.0,0.0
ds000164,sub-007,1,54,stroop,neutral,264.475,1.0,0.895,895.0,1.0,0.0
ds000164,sub-007,1,55,stroop,congruent,267.478,1.0,0.594,594.0,1.0,0.0
ds000164,sub-007,1,56,stroop,incongruent,273.479,1.0,1.027,1027.0,1.0,1.0
ds000164,sub-007,1,57,stroop,incongruent,280.981,1.0,0.452,452.0,1.0,1.0
ds000164,sub-007,1,58,stroop,neutral,283.983,1.0,0.657,657.0,1.0,0.0
ds000164,sub-007,1,59,stroop,congruent,286.984,1.0,0.581,581.0,1.0,0.0
ds000164,sub-007,1,60,stroop,neutral,291.485,1.0,0.462,462.0,1.0,0.0
ds000164,sub-007,1,61,stroop,neutral,295.987,1.0,0.653,653.0,1.0,0.0
ds000164,sub-007,1,62,stroop,neutral,298.988,1.0,0.599,599.0,1.0,0.0
ds000164,sub-007,1,63,stroop,neutral,303.489,1.0,0.556,556.0,0.0,0.0
ds000164,sub-007,1,64,stroop,congruent,312.491,1.0,0.625,625.0,1.0,0.0
ds000164,sub-007,1,65,stroop,congruent,315.494,1.0,0.567,567.0,1.0,0.0
ds000164,sub-007,1,66,stroop,neutral,318.495,1.0,0.698,698.0,1.0,0.0
ds000164,sub-007,1,67,stroop,congruent,325.996,1.0,0.649,649.0,1.0,0.0
ds000164,sub-007,1,68,stroop,incongruent,328.998,1.0,0.608,608.0,0.0,1.0
ds000164,sub-007,1,69,stroop,incongruent,331.999,1.0,0.724,724.0,1.0,1.0
ds000164,sub-007,1,70,stroop,congruent,336.5,1.0,0.543,543.0,1.0,0.0
ds000164,sub-007,1,71,stroop,neutral,339.502,1.0,0.56,560.0,1.0,0.0
ds000164,sub-007,1,72,stroop,congruent,342.503,1.0,0.524,524.0,1.0,0.0
ds000164,sub-007,1,73,stroop,neutral,347.004,1.0,0.569,569.0,1.0,0.0
ds000164,sub-007,1,74,stroop,incongruent,350.005,1.0,0.491,491.0,1.0,1.0
ds000164,sub-007,1,75,stroop,neutral,353.006,1.0,0.522,522.0,1.0,0.0
ds000164,sub-007,1,76,stroop,incongruent,356.007,1.0,0.806,806.0,1.0,1.0
ds000164,sub-007,1,77,stroop,incongruent,359.008,1.0,0.698,698.0,1.0,1.0
ds000164,sub-007,1,78,stroop,neutral,363.509,1.0,0.977,977.0,1.0,0.0
ds000164,sub-007,1,79,stroop,congruent,366.511,1.0,0.583,583.0,1.0,0.0
ds000164,sub-007,1,80,stroop,incongruent,369.512,1.0,0.0,,0.0,1.0
ds000164,sub-007,1,81,stroop,neutral,374.013,1.0,0.776,776.0,1.0,0.0
ds000164,sub-007,1,82,stroop,congruent,378.514,1.0,0.733,733.0,1.0,0.0
ds000164,sub-007,1,83,stroop,incongruent,383.016,1.0,0.976,976.0,1.0,1.0
ds000164,sub-007,1,84,stroop,incongruent,386.017,1.0,1.04,1040.0,0.0,1.0
ds000164,sub-007,1,85,stroop,congruent,389.018,1.0,0.716,716.0,1.0,0.0
ds000164,sub-007,1,86,stroop,neutral,398.019,1.0,0.668,668.0,1.0,0.0
ds000164,sub-007,1,87,stroop,incongruent,401.022,1.0,0.857,857.0,1.0,1.0
ds000164,sub-007,1,88,stroop,congruent,404.023,1.0,0.579,579.0,1.0,0.0
ds000164,sub-007,1,89,stroop,neutral,407.024,1.0,0.723,723.0,1.0,0.0
ds000164,sub-007,1,90,stroop,incongruent,410.025,1.0,0.654,654.0,1.0,1.0
ds000164,sub-007,1,91,stroop,neutral,414.526,1.0,0.668,668.0,1.0,0.0
ds000164,sub-007,1,92,stroop,congruent,419.028,1.0,0.587,587.0,1.0,0.0
ds000164,sub-007,1,93,stroop,incongruent,429.529,1.0,1.127,1127.0,1.0,1.0
ds000164,sub-007,1,94,stroop,congruent,434.033,1.0,0.622,622.0,1.0,0.0
ds000164,sub-007,1,95,stroop,incongruent,440.034,1.0,0.825,825.0,1.0,1.0
ds000164,sub-007,1,96,stroop,neutral,443.036,1.0,0.722,722.0,1.0,0.0
ds000164,sub-007,1,97,stroop,neutral,447.537,1.0,0.673,673.0,1.0,0.0
ds000164,sub-007,1,98,stroop,congruent,458.039,1.0,1.049,1049.0,1.0,0.0
ds000164,sub-007,1,99,stroop,congruent,461.042,1.0,0.563,563.0,1.0,0.0
ds000164,sub-007,1,100,stroop,incongruent,465.543,1.0,0.767,767.0,0.0,1.0
ds000164,sub-007,1,101,stroop,neutral,471.545,1.0,0.548,548.0,1.0,0.0
ds000164,sub-007,1,102,stroop,incongruent,474.547,1.0,1.002,1002.0,1.0,1.0
ds000164,sub-007,1,103,stroop,neutral,477.548,1.0,0.668,668.0,1.0,0.0
ds000164,sub-007,1,104,stroop,incongruent,482.049,1.0,0.755,755.0,1.0,1.0
ds000164,sub-007,1,105,stroop,incongruent,486.55,1.0,0.845,845.0,1.0,1.0
ds000164,sub-007,1,106,stroop,incongruent,489.552,1.0,0.774,774.0,1.0,1.0
ds000164,sub-007,1,107,stroop,congruent,492.553,1.0,0.448,448.0,1.0,0.0
ds000164,sub-007,1,108,stroop,incongruent,497.054,1.0,0.765,765.0,1.0,1.0
ds000164,sub-007,1,109,stroop,neutral,500.055,1.0,0.636,636.0,1.0,0.0
ds000164,sub-007,1,110,stroop,neutral,503.056,1.0,0.515,515.0,1.0,0.0
ds000164,sub-007,1,111,stroop,incongruent,506.057,1.0,0.807,807.0,0.0,1.0
ds000164,sub-007,1,112,stroop,neutral,509.058,1.0,0.596,596.0,1.0,0.0
ds000164,sub-007,1,113,stroop,congruent,512.059,1.0,0.608,608.0,1.0,0.0
ds000164,sub-007,1,114,stroop,neutral,515.06,1.0,0.587,587.0,1.0,0.0
ds000164,sub-007,1,115,stroop,congruent,519.561,1.0,0.595,595.0,1.0,0.0
ds000164,sub-007,1,116,stroop,incongruent,522.563,1.0,0.744,744.0,1.0,1.0
ds000164,sub-007,1,117,stroop,incongruent,527.064,1.0,0.878,878.0,1.0,1.0
ds000164,sub-007,1,118,stroop,congruent,530.065,1.0,0.625,625.0,1.0,0.0
ds000164,sub-007,1,119,stroop,incongruent,533.066,1.0,0.849,849.0,1.0,1.0
ds000164,sub-007,1,120,stroop,congruent,536.067,1.0,0.57,570.0,1.0,0.0
ds000164,sub-008,1,1,stroop,neutral,0.397,1.0,1.07,1070.0,0.0,0.0
ds000164,sub-008,1,2,stroop,congruent,4.901,1.0,0.763,763.0,1.0,0.0
ds000164,sub-008,1,3,stroop,incongruent,9.402,1.0,1.222,1222.0,0.0,1.0
ds000164,sub-008,1,4,stroop,incongruent,12.404,1.0,0.826,826.0,1.0,1.0
ds000164,sub-008,1,5,stroop,congruent,19.905,1.0,1.018,1018.0,1.0,0.0
ds000164,sub-008,1,6,stroop,incongruent,22.907,1.0,0.789,789.0,1.0,1.0
ds000164,sub-008,1,7,stroop,incongruent,25.908,1.0,0.826,826.0,1.0,1.0
ds000164,sub-008,1,8,stroop,neutral,28.909,1.0,0.842,842.0,1.0,0.0
ds000164,sub-008,1,9,stroop,neutral,31.91,1.0,0.869,869.0,1.0,0.0
ds000164,sub-008,1,10,stroop,neutral,34.911,1.0,0.586,586.0,1.0,0.0
ds000164,sub-008,1,11,stroop,congruent,37.912,1.0,0.58,580.0,1.0,0.0
ds000164,sub-008,1,12,stroop,neutral,40.913,1.0,0.547,547.0,1.0,0.0
ds000164,sub-008,1,13,stroop,congruent,43.914,1.0,0.633,633.0,1.0,0.0
ds000164,sub-008,1,14,stroop,incongruent,52.915,1.0,0.613,613.0,1.0,1.0
ds000164,sub-008,1,15,stroop,neutral,57.418,1.0,0.782,782.0,1.0,0.0
ds000164,sub-008,1,16,stroop,congruent,64.92,1.0,0.704,704.0,1.0,0.0
ds000164,sub-008,1,17,stroop,incongruent,69.422,1.0,0.79,790.0,0.0,1.0
ds000164,sub-008,1,18,stroop,congruent,75.424,1.0,0.698,698.0,1.0,0.0
ds000164,sub-008,1,19,stroop,neutral,78.426,1.0,0.867,867.0,0.0,0.0
ds000164,sub-008,1,20,stroop,incongruent,81.427,1.0,0.82,820.0,1.0,1.0
ds000164,sub-008,1,21,stroop,incongruent,85.928,1.0,0.885,885.0,1.0,1.0
ds000164,sub-008,1,22,stroop,congruent,88.929,1.0,0.729,729.0,1.0,0.0
ds000164,sub-008,1,23,stroop,incongruent,91.93,1.0,0.713,713.0,1.0,1.0
ds000164,sub-008,1,24,stroop,congruent,94.931,1.0,0.822,822.0,1.0,0.0
ds000164,sub-008,1,25,stroop,neutral,97.932,1.0,0.841,841.0,1.0,0.0
ds000164,sub-008,1,26,stroop,incongruent,100.933,1.0,0.785,785.0,0.0,1.0
ds000164,sub-008,1,27,stroop,neutral,106.934,1.0,0.923,923.0,1.0,0.0
ds000164,sub-008,1,28,stroop,congruent,109.936,1.0,0.647,647.0,1.0,0.0
ds000164,sub-008,1,29,stroop,incongruent,112.937,1.0,0.984,984.0,1.0,1.0
ds000164,sub-008,1,30,stroop,congruent,117.438,1.0,0.77,770.0,1.0,0.0
ds000164,sub-008,1,31,stroop,congruent,120.44,1.0,0.884,884.0,1.0,0.0
ds000164,sub-008,1,32,stroop,neutral,123.441,1.0,0.633,633.0,1.0,0.0
ds000164,sub-008,1,33,stroop,neutral,126.442,1.0,0.725,725.0,1.0,0.0
ds000164,sub-008,1,34,stroop,neutral,129.443,1.0,0.652,652.0,1.0,0.0
ds000164,sub-008,1,35,stroop,incongruent,132.444,1.0,0.811,811.0,1.0,1.0
ds000164,sub-008,1,36,stroop,neutral,141.445,1.0,0.796,796.0,0.0,0.0
ds000164,sub-008,1,37,stroop,congruent,144.448,1.0,0.82,820.0,1.0,0.0
ds000164,sub-008,1,38,stroop,congruent,147.449,1.0,0.894,894.0,1.0,0.0
ds000164,sub-008,1,39,stroop,incongruent,153.45,1.0,0.907,907.0,1.0,1.0
ds000164,sub-008,1,40,stroop,congruent,156.452,1.0,0.638,638.0,1.0,0.0
ds000164,sub-008,1,41,stroop,congruent,160.953,1.0,0.819,819.0,1.0,0.0
ds000164,sub-008,1,42,stroop,neutral,166.954,1.0,0.832,832.0,1.0,0.0
ds000164,sub-008,1,43,stroop,congruent,171.456,1.0,0.876,876.0,1.0,0.0
ds000164,sub-008,1,44,stroop,neutral,175.958,1.0,0.99,990.0,1.0,0.0
ds000164,sub-008,1,45,stroop,neutral,181.959,1.0,0.873,873.0,0.0,0.0
ds000164,sub-008,1,46,stroop,incongruent,184.961,1.0,0.804,804.0,1.0,1.0
ds000164,sub-008,1,47,stroop,congruent,189.462,1.0,0.695,695.0,1.0,0.0
ds000164,sub-008,1,48,stroop,congruent,192.464,1.0,0.839,839.0,1.0,0.0
ds000164,sub-008,1,49,stroop,neutral,195.465,1.0,1.003,1002.9999999999999,1.0,0.0
ds000164,sub-008,1,50,stroop,incongruent,198.466,1.0,0.822,822.0,1.0,1.0
ds000164,sub-008,1,51,stroop,incongruent,201.467,1.0,0.931,931.0,1.0,1.0
ds000164,sub-008,1,52,stroop,incongruent,204.468,1.0,0.885,885.0,0.0,1.0
ds000164,sub-008,1,53,stroop,incongruent,213.469,1.0,0.949,949.0,1.0,1.0
ds000164,sub-008,1,54,stroop,neutral,216.472,1.0,0.668,668.0,1.0,0.0
ds000164,sub-008,1,55,stroop,incongruent,223.973,1.0,0.732,732.0,1.0,1.0
ds000164,sub-008,1,56,stroop,congruent,232.975,1.0,0.817,817.0,0.0,0.0
ds000164,sub-008,1,57,stroop,congruent,238.978,1.0,0.82,820.0,1.0,0.0
ds000164,sub-008,1,58,stroop,incongruent,241.98,1.0,0.911,911.0,1.0,1.0
ds000164,sub-008,1,59,stroop,congruent,244.981,1.0,0.75,750.0,1.0,0.0
ds000164,sub-008,1,60,stroop,incongruent,255.482,1.0,0.884,884.0,1.0,1.0
ds000164,sub-008,1,61,stroop,neutral,258.486,1.0,0.665,665.0,1.0,0.0
ds000164,sub-008,1,62,stroop,neutral,264.487,1.0,0.722,722.0,0.0,0.0
ds000164,sub-008,1,63,stroop,neutral,267.489,1.0,0.791,791.0,0.0,0.0
ds000164,sub-008,1,64,stroop,congruent,270.49,1.0,0.932,932.0,1.0,0.0
ds000164,sub-008,1,65,stroop,neutral,273.491,1.0,0.851,851.0,1.0,0.0
ds000164,sub-008,1,66,stroop,neutral,277.992,1.0,0.763,763.0,1.0,0.0
ds000164,sub-008,1,67,stroop,incongruent,280.993,1.0,0.809,809.0,1.0,1.0
ds000164,sub-008,1,68,stroop,congruent,286.994,1.0,1.027,1027.0,1.0,0.0
ds000164,sub-008,1,69,stroop,neutral,289.996,1.0,0.841,841.0,1.0,0.0
ds000164,sub-008,1,70,stroop,neutral,292.997,1.0,0.865,865.0,1.0,0.0
ds000164,sub-008,1,71,stroop,incongruent,306.498,1.0,0.838,838.0,1.0,1.0
ds000164,sub-008,1,72,stroop,incongruent,309.503,1.0,0.858,858.0,1.0,1.0
ds000164,sub-008,1,73,stroop,neutral,312.504,1.0,0.727,727.0,1.0,0.0
ds000164,sub-008,1,74,stroop,neutral,315.505,1.0,0.683,683.0,1.0,0.0
ds000164,sub-008,1,75,stroop,neutral,318.506,1.0,0.677,677.0,1.0,0.0
ds000164,sub-008,1,76,stroop,congruent,321.507,1.0,0.851,851.0,1.0,0.0
ds000164,sub-008,1,77,stroop,congruent,324.508,1.0,0.81,810.0,1.0,0.0
ds000164,sub-008,1,78,stroop,neutral,329.009,1.0,0.952,952.0,1.0,0.0
ds000164,sub-008,1,79,stroop,incongruent,333.51,1.0,1.587,1587.0,1.0,1.0
ds000164,sub-008,1,80,stroop,neutral,339.512,1.0,0.645,645.0,1.0,0.0
ds000164,sub-008,1,81,stroop,neutral,342.514,1.0,1.007,1006.9999999999999,0.0,0.0
ds000164,sub-008,1,82,stroop,neutral,347.015,1.0,0.741,741.0,1.0,0.0
ds000164,sub-008,1,83,stroop,congruent,351.516,1.0,1.026,1026.0,0.0,0.0
ds000164,sub-008,1,84,stroop,incongruent,356.018,1.0,0.894,894.0,0.0,1.0
ds000164,sub-008,1,85,stroop,neutral,362.02,1.0,1.127,1127.0,0.0,0.0
ds000164,sub-008,1,86,stroop,incongruent,365.022,1.0,0.758,758.0,1.0,1.0
ds000164,sub-008,1,87,stroop,incongruent,369.523,1.0,1.131,1131.0,0.0,1.0
ds000164,sub-008,1,88,stroop,congruent,375.524,1.0,0.737,737.0,1.0,0.0
ds000164,sub-008,1,89,stroop,incongruent,378.526,1.0,1.113,1113.0,0.0,1.0
ds000164,sub-008,1,90,stroop,congruent,383.027,1.0,0.677,677.0,1.0,0.0
ds000164,sub-008,1,91,stroop,incongruent,389.029,1.0,0.698,698.0,1.0,1.0
ds000164,sub-008,1,92,stroop,neutral,392.031,1.0,0.837,837.0,1.0,0.0
ds000164,sub-008,1,93,stroop,congruent,399.532,1.0,0.646,646.0,0.0,0.0
ds000164,sub-008,1,94,stroop,neutral,404.034,1.0,0.834,834.0,0.0,0.0
ds000164,sub-008,1,95,stroop,congruent,407.036,1.0,1.055,1055.0,0.0,0.0
ds000164,sub-008,1,96,stroop,neutral,411.537,1.0,0.743,743.0,1.0,0.0
ds000164,sub-008,1,97,stroop,congruent,417.538,1.0,0.899,899.0,1.0,0.0
ds000164,sub-008,1,98,stroop,congruent,420.54,1.0,0.745,745.0,1.0,0.0
ds000164,sub-008,1,99,stroop,neutral,426.541,1.0,0.898,898.0,1.0,0.0
ds000164,sub-008,1,100,stroop,congruent,429.543,1.0,0.847,847.0,1.0,0.0
ds000164,sub-008,1,101,stroop,neutral,432.544,1.0,0.701,701.0,1.0,0.0
ds000164,sub-008,1,102,stroop,incongruent,435.545,1.0,0.678,678.0,1.0,1.0
ds000164,sub-008,1,103,stroop,congruent,440.046,1.0,0.894,894.0,1.0,0.0
ds000164,sub-008,1,104,stroop,congruent,444.548,1.0,0.765,765.0,1.0,0.0
ds000164,sub-008,1,105,stroop,congruent,447.549,1.0,0.876,876.0,0.0,0.0
ds000164,sub-008,1,106,stroop,congruent,450.55,1.0,0.986,986.0,1.0,0.0
ds000164,sub-008,1,107,stroop,incongruent,453.551,1.0,0.778,778.0,1.0,1.0
ds000164,sub-008,1,108,stroop,incongruent,459.552,1.0,0.888,888.0,1.0,1.0
ds000164,sub-008,1,109,stroop,congruent,462.554,1.0,0.767,767.0,1.0,0.0
ds000164,sub-008,1,110,stroop,congruent,467.055,1.0,0.924,924.0,1.0,0.0
ds000164,sub-008,1,111,stroop,neutral,474.557,1.0,1.143,1143.0,1.0,0.0
ds000164,sub-008,1,112,stroop,incongruent,483.559,1.0,0.745,745.0,1.0,1.0
ds000164,sub-008,1,113,stroop,congruent,497.062,1.0,0.697,697.0,1.0,0.0
ds000164,sub-008,1,114,stroop,congruent,509.067,1.0,0.991,991.0,0.0,0.0
ds000164,sub-008,1,115,stroop,neutral,512.071,1.0,0.78,780.0,1.0,0.0
ds000164,sub-008,1,116,stroop,neutral,515.072,1.0,0.714,714.0,1.0,0.0
ds000164,sub-008,1,117,stroop,neutral,519.573,1.0,0.739,739.0,1.0,0.0
ds000164,sub-008,1,118,stroop,incongruent,528.574,1.0,1.066,1066.0,1.0,1.0
ds000164,sub-008,1,119,stroop,congruent,531.577,1.0,0.89,890.0,1.0,0.0
ds000164,sub-009,1,1,stroop,neutral,0.397,1.0,0.606,606.0,1.0,0.0
ds000164,sub-009,1,2,stroop,congruent,4.892,1.0,0.56,560.0,1.0,0.0
ds000164,sub-009,1,3,stroop,neutral,7.894,1.0,0.632,632.0,1.0,0.0
ds000164,sub-009,1,4,stroop,neutral,10.895,1.0,0.716,716.0,1.0,0.0
ds000164,sub-009,1,5,stroop,neutral,16.896,1.0,0.927,927.0,1.0,0.0
ds000164,sub-009,1,6,stroop,neutral,19.898,1.0,0.679,679.0,1.0,0.0
ds000164,sub-009,1,7,stroop,incongruent,22.899,1.0,1.03,1030.0,0.0,1.0
ds000164,sub-009,1,8,stroop,incongruent,28.9,1.0,0.956,956.0,1.0,1.0
ds000164,sub-009,1,9,stroop,neutral,36.402,1.0,0.733,733.0,1.0,0.0
ds000164,sub-009,1,10,stroop,incongruent,39.404,1.0,1.132,1132.0,0.0,1.0
ds000164,sub-009,1,11,stroop,neutral,42.405,1.0,0.763,763.0,1.0,0.0
ds000164,sub-009,1,12,stroop,congruent,45.406,1.0,0.872,872.0,1.0,0.0
ds000164,sub-009,1,13,stroop,incongruent,49.907,1.0,0.744,744.0,1.0,1.0
ds000164,sub-009,1,14,stroop,congruent,52.909,1.0,0.683,683.0,1.0,0.0
ds000164,sub-009,1,15,stroop,congruent,55.91,1.0,0.739,739.0,1.0,0.0
ds000164,sub-009,1,16,stroop,incongruent,58.911,1.0,0.807,807.0,1.0,1.0
ds000164,sub-009,1,17,stroop,neutral,61.912,1.0,0.748,748.0,1.0,0.0
ds000164,sub-009,1,18,stroop,neutral,64.913,1.0,0.607,607.0,1.0,0.0
ds000164,sub-009,1,19,stroop,incongruent,75.414,1.0,0.856,856.0,1.0,1.0
ds000164,sub-009,1,20,stroop,neutral,84.417,1.0,0.785,785.0,0.0,0.0
ds000164,sub-009,1,21,stroop,congruent,87.42,1.0,1.087,1087.0,1.0,0.0
ds000164,sub-009,1,22,stroop,neutral,90.421,1.0,0.721,721.0,1.0,0.0
ds000164,sub-009,1,23,stroop,congruent,96.422,1.0,0.519,519.0,1.0,0.0
ds000164,sub-009,1,24,stroop,incongruent,100.924,1.0,0.657,657.0,1.0,1.0
ds000164,sub-009,1,25,stroop,congruent,103.926,1.0,0.638,638.0,1.0,0.0
ds000164,sub-009,1,26,stroop,neutral,106.927,1.0,0.583,583.0,1.0,0.0
ds000164,sub-009,1,27,stroop,congruent,109.928,1.0,0.567,567.0,0.0,0.0
ds000164,sub-009,1,28,stroop,congruent,112.929,1.0,0.699,699.0,1.0,0.0
ds000164,sub-009,1,29,stroop,congruent,129.43,1.0,1.169,1169.0,1.0,0.0
ds000164,sub-009,1,30,stroop,congruent,133.935,1.0,0.602,602.0,1.0,0.0
ds000164,sub-009,1,31,stroop,neutral,139.937,1.0,0.78,780.0,1.0,0.0
ds000164,sub-009,1,32,stroop,congruent,142.939,1.0,0.736,736.0,1.0,0.0
ds000164,sub-009,1,33,stroop,neutral,145.94,1.0,0.788,788.0,1.0,0.0
ds000164,sub-009,1,34,stroop,congruent,148.941,1.0,0.644,644.0,1.0,0.0
ds000164,sub-009,1,35,stroop,incongruent,153.442,1.0,0.777,777.0,1.0,1.0
ds000164,sub-009,1,36,stroop,neutral,156.443,1.0,0.768,768.0,1.0,0.0
ds000164,sub-009,1,37,stroop,congruent,159.444,1.0,0.557,557.0,1.0,0.0
ds000164,sub-009,1,38,stroop,congruent,163.945,1.0,0.608,608.0,1.0,0.0
ds000164,sub-009,1,39,stroop,neutral,166.947,1.0,0.817,817.0,1.0,0.0
ds000164,sub-009,1,40,stroop,incongruent,174.448,1.0,0.825,825.0,1.0,1.0
ds000164,sub-009,1,41,stroop,congruent,184.95,1.0,0.871,871.0,0.0,0.0
ds000164,sub-009,1,42,stroop,congruent,187.954,1.0,0.925,925.0,1.0,0.0
ds000164,sub-009,1,43,stroop,congruent,193.955,1.0,0.833,833.0,1.0,0.0
ds000164,sub-009,1,44,stroop,incongruent,196.957,1.0,0.844,844.0,1.0,1.0
ds000164,sub-009,1,45,stroop,neutral,202.958,1.0,0.671,671.0,0.0,0.0
ds000164,sub-009,1,46,stroop,incongruent,207.46,1.0,0.787,787.0,1.0,1.0
ds000164,sub-009,1,47,stroop,congruent,211.961,1.0,0.723,723.0,1.0,0.0
ds000164,sub-009,1,48,stroop,neutral,217.963,1.0,0.716,716.0,1.0,0.0
ds000164,sub-009,1,49,stroop,neutral,220.965,1.0,0.78,780.0,0.0,0.0
ds000164,sub-009,1,50,stroop,congruent,223.966,1.0,0.726,726.0,1.0,0.0
ds000164,sub-009,1,51,stroop,congruent,226.967,1.0,1.099,1099.0,1.0,0.0
ds000164,sub-009,1,52,stroop,congruent,232.968,1.0,0.678,678.0,1.0,0.0
ds000164,sub-009,1,53,stroop,congruent,238.97,1.0,0.746,746.0,1.0,0.0
ds000164,sub-009,1,54,stroop,incongruent,241.972,1.0,0.785,785.0,0.0,1.0
ds000164,sub-009,1,55,stroop,incongruent,244.973,1.0,1.334,1334.0,0.0,1.0
ds000164,sub-009,1,56,stroop,incongruent,247.974,1.0,1.137,1137.0,1.0,1.0
ds000164,sub-009,1,57,stroop,incongruent,250.975,1.0,0.803,803.0,1.0,1.0
ds000164,sub-009,1,58,stroop,incongruent,253.976,1.0,0.69,690.0,1.0,1.0
ds000164,sub-009,1,59,stroop,incongruent,256.977,1.0,0.774,774.0,1.0,1.0
ds000164,sub-009,1,60,stroop,congruent,259.978,1.0,0.755,755.0,1.0,0.0
ds000164,sub-009,1,61,stroop,congruent,262.979,1.0,0.754,754.0,1.0,0.0
ds000164,sub-009,1,62,stroop,neutral,270.48,1.0,0.897,897.0,1.0,0.0
ds000164,sub-009,1,63,stroop,incongruent,273.483,1.0,0.764,764.0,1.0,1.0
ds000164,sub-009,1,64,stroop,neutral,277.984,1.0,0.527,527.0,1.0,0.0
ds000164,sub-009,1,65,stroop,incongruent,282.485,1.0,0.813,813.0,1.0,1.0
ds000164,sub-009,1,66,stroop,neutral,285.487,1.0,0.872,872.0,1.0,0.0
ds000164,sub-009,1,67,stroop,incongruent,288.488,1.0,0.774,774.0,1.0,1.0
ds000164,sub-009,1,68,stroop,neutral,291.489,1.0,0.773,773.0,1.0,0.0
ds000164,sub-009,1,69,stroop,congruent,294.49,1.0,1.088,1088.0,1.0,0.0
ds000164,sub-009,1,70,stroop,congruent,298.991,1.0,0.566,566.0,1.0,0.0
ds000164,sub-009,1,71,stroop,neutral,303.492,1.0,0.62,620.0,1.0,0.0
ds000164,sub-009,1,72,stroop,congruent,306.494,1.0,0.679,679.0,1.0,0.0
ds000164,sub-009,1,73,stroop,incongruent,312.495,1.0,1.142,1142.0,1.0,1.0
ds000164,sub-009,1,74,stroop,incongruent,316.997,1.0,0.905,905.0,1.0,1.0
ds000164,sub-009,1,75,stroop,neutral,319.998,1.0,0.911,911.0,1.0,0.0
ds000164,sub-009,1,76,stroop,congruent,322.999,1.0,0.653,653.0,1.0,0.0
ds000164,sub-009,1,77,stroop,incongruent,326.0,1.0,0.717,717.0,1.0,1.0
ds000164,sub-009,1,78,stroop,congruent,329.001,1.0,0.768,768.0,1.0,0.0
ds000164,sub-009,1,79,stroop,incongruent,332.002,1.0,0.645,645.0,1.0,1.0
ds000164,sub-009,1,80,stroop,neutral,335.003,1.0,0.619,619.0,1.0,0.0
ds000164,sub-009,1,81,stroop,neutral,338.004,1.0,0.793,793.0,1.0,0.0
ds000164,sub-009,1,82,stroop,neutral,344.005,1.0,0.522,522.0,0.0,0.0
ds000164,sub-009,1,83,stroop,neutral,347.007,1.0,1.026,1026.0,1.0,0.0
ds000164,sub-009,1,84,stroop,congruent,350.008,1.0,0.645,645.0,1.0,0.0
ds000164,sub-009,1,85,stroop,congruent,357.509,1.0,0.605,605.0,1.0,0.0
ds000164,sub-009,1,86,stroop,neutral,368.012,1.0,0.869,869.0,1.0,0.0
ds000164,sub-009,1,87,stroop,incongruent,372.515,1.0,0.61,610.0,1.0,1.0
ds000164,sub-009,1,88,stroop,neutral,375.517,1.0,0.599,599.0,1.0,0.0
ds000164,sub-009,1,89,stroop,congruent,378.518,1.0,0.618,618.0,1.0,0.0
ds000164,sub-009,1,90,stroop,incongruent,384.519,1.0,0.624,624.0,0.0,1.0
ds000164,sub-009,1,91,stroop,congruent,392.021,1.0,1.494,1494.0,1.0,0.0
ds000164,sub-009,1,92,stroop,neutral,395.023,1.0,0.693,693.0,1.0,0.0
ds000164,sub-009,1,93,stroop,incongruent,398.024,1.0,0.772,772.0,1.0,1.0
ds000164,sub-009,1,94,stroop,congruent,401.025,1.0,0.709,709.0,1.0,0.0
ds000164,sub-009,1,95,stroop,incongruent,407.026,1.0,0.627,627.0,1.0,1.0
ds000164,sub-009,1,96,stroop,neutral,414.528,1.0,0.97,970.0,0.0,0.0
ds000164,sub-009,1,97,stroop,congruent,417.531,1.0,1.141,1141.0,1.0,0.0
ds000164,sub-009,1,98,stroop,congruent,426.532,1.0,0.646,646.0,1.0,0.0
ds000164,sub-009,1,99,stroop,neutral,429.535,1.0,0.865,865.0,1.0,0.0
ds000164,sub-009,1,100,stroop,incongruent,432.536,1.0,1.154,1154.0,0.0,1.0
ds000164,sub-009,1,101,stroop,congruent,435.537,1.0,0.771,771.0,1.0,0.0
ds000164,sub-009,1,102,stroop,neutral,438.538,1.0,0.713,713.0,1.0,0.0
ds000164,sub-009,1,103,stroop,incongruent,443.039,1.0,0.656,656.0,1.0,1.0
ds000164,sub-009,1,104,stroop,congruent,446.04,1.0,0.78,780.0,1.0,0.0
ds000164,sub-009,1,105,stroop,congruent,452.041,1.0,0.7,700.0,1.0,0.0
ds000164,sub-009,1,106,stroop,neutral,455.043,1.0,0.659,659.0,1.0,0.0
ds000164,sub-009,1,107,stroop,incongruent,459.544,1.0,0.878,878.0,1.0,1.0
ds000164,sub-009,1,108,stroop,neutral,462.546,1.0,0.652,652.0,1.0,0.0
ds000164,sub-009,1,109,stroop,neutral,465.547,1.0,0.724,724.0,0.0,0.0
ds000164,sub-009,1,110,stroop,congruent,474.548,1.0,0.646,646.0,1.0,0.0
ds000164,sub-009,1,111,stroop,neutral,479.051,1.0,0.606,606.0,1.0,0.0
ds000164,sub-009,1,112,stroop,congruent,485.052,1.0,0.578,578.0,1.0,0.0
ds000164,sub-009,1,113,stroop,incongruent,488.054,1.0,1.242,1242.0,1.0,1.0
ds000164,sub-009,1,114,stroop,incongruent,501.555,1.0,1.003,1002.9999999999999,0.0,1.0
ds000164,sub-009,1,115,stroop,incongruent,504.56,1.0,0.682,682.0,1.0,1.0
ds000164,sub-009,1,116,stroop,neutral,512.061,1.0,0.774,774.0,1.0,0.0
ds000164,sub-009,1,117,stroop,incongruent,515.063,1.0,0.79,790.0,0.0,1.0
ds000164,sub-009,1,118,stroop,neutral,518.064,1.0,0.659,659.0,1.0,0.0
ds000164,sub-009,1,119,stroop,incongruent,524.065,1.0,0.695,695.0,1.0,1.0
ds000164,sub-009,1,120,stroop,neutral,534.567,1.0,0.85,850.0,1.0,0.0
ds000164,sub-010,1,1,stroop,incongruent,0.379,1.0,0.991,991.0,1.0,1.0
ds000164,sub-010,1,2,stroop,neutral,3.383,1.0,0.843,843.0,0.0,0.0
ds000164,sub-010,1,3,stroop,incongruent,6.384,1.0,0.552,552.0,1.0,1.0
ds000164,sub-010,1,4,stroop,congruent,10.885,1.0,0.657,657.0,1.0,0.0
ds000164,sub-010,1,5,stroop,neutral,16.887,1.0,0.741,741.0,1.0,0.0
ds000164,sub-010,1,6,stroop,neutral,19.889,1.0,0.85,850.0,1.0,0.0
ds000164,sub-010,1,7,stroop,incongruent,25.89,1.0,0.583,583.0,1.0,1.0
ds000164,sub-010,1,8,stroop,congruent,30.392,1.0,0.68,680.0,1.0,0.0
ds000164,sub-010,1,9,stroop,congruent,33.393,1.0,0.784,784.0,1.0,0.0
ds000164,sub-010,1,10,stroop,neutral,37.894,1.0,0.592,592.0,1.0,0.0
ds000164,sub-010,1,11,stroop,neutral,43.896,1.0,0.74,740.0,1.0,0.0
ds000164,sub-010,1,12,stroop,congruent,46.898,1.0,0.744,744.0,1.0,0.0
ds000164,sub-010,1,13,stroop,congruent,57.399,1.0,0.834,834.0,1.0,0.0
ds000164,sub-010,1,14,stroop,congruent,61.903,1.0,0.552,552.0,1.0,0.0
ds000164,sub-010,1,15,stroop,neutral,64.904,1.0,0.706,706.0,1.0,0.0
ds000164,sub-010,1,16,stroop,neutral,67.905,1.0,0.76,760.0,0.0,0.0
ds000164,sub-010,1,17,stroop,incongruent,70.906,1.0,0.697,697.0,1.0,1.0
ds000164,sub-010,1,18,stroop,congruent,73.907,1.0,0.506,506.0,1.0,0.0
ds000164,sub-010,1,19,stroop,congruent,78.408,1.0,0.522,522.0,1.0,0.0
ds000164,sub-010,1,20,stroop,congruent,81.41,1.0,0.706,706.0,1.0,0.0
ds000164,sub-010,1,21,stroop,congruent,84.411,1.0,0.745,745.0,1.0,0.0
ds000164,sub-010,1,22,stroop,congruent,88.912,1.0,0.611,611.0,1.0,0.0
ds000164,sub-010,1,23,stroop,congruent,93.413,1.0,0.718,718.0,1.0,0.0
ds000164,sub-010,1,24,stroop,incongruent,96.415,1.0,0.782,782.0,1.0,1.0
ds000164,sub-010,1,25,stroop,congruent,102.416,1.0,0.728,728.0,1.0,0.0
ds000164,sub-010,1,26,stroop,congruent,105.418,1.0,0.712,712.0,1.0,0.0
ds000164,sub-010,1,27,stroop,neutral,108.419,1.0,0.643,643.0,1.0,0.0
ds000164,sub-010,1,28,stroop,incongruent,111.42,1.0,0.972,972.0,1.0,1.0
ds000164,sub-010,1,29,stroop,congruent,114.421,1.0,0.596,596.0,1.0,0.0
ds000164,sub-010,1,30,stroop,neutral,117.422,1.0,0.87,870.0,1.0,0.0
ds000164,sub-010,1,31,stroop,incongruent,120.423,1.0,0.634,634.0,1.0,1.0
ds000164,sub-010,1,32,stroop,congruent,123.424,1.0,0.638,638.0,1.0,0.0
ds000164,sub-010,1,33,stroop,congruent,135.425,1.0,0.774,774.0,1.0,0.0
ds000164,sub-010,1,34,stroop,neutral,142.929,1.0,0.662,662.0,1.0,0.0
ds000164,sub-010,1,35,stroop,congruent,148.931,1.0,0.688,688.0,1.0,0.0
ds000164,sub-010,1,36,stroop,incongruent,151.933,1.0,0.857,857.0,1.0,1.0
ds000164,sub-010,1,37,stroop,neutral,156.434,1.0,0.71,710.0,1.0,0.0
ds000164,sub-010,1,38,stroop,incongruent,159.436,1.0,0.919,919.0,1.0,1.0
ds000164,sub-010,1,39,stroop,neutral,166.937,1.0,0.747,747.0,1.0,0.0
ds000164,sub-010,1,40,stroop,neutral,169.939,1.0,0.826,826.0,1.0,0.0
ds000164,sub-010,1,41,stroop,incongruent,174.441,1.0,0.702,702.0,1.0,1.0
ds000164,sub-010,1,42,stroop,neutral,177.442,1.0,0.664,664.0,1.0,0.0
ds000164,sub-010,1,43,stroop,incongruent,180.443,1.0,0.683,683.0,1.0,1.0
ds000164,sub-010,1,44,stroop,incongruent,186.444,1.0,0.956,956.0,1.0,1.0
ds000164,sub-010,1,45,stroop,incongruent,192.446,1.0,0.941,941.0,1.0,1.0
ds000164,sub-010,1,46,stroop,incongruent,196.948,1.0,0.87,870.0,1.0,1.0
ds000164,sub-010,1,47,stroop,neutral,199.95,1.0,0.824,824.0,1.0,0.0
ds000164,sub-010,1,48,stroop,incongruent,202.951,1.0,0.568,568.0,1.0,1.0
ds000164,sub-010,1,49,stroop,neutral,205.952,1.0,0.672,672.0,1.0,0.0
ds000164,sub-010,1,50,stroop,incongruent,208.953,1.0,0.674,674.0,1.0,1.0
ds000164,sub-010,1,51,stroop,neutral,214.954,1.0,0.815,815.0,1.0,0.0
ds000164,sub-010,1,52,stroop,neutral,217.956,1.0,0.684,684.0,1.0,0.0
ds000164,sub-010,1,53,stroop,neutral,220.957,1.0,0.738,738.0,1.0,0.0
ds000164,sub-010,1,54,stroop,neutral,229.958,1.0,0.663,663.0,1.0,0.0
ds000164,sub-010,1,55,stroop,neutral,232.961,1.0,1.009,1008.9999999999999,1.0,0.0
ds000164,sub-010,1,56,stroop,congruent,241.962,1.0,0.869,869.0,1.0,0.0
ds000164,sub-010,1,57,stroop,incongruent,244.965,1.0,0.718,718.0,1.0,1.0
ds000164,sub-010,1,58,stroop,neutral,247.966,1.0,0.664,664.0,1.0,0.0
ds000164,sub-010,1,59,stroop,neutral,256.967,1.0,0.744,744.0,1.0,0.0
ds000164,sub-010,1,60,stroop,congruent,261.47,1.0,0.695,695.0,1.0,0.0
ds000164,sub-010,1,61,stroop,congruent,264.471,1.0,0.702,702.0,1.0,0.0
ds000164,sub-010,1,62,stroop,congruent,268.972,1.0,0.697,697.0,1.0,0.0
ds000164,sub-010,1,63,stroop,neutral,271.974,1.0,0.634,634.0,1.0,0.0
ds000164,sub-010,1,64,stroop,incongruent,274.975,1.0,0.62,620.0,1.0,1.0
ds000164,sub-010,1,65,stroop,neutral,291.476,1.0,0.88,880.0,1.0,0.0
ds000164,sub-010,1,66,stroop,neutral,294.482,1.0,0.742,742.0,1.0,0.0
ds000164,sub-010,1,67,stroop,neutral,297.483,1.0,0.614,614.0,1.0,0.0
ds000164,sub-010,1,68,stroop,incongruent,301.984,1.0,0.812,812.0,0.0,1.0
ds000164,sub-010,1,69,stroop,congruent,310.985,1.0,0.707,707.0,1.0,0.0
ds000164,sub-010,1,70,stroop,congruent,313.988,1.0,0.681,681.0,1.0,0.0
ds000164,sub-010,1,71,stroop,neutral,321.489,1.0,0.731,731.0,1.0,0.0
ds000164,sub-010,1,72,stroop,neutral,324.492,1.0,0.743,743.0,1.0,0.0
ds000164,sub-010,1,73,stroop,congruent,327.493,1.0,0.704,704.0,1.0,0.0
ds000164,sub-010,1,74,stroop,incongruent,331.994,1.0,0.902,902.0,0.0,1.0
ds000164,sub-010,1,75,stroop,incongruent,336.495,1.0,0.727,727.0,1.0,1.0
ds000164,sub-010,1,76,stroop,congruent,343.997,1.0,0.647,647.0,1.0,0.0
ds000164,sub-010,1,77,stroop,congruent,352.999,1.0,0.781,781.0,1.0,0.0
ds000164,sub-010,1,78,stroop,incongruent,356.002,1.0,0.99,990.0,1.0,1.0
ds000164,sub-010,1,79,stroop,neutral,360.503,1.0,0.732,732.0,1.0,0.0
ds000164,sub-010,1,80,stroop,congruent,363.505,1.0,0.663,663.0,1.0,0.0
ds000164,sub-010,1,81,stroop,neutral,366.506,1.0,0.637,637.0,1.0,0.0
ds000164,sub-010,1,82,stroop,neutral,371.007,1.0,0.633,633.0,1.0,0.0
ds000164,sub-010,1,83,stroop,incongruent,374.008,1.0,0.594,594.0,1.0,1.0
ds000164,sub-010,1,84,stroop,congruent,377.009,1.0,0.554,554.0,1.0,0.0
ds000164,sub-010,1,85,stroop,neutral,384.51,1.0,0.804,804.0,1.0,0.0
ds000164,sub-010,1,86,stroop,neutral,387.513,1.0,0.578,578.0,1.0,0.0
ds000164,sub-010,1,87,stroop,neutral,398.014,1.0,0.682,682.0,1.0,0.0
ds000164,sub-010,1,88,stroop,incongruent,401.017,1.0,0.654,654.0,1.0,1.0
ds000164,sub-010,1,89,stroop,incongruent,410.018,1.0,0.666,666.0,1.0,1.0
ds000164,sub-010,1,90,stroop,congruent,413.022,1.0,0.745,745.0,1.0,0.0
ds000164,sub-010,1,91,stroop,neutral,416.023,1.0,0.615,615.0,1.0,0.0
ds000164,sub-010,1,92,stroop,incongruent,422.024,1.0,0.768,768.0,1.0,1.0
ds000164,sub-010,1,93,stroop,neutral,428.026,1.0,0.781,781.0,1.0,0.0
ds000164,sub-010,1,94,stroop,congruent,431.028,1.0,0.722,722.0,1.0,0.0
ds000164,sub-010,1,95,stroop,neutral,434.029,1.0,0.836,836.0,1.0,0.0
ds000164,sub-010,1,96,stroop,incongruent,437.03,1.0,0.695,695.0,1.0,1.0
ds000164,sub-010,1,97,stroop,congruent,440.031,1.0,0.689,689.0,1.0,0.0
ds000164,sub-010,1,98,stroop,neutral,443.032,1.0,0.941,941.0,1.0,0.0
ds000164,sub-010,1,99,stroop,congruent,446.033,1.0,0.7,700.0,1.0,0.0
ds000164,sub-010,1,100,stroop,congruent,450.534,1.0,0.785,785.0,1.0,0.0
ds000164,sub-010,1,101,stroop,congruent,453.535,1.0,0.704,704.0,1.0,0.0
ds000164,sub-010,1,102,stroop,congruent,456.536,1.0,0.936,936.0,1.0,0.0
ds000164,sub-010,1,103,stroop,incongruent,459.537,1.0,0.831,831.0,1.0,1.0
ds000164,sub-010,1,104,stroop,neutral,464.038,1.0,0.0,,0.0,0.0
ds000164,sub-010,1,105,stroop,incongruent,467.04,1.0,0.876,876.0,0.0,1.0
ds000164,sub-010,1,106,stroop,congruent,470.041,1.0,0.713,713.0,1.0,0.0
ds000164,sub-010,1,107,stroop,neutral,473.042,1.0,0.732,732.0,1.0,0.0
ds000164,sub-010,1,108,stroop,incongruent,483.543,1.0,0.915,915.0,1.0,1.0
ds000164,sub-010,1,109,stroop,congruent,486.546,1.0,0.724,724.0,1.0,0.0
ds000164,sub-010,1,110,stroop,incongruent,491.047,1.0,1.173,1173.0,1.0,1.0
ds000164,sub-010,1,111,stroop,congruent,494.049,1.0,0.714,714.0,1.0,0.0
ds000164,sub-010,1,112,stroop,incongruent,497.05,1.0,0.749,749.0,1.0,1.0
ds000164,sub-010,1,113,stroop,neutral,509.051,1.0,0.695,695.0,1.0,0.0
ds000164,sub-010,1,114,stroop,congruent,512.055,1.0,0.746,746.0,1.0,0.0
ds000164,sub-010,1,115,stroop,incongruent,515.056,1.0,0.793,793.0,1.0,1.0
ds000164,sub-010,1,116,stroop,congruent,518.057,1.0,0.724,724.0,1.0,0.0
ds000164,sub-010,1,117,stroop,incongruent,524.058,1.0,0.727,727.0,1.0,1.0
ds000164,sub-010,1,118,stroop,incongruent,530.06,1.0,0.705,705.0,1.0,1.0
ds000164,sub-010,1,119,stroop,incongruent,533.062,1.0,0.864,864.0,1.0,1.0
ds000164,sub-011,1,1,stroop,incongruent,0.395,1.0,0.554,554.0,0.0,1.0
ds000164,sub-011,1,2,stroop,congruent,3.41,1.0,0.543,543.0,1.0,0.0
ds000164,sub-011,1,3,stroop,neutral,7.911,1.0,0.619,619.0,1.0,0.0
ds000164,sub-011,1,4,stroop,incongruent,13.913,1.0,0.667,667.0,0.0,1.0
ds000164,sub-011,1,5,stroop,incongruent,16.915,1.0,0.961,961.0,1.0,1.0
ds000164,sub-011,1,6,stroop,neutral,21.416,1.0,0.618,618.0,1.0,0.0
ds000164,sub-011,1,7,stroop,congruent,24.417,1.0,0.859,859.0,1.0,0.0
ds000164,sub-011,1,8,stroop,neutral,36.418,1.0,0.655,655.0,1.0,0.0
ds000164,sub-011,1,9,stroop,incongruent,42.422,1.0,0.688,688.0,1.0,1.0
ds000164,sub-011,1,10,stroop,incongruent,45.424,1.0,0.545,545.0,1.0,1.0
ds000164,sub-011,1,11,stroop,neutral,55.925,1.0,0.711,711.0,1.0,0.0
ds000164,sub-011,1,12,stroop,incongruent,63.429,1.0,0.572,572.0,1.0,1.0
ds000164,sub-011,1,13,stroop,congruent,66.431,1.0,0.896,896.0,1.0,0.0
ds000164,sub-011,1,14,stroop,incongruent,69.432,1.0,0.595,595.0,1.0,1.0
ds000164,sub-011,1,15,stroop,neutral,73.933,1.0,0.841,841.0,1.0,0.0
ds000164,sub-011,1,16,stroop,congruent,79.935,1.0,0.699,699.0,1.0,0.0
ds000164,sub-011,1,17,stroop,congruent,82.937,1.0,0.698,698.0,1.0,0.0
ds000164,sub-011,1,18,stroop,neutral,87.438,1.0,0.599,599.0,1.0,0.0
ds000164,sub-011,1,19,stroop,neutral,90.44,1.0,0.761,761.0,1.0,0.0
ds000164,sub-011,1,20,stroop,neutral,93.441,1.0,0.552,552.0,1.0,0.0
ds000164,sub-011,1,21,stroop,incongruent,97.942,1.0,0.795,795.0,1.0,1.0
ds000164,sub-011,1,22,stroop,congruent,103.943,1.0,0.719,719.0,0.0,0.0
ds000164,sub-011,1,23,stroop,congruent,106.945,1.0,0.603,603.0,1.0,0.0
ds000164,sub-011,1,24,stroop,congruent,109.946,1.0,0.572,572.0,1.0,0.0
ds000164,sub-011,1,25,stroop,incongruent,112.947,1.0,0.974,974.0,1.0,1.0
ds000164,sub-011,1,26,stroop,neutral,117.448,1.0,0.575,575.0,1.0,0.0
ds000164,sub-011,1,27,stroop,incongruent,120.45,1.0,0.569,569.0,1.0,1.0
ds000164,sub-011,1,28,stroop,congruent,123.451,1.0,0.663,663.0,1.0,0.0
ds000164,sub-011,1,29,stroop,incongruent,126.452,1.0,0.517,517.0,1.0,1.0
ds000164,sub-011,1,30,stroop,neutral,129.453,1.0,0.534,534.0,1.0,0.0
ds000164,sub-011,1,31,stroop,neutral,138.454,1.0,0.748,748.0,0.0,0.0
ds000164,sub-011,1,32,stroop,neutral,142.957,1.0,0.71,710.0,1.0,0.0
ds000164,sub-011,1,33,stroop,congruent,145.958,1.0,0.506,506.0,1.0,0.0
ds000164,sub-011,1,34,stroop,congruent,148.959,1.0,0.523,523.0,1.0,0.0
ds000164,sub-011,1,35,stroop,neutral,151.96,1.0,0.602,602.0,1.0,0.0
ds000164,sub-011,1,36,stroop,incongruent,154.961,1.0,0.706,706.0,1.0,1.0
ds000164,sub-011,1,37,stroop,incongruent,159.462,1.0,0.534,534.0,1.0,1.0
ds000164,sub-011,1,38,stroop,neutral,162.464,1.0,0.693,693.0,1.0,0.0
ds000164,sub-011,1,39,stroop,neutral,165.465,1.0,0.504,504.0,1.0,0.0
ds000164,sub-011,1,40,stroop,congruent,168.466,1.0,0.541,541.0,1.0,0.0
ds000164,sub-011,1,41,stroop,neutral,175.967,1.0,0.581,581.0,1.0,0.0
ds000164,sub-011,1,42,stroop,neutral,178.969,1.0,0.518,518.0,1.0,0.0
ds000164,sub-011,1,43,stroop,incongruent,181.97,1.0,0.513,513.0,0.0,1.0
ds000164,sub-011,1,44,stroop,incongruent,192.471,1.0,0.619,619.0,1.0,1.0
ds000164,sub-011,1,45,stroop,incongruent,195.475,1.0,0.643,643.0,1.0,1.0
ds000164,sub-011,1,46,stroop,congruent,198.476,1.0,0.459,459.0,0.0,0.0
ds000164,sub-011,1,47,stroop,congruent,210.477,1.0,0.62,620.0,1.0,0.0
ds000164,sub-011,1,48,stroop,neutral,213.481,1.0,0.649,649.0,1.0,0.0
ds000164,sub-011,1,49,stroop,congruent,216.482,1.0,0.543,543.0,1.0,0.0
ds000164,sub-011,1,50,stroop,neutral,229.983,1.0,0.0,,0.0,0.0
ds000164,sub-011,1,51,stroop,incongruent,232.988,1.0,0.544,544.0,1.0,1.0
ds000164,sub-011,1,52,stroop,neutral,240.489,1.0,0.771,771.0,1.0,0.0
ds000164,sub-011,1,53,stroop,congruent,249.491,1.0,0.833,833.0,1.0,0.0
ds000164,sub-011,1,54,stroop,neutral,253.994,1.0,0.64,640.0,1.0,0.0
ds000164,sub-011,1,55,stroop,incongruent,256.996,1.0,0.816,816.0,0.0,1.0
ds000164,sub-011,1,56,stroop,congruent,259.997,1.0,0.528,528.0,1.0,0.0
ds000164,sub-011,1,57,stroop,congruent,262.998,1.0,0.628,628.0,1.0,0.0
ds000164,sub-011,1,58,stroop,congruent,268.999,1.0,0.593,593.0,1.0,0.0
ds000164,sub-011,1,59,stroop,incongruent,272.001,1.0,0.685,685.0,1.0,1.0
ds000164,sub-011,1,60,stroop,neutral,275.002,1.0,0.669,669.0,1.0,0.0
ds000164,sub-011,1,61,stroop,incongruent,281.003,1.0,0.683,683.0,1.0,1.0
ds000164,sub-011,1,62,stroop,incongruent,287.005,1.0,0.964,964.0,1.0,1.0
ds000164,sub-011,1,63,stroop,congruent,290.007,1.0,0.625,625.0,1.0,0.0
ds000164,sub-011,1,64,stroop,neutral,293.008,1.0,0.534,534.0,1.0,0.0
ds000164,sub-011,1,65,stroop,neutral,296.009,1.0,0.646,646.0,1.0,0.0
ds000164,sub-011,1,66,stroop,incongruent,299.01,1.0,0.857,857.0,1.0,1.0
ds000164,sub-011,1,67,stroop,neutral,302.011,1.0,0.724,724.0,1.0,0.0
ds000164,sub-011,1,68,stroop,congruent,305.012,1.0,0.676,676.0,1.0,0.0
ds000164,sub-011,1,69,stroop,incongruent,308.013,1.0,0.973,973.0,1.0,1.0
ds000164,sub-011,1,70,stroop,incongruent,311.014,1.0,0.624,624.0,1.0,1.0
ds000164,sub-011,1,71,stroop,congruent,320.015,1.0,0.596,596.0,1.0,0.0
ds000164,sub-011,1,72,stroop,congruent,323.018,1.0,0.78,780.0,1.0,0.0
ds000164,sub-011,1,73,stroop,congruent,326.019,1.0,0.622,622.0,1.0,0.0
ds000164,sub-011,1,74,stroop,neutral,330.52,1.0,0.911,911.0,1.0,0.0
ds000164,sub-011,1,75,stroop,congruent,333.522,1.0,0.825,825.0,1.0,0.0
ds000164,sub-011,1,76,stroop,neutral,338.023,1.0,0.658,658.0,1.0,0.0
ds000164,sub-011,1,77,stroop,neutral,341.024,1.0,0.577,577.0,1.0,0.0
ds000164,sub-011,1,78,stroop,incongruent,344.025,1.0,0.522,522.0,1.0,1.0
ds000164,sub-011,1,79,stroop,congruent,347.026,1.0,0.543,543.0,1.0,0.0
ds000164,sub-011,1,80,stroop,neutral,350.027,1.0,0.615,615.0,1.0,0.0
ds000164,sub-011,1,81,stroop,congruent,354.528,1.0,0.556,556.0,1.0,0.0
ds000164,sub-011,1,82,stroop,incongruent,357.53,1.0,0.585,585.0,1.0,1.0
ds000164,sub-011,1,83,stroop,neutral,365.031,1.0,0.61,610.0,1.0,0.0
ds000164,sub-011,1,84,stroop,congruent,369.533,1.0,0.616,616.0,1.0,0.0
ds000164,sub-011,1,85,stroop,neutral,374.035,1.0,0.597,597.0,1.0,0.0
ds000164,sub-011,1,86,stroop,neutral,377.036,1.0,0.713,713.0,1.0,0.0
ds000164,sub-011,1,87,stroop,congruent,380.037,1.0,1.05,1050.0,1.0,0.0
ds000164,sub-011,1,88,stroop,congruent,383.038,1.0,0.576,576.0,1.0,0.0
ds000164,sub-011,1,89,stroop,neutral,392.039,1.0,0.554,554.0,1.0,0.0
ds000164,sub-011,1,90,stroop,congruent,398.042,1.0,0.6,600.0,1.0,0.0
ds000164,sub-011,1,91,stroop,neutral,401.044,1.0,0.599,599.0,1.0,0.0
ds000164,sub-011,1,92,stroop,incongruent,407.045,1.0,0.752,752.0,1.0,1.0
ds000164,sub-011,1,93,stroop,incongruent,411.547,1.0,0.555,555.0,1.0,1.0
ds000164,sub-011,1,94,stroop,congruent,417.549,1.0,0.933,933.0,1.0,0.0
ds000164,sub-011,1,95,stroop,neutral,422.051,1.0,0.657,657.0,1.0,0.0
ds000164,sub-011,1,96,stroop,congruent,426.552,1.0,0.648,648.0,1.0,0.0
ds000164,sub-011,1,97,stroop,congruent,429.554,1.0,0.727,727.0,1.0,0.0
ds000164,sub-011,1,98,stroop,neutral,432.555,1.0,0.544,544.0,1.0,0.0
ds000164,sub-011,1,99,stroop,congruent,435.556,1.0,0.535,535.0,1.0,0.0
ds000164,sub-011,1,100,stroop,congruent,444.557,1.0,0.6,600.0,1.0,0.0
ds000164,sub-011,1,101,stroop,incongruent,447.56,1.0,0.806,806.0,1.0,1.0
ds000164,sub-011,1,102,stroop,neutral,450.561,1.0,0.623,623.0,1.0,0.0
ds000164,sub-011,1,103,stroop,neutral,453.562,1.0,0.787,787.0,0.0,0.0
ds000164,sub-011,1,104,stroop,neutral,459.563,1.0,0.812,812.0,1.0,0.0
ds000164,sub-011,1,105,stroop,incongruent,464.065,1.0,0.509,509.0,1.0,1.0
ds000164,sub-011,1,106,stroop,congruent,474.567,1.0,0.531,531.0,1.0,0.0
ds000164,sub-011,1,107,stroop,neutral,479.07,1.0,0.75,750.0,1.0,0.0
ds000164,sub-011,1,108,stroop,congruent,483.572,1.0,0.898,898.0,1.0,0.0
ds000164,sub-011,1,109,stroop,incongruent,486.573,1.0,0.619,619.0,1.0,1.0
ds000164,sub-011,1,110,stroop,incongruent,491.074,1.0,0.541,541.0,1.0,1.0
ds000164,sub-011,1,111,stroop,incongruent,494.076,1.0,0.827,827.0,1.0,1.0
ds000164,sub-011,1,112,stroop,incongruent,500.077,1.0,0.675,675.0,1.0,1.0
ds000164,sub-011,1,113,stroop,congruent,503.079,1.0,0.489,489.0,1.0,0.0
ds000164,sub-011,1,114,stroop,congruent,509.08,1.0,1.003,1002.9999999999999,1.0,0.0
ds000164,sub-011,1,115,stroop,incongruent,513.582,1.0,0.724,724.0,1.0,1.0
ds000164,sub-011,1,116,stroop,neutral,525.583,1.0,0.94,940.0,1.0,0.0
ds000164,sub-011,1,117,stroop,congruent,528.587,1.0,0.656,656.0,1.0,0.0
ds000164,sub-011,1,118,stroop,neutral,531.588,1.0,0.72,720.0,1.0,0.0
ds000164,sub-011,1,119,stroop,congruent,534.589,1.0,0.597,597.0,1.0,0.0
ds000164,sub-011,1,120,stroop,incongruent,537.59,1.0,0.631,631.0,1.0,1.0
ds000164,sub-012,1,1,stroop,incongruent,0.382,1.0,1.288,1288.0,1.0,1.0
ds000164,sub-012,1,2,stroop,congruent,3.393,1.0,0.702,702.0,1.0,0.0
ds000164,sub-012,1,3,stroop,neutral,6.394,1.0,0.728,728.0,1.0,0.0
ds000164,sub-012,1,4,stroop,neutral,16.895,1.0,0.807,807.0,1.0,0.0
ds000164,sub-012,1,5,stroop,congruent,19.899,1.0,0.681,681.0,1.0,0.0
ds000164,sub-012,1,6,stroop,congruent,22.9,1.0,0.557,557.0,1.0,0.0
ds000164,sub-012,1,7,stroop,incongruent,27.401,1.0,0.934,934.0,1.0,1.0
ds000164,sub-012,1,8,stroop,neutral,31.903,1.0,0.879,879.0,1.0,0.0
ds000164,sub-012,1,9,stroop,congruent,34.904,1.0,0.716,716.0,1.0,0.0
ds000164,sub-012,1,10,stroop,neutral,37.905,1.0,0.725,725.0,1.0,0.0
ds000164,sub-012,1,11,stroop,neutral,40.906,1.0,0.841,841.0,1.0,0.0
ds000164,sub-012,1,12,stroop,incongruent,54.407,1.0,0.803,803.0,1.0,1.0
ds000164,sub-012,1,13,stroop,neutral,64.912,1.0,0.619,619.0,0.0,0.0
ds000164,sub-012,1,14,stroop,neutral,67.915,1.0,0.731,731.0,1.0,0.0
ds000164,sub-012,1,15,stroop,neutral,72.416,1.0,0.652,652.0,1.0,0.0
ds000164,sub-012,1,16,stroop,incongruent,81.418,1.0,0.972,972.0,0.0,1.0
ds000164,sub-012,1,17,stroop,incongruent,85.921,1.0,0.943,943.0,1.0,1.0
ds000164,sub-012,1,18,stroop,incongruent,88.922,1.0,0.912,912.0,1.0,1.0
ds000164,sub-012,1,19,stroop,incongruent,93.423,1.0,0.788,788.0,1.0,1.0
ds000164,sub-012,1,20,stroop,neutral,96.425,1.0,0.812,812.0,1.0,0.0
ds000164,sub-012,1,21,stroop,neutral,99.426,1.0,0.898,898.0,1.0,0.0
ds000164,sub-012,1,22,stroop,congruent,105.427,1.0,0.761,761.0,1.0,0.0
ds000164,sub-012,1,23,stroop,incongruent,108.429,1.0,0.938,938.0,1.0,1.0
ds000164,sub-012,1,24,stroop,neutral,112.93,1.0,1.062,1062.0,1.0,0.0
ds000164,sub-012,1,25,stroop,incongruent,118.931,1.0,1.06,1060.0,0.0,1.0
ds000164,sub-012,1,26,stroop,neutral,123.433,1.0,0.781,781.0,1.0,0.0
ds000164,sub-012,1,27,stroop,congruent,126.435,1.0,0.695,695.0,1.0,0.0
ds000164,sub-012,1,28,stroop,congruent,130.936,1.0,0.772,772.0,1.0,0.0
ds000164,sub-012,1,29,stroop,neutral,138.438,1.0,0.824,824.0,1.0,0.0
ds000164,sub-012,1,30,stroop,neutral,141.44,1.0,1.168,1168.0,1.0,0.0
ds000164,sub-012,1,31,stroop,incongruent,150.441,1.0,0.757,757.0,1.0,1.0
ds000164,sub-012,1,32,stroop,incongruent,153.444,1.0,0.891,891.0,1.0,1.0
ds000164,sub-012,1,33,stroop,congruent,156.445,1.0,0.775,775.0,1.0,0.0
ds000164,sub-012,1,34,stroop,incongruent,159.446,1.0,0.854,854.0,1.0,1.0
ds000164,sub-012,1,35,stroop,congruent,163.947,1.0,0.0,,0.0,0.0
ds000164,sub-012,1,36,stroop,incongruent,166.949,1.0,1.213,1213.0,1.0,1.0
ds000164,sub-012,1,37,stroop,congruent,172.95,1.0,1.036,1036.0,1.0,0.0
ds000164,sub-012,1,38,stroop,congruent,178.952,1.0,0.777,777.0,1.0,0.0
ds000164,sub-012,1,39,stroop,congruent,181.954,1.0,0.663,663.0,1.0,0.0
ds000164,sub-012,1,40,stroop,congruent,193.955,1.0,0.769,769.0,1.0,0.0
ds000164,sub-012,1,41,stroop,incongruent,196.959,1.0,0.726,726.0,1.0,1.0
ds000164,sub-012,1,42,stroop,congruent,207.46,1.0,0.98,980.0,1.0,0.0
ds000164,sub-012,1,43,stroop,neutral,210.463,1.0,0.717,717.0,1.0,0.0
ds000164,sub-012,1,44,stroop,incongruent,213.464,1.0,0.946,946.0,1.0,1.0
ds000164,sub-012,1,45,stroop,incongruent,216.465,1.0,0.757,757.0,1.0,1.0
ds000164,sub-012,1,46,stroop,incongruent,219.466,1.0,0.651,651.0,1.0,1.0
ds000164,sub-012,1,47,stroop,neutral,223.967,1.0,0.732,732.0,1.0,0.0
ds000164,sub-012,1,48,stroop,neutral,234.469,1.0,0.829,829.0,1.0,0.0
ds000164,sub-012,1,49,stroop,neutral,237.472,1.0,0.845,845.0,1.0,0.0
ds000164,sub-012,1,50,stroop,neutral,240.473,1.0,0.662,662.0,1.0,0.0
ds000164,sub-012,1,51,stroop,incongruent,243.474,1.0,0.651,651.0,1.0,1.0
ds000164,sub-012,1,52,stroop,congruent,246.475,1.0,0.798,798.0,1.0,0.0
ds000164,sub-012,1,53,stroop,incongruent,249.476,1.0,0.742,742.0,1.0,1.0
ds000164,sub-012,1,54,stroop,incongruent,252.478,1.0,0.799,799.0,1.0,1.0
ds000164,sub-012,1,55,stroop,incongruent,255.479,1.0,0.855,855.0,1.0,1.0
ds000164,sub-012,1,56,stroop,congruent,259.98,1.0,1.001,1000.9999999999999,1.0,0.0
ds000164,sub-012,1,57,stroop,incongruent,273.481,1.0,0.892,892.0,1.0,1.0
ds000164,sub-012,1,58,stroop,congruent,279.486,1.0,0.897,897.0,1.0,0.0
ds000164,sub-012,1,59,stroop,neutral,282.488,1.0,0.716,716.0,1.0,0.0
ds000164,sub-012,1,60,stroop,neutral,285.489,1.0,0.638,638.0,1.0,0.0
ds000164,sub-012,1,61,stroop,incongruent,289.99,1.0,1.037,1037.0,1.0,1.0
ds000164,sub-012,1,62,stroop,neutral,297.491,1.0,0.722,722.0,1.0,0.0
ds000164,sub-012,1,63,stroop,incongruent,303.494,1.0,0.888,888.0,1.0,1.0
ds000164,sub-012,1,64,stroop,neutral,306.496,1.0,1.384,1384.0,1.0,0.0
ds000164,sub-012,1,65,stroop,congruent,312.497,1.0,0.785,785.0,1.0,0.0
ds000164,sub-012,1,66,stroop,congruent,315.499,1.0,0.894,894.0,1.0,0.0
ds000164,sub-012,1,67,stroop,congruent,320.0,1.0,0.902,902.0,1.0,0.0
ds000164,sub-012,1,68,stroop,neutral,323.001,1.0,0.928,928.0,1.0,0.0
ds000164,sub-012,1,69,stroop,incongruent,333.502,1.0,0.82,820.0,1.0,1.0
ds000164,sub-012,1,70,stroop,congruent,338.006,1.0,0.712,712.0,1.0,0.0
ds000164,sub-012,1,71,stroop,incongruent,342.507,1.0,0.755,755.0,1.0,1.0
ds000164,sub-012,1,72,stroop,incongruent,345.509,1.0,0.726,726.0,1.0,1.0
ds000164,sub-012,1,73,stroop,neutral,348.51,1.0,0.883,883.0,1.0,0.0
ds000164,sub-012,1,74,stroop,neutral,354.511,1.0,1.016,1016.0,1.0,0.0
ds000164,sub-012,1,75,stroop,congruent,359.013,1.0,0.857,857.0,1.0,0.0
ds000164,sub-012,1,76,stroop,congruent,363.514,1.0,0.568,568.0,1.0,0.0
ds000164,sub-012,1,77,stroop,congruent,366.516,1.0,0.9,900.0,1.0,0.0
ds000164,sub-012,1,78,stroop,congruent,369.517,1.0,0.927,927.0,1.0,0.0
ds000164,sub-012,1,79,stroop,incongruent,372.518,1.0,0.823,823.0,1.0,1.0
ds000164,sub-012,1,80,stroop,neutral,375.519,1.0,0.822,822.0,0.0,0.0
ds000164,sub-012,1,81,stroop,congruent,378.52,1.0,0.674,674.0,1.0,0.0
ds000164,sub-012,1,82,stroop,congruent,381.521,1.0,1.015,1014.9999999999999,1.0,0.0
ds000164,sub-012,1,83,stroop,neutral,384.522,1.0,1.797,1797.0,1.0,0.0
ds000164,sub-012,1,84,stroop,congruent,387.523,1.0,0.738,738.0,1.0,0.0
ds000164,sub-012,1,85,stroop,incongruent,390.524,1.0,0.722,722.0,1.0,1.0
ds000164,sub-012,1,86,stroop,congruent,395.025,1.0,0.681,681.0,1.0,0.0
ds000164,sub-012,1,87,stroop,neutral,398.027,1.0,0.86,860.0,1.0,0.0
ds000164,sub-012,1,88,stroop,congruent,402.528,1.0,0.741,741.0,1.0,0.0
ds000164,sub-012,1,89,stroop,incongruent,407.029,1.0,1.026,1026.0,1.0,1.0
ds000164,sub-012,1,90,stroop,congruent,410.031,1.0,0.922,922.0,1.0,0.0
ds000164,sub-012,1,91,stroop,neutral,413.032,1.0,0.909,909.0,1.0,0.0
ds000164,sub-012,1,92,stroop,neutral,426.533,1.0,0.971,971.0,1.0,0.0
ds000164,sub-012,1,93,stroop,neutral,429.537,1.0,0.953,953.0,1.0,0.0
ds000164,sub-012,1,94,stroop,congruent,432.538,1.0,0.674,674.0,1.0,0.0
ds000164,sub-012,1,95,stroop,neutral,435.539,1.0,0.988,988.0,1.0,0.0
ds000164,sub-012,1,96,stroop,neutral,440.04,1.0,0.895,895.0,1.0,0.0
ds000164,sub-012,1,97,stroop,neutral,444.542,1.0,0.8,800.0,0.0,0.0
ds000164,sub-012,1,98,stroop,congruent,447.543,1.0,0.679,679.0,1.0,0.0
ds000164,sub-012,1,99,stroop,neutral,450.544,1.0,0.0,,0.0,0.0
ds000164,sub-012,1,100,stroop,neutral,453.545,1.0,0.671,671.0,1.0,0.0
ds000164,sub-012,1,101,stroop,congruent,456.546,1.0,0.62,620.0,1.0,0.0
ds000164,sub-012,1,102,stroop,neutral,462.547,1.0,1.76,1760.0,1.0,0.0
ds000164,sub-012,1,103,stroop,congruent,465.549,1.0,0.722,722.0,1.0,0.0
ds000164,sub-012,1,104,stroop,incongruent,468.55,1.0,0.981,981.0,1.0,1.0
ds000164,sub-012,1,105,stroop,congruent,474.551,1.0,0.804,804.0,1.0,0.0
ds000164,sub-012,1,106,stroop,incongruent,477.553,1.0,0.843,843.0,1.0,1.0
ds000164,sub-012,1,107,stroop,incongruent,480.554,1.0,1.007,1006.9999999999999,1.0,1.0
ds000164,sub-012,1,108,stroop,incongruent,488.055,1.0,1.742,1742.0,1.0,1.0
ds000164,sub-012,1,109,stroop,congruent,494.058,1.0,1.64,1640.0,1.0,0.0
ds000164,sub-012,1,110,stroop,neutral,497.06,1.0,0.777,777.0,1.0,0.0
ds000164,sub-012,1,111,stroop,congruent,500.061,1.0,0.666,666.0,1.0,0.0
ds000164,sub-012,1,112,stroop,incongruent,503.062,1.0,0.922,922.0,1.0,1.0
ds000164,sub-012,1,113,stroop,incongruent,506.063,1.0,0.769,769.0,1.0,1.0
ds000164,sub-012,1,114,stroop,neutral,510.564,1.0,1.098,1098.0,1.0,0.0
ds000164,sub-012,1,115,stroop,congruent,513.566,1.0,0.684,684.0,1.0,0.0
ds000164,sub-012,1,116,stroop,congruent,519.567,1.0,1.112,1112.0,1.0,0.0
ds000164,sub-012,1,117,stroop,congruent,522.569,1.0,0.621,621.0,1.0,0.0
ds000164,sub-012,1,118,stroop,congruent,525.57,1.0,0.795,795.0,1.0,0.0
ds000164,sub-012,1,119,stroop,neutral,528.571,1.0,0.98,980.0,1.0,0.0
ds000164,sub-013,1,1,stroop,congruent,0.395,1.0,0.699,699.0,0.0,0.0
ds000164,sub-013,1,2,stroop,congruent,7.898,1.0,0.72,720.0,1.0,0.0
ds000164,sub-013,1,3,stroop,neutral,10.9,1.0,0.649,649.0,1.0,0.0
ds000164,sub-013,1,4,stroop,incongruent,13.901,1.0,0.533,533.0,1.0,1.0
ds000164,sub-013,1,5,stroop,neutral,28.902,1.0,0.73,730.0,1.0,0.0
ds000164,sub-013,1,6,stroop,neutral,31.907,1.0,0.767,767.0,1.0,0.0
ds000164,sub-013,1,7,stroop,neutral,34.908,1.0,0.736,736.0,1.0,0.0
ds000164,sub-013,1,8,stroop,congruent,37.909,1.0,0.567,567.0,1.0,0.0
ds000164,sub-013,1,9,stroop,congruent,42.41,1.0,0.596,596.0,1.0,0.0
ds000164,sub-013,1,10,stroop,neutral,45.412,1.0,0.551,551.0,1.0,0.0
ds000164,sub-013,1,11,stroop,neutral,48.413,1.0,0.615,615.0,1.0,0.0
ds000164,sub-013,1,12,stroop,neutral,57.414,1.0,0.635,635.0,1.0,0.0
ds000164,sub-013,1,13,stroop,congruent,63.417,1.0,0.574,574.0,1.0,0.0
ds000164,sub-013,1,14,stroop,neutral,66.419,1.0,0.761,761.0,1.0,0.0
ds000164,sub-013,1,15,stroop,incongruent,69.42,1.0,0.61,610.0,1.0,1.0
ds000164,sub-013,1,16,stroop,incongruent,73.921,1.0,0.721,721.0,1.0,1.0
ds000164,sub-013,1,17,stroop,congruent,76.922,1.0,0.62,620.0,1.0,0.0
ds000164,sub-013,1,18,stroop,congruent,79.923,1.0,0.734,734.0,1.0,0.0
ds000164,sub-013,1,19,stroop,neutral,88.924,1.0,0.802,802.0,1.0,0.0
ds000164,sub-013,1,20,stroop,neutral,91.927,1.0,0.649,649.0,1.0,0.0
ds000164,sub-013,1,21,stroop,congruent,94.928,1.0,0.608,608.0,1.0,0.0
ds000164,sub-013,1,22,stroop,neutral,97.929,1.0,0.747,747.0,1.0,0.0
ds000164,sub-013,1,23,stroop,neutral,105.431,1.0,0.786,786.0,1.0,0.0
ds000164,sub-013,1,24,stroop,incongruent,109.933,1.0,0.65,650.0,1.0,1.0
ds000164,sub-013,1,25,stroop,neutral,112.935,1.0,0.679,679.0,1.0,0.0
ds000164,sub-013,1,26,stroop,incongruent,117.436,1.0,0.665,665.0,1.0,1.0
ds000164,sub-013,1,27,stroop,congruent,123.437,1.0,0.71,710.0,1.0,0.0
ds000164,sub-013,1,28,stroop,neutral,127.939,1.0,0.84,840.0,1.0,0.0
ds000164,sub-013,1,29,stroop,congruent,130.941,1.0,0.744,744.0,1.0,0.0
ds000164,sub-013,1,30,stroop,neutral,133.942,1.0,0.916,916.0,1.0,0.0
ds000164,sub-013,1,31,stroop,neutral,136.943,1.0,0.735,735.0,1.0,0.0
ds000164,sub-013,1,32,stroop,congruent,142.944,1.0,0.61,610.0,1.0,0.0
ds000164,sub-013,1,33,stroop,incongruent,147.446,1.0,0.833,833.0,1.0,1.0
ds000164,sub-013,1,34,stroop,neutral,150.447,1.0,0.787,787.0,1.0,0.0
ds000164,sub-013,1,35,stroop,incongruent,154.948,1.0,0.741,741.0,0.0,1.0
ds000164,sub-013,1,36,stroop,congruent,157.95,1.0,0.818,818.0,1.0,0.0
ds000164,sub-013,1,37,stroop,congruent,160.951,1.0,0.832,832.0,1.0,0.0
ds000164,sub-013,1,38,stroop,incongruent,165.452,1.0,0.831,831.0,1.0,1.0
ds000164,sub-013,1,39,stroop,neutral,174.453,1.0,0.645,645.0,1.0,0.0
ds000164,sub-013,1,40,stroop,neutral,177.456,1.0,0.719,719.0,1.0,0.0
ds000164,sub-013,1,41,stroop,incongruent,181.957,1.0,0.675,675.0,1.0,1.0
ds000164,sub-013,1,42,stroop,incongruent,192.459,1.0,1.144,1144.0,1.0,1.0
ds000164,sub-013,1,43,stroop,neutral,195.462,1.0,0.646,646.0,1.0,0.0
ds000164,sub-013,1,44,stroop,neutral,201.463,1.0,0.789,789.0,1.0,0.0
ds000164,sub-013,1,45,stroop,congruent,204.465,1.0,0.645,645.0,1.0,0.0
ds000164,sub-013,1,46,stroop,neutral,207.466,1.0,0.0,,0.0,0.0
ds000164,sub-013,1,47,stroop,incongruent,210.467,1.0,0.699,699.0,0.0,1.0
ds000164,sub-013,1,48,stroop,congruent,213.468,1.0,0.583,583.0,1.0,0.0
ds000164,sub-013,1,49,stroop,congruent,219.469,1.0,0.851,851.0,1.0,0.0
ds000164,sub-013,1,50,stroop,congruent,222.472,1.0,0.67,670.0,1.0,0.0
ds000164,sub-013,1,51,stroop,congruent,225.473,1.0,0.649,649.0,1.0,0.0
ds000164,sub-013,1,52,stroop,congruent,228.474,1.0,0.776,776.0,1.0,0.0
ds000164,sub-013,1,53,stroop,neutral,231.475,1.0,0.805,805.0,1.0,0.0
ds000164,sub-013,1,54,stroop,congruent,237.476,1.0,0.608,608.0,1.0,0.0
ds000164,sub-013,1,55,stroop,neutral,240.478,1.0,1.054,1054.0,1.0,0.0
ds000164,sub-013,1,56,stroop,congruent,243.479,1.0,0.523,523.0,1.0,0.0
ds000164,sub-013,1,57,stroop,incongruent,246.48,1.0,1.067,1067.0,1.0,1.0
ds000164,sub-013,1,58,stroop,neutral,250.981,1.0,0.674,674.0,1.0,0.0
ds000164,sub-013,1,59,stroop,congruent,258.482,1.0,0.684,684.0,1.0,0.0
ds000164,sub-013,1,60,stroop,congruent,289.985,1.0,0.777,777.0,1.0,0.0
ds000164,sub-013,1,61,stroop,congruent,294.495,1.0,0.566,566.0,1.0,0.0
ds000164,sub-013,1,62,stroop,incongruent,298.997,1.0,0.741,741.0,1.0,1.0
ds000164,sub-013,1,63,stroop,incongruent,301.998,1.0,0.663,663.0,0.0,1.0
ds000164,sub-013,1,64,stroop,incongruent,307.999,1.0,0.898,898.0,1.0,1.0
ds000164,sub-013,1,65,stroop,congruent,311.001,1.0,0.565,565.0,1.0,0.0
ds000164,sub-013,1,66,stroop,incongruent,314.002,1.0,0.646,646.0,1.0,1.0
ds000164,sub-013,1,67,stroop,congruent,317.003,1.0,0.803,803.0,1.0,0.0
ds000164,sub-013,1,68,stroop,incongruent,321.504,1.0,0.703,703.0,0.0,1.0
ds000164,sub-013,1,69,stroop,neutral,324.506,1.0,0.667,667.0,1.0,0.0
ds000164,sub-013,1,70,stroop,neutral,327.507,1.0,0.764,764.0,1.0,0.0
ds000164,sub-013,1,71,stroop,incongruent,330.508,1.0,0.666,666.0,1.0,1.0
ds000164,sub-013,1,72,stroop,incongruent,333.509,1.0,1.085,1085.0,0.0,1.0
ds000164,sub-013,1,73,stroop,incongruent,339.51,1.0,1.128,1128.0,1.0,1.0
ds000164,sub-013,1,74,stroop,neutral,345.512,1.0,0.751,751.0,1.0,0.0
ds000164,sub-013,1,75,stroop,incongruent,348.514,1.0,0.808,808.0,1.0,1.0
ds000164,sub-013,1,76,stroop,incongruent,351.515,1.0,0.977,977.0,1.0,1.0
ds000164,sub-013,1,77,stroop,neutral,354.516,1.0,0.993,993.0,1.0,0.0
ds000164,sub-013,1,78,stroop,neutral,357.517,1.0,0.917,917.0,1.0,0.0
ds000164,sub-013,1,79,stroop,incongruent,360.518,1.0,1.004,1004.0,1.0,1.0
ds000164,sub-013,1,80,stroop,neutral,374.019,1.0,0.898,898.0,1.0,0.0
ds000164,sub-013,1,81,stroop,neutral,377.024,1.0,0.642,642.0,1.0,0.0
ds000164,sub-013,1,82,stroop,congruent,384.525,1.0,0.554,554.0,1.0,0.0
ds000164,sub-013,1,83,stroop,neutral,387.527,1.0,0.811,811.0,1.0,0.0
ds000164,sub-013,1,84,stroop,congruent,392.028,1.0,0.542,542.0,1.0,0.0
ds000164,sub-013,1,85,stroop,congruent,396.53,1.0,0.725,725.0,1.0,0.0
ds000164,sub-013,1,86,stroop,neutral,399.531,1.0,0.994,994.0,1.0,0.0
ds000164,sub-013,1,87,stroop,congruent,404.032,1.0,0.803,803.0,1.0,0.0
ds000164,sub-013,1,88,stroop,congruent,407.034,1.0,1.057,1057.0,1.0,0.0
ds000164,sub-013,1,89,stroop,incongruent,417.535,1.0,1.187,1187.0,1.0,1.0
ds000164,sub-013,1,90,stroop,incongruent,423.538,1.0,1.007,1006.9999999999999,1.0,1.0
ds000164,sub-013,1,91,stroop,incongruent,426.54,1.0,1.056,1056.0,1.0,1.0
ds000164,sub-013,1,92,stroop,congruent,429.541,1.0,0.928,928.0,1.0,0.0
ds000164,sub-013,1,93,stroop,incongruent,432.542,1.0,0.657,657.0,1.0,1.0
ds000164,sub-013,1,94,stroop,congruent,435.543,1.0,1.433,1433.0,1.0,0.0
ds000164,sub-013,1,95,stroop,congruent,438.544,1.0,0.63,630.0,1.0,0.0
ds000164,sub-013,1,96,stroop,congruent,441.545,1.0,0.784,784.0,1.0,0.0
ds000164,sub-013,1,97,stroop,incongruent,444.546,1.0,0.973,973.0,0.0,1.0
ds000164,sub-013,1,98,stroop,congruent,447.547,1.0,0.904,904.0,1.0,0.0
ds000164,sub-013,1,99,stroop,neutral,450.548,1.0,0.0,,0.0,0.0
ds000164,sub-013,1,100,stroop,neutral,453.549,1.0,0.783,783.0,1.0,0.0
ds000164,sub-013,1,101,stroop,incongruent,459.55,1.0,0.759,759.0,1.0,1.0
ds000164,sub-013,1,102,stroop,congruent,464.053,1.0,0.769,769.0,1.0,0.0
ds000164,sub-013,1,103,stroop,neutral,470.054,1.0,0.0,,0.0,0.0
ds000164,sub-013,1,104,stroop,incongruent,473.056,1.0,0.621,621.0,1.0,1.0
ds000164,sub-013,1,105,stroop,congruent,482.057,1.0,0.558,558.0,1.0,0.0
ds000164,sub-013,1,106,stroop,neutral,485.06,1.0,0.992,992.0,1.0,0.0
ds000164,sub-013,1,107,stroop,congruent,488.061,1.0,0.601,601.0,1.0,0.0
ds000164,sub-013,1,108,stroop,incongruent,492.562,1.0,0.696,696.0,1.0,1.0
ds000164,sub-013,1,109,stroop,neutral,495.564,1.0,1.048,1048.0,0.0,0.0
ds000164,sub-013,1,110,stroop,congruent,498.565,1.0,0.807,807.0,1.0,0.0
ds000164,sub-013,1,111,stroop,incongruent,501.566,1.0,0.776,776.0,1.0,1.0
ds000164,sub-013,1,112,stroop,neutral,506.067,1.0,1.121,1121.0,1.0,0.0
ds000164,sub-013,1,113,stroop,congruent,510.568,1.0,0.795,795.0,0.0,0.0
ds000164,sub-013,1,114,stroop,neutral,513.57,1.0,0.0,,0.0,0.0
ds000164,sub-013,1,115,stroop,congruent,516.571,1.0,0.718,718.0,1.0,0.0
ds000164,sub-013,1,116,stroop,incongruent,519.572,1.0,0.942,942.0,1.0,1.0
ds000164,sub-013,1,117,stroop,incongruent,522.573,1.0,0.941,941.0,1.0,1.0
ds000164,sub-013,1,118,stroop,incongruent,530.074,1.0,1.067,1067.0,1.0,1.0
ds000164,sub-013,1,119,stroop,neutral,533.076,1.0,0.656,656.0,1.0,0.0
ds000164,sub-014,1,1,stroop,congruent,1.833,1.0,0.775,775.0,1.0,0.0
ds000164,sub-014,1,2,stroop,congruent,4.838,1.0,0.757,757.0,1.0,0.0
ds000164,sub-014,1,3,stroop,neutral,7.839,1.0,0.738,738.0,1.0,0.0
ds000164,sub-014,1,4,stroop,incongruent,10.84,1.0,0.715,715.0,1.0,1.0
ds000164,sub-014,1,5,stroop,neutral,15.341,1.0,0.598,598.0,1.0,0.0
ds000164,sub-014,1,6,stroop,congruent,18.343,1.0,0.537,537.0,1.0,0.0
ds000164,sub-014,1,7,stroop,neutral,25.844,1.0,0.805,805.0,0.0,0.0
ds000164,sub-014,1,8,stroop,incongruent,28.846,1.0,0.576,576.0,1.0,1.0
ds000164,sub-014,1,9,stroop,congruent,36.347,1.0,0.781,781.0,1.0,0.0
ds000164,sub-014,1,10,stroop,incongruent,43.85,1.0,0.677,677.0,1.0,1.0
ds000164,sub-014,1,11,stroop,incongruent,54.353,1.0,0.871,871.0,1.0,1.0
ds000164,sub-014,1,12,stroop,neutral,58.856,1.0,0.725,725.0,1.0,0.0
ds000164,sub-014,1,13,stroop,incongruent,61.858,1.0,0.936,936.0,1.0,1.0
ds000164,sub-014,1,14,stroop,neutral,69.359,1.0,0.766,766.0,1.0,0.0
ds000164,sub-014,1,15,stroop,incongruent,72.361,1.0,0.732,732.0,1.0,1.0
ds000164,sub-014,1,16,stroop,neutral,75.362,1.0,0.914,914.0,1.0,0.0
ds000164,sub-014,1,17,stroop,congruent,78.363,1.0,0.675,675.0,1.0,0.0
ds000164,sub-014,1,18,stroop,congruent,81.364,1.0,0.59,590.0,1.0,0.0
ds000164,sub-014,1,19,stroop,neutral,84.365,1.0,0.689,689.0,1.0,0.0
ds000164,sub-014,1,20,stroop,neutral,87.366,1.0,0.711,711.0,1.0,0.0
ds000164,sub-014,1,21,stroop,incongruent,93.367,1.0,0.709,709.0,1.0,1.0
ds000164,sub-014,1,22,stroop,incongruent,96.369,1.0,0.828,828.0,1.0,1.0
ds000164,sub-014,1,23,stroop,neutral,99.37,1.0,0.627,627.0,1.0,0.0
ds000164,sub-014,1,24,stroop,incongruent,105.371,1.0,0.76,760.0,1.0,1.0
ds000164,sub-014,1,25,stroop,neutral,108.373,1.0,0.756,756.0,1.0,0.0
ds000164,sub-014,1,26,stroop,incongruent,118.874,1.0,0.643,643.0,1.0,1.0
ds000164,sub-014,1,27,stroop,congruent,124.878,1.0,0.654,654.0,1.0,0.0
ds000164,sub-014,1,28,stroop,neutral,129.38,1.0,0.655,655.0,1.0,0.0
ds000164,sub-014,1,29,stroop,congruent,132.381,1.0,0.537,537.0,1.0,0.0
ds000164,sub-014,1,30,stroop,incongruent,139.882,1.0,0.664,664.0,1.0,1.0
ds000164,sub-014,1,31,stroop,congruent,144.385,1.0,0.68,680.0,1.0,0.0
ds000164,sub-014,1,32,stroop,neutral,147.386,1.0,0.762,762.0,1.0,0.0
ds000164,sub-014,1,33,stroop,incongruent,150.387,1.0,0.728,728.0,1.0,1.0
ds000164,sub-014,1,34,stroop,incongruent,153.388,1.0,0.672,672.0,1.0,1.0
ds000164,sub-014,1,35,stroop,congruent,157.889,1.0,0.593,593.0,1.0,0.0
ds000164,sub-014,1,36,stroop,congruent,171.391,1.0,0.645,645.0,1.0,0.0
ds000164,sub-014,1,37,stroop,congruent,175.896,1.0,0.625,625.0,1.0,0.0
ds000164,sub-014,1,38,stroop,neutral,178.897,1.0,0.689,689.0,1.0,0.0
ds000164,sub-014,1,39,stroop,congruent,183.398,1.0,0.653,653.0,1.0,0.0
ds000164,sub-014,1,40,stroop,incongruent,189.4,1.0,0.694,694.0,0.0,1.0
ds000164,sub-014,1,41,stroop,neutral,192.402,1.0,0.733,733.0,1.0,0.0
ds000164,sub-014,1,42,stroop,neutral,196.903,1.0,0.713,713.0,1.0,0.0
ds000164,sub-014,1,43,stroop,incongruent,199.904,1.0,0.947,947.0,1.0,1.0
ds000164,sub-014,1,44,stroop,incongruent,202.905,1.0,0.651,651.0,0.0,1.0
ds000164,sub-014,1,45,stroop,incongruent,205.906,1.0,1.004,1004.0,1.0,1.0
ds000164,sub-014,1,46,stroop,incongruent,208.907,1.0,1.243,1243.0,1.0,1.0
ds000164,sub-014,1,47,stroop,incongruent,214.908,1.0,0.894,894.0,1.0,1.0
ds000164,sub-014,1,48,stroop,congruent,217.91,1.0,0.675,675.0,1.0,0.0
ds000164,sub-014,1,49,stroop,incongruent,220.911,1.0,0.759,759.0,1.0,1.0
ds000164,sub-014,1,50,stroop,neutral,223.912,1.0,0.723,723.0,1.0,0.0
ds000164,sub-014,1,51,stroop,congruent,226.913,1.0,0.712,712.0,1.0,0.0
ds000164,sub-014,1,52,stroop,neutral,231.414,1.0,0.638,638.0,1.0,0.0
ds000164,sub-014,1,53,stroop,neutral,235.916,1.0,0.634,634.0,1.0,0.0
ds000164,sub-014,1,54,stroop,congruent,238.917,1.0,0.718,718.0,1.0,0.0
ds000164,sub-014,1,55,stroop,neutral,241.918,1.0,0.56,560.0,1.0,0.0
ds000164,sub-014,1,56,stroop,incongruent,244.919,1.0,0.472,472.0,1.0,1.0
ds000164,sub-014,1,57,stroop,congruent,247.92,1.0,0.651,651.0,1.0,0.0
ds000164,sub-014,1,58,stroop,neutral,250.921,1.0,0.567,567.0,1.0,0.0
ds000164,sub-014,1,59,stroop,incongruent,256.922,1.0,0.725,725.0,1.0,1.0
ds000164,sub-014,1,60,stroop,congruent,261.424,1.0,1.018,1018.0,1.0,0.0
ds000164,sub-014,1,61,stroop,neutral,264.426,1.0,0.892,892.0,1.0,0.0
ds000164,sub-014,1,62,stroop,neutral,267.427,1.0,0.676,676.0,1.0,0.0
ds000164,sub-014,1,63,stroop,incongruent,270.428,1.0,0.683,683.0,1.0,1.0
ds000164,sub-014,1,64,stroop,congruent,274.929,1.0,0.642,642.0,1.0,0.0
ds000164,sub-014,1,65,stroop,congruent,277.93,1.0,0.736,736.0,1.0,0.0
ds000164,sub-014,1,66,stroop,incongruent,282.432,1.0,0.721,721.0,0.0,1.0
ds000164,sub-014,1,67,stroop,incongruent,285.433,1.0,1.081,1081.0,1.0,1.0
ds000164,sub-014,1,68,stroop,congruent,288.434,1.0,0.73,730.0,1.0,0.0
ds000164,sub-014,1,69,stroop,neutral,292.935,1.0,0.762,762.0,1.0,0.0
ds000164,sub-014,1,70,stroop,neutral,295.937,1.0,0.918,918.0,1.0,0.0
ds000164,sub-014,1,71,stroop,congruent,298.938,1.0,0.835,835.0,1.0,0.0
ds000164,sub-014,1,72,stroop,incongruent,304.939,1.0,0.808,808.0,1.0,1.0
ds000164,sub-014,1,73,stroop,congruent,309.441,1.0,1.033,1033.0,1.0,0.0
ds000164,sub-014,1,74,stroop,congruent,312.442,1.0,0.667,667.0,1.0,0.0
ds000164,sub-014,1,75,stroop,incongruent,315.443,1.0,0.716,716.0,0.0,1.0
ds000164,sub-014,1,76,stroop,incongruent,324.444,1.0,0.781,781.0,1.0,1.0
ds000164,sub-014,1,77,stroop,neutral,328.947,1.0,0.858,858.0,1.0,0.0
ds000164,sub-014,1,78,stroop,congruent,331.949,1.0,0.74,740.0,1.0,0.0
ds000164,sub-014,1,79,stroop,congruent,336.45,1.0,0.68,680.0,1.0,0.0
ds000164,sub-014,1,80,stroop,congruent,342.451,1.0,0.568,568.0,1.0,0.0
ds000164,sub-014,1,81,stroop,incongruent,345.453,1.0,1.01,1010.0,1.0,1.0
ds000164,sub-014,1,82,stroop,neutral,349.954,1.0,0.666,666.0,1.0,0.0
ds000164,sub-014,1,83,stroop,congruent,352.956,1.0,0.61,610.0,1.0,0.0
ds000164,sub-014,1,84,stroop,congruent,357.457,1.0,0.636,636.0,1.0,0.0
ds000164,sub-014,1,85,stroop,neutral,360.458,1.0,0.965,965.0,1.0,0.0
ds000164,sub-014,1,86,stroop,incongruent,369.459,1.0,0.665,665.0,1.0,1.0
ds000164,sub-014,1,87,stroop,congruent,373.962,1.0,0.971,971.0,1.0,0.0
ds000164,sub-014,1,88,stroop,neutral,376.964,1.0,0.917,917.0,1.0,0.0
ds000164,sub-014,1,89,stroop,neutral,379.965,1.0,0.734,734.0,1.0,0.0
ds000164,sub-014,1,90,stroop,neutral,390.466,1.0,0.831,831.0,1.0,0.0
ds000164,sub-014,1,91,stroop,congruent,400.969,1.0,0.677,677.0,1.0,0.0
ds000164,sub-014,1,92,stroop,congruent,409.973,1.0,1.162,1162.0,1.0,0.0
ds000164,sub-014,1,93,stroop,congruent,412.976,1.0,0.744,744.0,1.0,0.0
ds000164,sub-014,1,94,stroop,neutral,420.477,1.0,0.677,677.0,1.0,0.0
ds000164,sub-014,1,95,stroop,incongruent,423.48,1.0,0.698,698.0,0.0,1.0
ds000164,sub-014,1,96,stroop,congruent,426.481,1.0,0.655,655.0,1.0,0.0
ds000164,sub-014,1,97,stroop,neutral,432.482,1.0,0.64,640.0,1.0,0.0
ds000164,sub-014,1,98,stroop,incongruent,435.484,1.0,0.682,682.0,1.0,1.0
ds000164,sub-014,1,99,stroop,congruent,442.985,1.0,0.794,794.0,1.0,0.0
ds000164,sub-014,1,100,stroop,congruent,447.487,1.0,0.759,759.0,1.0,0.0
ds000164,sub-014,1,101,stroop,neutral,450.489,1.0,0.818,818.0,1.0,0.0
ds000164,sub-014,1,102,stroop,neutral,459.49,1.0,0.885,885.0,1.0,0.0
ds000164,sub-014,1,103,stroop,congruent,462.493,1.0,0.704,704.0,1.0,0.0
ds000164,sub-014,1,104,stroop,congruent,466.994,1.0,0.667,667.0,1.0,0.0
ds000164,sub-014,1,105,stroop,neutral,469.995,1.0,0.733,733.0,1.0,0.0
ds000164,sub-014,1,106,stroop,congruent,474.496,1.0,0.682,682.0,1.0,0.0
ds000164,sub-014,1,107,stroop,congruent,477.498,1.0,0.629,629.0,1.0,0.0
ds000164,sub-014,1,108,stroop,incongruent,480.499,1.0,0.562,562.0,1.0,1.0
ds000164,sub-014,1,109,stroop,neutral,483.5,1.0,0.714,714.0,1.0,0.0
ds000164,sub-014,1,110,stroop,neutral,486.501,1.0,0.816,816.0,1.0,0.0
ds000164,sub-014,1,111,stroop,incongruent,489.502,1.0,0.86,860.0,1.0,1.0
ds000164,sub-014,1,112,stroop,neutral,492.503,1.0,0.509,509.0,1.0,0.0
ds000164,sub-014,1,113,stroop,incongruent,497.004,1.0,0.683,683.0,1.0,1.0
ds000164,sub-014,1,114,stroop,congruent,500.005,1.0,0.819,819.0,1.0,0.0
ds000164,sub-014,1,115,stroop,neutral,503.006,1.0,0.728,728.0,1.0,0.0
ds000164,sub-014,1,116,stroop,incongruent,510.507,1.0,0.67,670.0,0.0,1.0
ds000164,sub-014,1,117,stroop,neutral,518.01,1.0,0.818,818.0,0.0,0.0
ds000164,sub-014,1,118,stroop,neutral,521.012,1.0,0.996,996.0,1.0,0.0
ds000164,sub-014,1,119,stroop,congruent,525.513,1.0,0.643,643.0,1.0,0.0
ds000164,sub-015,1,1,stroop,neutral,6.331,1.0,0.728,728.0,1.0,0.0
ds000164,sub-015,1,2,stroop,neutral,10.832,1.0,0.578,578.0,1.0,0.0
ds000164,sub-015,1,3,stroop,incongruent,19.833,1.0,0.652,652.0,1.0,1.0
ds000164,sub-015,1,4,stroop,incongruent,22.837,1.0,0.854,854.0,1.0,1.0
ds000164,sub-015,1,5,stroop,incongruent,25.837,1.0,0.725,725.0,1.0,1.0
ds000164,sub-015,1,6,stroop,incongruent,30.339,1.0,0.673,673.0,1.0,1.0
ds000164,sub-015,1,7,stroop,incongruent,33.34,1.0,0.957,957.0,1.0,1.0
ds000164,sub-015,1,8,stroop,incongruent,40.841,1.0,0.898,898.0,1.0,1.0
ds000164,sub-015,1,9,stroop,congruent,45.344,1.0,0.878,878.0,1.0,0.0
ds000164,sub-015,1,10,stroop,neutral,54.345,1.0,0.906,906.0,1.0,0.0
ds000164,sub-015,1,11,stroop,congruent,57.348,1.0,0.68,680.0,1.0,0.0
ds000164,sub-015,1,12,stroop,congruent,60.349,1.0,0.629,629.0,1.0,0.0
ds000164,sub-015,1,13,stroop,incongruent,63.35,1.0,0.798,798.0,1.0,1.0
ds000164,sub-015,1,14,stroop,neutral,67.851,1.0,0.66,660.0,1.0,0.0
ds000164,sub-015,1,15,stroop,congruent,78.353,1.0,0.766,766.0,1.0,0.0
ds000164,sub-015,1,16,stroop,congruent,81.356,1.0,0.652,652.0,1.0,0.0
ds000164,sub-015,1,17,stroop,congruent,84.357,1.0,0.664,664.0,1.0,0.0
ds000164,sub-015,1,18,stroop,congruent,87.358,1.0,0.618,618.0,1.0,0.0
ds000164,sub-015,1,19,stroop,incongruent,90.359,1.0,1.082,1082.0,1.0,1.0
ds000164,sub-015,1,20,stroop,incongruent,93.36,1.0,1.243,1243.0,1.0,1.0
ds000164,sub-015,1,21,stroop,neutral,96.361,1.0,0.737,737.0,1.0,0.0
ds000164,sub-015,1,22,stroop,congruent,103.862,1.0,0.639,639.0,1.0,0.0
ds000164,sub-015,1,23,stroop,congruent,106.865,1.0,0.71,710.0,1.0,0.0
ds000164,sub-015,1,24,stroop,neutral,109.866,1.0,0.642,642.0,1.0,0.0
ds000164,sub-015,1,25,stroop,neutral,112.867,1.0,0.528,528.0,1.0,0.0
ds000164,sub-015,1,26,stroop,incongruent,115.868,1.0,0.785,785.0,1.0,1.0
ds000164,sub-015,1,27,stroop,neutral,121.869,1.0,0.85,850.0,1.0,0.0
ds000164,sub-015,1,28,stroop,incongruent,124.871,1.0,0.702,702.0,1.0,1.0
ds000164,sub-015,1,29,stroop,incongruent,127.872,1.0,0.698,698.0,1.0,1.0
ds000164,sub-015,1,30,stroop,congruent,132.373,1.0,0.546,546.0,1.0,0.0
ds000164,sub-015,1,31,stroop,congruent,138.374,1.0,0.499,499.0,1.0,0.0
ds000164,sub-015,1,32,stroop,congruent,142.876,1.0,0.648,648.0,1.0,0.0
ds000164,sub-015,1,33,stroop,congruent,147.378,1.0,0.635,635.0,1.0,0.0
ds000164,sub-015,1,34,stroop,neutral,156.379,1.0,0.952,952.0,1.0,0.0
ds000164,sub-015,1,35,stroop,congruent,160.882,1.0,0.606,606.0,1.0,0.0
ds000164,sub-015,1,36,stroop,incongruent,169.884,1.0,0.663,663.0,1.0,1.0
ds000164,sub-015,1,37,stroop,incongruent,178.887,1.0,0.827,827.0,1.0,1.0
ds000164,sub-015,1,38,stroop,congruent,189.39,1.0,0.599,599.0,1.0,0.0
ds000164,sub-015,1,39,stroop,incongruent,193.893,1.0,0.736,736.0,1.0,1.0
ds000164,sub-015,1,40,stroop,incongruent,196.895,1.0,0.922,922.0,1.0,1.0
ds000164,sub-015,1,41,stroop,neutral,199.896,1.0,0.739,739.0,1.0,0.0
ds000164,sub-015,1,42,stroop,incongruent,202.897,1.0,0.773,773.0,1.0,1.0
ds000164,sub-015,1,43,stroop,neutral,207.398,1.0,0.726,726.0,1.0,0.0
ds000164,sub-015,1,44,stroop,incongruent,213.399,1.0,0.701,701.0,1.0,1.0
ds000164,sub-015,1,45,stroop,neutral,216.401,1.0,0.655,655.0,1.0,0.0
ds000164,sub-015,1,46,stroop,incongruent,219.402,1.0,0.652,652.0,1.0,1.0
ds000164,sub-015,1,47,stroop,neutral,226.903,1.0,0.735,735.0,1.0,0.0
ds000164,sub-015,1,48,stroop,neutral,231.406,1.0,0.65,650.0,1.0,0.0
ds000164,sub-015,1,49,stroop,neutral,237.407,1.0,0.764,764.0,1.0,0.0
ds000164,sub-015,1,50,stroop,congruent,240.409,1.0,0.588,588.0,1.0,0.0
ds000164,sub-015,1,51,stroop,congruent,243.41,1.0,0.542,542.0,1.0,0.0
ds000164,sub-015,1,52,stroop,neutral,252.411,1.0,0.867,867.0,1.0,0.0
ds000164,sub-015,1,53,stroop,neutral,255.414,1.0,0.668,668.0,1.0,0.0
ds000164,sub-015,1,54,stroop,incongruent,258.415,1.0,0.667,667.0,1.0,1.0
ds000164,sub-015,1,55,stroop,congruent,261.416,1.0,0.834,834.0,1.0,0.0
ds000164,sub-015,1,56,stroop,congruent,264.417,1.0,0.568,568.0,1.0,0.0
ds000164,sub-015,1,57,stroop,neutral,268.918,1.0,0.622,622.0,1.0,0.0
ds000164,sub-015,1,58,stroop,neutral,271.92,1.0,0.703,703.0,1.0,0.0
ds000164,sub-015,1,59,stroop,neutral,277.921,1.0,0.687,687.0,1.0,0.0
ds000164,sub-015,1,60,stroop,congruent,280.923,1.0,0.834,834.0,1.0,0.0
ds000164,sub-015,1,61,stroop,neutral,286.924,1.0,0.564,564.0,1.0,0.0
ds000164,sub-015,1,62,stroop,neutral,289.926,1.0,0.948,948.0,1.0,0.0
ds000164,sub-015,1,63,stroop,incongruent,292.927,1.0,1.015,1014.9999999999999,1.0,1.0
ds000164,sub-015,1,64,stroop,incongruent,298.928,1.0,0.965,965.0,1.0,1.0
ds000164,sub-015,1,65,stroop,neutral,301.93,1.0,0.694,694.0,1.0,0.0
ds000164,sub-015,1,66,stroop,congruent,304.931,1.0,0.653,653.0,1.0,0.0
ds000164,sub-015,1,67,stroop,neutral,307.932,1.0,0.72,720.0,1.0,0.0
ds000164,sub-015,1,68,stroop,incongruent,315.433,1.0,0.672,672.0,1.0,1.0
ds000164,sub-015,1,69,stroop,congruent,318.435,1.0,0.758,758.0,1.0,0.0
ds000164,sub-015,1,70,stroop,neutral,322.936,1.0,0.885,885.0,1.0,0.0
ds000164,sub-015,1,71,stroop,neutral,325.938,1.0,0.809,809.0,1.0,0.0
ds000164,sub-015,1,72,stroop,neutral,328.939,1.0,0.629,629.0,1.0,0.0
ds000164,sub-015,1,73,stroop,neutral,334.94,1.0,0.669,669.0,1.0,0.0
ds000164,sub-015,1,74,stroop,congruent,337.942,1.0,0.775,775.0,1.0,0.0
ds000164,sub-015,1,75,stroop,incongruent,342.443,1.0,0.634,634.0,1.0,1.0
ds000164,sub-015,1,76,stroop,congruent,348.444,1.0,0.639,639.0,0.0,0.0
ds000164,sub-015,1,77,stroop,congruent,352.946,1.0,0.59,590.0,1.0,0.0
ds000164,sub-015,1,78,stroop,incongruent,360.448,1.0,0.718,718.0,1.0,1.0
ds000164,sub-015,1,79,stroop,congruent,363.45,1.0,0.917,917.0,1.0,0.0
ds000164,sub-015,1,80,stroop,congruent,366.451,1.0,0.931,931.0,1.0,0.0
ds000164,sub-015,1,81,stroop,congruent,369.452,1.0,0.598,598.0,1.0,0.0
ds000164,sub-015,1,82,stroop,incongruent,372.453,1.0,0.687,687.0,1.0,1.0
ds000164,sub-015,1,83,stroop,incongruent,375.454,1.0,0.664,664.0,1.0,1.0
ds000164,sub-015,1,84,stroop,neutral,378.455,1.0,0.603,603.0,1.0,0.0
ds000164,sub-015,1,85,stroop,neutral,381.456,1.0,0.604,604.0,1.0,0.0
ds000164,sub-015,1,86,stroop,incongruent,388.957,1.0,0.701,701.0,1.0,1.0
ds000164,sub-015,1,87,stroop,neutral,391.96,1.0,0.595,595.0,1.0,0.0
ds000164,sub-015,1,88,stroop,congruent,397.961,1.0,0.671,671.0,1.0,0.0
ds000164,sub-015,1,89,stroop,congruent,400.963,1.0,0.64,640.0,1.0,0.0
ds000164,sub-015,1,90,stroop,congruent,403.964,1.0,0.674,674.0,1.0,0.0
ds000164,sub-015,1,91,stroop,neutral,408.465,1.0,0.718,718.0,1.0,0.0
ds000164,sub-015,1,92,stroop,neutral,411.466,1.0,0.734,734.0,1.0,0.0
ds000164,sub-015,1,93,stroop,congruent,414.467,1.0,0.553,553.0,1.0,0.0
ds000164,sub-015,1,94,stroop,incongruent,427.968,1.0,0.949,949.0,0.0,1.0
ds000164,sub-015,1,95,stroop,congruent,430.973,1.0,0.646,646.0,1.0,0.0
ds000164,sub-015,1,96,stroop,congruent,433.974,1.0,0.772,772.0,1.0,0.0
ds000164,sub-015,1,97,stroop,neutral,436.975,1.0,0.644,644.0,1.0,0.0
ds000164,sub-015,1,98,stroop,neutral,439.976,1.0,0.58,580.0,1.0,0.0
ds000164,sub-015,1,99,stroop,neutral,442.977,1.0,0.717,717.0,1.0,0.0
ds000164,sub-015,1,100,stroop,congruent,445.978,1.0,0.653,653.0,1.0,0.0
ds000164,sub-015,1,101,stroop,congruent,451.979,1.0,0.586,586.0,1.0,0.0
ds000164,sub-015,1,102,stroop,neutral,459.481,1.0,0.574,574.0,1.0,0.0
ds000164,sub-015,1,103,stroop,neutral,463.983,1.0,0.751,751.0,1.0,0.0
ds000164,sub-015,1,104,stroop,incongruent,466.985,1.0,0.607,607.0,1.0,1.0
ds000164,sub-015,1,105,stroop,incongruent,471.486,1.0,0.744,744.0,1.0,1.0
ds000164,sub-015,1,106,stroop,incongruent,480.487,1.0,0.761,761.0,1.0,1.0
ds000164,sub-015,1,107,stroop,congruent,484.99,1.0,0.679,679.0,1.0,0.0
ds000164,sub-015,1,108,stroop,congruent,490.992,1.0,0.634,634.0,1.0,0.0
ds000164,sub-015,1,109,stroop,incongruent,493.994,1.0,0.803,803.0,1.0,1.0
ds000164,sub-015,1,110,stroop,congruent,498.495,1.0,0.687,687.0,1.0,0.0
ds000164,sub-015,1,111,stroop,congruent,502.996,1.0,0.651,651.0,1.0,0.0
ds000164,sub-015,1,112,stroop,neutral,505.998,1.0,0.612,612.0,1.0,0.0
ds000164,sub-015,1,113,stroop,incongruent,508.999,1.0,0.814,814.0,1.0,1.0
ds000164,sub-015,1,114,stroop,incongruent,512.0,1.0,0.581,581.0,1.0,1.0
ds000164,sub-015,1,115,stroop,neutral,515.001,1.0,0.597,597.0,1.0,0.0
ds000164,sub-015,1,116,stroop,neutral,521.002,1.0,0.82,820.0,1.0,0.0
ds000164,sub-015,1,117,stroop,congruent,524.004,1.0,0.654,654.0,1.0,0.0
ds000164,sub-015,1,118,stroop,neutral,527.005,1.0,0.636,636.0,1.0,0.0
ds000164,sub-015,1,119,stroop,congruent,530.006,1.0,0.627,627.0,1.0,0.0
ds000164,sub-016,1,1,stroop,neutral,0.396,1.0,1.019,1018.9999999999999,1.0,0.0
ds000164,sub-016,1,2,stroop,incongruent,4.902,1.0,1.133,1133.0,1.0,1.0
ds000164,sub-016,1,3,stroop,incongruent,7.903,1.0,0.675,675.0,1.0,1.0
ds000164,sub-016,1,4,stroop,congruent,12.404,1.0,0.743,743.0,1.0,0.0
ds000164,sub-016,1,5,stroop,congruent,15.406,1.0,0.709,709.0,1.0,0.0
ds000164,sub-016,1,6,stroop,neutral,18.407,1.0,0.693,693.0,1.0,0.0
ds000164,sub-016,1,7,stroop,incongruent,21.408,1.0,0.998,998.0,1.0,1.0
ds000164,sub-016,1,8,stroop,congruent,30.409,1.0,1.025,1025.0,1.0,0.0
ds000164,sub-016,1,9,stroop,congruent,36.412,1.0,0.668,668.0,1.0,0.0
ds000164,sub-016,1,10,stroop,incongruent,45.414,1.0,1.093,1093.0,1.0,1.0
ds000164,sub-016,1,11,stroop,incongruent,51.417,1.0,0.883,883.0,0.0,1.0
ds000164,sub-016,1,12,stroop,neutral,54.419,1.0,1.03,1030.0,1.0,0.0
ds000164,sub-016,1,13,stroop,congruent,57.42,1.0,0.636,636.0,1.0,0.0
ds000164,sub-016,1,14,stroop,neutral,60.421,1.0,0.545,545.0,1.0,0.0
ds000164,sub-016,1,15,stroop,congruent,63.422,1.0,0.638,638.0,1.0,0.0
ds000164,sub-016,1,16,stroop,congruent,76.923,1.0,0.739,739.0,1.0,0.0
ds000164,sub-016,1,17,stroop,congruent,85.928,1.0,0.716,716.0,1.0,0.0
ds000164,sub-016,1,18,stroop,congruent,88.931,1.0,0.647,647.0,1.0,0.0
ds000164,sub-016,1,19,stroop,congruent,91.932,1.0,0.806,806.0,1.0,0.0
ds000164,sub-016,1,20,stroop,congruent,96.433,1.0,0.799,799.0,1.0,0.0
ds000164,sub-016,1,21,stroop,neutral,99.434,1.0,0.901,901.0,1.0,0.0
ds000164,sub-016,1,22,stroop,neutral,102.435,1.0,0.795,795.0,1.0,0.0
ds000164,sub-016,1,23,stroop,neutral,106.936,1.0,0.836,836.0,1.0,0.0
ds000164,sub-016,1,24,stroop,incongruent,111.438,1.0,0.723,723.0,1.0,1.0
ds000164,sub-016,1,25,stroop,neutral,114.439,1.0,0.649,649.0,1.0,0.0
ds000164,sub-016,1,26,stroop,congruent,118.94,1.0,0.711,711.0,0.0,0.0
ds000164,sub-016,1,27,stroop,neutral,123.442,1.0,0.716,716.0,1.0,0.0
ds000164,sub-016,1,28,stroop,incongruent,135.443,1.0,1.127,1127.0,1.0,1.0
ds000164,sub-016,1,29,stroop,neutral,139.947,1.0,0.786,786.0,1.0,0.0
ds000164,sub-016,1,30,stroop,congruent,142.949,1.0,0.758,758.0,1.0,0.0
ds000164,sub-016,1,31,stroop,congruent,147.45,1.0,0.793,793.0,1.0,0.0
ds000164,sub-016,1,32,stroop,congruent,150.451,1.0,0.67,670.0,1.0,0.0
ds000164,sub-016,1,33,stroop,congruent,153.452,1.0,0.834,834.0,1.0,0.0
ds000164,sub-016,1,34,stroop,neutral,156.453,1.0,0.624,624.0,1.0,0.0
ds000164,sub-016,1,35,stroop,incongruent,162.454,1.0,0.904,904.0,1.0,1.0
ds000164,sub-016,1,36,stroop,neutral,165.456,1.0,0.821,821.0,1.0,0.0
ds000164,sub-016,1,37,stroop,neutral,171.457,1.0,0.654,654.0,0.0,0.0
ds000164,sub-016,1,38,stroop,congruent,174.459,1.0,0.855,855.0,1.0,0.0
ds000164,sub-016,1,39,stroop,neutral,177.46,1.0,0.714,714.0,1.0,0.0
ds000164,sub-016,1,40,stroop,incongruent,186.461,1.0,0.866,866.0,1.0,1.0
ds000164,sub-016,1,41,stroop,neutral,192.464,1.0,0.834,834.0,1.0,0.0
ds000164,sub-016,1,42,stroop,congruent,196.966,1.0,0.726,726.0,1.0,0.0
ds000164,sub-016,1,43,stroop,neutral,199.968,1.0,0.801,801.0,1.0,0.0
ds000164,sub-016,1,44,stroop,incongruent,204.469,1.0,0.939,939.0,1.0,1.0
ds000164,sub-016,1,45,stroop,neutral,210.47,1.0,0.842,842.0,1.0,0.0
ds000164,sub-016,1,46,stroop,congruent,219.472,1.0,0.751,751.0,1.0,0.0
ds000164,sub-016,1,47,stroop,neutral,231.475,1.0,0.897,897.0,1.0,0.0
ds000164,sub-016,1,48,stroop,congruent,234.479,1.0,0.619,619.0,1.0,0.0
ds000164,sub-016,1,49,stroop,congruent,237.48,1.0,0.698,698.0,1.0,0.0
ds000164,sub-016,1,50,stroop,incongruent,240.481,1.0,1.157,1157.0,1.0,1.0
ds000164,sub-016,1,51,stroop,incongruent,244.982,1.0,0.997,997.0,1.0,1.0
ds000164,sub-016,1,52,stroop,neutral,247.984,1.0,0.658,658.0,1.0,0.0
ds000164,sub-016,1,53,stroop,congruent,253.985,1.0,1.056,1056.0,1.0,0.0
ds000164,sub-016,1,54,stroop,incongruent,258.487,1.0,0.829,829.0,1.0,1.0
ds000164,sub-016,1,55,stroop,neutral,264.488,1.0,0.762,762.0,1.0,0.0
ds000164,sub-016,1,56,stroop,congruent,267.49,1.0,0.686,686.0,1.0,0.0
ds000164,sub-016,1,57,stroop,congruent,271.991,1.0,0.618,618.0,1.0,0.0
ds000164,sub-016,1,58,stroop,neutral,277.993,1.0,1.036,1036.0,1.0,0.0
ds000164,sub-016,1,59,stroop,incongruent,280.995,1.0,0.905,905.0,1.0,1.0
ds000164,sub-016,1,60,stroop,neutral,286.996,1.0,0.823,823.0,1.0,0.0
ds000164,sub-016,1,61,stroop,neutral,292.998,1.0,0.879,879.0,1.0,0.0
ds000164,sub-016,1,62,stroop,congruent,297.5,1.0,0.675,675.0,1.0,0.0
ds000164,sub-016,1,63,stroop,incongruent,300.501,1.0,0.894,894.0,1.0,1.0
ds000164,sub-016,1,64,stroop,congruent,305.002,1.0,0.905,905.0,1.0,0.0
ds000164,sub-016,1,65,stroop,neutral,309.504,1.0,0.776,776.0,1.0,0.0
ds000164,sub-016,1,66,stroop,neutral,314.005,1.0,0.66,660.0,1.0,0.0
ds000164,sub-016,1,67,stroop,incongruent,317.007,1.0,1.134,1134.0,1.0,1.0
ds000164,sub-016,1,68,stroop,congruent,320.008,1.0,0.685,685.0,1.0,0.0
ds000164,sub-016,1,69,stroop,incongruent,323.009,1.0,0.924,924.0,1.0,1.0
ds000164,sub-016,1,70,stroop,neutral,332.01,1.0,0.861,861.0,1.0,0.0
ds000164,sub-016,1,71,stroop,neutral,335.013,1.0,0.681,681.0,1.0,0.0
ds000164,sub-016,1,72,stroop,neutral,338.014,1.0,0.785,785.0,1.0,0.0
ds000164,sub-016,1,73,stroop,neutral,341.015,1.0,1.129,1129.0,1.0,0.0
ds000164,sub-016,1,74,stroop,incongruent,345.516,1.0,0.67,670.0,1.0,1.0
ds000164,sub-016,1,75,stroop,incongruent,348.517,1.0,0.766,766.0,0.0,1.0
ds000164,sub-016,1,76,stroop,congruent,354.518,1.0,0.779,779.0,1.0,0.0
ds000164,sub-016,1,77,stroop,neutral,359.02,1.0,0.896,896.0,1.0,0.0
ds000164,sub-016,1,78,stroop,incongruent,362.022,1.0,0.697,697.0,1.0,1.0
ds000164,sub-016,1,79,stroop,neutral,365.023,1.0,0.549,549.0,1.0,0.0
ds000164,sub-016,1,80,stroop,congruent,369.524,1.0,0.724,724.0,1.0,0.0
ds000164,sub-016,1,81,stroop,incongruent,372.525,1.0,1.041,1041.0,1.0,1.0
ds000164,sub-016,1,82,stroop,incongruent,375.526,1.0,0.46,460.0,1.0,1.0
ds000164,sub-016,1,83,stroop,neutral,378.527,1.0,0.546,546.0,1.0,0.0
ds000164,sub-016,1,84,stroop,congruent,383.028,1.0,0.0,,0.0,0.0
ds000164,sub-016,1,85,stroop,congruent,386.03,1.0,0.0,,0.0,0.0
ds000164,sub-016,1,86,stroop,incongruent,389.031,1.0,0.896,896.0,1.0,1.0
ds000164,sub-016,1,87,stroop,incongruent,393.532,1.0,0.707,707.0,0.0,1.0
ds000164,sub-016,1,88,stroop,incongruent,396.533,1.0,1.034,1034.0,1.0,1.0
ds000164,sub-016,1,89,stroop,neutral,399.534,1.0,0.0,,0.0,0.0
ds000164,sub-016,1,90,stroop,congruent,402.535,1.0,0.647,647.0,1.0,0.0
ds000164,sub-016,1,91,stroop,congruent,408.536,1.0,0.72,720.0,1.0,0.0
ds000164,sub-016,1,92,stroop,neutral,411.538,1.0,0.636,636.0,1.0,0.0
ds000164,sub-016,1,93,stroop,incongruent,414.539,1.0,0.635,635.0,1.0,1.0
ds000164,sub-016,1,94,stroop,incongruent,417.54,1.0,0.804,804.0,1.0,1.0
ds000164,sub-016,1,95,stroop,congruent,422.041,1.0,0.735,735.0,1.0,0.0
ds000164,sub-016,1,96,stroop,incongruent,428.043,1.0,0.906,906.0,1.0,1.0
ds000164,sub-016,1,97,stroop,incongruent,432.545,1.0,0.0,,0.0,1.0
ds000164,sub-016,1,98,stroop,neutral,435.546,1.0,0.704,704.0,1.0,0.0
ds000164,sub-016,1,99,stroop,incongruent,443.047,1.0,0.969,969.0,0.0,1.0
ds000164,sub-016,1,100,stroop,incongruent,452.05,1.0,0.941,941.0,0.0,1.0
ds000164,sub-016,1,101,stroop,incongruent,458.053,1.0,1.139,1139.0,1.0,1.0
ds000164,sub-016,1,102,stroop,incongruent,462.555,1.0,0.998,998.0,1.0,1.0
ds000164,sub-016,1,103,stroop,incongruent,465.556,1.0,0.644,644.0,1.0,1.0
ds000164,sub-016,1,104,stroop,neutral,470.057,1.0,0.8,800.0,1.0,0.0
ds000164,sub-016,1,105,stroop,congruent,473.059,1.0,0.805,805.0,1.0,0.0
ds000164,sub-016,1,106,stroop,neutral,476.06,1.0,0.721,721.0,1.0,0.0
ds000164,sub-016,1,107,stroop,neutral,480.561,1.0,0.565,565.0,1.0,0.0
ds000164,sub-016,1,108,stroop,congruent,485.062,1.0,0.918,918.0,1.0,0.0
ds000164,sub-016,1,109,stroop,incongruent,495.564,1.0,1.033,1033.0,1.0,1.0
ds000164,sub-016,1,110,stroop,congruent,498.567,1.0,0.687,687.0,1.0,0.0
ds000164,sub-016,1,111,stroop,congruent,501.568,1.0,0.911,911.0,1.0,0.0
ds000164,sub-016,1,112,stroop,neutral,504.569,1.0,1.095,1095.0,1.0,0.0
ds000164,sub-016,1,113,stroop,congruent,507.57,1.0,0.626,626.0,1.0,0.0
ds000164,sub-016,1,114,stroop,incongruent,510.571,1.0,0.683,683.0,1.0,1.0
ds000164,sub-016,1,115,stroop,neutral,513.572,1.0,0.727,727.0,1.0,0.0
ds000164,sub-016,1,116,stroop,neutral,518.073,1.0,0.868,868.0,1.0,0.0
ds000164,sub-016,1,117,stroop,congruent,521.075,1.0,0.0,,0.0,0.0
ds000164,sub-016,1,118,stroop,congruent,524.076,1.0,0.651,651.0,1.0,0.0
ds000164,sub-016,1,119,stroop,neutral,527.077,1.0,0.835,835.0,1.0,0.0
ds000164,sub-017,1,1,stroop,congruent,3.375,1.0,0.558,558.0,1.0,0.0
ds000164,sub-017,1,2,stroop,congruent,9.383,1.0,0.621,621.0,1.0,0.0
ds000164,sub-017,1,3,stroop,incongruent,12.385,1.0,1.038,1038.0,1.0,1.0
ds000164,sub-017,1,4,stroop,incongruent,16.886,1.0,0.862,862.0,0.0,1.0
ds000164,sub-017,1,5,stroop,congruent,19.888,1.0,0.761,761.0,1.0,0.0
ds000164,sub-017,1,6,stroop,neutral,27.389,1.0,0.873,873.0,1.0,0.0
ds000164,sub-017,1,7,stroop,congruent,30.391,1.0,0.739,739.0,1.0,0.0
ds000164,sub-017,1,8,stroop,congruent,34.892,1.0,0.737,737.0,1.0,0.0
ds000164,sub-017,1,9,stroop,congruent,40.894,1.0,0.525,525.0,1.0,0.0
ds000164,sub-017,1,10,stroop,incongruent,43.896,1.0,0.926,926.0,1.0,1.0
ds000164,sub-017,1,11,stroop,neutral,46.897,1.0,0.808,808.0,1.0,0.0
ds000164,sub-017,1,12,stroop,incongruent,49.898,1.0,0.0,,0.0,1.0
ds000164,sub-017,1,13,stroop,incongruent,52.899,1.0,0.966,966.0,0.0,1.0
ds000164,sub-017,1,14,stroop,congruent,55.9,1.0,0.897,897.0,1.0,0.0
ds000164,sub-017,1,15,stroop,neutral,60.401,1.0,0.475,475.0,1.0,0.0
ds000164,sub-017,1,16,stroop,neutral,63.402,1.0,0.802,802.0,1.0,0.0
ds000164,sub-017,1,17,stroop,neutral,66.403,1.0,0.666,666.0,1.0,0.0
ds000164,sub-017,1,18,stroop,neutral,81.404,1.0,0.949,949.0,1.0,0.0
ds000164,sub-017,1,19,stroop,incongruent,84.409,1.0,0.721,721.0,1.0,1.0
ds000164,sub-017,1,20,stroop,congruent,88.91,1.0,0.675,675.0,1.0,0.0
ds000164,sub-017,1,21,stroop,neutral,96.412,1.0,0.844,844.0,1.0,0.0
ds000164,sub-017,1,22,stroop,neutral,99.414,1.0,0.753,753.0,1.0,0.0
ds000164,sub-017,1,23,stroop,incongruent,102.415,1.0,0.787,787.0,1.0,1.0
ds000164,sub-017,1,24,stroop,incongruent,105.416,1.0,0.644,644.0,1.0,1.0
ds000164,sub-017,1,25,stroop,congruent,108.417,1.0,0.775,775.0,1.0,0.0
ds000164,sub-017,1,26,stroop,congruent,111.418,1.0,0.687,687.0,1.0,0.0
ds000164,sub-017,1,27,stroop,incongruent,114.419,1.0,0.766,766.0,1.0,1.0
ds000164,sub-017,1,28,stroop,congruent,118.92,1.0,0.912,912.0,1.0,0.0
ds000164,sub-017,1,29,stroop,neutral,121.922,1.0,0.731,731.0,1.0,0.0
ds000164,sub-017,1,30,stroop,congruent,124.923,1.0,0.658,658.0,1.0,0.0
ds000164,sub-017,1,31,stroop,congruent,133.924,1.0,0.541,541.0,1.0,0.0
ds000164,sub-017,1,32,stroop,neutral,138.427,1.0,0.716,716.0,1.0,0.0
ds000164,sub-017,1,33,stroop,neutral,141.428,1.0,0.688,688.0,1.0,0.0
ds000164,sub-017,1,34,stroop,incongruent,144.429,1.0,0.822,822.0,1.0,1.0
ds000164,sub-017,1,35,stroop,incongruent,148.93,1.0,0.658,658.0,1.0,1.0
ds000164,sub-017,1,36,stroop,congruent,151.932,1.0,0.802,802.0,1.0,0.0
ds000164,sub-017,1,37,stroop,neutral,159.433,1.0,0.834,834.0,1.0,0.0
ds000164,sub-017,1,38,stroop,neutral,166.935,1.0,0.674,674.0,1.0,0.0
ds000164,sub-017,1,39,stroop,neutral,169.938,1.0,0.72,720.0,1.0,0.0
ds000164,sub-017,1,40,stroop,congruent,174.439,1.0,0.78,780.0,1.0,0.0
ds000164,sub-017,1,41,stroop,incongruent,177.44,1.0,0.797,797.0,1.0,1.0
ds000164,sub-017,1,42,stroop,congruent,180.441,1.0,0.731,731.0,1.0,0.0
ds000164,sub-017,1,43,stroop,congruent,183.442,1.0,0.65,650.0,1.0,0.0
ds000164,sub-017,1,44,stroop,neutral,187.943,1.0,0.76,760.0,1.0,0.0
ds000164,sub-017,1,45,stroop,neutral,192.445,1.0,0.787,787.0,1.0,0.0
ds000164,sub-017,1,46,stroop,congruent,195.446,1.0,0.621,621.0,1.0,0.0
ds000164,sub-017,1,47,stroop,neutral,198.447,1.0,0.605,605.0,1.0,0.0
ds000164,sub-017,1,48,stroop,incongruent,204.448,1.0,0.805,805.0,0.0,1.0
ds000164,sub-017,1,49,stroop,congruent,208.95,1.0,0.801,801.0,1.0,0.0
ds000164,sub-017,1,50,stroop,neutral,211.952,1.0,0.795,795.0,1.0,0.0
ds000164,sub-017,1,51,stroop,incongruent,217.953,1.0,0.898,898.0,1.0,1.0
ds000164,sub-017,1,52,stroop,incongruent,229.955,1.0,1.027,1027.0,1.0,1.0
ds000164,sub-017,1,53,stroop,incongruent,232.959,1.0,0.831,831.0,1.0,1.0
ds000164,sub-017,1,54,stroop,incongruent,238.96,1.0,0.824,824.0,1.0,1.0
ds000164,sub-017,1,55,stroop,neutral,243.462,1.0,0.718,718.0,1.0,0.0
ds000164,sub-017,1,56,stroop,incongruent,246.463,1.0,0.985,985.0,1.0,1.0
ds000164,sub-017,1,57,stroop,incongruent,249.464,1.0,0.939,939.0,1.0,1.0
ds000164,sub-017,1,58,stroop,incongruent,256.965,1.0,0.728,728.0,1.0,1.0
ds000164,sub-017,1,59,stroop,incongruent,261.468,1.0,0.83,830.0,1.0,1.0
ds000164,sub-017,1,60,stroop,neutral,271.969,1.0,0.839,839.0,1.0,0.0
ds000164,sub-017,1,61,stroop,congruent,277.973,1.0,0.667,667.0,1.0,0.0
ds000164,sub-017,1,62,stroop,neutral,280.975,1.0,0.701,701.0,1.0,0.0
ds000164,sub-017,1,63,stroop,congruent,288.476,1.0,0.854,854.0,1.0,0.0
ds000164,sub-017,1,64,stroop,congruent,291.478,1.0,0.673,673.0,1.0,0.0
ds000164,sub-017,1,65,stroop,neutral,297.479,1.0,0.804,804.0,1.0,0.0
ds000164,sub-017,1,66,stroop,neutral,300.481,1.0,0.698,698.0,1.0,0.0
ds000164,sub-017,1,67,stroop,neutral,303.482,1.0,0.664,664.0,1.0,0.0
ds000164,sub-017,1,68,stroop,congruent,306.483,1.0,0.686,686.0,1.0,0.0
ds000164,sub-017,1,69,stroop,congruent,309.484,1.0,0.58,580.0,1.0,0.0
ds000164,sub-017,1,70,stroop,congruent,312.485,1.0,0.599,599.0,1.0,0.0
ds000164,sub-017,1,71,stroop,congruent,316.986,1.0,0.75,750.0,1.0,0.0
ds000164,sub-017,1,72,stroop,neutral,319.988,1.0,0.709,709.0,1.0,0.0
ds000164,sub-017,1,73,stroop,congruent,322.989,1.0,0.653,653.0,1.0,0.0
ds000164,sub-017,1,74,stroop,incongruent,325.99,1.0,0.735,735.0,1.0,1.0
ds000164,sub-017,1,75,stroop,neutral,328.991,1.0,0.656,656.0,1.0,0.0
ds000164,sub-017,1,76,stroop,incongruent,334.992,1.0,0.782,782.0,1.0,1.0
ds000164,sub-017,1,77,stroop,congruent,337.994,1.0,0.691,691.0,1.0,0.0
ds000164,sub-017,1,78,stroop,neutral,342.495,1.0,0.715,715.0,1.0,0.0
ds000164,sub-017,1,79,stroop,incongruent,345.496,1.0,1.246,1246.0,1.0,1.0
ds000164,sub-017,1,80,stroop,congruent,348.498,1.0,0.7,700.0,1.0,0.0
ds000164,sub-017,1,81,stroop,neutral,351.499,1.0,0.684,684.0,1.0,0.0
ds000164,sub-017,1,82,stroop,incongruent,354.499,1.0,0.763,763.0,1.0,1.0
ds000164,sub-017,1,83,stroop,congruent,357.501,1.0,0.63,630.0,1.0,0.0
ds000164,sub-017,1,84,stroop,incongruent,363.502,1.0,1.221,1221.0,1.0,1.0
ds000164,sub-017,1,85,stroop,neutral,366.504,1.0,0.7,700.0,1.0,0.0
ds000164,sub-017,1,86,stroop,incongruent,369.505,1.0,1.039,1039.0,1.0,1.0
ds000164,sub-017,1,87,stroop,congruent,372.506,1.0,0.631,631.0,1.0,0.0
ds000164,sub-017,1,88,stroop,neutral,378.507,1.0,0.761,761.0,1.0,0.0
ds000164,sub-017,1,89,stroop,congruent,383.009,1.0,0.674,674.0,1.0,0.0
ds000164,sub-017,1,90,stroop,neutral,396.51,1.0,0.755,755.0,1.0,0.0
ds000164,sub-017,1,91,stroop,incongruent,404.015,1.0,0.732,732.0,1.0,1.0
ds000164,sub-017,1,92,stroop,congruent,408.517,1.0,0.629,629.0,1.0,0.0
ds000164,sub-017,1,93,stroop,neutral,411.519,1.0,0.754,754.0,1.0,0.0
ds000164,sub-017,1,94,stroop,neutral,416.02,1.0,0.909,909.0,1.0,0.0
ds000164,sub-017,1,95,stroop,congruent,432.521,1.0,0.777,777.0,1.0,0.0
ds000164,sub-017,1,96,stroop,neutral,440.027,1.0,0.799,799.0,1.0,0.0
ds000164,sub-017,1,97,stroop,incongruent,443.029,1.0,0.798,798.0,1.0,1.0
ds000164,sub-017,1,98,stroop,neutral,447.53,1.0,0.704,704.0,1.0,0.0
ds000164,sub-017,1,99,stroop,neutral,456.532,1.0,0.914,914.0,1.0,0.0
ds000164,sub-017,1,100,stroop,neutral,459.535,1.0,0.694,694.0,1.0,0.0
ds000164,sub-017,1,101,stroop,neutral,462.536,1.0,0.723,723.0,1.0,0.0
ds000164,sub-017,1,102,stroop,incongruent,465.537,1.0,1.064,1064.0,1.0,1.0
ds000164,sub-017,1,103,stroop,incongruent,470.038,1.0,1.045,1045.0,1.0,1.0
ds000164,sub-017,1,104,stroop,neutral,473.039,1.0,0.676,676.0,1.0,0.0
ds000164,sub-017,1,105,stroop,neutral,476.04,1.0,0.603,603.0,1.0,0.0
ds000164,sub-017,1,106,stroop,incongruent,483.541,1.0,0.703,703.0,1.0,1.0
ds000164,sub-017,1,107,stroop,incongruent,486.544,1.0,0.802,802.0,1.0,1.0
ds000164,sub-017,1,108,stroop,neutral,489.545,1.0,0.669,669.0,1.0,0.0
ds000164,sub-017,1,109,stroop,congruent,492.546,1.0,0.72,720.0,1.0,0.0
ds000164,sub-017,1,110,stroop,neutral,497.047,1.0,0.778,778.0,1.0,0.0
ds000164,sub-017,1,111,stroop,congruent,501.548,1.0,0.807,807.0,1.0,0.0
ds000164,sub-017,1,112,stroop,congruent,504.55,1.0,0.611,611.0,1.0,0.0
ds000164,sub-017,1,113,stroop,congruent,507.551,1.0,0.646,646.0,1.0,0.0
ds000164,sub-017,1,114,stroop,congruent,510.552,1.0,0.74,740.0,1.0,0.0
ds000164,sub-017,1,115,stroop,incongruent,515.053,1.0,0.0,,0.0,1.0
ds000164,sub-017,1,116,stroop,incongruent,521.054,1.0,0.734,734.0,1.0,1.0
ds000164,sub-017,1,117,stroop,incongruent,524.056,1.0,0.988,988.0,1.0,1.0
ds000164,sub-017,1,118,stroop,congruent,527.057,1.0,0.599,599.0,1.0,0.0
ds000164,sub-017,1,119,stroop,congruent,533.058,1.0,0.767,767.0,1.0,0.0
ds000164,sub-018,1,1,stroop,incongruent,4.872,1.0,0.453,453.0,1.0,1.0
ds000164,sub-018,1,2,stroop,congruent,7.883,1.0,0.557,557.0,1.0,0.0
ds000164,sub-018,1,3,stroop,congruent,16.884,1.0,0.747,747.0,1.0,0.0
ds000164,sub-018,1,4,stroop,neutral,19.887,1.0,0.714,714.0,1.0,0.0
ds000164,sub-018,1,5,stroop,congruent,25.888,1.0,0.587,587.0,1.0,0.0
ds000164,sub-018,1,6,stroop,congruent,28.89,1.0,0.556,556.0,1.0,0.0
ds000164,sub-018,1,7,stroop,congruent,33.391,1.0,0.639,639.0,1.0,0.0
ds000164,sub-018,1,8,stroop,neutral,36.392,1.0,0.695,695.0,1.0,0.0
ds000164,sub-018,1,9,stroop,neutral,40.893,1.0,0.904,904.0,1.0,0.0
ds000164,sub-018,1,10,stroop,neutral,43.895,1.0,0.588,588.0,1.0,0.0
ds000164,sub-018,1,11,stroop,congruent,48.396,1.0,0.664,664.0,1.0,0.0
ds000164,sub-018,1,12,stroop,neutral,51.397,1.0,0.723,723.0,1.0,0.0
ds000164,sub-018,1,13,stroop,neutral,54.398,1.0,0.467,467.0,1.0,0.0
ds000164,sub-018,1,14,stroop,congruent,63.399,1.0,0.557,557.0,1.0,0.0
ds000164,sub-018,1,15,stroop,congruent,66.402,1.0,0.601,601.0,0.0,0.0
ds000164,sub-018,1,16,stroop,incongruent,69.403,1.0,0.688,688.0,1.0,1.0
ds000164,sub-018,1,17,stroop,neutral,76.904,1.0,0.963,963.0,1.0,0.0
ds000164,sub-018,1,18,stroop,neutral,84.407,1.0,0.585,585.0,1.0,0.0
ds000164,sub-018,1,19,stroop,neutral,87.409,1.0,0.597,597.0,1.0,0.0
ds000164,sub-018,1,20,stroop,neutral,91.91,1.0,0.831,831.0,1.0,0.0
ds000164,sub-018,1,21,stroop,congruent,94.912,1.0,0.59,590.0,1.0,0.0
ds000164,sub-018,1,22,stroop,incongruent,97.913,1.0,0.609,609.0,1.0,1.0
ds000164,sub-018,1,23,stroop,incongruent,100.914,1.0,0.569,569.0,1.0,1.0
ds000164,sub-018,1,24,stroop,congruent,105.415,1.0,0.559,559.0,1.0,0.0
ds000164,sub-018,1,25,stroop,neutral,118.916,1.0,0.722,722.0,1.0,0.0
ds000164,sub-018,1,26,stroop,incongruent,124.921,1.0,0.617,617.0,1.0,1.0
ds000164,sub-018,1,27,stroop,neutral,130.923,1.0,0.563,563.0,1.0,0.0
ds000164,sub-018,1,28,stroop,congruent,133.925,1.0,0.642,642.0,1.0,0.0
ds000164,sub-018,1,29,stroop,congruent,136.926,1.0,0.591,591.0,1.0,0.0
ds000164,sub-018,1,30,stroop,congruent,139.927,1.0,0.492,492.0,1.0,0.0
ds000164,sub-018,1,31,stroop,neutral,142.928,1.0,0.591,591.0,1.0,0.0
ds000164,sub-018,1,32,stroop,congruent,153.429,1.0,0.772,772.0,1.0,0.0
ds000164,sub-018,1,33,stroop,neutral,159.432,1.0,0.67,670.0,1.0,0.0
ds000164,sub-018,1,34,stroop,incongruent,162.434,1.0,0.569,569.0,1.0,1.0
ds000164,sub-018,1,35,stroop,neutral,168.435,1.0,0.672,672.0,1.0,0.0
ds000164,sub-018,1,36,stroop,neutral,174.437,1.0,0.745,745.0,1.0,0.0
ds000164,sub-018,1,37,stroop,neutral,178.939,1.0,0.67,670.0,1.0,0.0
ds000164,sub-018,1,38,stroop,neutral,181.941,1.0,0.647,647.0,1.0,0.0
ds000164,sub-018,1,39,stroop,incongruent,184.942,1.0,0.858,858.0,1.0,1.0
ds000164,sub-018,1,40,stroop,incongruent,187.943,1.0,0.675,675.0,1.0,1.0
ds000164,sub-018,1,41,stroop,incongruent,190.944,1.0,0.544,544.0,1.0,1.0
ds000164,sub-018,1,42,stroop,congruent,195.445,1.0,0.696,696.0,1.0,0.0
ds000164,sub-018,1,43,stroop,congruent,198.446,1.0,0.58,580.0,1.0,0.0
ds000164,sub-018,1,44,stroop,neutral,201.447,1.0,0.499,499.0,1.0,0.0
ds000164,sub-018,1,45,stroop,congruent,204.448,1.0,0.761,761.0,1.0,0.0
ds000164,sub-018,1,46,stroop,incongruent,207.449,1.0,0.597,597.0,1.0,1.0
ds000164,sub-018,1,47,stroop,incongruent,210.45,1.0,0.424,424.0,1.0,1.0
ds000164,sub-018,1,48,stroop,incongruent,213.451,1.0,0.813,813.0,1.0,1.0
ds000164,sub-018,1,49,stroop,incongruent,216.452,1.0,0.542,542.0,1.0,1.0
ds000164,sub-018,1,50,stroop,congruent,222.453,1.0,0.552,552.0,1.0,0.0
ds000164,sub-018,1,51,stroop,incongruent,225.455,1.0,0.664,664.0,1.0,1.0
ds000164,sub-018,1,52,stroop,neutral,228.456,1.0,0.648,648.0,1.0,0.0
ds000164,sub-018,1,53,stroop,congruent,232.957,1.0,1.178,1178.0,1.0,0.0
ds000164,sub-018,1,54,stroop,incongruent,235.959,1.0,0.775,775.0,0.0,1.0
ds000164,sub-018,1,55,stroop,neutral,241.96,1.0,0.725,725.0,1.0,0.0
ds000164,sub-018,1,56,stroop,neutral,244.962,1.0,0.555,555.0,1.0,0.0
ds000164,sub-018,1,57,stroop,congruent,247.963,1.0,0.512,512.0,1.0,0.0
ds000164,sub-018,1,58,stroop,congruent,250.964,1.0,0.406,406.0,1.0,0.0
ds000164,sub-018,1,59,stroop,neutral,253.965,1.0,0.6,600.0,1.0,0.0
ds000164,sub-018,1,60,stroop,congruent,273.466,1.0,0.671,671.0,1.0,0.0
ds000164,sub-018,1,61,stroop,incongruent,276.472,1.0,0.633,633.0,1.0,1.0
ds000164,sub-018,1,62,stroop,incongruent,279.473,1.0,0.607,607.0,1.0,1.0
ds000164,sub-018,1,63,stroop,neutral,282.474,1.0,0.633,633.0,1.0,0.0
ds000164,sub-018,1,64,stroop,incongruent,285.475,1.0,0.572,572.0,0.0,1.0
ds000164,sub-018,1,65,stroop,incongruent,288.477,1.0,1.001,1000.9999999999999,0.0,1.0
ds000164,sub-018,1,66,stroop,congruent,291.478,1.0,0.676,676.0,1.0,0.0
ds000164,sub-018,1,67,stroop,incongruent,295.979,1.0,0.702,702.0,0.0,1.0
ds000164,sub-018,1,68,stroop,neutral,298.98,1.0,0.633,633.0,1.0,0.0
ds000164,sub-018,1,69,stroop,incongruent,301.981,1.0,0.605,605.0,1.0,1.0
ds000164,sub-018,1,70,stroop,neutral,304.982,1.0,0.444,444.0,1.0,0.0
ds000164,sub-018,1,71,stroop,congruent,307.983,1.0,0.655,655.0,1.0,0.0
ds000164,sub-018,1,72,stroop,congruent,310.984,1.0,0.542,542.0,1.0,0.0
ds000164,sub-018,1,73,stroop,incongruent,315.485,1.0,0.598,598.0,1.0,1.0
ds000164,sub-018,1,74,stroop,congruent,319.987,1.0,0.814,814.0,1.0,0.0
ds000164,sub-018,1,75,stroop,neutral,327.488,1.0,0.622,622.0,1.0,0.0
ds000164,sub-018,1,76,stroop,incongruent,331.991,1.0,1.052,1052.0,1.0,1.0
ds000164,sub-018,1,77,stroop,neutral,336.492,1.0,0.685,685.0,1.0,0.0
ds000164,sub-018,1,78,stroop,neutral,339.494,1.0,0.726,726.0,1.0,0.0
ds000164,sub-018,1,79,stroop,neutral,342.495,1.0,0.935,935.0,1.0,0.0
ds000164,sub-018,1,80,stroop,neutral,346.996,1.0,0.631,631.0,1.0,0.0
ds000164,sub-018,1,81,stroop,neutral,355.997,1.0,0.673,673.0,1.0,0.0
ds000164,sub-018,1,82,stroop,congruent,359.0,1.0,0.599,599.0,1.0,0.0
ds000164,sub-018,1,83,stroop,incongruent,363.501,1.0,0.831,831.0,1.0,1.0
ds000164,sub-018,1,84,stroop,neutral,371.003,1.0,0.753,753.0,1.0,0.0
ds000164,sub-018,1,85,stroop,congruent,377.005,1.0,0.608,608.0,1.0,0.0
ds000164,sub-018,1,86,stroop,neutral,380.007,1.0,0.622,622.0,1.0,0.0
ds000164,sub-018,1,87,stroop,incongruent,384.508,1.0,0.677,677.0,1.0,1.0
ds000164,sub-018,1,88,stroop,congruent,387.51,1.0,0.724,724.0,1.0,0.0
ds000164,sub-018,1,89,stroop,congruent,390.511,1.0,0.64,640.0,1.0,0.0
ds000164,sub-018,1,90,stroop,congruent,395.012,1.0,0.696,696.0,1.0,0.0
ds000164,sub-018,1,91,stroop,incongruent,398.013,1.0,0.707,707.0,1.0,1.0
ds000164,sub-018,1,92,stroop,congruent,401.014,1.0,0.561,561.0,0.0,0.0
ds000164,sub-018,1,93,stroop,incongruent,405.515,1.0,1.018,1018.0,1.0,1.0
ds000164,sub-018,1,94,stroop,incongruent,410.017,1.0,0.0,,0.0,1.0
ds000164,sub-018,1,95,stroop,congruent,414.518,1.0,0.665,665.0,1.0,0.0
ds000164,sub-018,1,96,stroop,incongruent,420.52,1.0,0.608,608.0,0.0,1.0
ds000164,sub-018,1,97,stroop,incongruent,425.022,1.0,1.086,1086.0,1.0,1.0
ds000164,sub-018,1,98,stroop,neutral,431.023,1.0,0.377,377.0,1.0,0.0
ds000164,sub-018,1,99,stroop,neutral,434.025,1.0,0.516,516.0,1.0,0.0
ds000164,sub-018,1,100,stroop,congruent,441.526,1.0,0.544,544.0,1.0,0.0
ds000164,sub-018,1,101,stroop,incongruent,446.029,1.0,1.007,1006.9999999999999,1.0,1.0
ds000164,sub-018,1,102,stroop,incongruent,449.03,1.0,0.796,796.0,1.0,1.0
ds000164,sub-018,1,103,stroop,incongruent,452.031,1.0,0.673,673.0,1.0,1.0
ds000164,sub-018,1,104,stroop,congruent,455.032,1.0,0.447,447.0,1.0,0.0
ds000164,sub-018,1,105,stroop,congruent,462.533,1.0,0.66,660.0,1.0,0.0
ds000164,sub-018,1,106,stroop,congruent,465.536,1.0,0.0,,0.0,0.0
ds000164,sub-018,1,107,stroop,incongruent,471.537,1.0,0.902,902.0,1.0,1.0
ds000164,sub-018,1,108,stroop,neutral,474.539,1.0,0.473,473.0,1.0,0.0
ds000164,sub-018,1,109,stroop,incongruent,480.54,1.0,0.875,875.0,1.0,1.0
ds000164,sub-018,1,110,stroop,neutral,483.542,1.0,0.539,539.0,1.0,0.0
ds000164,sub-018,1,111,stroop,congruent,488.043,1.0,0.954,954.0,1.0,0.0
ds000164,sub-018,1,112,stroop,incongruent,491.044,1.0,0.766,766.0,0.0,1.0
ds000164,sub-018,1,113,stroop,congruent,494.045,1.0,0.617,617.0,1.0,0.0
ds000164,sub-018,1,114,stroop,congruent,497.046,1.0,0.546,546.0,1.0,0.0
ds000164,sub-018,1,115,stroop,congruent,501.547,1.0,0.56,560.0,1.0,0.0
ds000164,sub-018,1,116,stroop,neutral,506.049,1.0,0.548,548.0,1.0,0.0
ds000164,sub-018,1,117,stroop,neutral,509.05,1.0,0.8,800.0,1.0,0.0
ds000164,sub-018,1,118,stroop,neutral,515.051,1.0,0.698,698.0,1.0,0.0
ds000164,sub-018,1,119,stroop,neutral,525.553,1.0,0.863,863.0,1.0,0.0
ds000164,sub-019,1,1,stroop,neutral,1.859,1.0,0.852,852.0,0.0,0.0
ds000164,sub-019,1,2,stroop,congruent,9.369,1.0,0.899,899.0,1.0,0.0
ds000164,sub-019,1,3,stroop,incongruent,13.871,1.0,0.783,783.0,1.0,1.0
ds000164,sub-019,1,4,stroop,incongruent,16.873,1.0,0.74,740.0,1.0,1.0
ds000164,sub-019,1,5,stroop,congruent,27.374,1.0,0.836,836.0,0.0,0.0
ds000164,sub-019,1,6,stroop,incongruent,34.877,1.0,0.929,929.0,1.0,1.0
ds000164,sub-019,1,7,stroop,neutral,39.38,1.0,0.928,928.0,1.0,0.0
ds000164,sub-019,1,8,stroop,incongruent,45.381,1.0,0.701,701.0,1.0,1.0
ds000164,sub-019,1,9,stroop,congruent,48.383,1.0,0.895,895.0,1.0,0.0
ds000164,sub-019,1,10,stroop,congruent,51.384,1.0,0.801,801.0,1.0,0.0
ds000164,sub-019,1,11,stroop,neutral,57.385,1.0,0.854,854.0,1.0,0.0
ds000164,sub-019,1,12,stroop,congruent,60.387,1.0,0.883,883.0,1.0,0.0
ds000164,sub-019,1,13,stroop,neutral,63.388,1.0,0.742,742.0,1.0,0.0
ds000164,sub-019,1,14,stroop,congruent,66.389,1.0,0.731,731.0,1.0,0.0
ds000164,sub-019,1,15,stroop,incongruent,70.89,1.0,0.891,891.0,1.0,1.0
ds000164,sub-019,1,16,stroop,incongruent,76.892,1.0,0.781,781.0,1.0,1.0
ds000164,sub-019,1,17,stroop,neutral,79.894,1.0,0.802,802.0,1.0,0.0
ds000164,sub-019,1,18,stroop,congruent,85.895,1.0,1.049,1049.0,1.0,0.0
ds000164,sub-019,1,19,stroop,congruent,88.897,1.0,0.645,645.0,1.0,0.0
ds000164,sub-019,1,20,stroop,incongruent,91.898,1.0,0.629,629.0,1.0,1.0
ds000164,sub-019,1,21,stroop,incongruent,94.899,1.0,0.636,636.0,1.0,1.0
ds000164,sub-019,1,22,stroop,congruent,99.4,1.0,0.744,744.0,1.0,0.0
ds000164,sub-019,1,23,stroop,incongruent,102.401,1.0,0.72,720.0,1.0,1.0
ds000164,sub-019,1,24,stroop,neutral,105.402,1.0,0.744,744.0,1.0,0.0
ds000164,sub-019,1,25,stroop,neutral,112.903,1.0,0.732,732.0,1.0,0.0
ds000164,sub-019,1,26,stroop,congruent,115.906,1.0,0.829,829.0,1.0,0.0
ds000164,sub-019,1,27,stroop,congruent,118.907,1.0,0.645,645.0,1.0,0.0
ds000164,sub-019,1,28,stroop,congruent,130.908,1.0,0.585,585.0,1.0,0.0
ds000164,sub-019,1,29,stroop,congruent,133.912,1.0,0.746,746.0,1.0,0.0
ds000164,sub-019,1,30,stroop,neutral,136.913,1.0,0.683,683.0,1.0,0.0
ds000164,sub-019,1,31,stroop,neutral,139.914,1.0,0.584,584.0,1.0,0.0
ds000164,sub-019,1,32,stroop,neutral,147.415,1.0,0.886,886.0,1.0,0.0
ds000164,sub-019,1,33,stroop,incongruent,151.917,1.0,0.85,850.0,1.0,1.0
ds000164,sub-019,1,34,stroop,neutral,154.919,1.0,0.674,674.0,1.0,0.0
ds000164,sub-019,1,35,stroop,neutral,162.42,1.0,0.714,714.0,1.0,0.0
ds000164,sub-019,1,36,stroop,neutral,166.922,1.0,0.86,860.0,1.0,0.0
ds000164,sub-019,1,37,stroop,neutral,169.924,1.0,0.682,682.0,1.0,0.0
ds000164,sub-019,1,38,stroop,congruent,178.925,1.0,0.892,892.0,1.0,0.0
ds000164,sub-019,1,39,stroop,incongruent,181.928,1.0,0.964,964.0,1.0,1.0
ds000164,sub-019,1,40,stroop,incongruent,186.429,1.0,0.787,787.0,0.0,1.0
ds000164,sub-019,1,41,stroop,congruent,189.43,1.0,0.633,633.0,1.0,0.0
ds000164,sub-019,1,42,stroop,neutral,195.431,1.0,0.746,746.0,1.0,0.0
ds000164,sub-019,1,43,stroop,incongruent,198.433,1.0,0.763,763.0,1.0,1.0
ds000164,sub-019,1,44,stroop,congruent,201.434,1.0,0.557,557.0,1.0,0.0
ds000164,sub-019,1,45,stroop,congruent,204.435,1.0,0.663,663.0,1.0,0.0
ds000164,sub-019,1,46,stroop,congruent,207.436,1.0,0.637,637.0,1.0,0.0
ds000164,sub-019,1,47,stroop,incongruent,211.937,1.0,0.654,654.0,1.0,1.0
ds000164,sub-019,1,48,stroop,neutral,216.439,1.0,0.664,664.0,1.0,0.0
ds000164,sub-019,1,49,stroop,congruent,219.44,1.0,0.653,653.0,1.0,0.0
ds000164,sub-019,1,50,stroop,congruent,222.441,1.0,0.573,573.0,1.0,0.0
ds000164,sub-019,1,51,stroop,incongruent,225.442,1.0,0.802,802.0,0.0,1.0
ds000164,sub-019,1,52,stroop,incongruent,228.443,1.0,0.0,,0.0,1.0
ds000164,sub-019,1,53,stroop,congruent,231.444,1.0,0.715,715.0,1.0,0.0
ds000164,sub-019,1,54,stroop,neutral,244.945,1.0,0.979,979.0,1.0,0.0
ds000164,sub-019,1,55,stroop,incongruent,247.95,1.0,0.773,773.0,1.0,1.0
ds000164,sub-019,1,56,stroop,incongruent,255.451,1.0,1.107,1107.0,1.0,1.0
ds000164,sub-019,1,57,stroop,incongruent,262.953,1.0,0.84,840.0,1.0,1.0
ds000164,sub-019,1,58,stroop,incongruent,265.956,1.0,1.049,1049.0,1.0,1.0
ds000164,sub-019,1,59,stroop,congruent,268.957,1.0,0.793,793.0,1.0,0.0
ds000164,sub-019,1,60,stroop,neutral,271.958,1.0,0.662,662.0,1.0,0.0
ds000164,sub-019,1,61,stroop,incongruent,274.959,1.0,0.911,911.0,1.0,1.0
ds000164,sub-019,1,62,stroop,incongruent,277.96,1.0,0.723,723.0,1.0,1.0
ds000164,sub-019,1,63,stroop,congruent,280.961,1.0,0.659,659.0,1.0,0.0
ds000164,sub-019,1,64,stroop,congruent,283.962,1.0,0.621,621.0,1.0,0.0
ds000164,sub-019,1,65,stroop,neutral,286.963,1.0,0.64,640.0,1.0,0.0
ds000164,sub-019,1,66,stroop,congruent,289.964,1.0,0.664,664.0,1.0,0.0
ds000164,sub-019,1,67,stroop,neutral,294.465,1.0,0.765,765.0,1.0,0.0
ds000164,sub-019,1,68,stroop,neutral,297.466,1.0,0.629,629.0,1.0,0.0
ds000164,sub-019,1,69,stroop,neutral,304.967,1.0,0.656,656.0,1.0,0.0
ds000164,sub-019,1,70,stroop,congruent,309.47,1.0,0.675,675.0,1.0,0.0
ds000164,sub-019,1,71,stroop,incongruent,313.971,1.0,0.794,794.0,1.0,1.0
ds000164,sub-019,1,72,stroop,neutral,316.973,1.0,0.638,638.0,1.0,0.0
ds000164,sub-019,1,73,stroop,neutral,319.974,1.0,0.575,575.0,1.0,0.0
ds000164,sub-019,1,74,stroop,neutral,322.975,1.0,0.606,606.0,1.0,0.0
ds000164,sub-019,1,75,stroop,incongruent,325.976,1.0,0.745,745.0,1.0,1.0
ds000164,sub-019,1,76,stroop,congruent,333.477,1.0,0.758,758.0,1.0,0.0
ds000164,sub-019,1,77,stroop,neutral,336.479,1.0,0.767,767.0,1.0,0.0
ds000164,sub-019,1,78,stroop,neutral,342.48,1.0,0.693,693.0,1.0,0.0
ds000164,sub-019,1,79,stroop,neutral,345.482,1.0,0.664,664.0,1.0,0.0
ds000164,sub-019,1,80,stroop,neutral,349.983,1.0,1.07,1070.0,1.0,0.0
ds000164,sub-019,1,81,stroop,congruent,352.985,1.0,0.644,644.0,1.0,0.0
ds000164,sub-019,1,82,stroop,congruent,357.486,1.0,0.825,825.0,1.0,0.0
ds000164,sub-019,1,83,stroop,neutral,360.487,1.0,0.738,738.0,1.0,0.0
ds000164,sub-019,1,84,stroop,incongruent,363.488,1.0,1.039,1039.0,1.0,1.0
ds000164,sub-019,1,85,stroop,neutral,367.989,1.0,0.65,650.0,1.0,0.0
ds000164,sub-019,1,86,stroop,neutral,370.991,1.0,0.629,629.0,1.0,0.0
ds000164,sub-019,1,87,stroop,incongruent,375.492,1.0,0.885,885.0,1.0,1.0
ds000164,sub-019,1,88,stroop,congruent,378.493,1.0,0.982,982.0,1.0,0.0
ds000164,sub-019,1,89,stroop,neutral,385.994,1.0,0.824,824.0,1.0,0.0
ds000164,sub-019,1,90,stroop,congruent,393.497,1.0,0.674,674.0,1.0,0.0
ds000164,sub-019,1,91,stroop,congruent,396.499,1.0,0.848,848.0,1.0,0.0
ds000164,sub-019,1,92,stroop,neutral,401.0,1.0,0.759,759.0,1.0,0.0
ds000164,sub-019,1,93,stroop,congruent,404.002,1.0,0.683,683.0,1.0,0.0
ds000164,sub-019,1,94,stroop,congruent,407.003,1.0,0.645,645.0,1.0,0.0
ds000164,sub-019,1,95,stroop,neutral,410.004,1.0,0.742,742.0,1.0,0.0
ds000164,sub-019,1,96,stroop,incongruent,414.505,1.0,0.716,716.0,1.0,1.0
ds000164,sub-019,1,97,stroop,congruent,417.506,1.0,0.622,622.0,1.0,0.0
ds000164,sub-019,1,98,stroop,neutral,420.507,1.0,0.644,644.0,1.0,0.0
ds000164,sub-019,1,99,stroop,neutral,425.008,1.0,0.744,744.0,1.0,0.0
ds000164,sub-019,1,100,stroop,neutral,428.01,1.0,0.658,658.0,1.0,0.0
ds000164,sub-019,1,101,stroop,congruent,432.511,1.0,0.677,677.0,1.0,0.0
ds000164,sub-019,1,102,stroop,neutral,435.512,1.0,0.601,601.0,1.0,0.0
ds000164,sub-019,1,103,stroop,neutral,438.514,1.0,0.735,735.0,1.0,0.0
ds000164,sub-019,1,104,stroop,incongruent,441.515,1.0,0.642,642.0,1.0,1.0
ds000164,sub-019,1,105,stroop,neutral,452.016,1.0,0.641,641.0,1.0,0.0
ds000164,sub-019,1,106,stroop,congruent,459.519,1.0,0.732,732.0,1.0,0.0
ds000164,sub-019,1,107,stroop,incongruent,462.522,1.0,1.081,1081.0,1.0,1.0
ds000164,sub-019,1,108,stroop,incongruent,465.523,1.0,0.63,630.0,1.0,1.0
ds000164,sub-019,1,109,stroop,congruent,479.024,1.0,0.72,720.0,1.0,0.0
ds000164,sub-019,1,110,stroop,incongruent,485.028,1.0,0.775,775.0,1.0,1.0
ds000164,sub-019,1,111,stroop,congruent,488.03,1.0,0.672,672.0,1.0,0.0
ds000164,sub-019,1,112,stroop,incongruent,491.031,1.0,0.696,696.0,1.0,1.0
ds000164,sub-019,1,113,stroop,incongruent,498.532,1.0,0.777,777.0,1.0,1.0
ds000164,sub-019,1,114,stroop,congruent,509.035,1.0,0.708,708.0,1.0,0.0
ds000164,sub-019,1,115,stroop,neutral,512.038,1.0,0.675,675.0,1.0,0.0
ds000164,sub-019,1,116,stroop,congruent,521.039,1.0,0.637,637.0,1.0,0.0
ds000164,sub-019,1,117,stroop,incongruent,525.542,1.0,0.763,763.0,1.0,1.0
ds000164,sub-019,1,118,stroop,incongruent,528.544,1.0,0.845,845.0,1.0,1.0
ds000164,sub-019,1,119,stroop,incongruent,534.545,1.0,0.855,855.0,1.0,1.0
ds000164,sub-020,1,1,stroop,neutral,0.374,1.0,1.093,1093.0,1.0,0.0
ds000164,sub-020,1,2,stroop,neutral,4.887,1.0,1.111,1111.0,1.0,0.0
ds000164,sub-020,1,3,stroop,congruent,7.889,1.0,0.848,848.0,1.0,0.0
ds000164,sub-020,1,4,stroop,congruent,10.89,1.0,0.722,722.0,1.0,0.0
ds000164,sub-020,1,5,stroop,neutral,18.391,1.0,0.927,927.0,1.0,0.0
ds000164,sub-020,1,6,stroop,incongruent,27.394,1.0,0.82,820.0,0.0,1.0
ds000164,sub-020,1,7,stroop,congruent,36.397,1.0,1.215,1215.0,1.0,0.0
ds000164,sub-020,1,8,stroop,neutral,39.4,1.0,0.654,654.0,1.0,0.0
ds000164,sub-020,1,9,stroop,congruent,46.901,1.0,0.798,798.0,1.0,0.0
ds000164,sub-020,1,10,stroop,neutral,51.403,1.0,0.795,795.0,1.0,0.0
ds000164,sub-020,1,11,stroop,congruent,55.905,1.0,0.7,700.0,1.0,0.0
ds000164,sub-020,1,12,stroop,incongruent,58.906,1.0,1.033,1033.0,1.0,1.0
ds000164,sub-020,1,13,stroop,congruent,64.907,1.0,0.811,811.0,1.0,0.0
ds000164,sub-020,1,14,stroop,congruent,69.409,1.0,0.842,842.0,1.0,0.0
ds000164,sub-020,1,15,stroop,incongruent,73.911,1.0,1.0,1000.0,1.0,1.0
ds000164,sub-020,1,16,stroop,congruent,79.912,1.0,0.851,851.0,1.0,0.0
ds000164,sub-020,1,17,stroop,congruent,82.914,1.0,0.665,665.0,1.0,0.0
ds000164,sub-020,1,18,stroop,neutral,85.915,1.0,0.799,799.0,0.0,0.0
ds000164,sub-020,1,19,stroop,incongruent,88.916,1.0,1.188,1188.0,1.0,1.0
ds000164,sub-020,1,20,stroop,congruent,91.917,1.0,0.674,674.0,1.0,0.0
ds000164,sub-020,1,21,stroop,congruent,96.418,1.0,0.81,810.0,1.0,0.0
ds000164,sub-020,1,22,stroop,incongruent,105.42,1.0,1.063,1063.0,1.0,1.0
ds000164,sub-020,1,23,stroop,congruent,108.423,1.0,0.769,769.0,1.0,0.0
ds000164,sub-020,1,24,stroop,incongruent,111.424,1.0,1.003,1002.9999999999999,1.0,1.0
ds000164,sub-020,1,25,stroop,neutral,114.425,1.0,0.797,797.0,1.0,0.0
ds000164,sub-020,1,26,stroop,neutral,120.426,1.0,0.918,918.0,1.0,0.0
ds000164,sub-020,1,27,stroop,neutral,124.928,1.0,0.739,739.0,1.0,0.0
ds000164,sub-020,1,28,stroop,incongruent,127.929,1.0,0.898,898.0,0.0,1.0
ds000164,sub-020,1,29,stroop,neutral,130.93,1.0,0.777,777.0,1.0,0.0
ds000164,sub-020,1,30,stroop,neutral,133.931,1.0,0.736,736.0,1.0,0.0
ds000164,sub-020,1,31,stroop,neutral,136.933,1.0,1.028,1028.0,1.0,0.0
ds000164,sub-020,1,32,stroop,congruent,139.934,1.0,0.755,755.0,1.0,0.0
ds000164,sub-020,1,33,stroop,congruent,144.435,1.0,0.896,896.0,1.0,0.0
ds000164,sub-020,1,34,stroop,incongruent,147.436,1.0,1.097,1097.0,1.0,1.0
ds000164,sub-020,1,35,stroop,neutral,150.437,1.0,0.956,956.0,1.0,0.0
ds000164,sub-020,1,36,stroop,incongruent,154.938,1.0,0.93,930.0,0.0,1.0
ds000164,sub-020,1,37,stroop,congruent,157.94,1.0,0.802,802.0,1.0,0.0
ds000164,sub-020,1,38,stroop,congruent,160.941,1.0,0.728,728.0,1.0,0.0
ds000164,sub-020,1,39,stroop,neutral,163.942,1.0,0.777,777.0,1.0,0.0
ds000164,sub-020,1,40,stroop,congruent,166.943,1.0,0.809,809.0,1.0,0.0
ds000164,sub-020,1,41,stroop,neutral,169.944,1.0,0.648,648.0,1.0,0.0
ds000164,sub-020,1,42,stroop,incongruent,172.945,1.0,0.839,839.0,1.0,1.0
ds000164,sub-020,1,43,stroop,neutral,175.946,1.0,1.058,1058.0,1.0,0.0
ds000164,sub-020,1,44,stroop,congruent,178.947,1.0,0.997,997.0,1.0,0.0
ds000164,sub-020,1,45,stroop,congruent,187.948,1.0,0.88,880.0,1.0,0.0
ds000164,sub-020,1,46,stroop,incongruent,190.951,1.0,0.944,944.0,1.0,1.0
ds000164,sub-020,1,47,stroop,incongruent,193.952,1.0,1.018,1018.0,1.0,1.0
ds000164,sub-020,1,48,stroop,neutral,199.953,1.0,0.809,809.0,1.0,0.0
ds000164,sub-020,1,49,stroop,incongruent,205.955,1.0,0.982,982.0,1.0,1.0
ds000164,sub-020,1,50,stroop,neutral,208.957,1.0,0.718,718.0,0.0,0.0
ds000164,sub-020,1,51,stroop,neutral,211.958,1.0,0.712,712.0,1.0,0.0
ds000164,sub-020,1,52,stroop,congruent,214.959,1.0,0.778,778.0,1.0,0.0
ds000164,sub-020,1,53,stroop,neutral,217.96,1.0,0.872,872.0,1.0,0.0
ds000164,sub-020,1,54,stroop,congruent,220.961,1.0,0.954,954.0,1.0,0.0
ds000164,sub-020,1,55,stroop,incongruent,223.962,1.0,0.796,796.0,1.0,1.0
ds000164,sub-020,1,56,stroop,incongruent,226.963,1.0,0.965,965.0,1.0,1.0
ds000164,sub-020,1,57,stroop,neutral,229.964,1.0,0.756,756.0,1.0,0.0
ds000164,sub-020,1,58,stroop,neutral,246.465,1.0,0.911,911.0,1.0,0.0
ds000164,sub-020,1,59,stroop,neutral,255.47,1.0,1.031,1031.0,1.0,0.0
ds000164,sub-020,1,60,stroop,incongruent,258.473,1.0,0.957,957.0,1.0,1.0
ds000164,sub-020,1,61,stroop,incongruent,262.975,1.0,0.901,901.0,1.0,1.0
ds000164,sub-020,1,62,stroop,congruent,267.476,1.0,0.87,870.0,1.0,0.0
ds000164,sub-020,1,63,stroop,incongruent,271.978,1.0,0.966,966.0,1.0,1.0
ds000164,sub-020,1,64,stroop,congruent,274.979,1.0,0.77,770.0,1.0,0.0
ds000164,sub-020,1,65,stroop,neutral,279.48,1.0,0.649,649.0,1.0,0.0
ds000164,sub-020,1,66,stroop,incongruent,285.482,1.0,1.022,1022.0,0.0,1.0
ds000164,sub-020,1,67,stroop,congruent,288.484,1.0,0.746,746.0,1.0,0.0
ds000164,sub-020,1,68,stroop,neutral,294.485,1.0,0.774,774.0,1.0,0.0
ds000164,sub-020,1,69,stroop,incongruent,297.487,1.0,0.96,960.0,1.0,1.0
ds000164,sub-020,1,70,stroop,neutral,300.488,1.0,0.723,723.0,1.0,0.0
ds000164,sub-020,1,71,stroop,neutral,303.489,1.0,0.767,767.0,1.0,0.0
ds000164,sub-020,1,72,stroop,congruent,313.99,1.0,0.943,943.0,1.0,0.0
ds000164,sub-020,1,73,stroop,congruent,318.493,1.0,0.719,719.0,1.0,0.0
ds000164,sub-020,1,74,stroop,congruent,321.495,1.0,0.868,868.0,1.0,0.0
ds000164,sub-020,1,75,stroop,congruent,325.996,1.0,0.954,954.0,1.0,0.0
ds000164,sub-020,1,76,stroop,congruent,328.997,1.0,0.765,765.0,1.0,0.0
ds000164,sub-020,1,77,stroop,congruent,349.998,1.0,0.897,897.0,1.0,0.0
ds000164,sub-020,1,78,stroop,neutral,353.005,1.0,0.791,791.0,1.0,0.0
ds000164,sub-020,1,79,stroop,neutral,356.006,1.0,0.895,895.0,1.0,0.0
ds000164,sub-020,1,80,stroop,neutral,359.007,1.0,0.901,901.0,1.0,0.0
ds000164,sub-020,1,81,stroop,incongruent,366.508,1.0,1.021,1020.9999999999999,1.0,1.0
ds000164,sub-020,1,82,stroop,neutral,369.511,1.0,0.765,765.0,1.0,0.0
ds000164,sub-020,1,83,stroop,neutral,377.012,1.0,0.813,813.0,1.0,0.0
ds000164,sub-020,1,84,stroop,incongruent,389.015,1.0,1.127,1127.0,1.0,1.0
ds000164,sub-020,1,85,stroop,neutral,392.019,1.0,0.801,801.0,1.0,0.0
ds000164,sub-020,1,86,stroop,incongruent,395.02,1.0,0.903,903.0,1.0,1.0
ds000164,sub-020,1,87,stroop,congruent,398.021,1.0,0.777,777.0,1.0,0.0
ds000164,sub-020,1,88,stroop,incongruent,402.522,1.0,0.85,850.0,0.0,1.0
ds000164,sub-020,1,89,stroop,incongruent,407.023,1.0,0.914,914.0,1.0,1.0
ds000164,sub-020,1,90,stroop,neutral,410.025,1.0,0.993,993.0,1.0,0.0
ds000164,sub-020,1,91,stroop,congruent,416.026,1.0,1.113,1113.0,1.0,0.0
ds000164,sub-020,1,92,stroop,incongruent,419.028,1.0,0.891,891.0,1.0,1.0
ds000164,sub-020,1,93,stroop,incongruent,422.029,1.0,0.96,960.0,1.0,1.0
ds000164,sub-020,1,94,stroop,incongruent,425.03,1.0,0.931,931.0,1.0,1.0
ds000164,sub-020,1,95,stroop,congruent,431.031,1.0,0.857,857.0,1.0,0.0
ds000164,sub-020,1,96,stroop,neutral,435.533,1.0,0.917,917.0,0.0,0.0
ds000164,sub-020,1,97,stroop,congruent,441.534,1.0,1.165,1165.0,1.0,0.0
ds000164,sub-020,1,98,stroop,neutral,444.536,1.0,0.754,754.0,1.0,0.0
ds000164,sub-020,1,99,stroop,incongruent,449.037,1.0,0.911,911.0,1.0,1.0
ds000164,sub-020,1,100,stroop,neutral,452.039,1.0,0.717,717.0,1.0,0.0
ds000164,sub-020,1,101,stroop,congruent,458.04,1.0,0.76,760.0,1.0,0.0
ds000164,sub-020,1,102,stroop,congruent,462.542,1.0,0.917,917.0,1.0,0.0
ds000164,sub-020,1,103,stroop,incongruent,465.543,1.0,0.958,958.0,0.0,1.0
ds000164,sub-020,1,104,stroop,congruent,468.544,1.0,0.747,747.0,1.0,0.0
ds000164,sub-020,1,105,stroop,congruent,474.545,1.0,0.738,738.0,1.0,0.0
ds000164,sub-020,1,106,stroop,incongruent,477.547,1.0,0.914,914.0,1.0,1.0
ds000164,sub-020,1,107,stroop,neutral,483.548,1.0,0.755,755.0,1.0,0.0
ds000164,sub-020,1,108,stroop,congruent,486.55,1.0,0.769,769.0,1.0,0.0
ds000164,sub-020,1,109,stroop,incongruent,491.051,1.0,0.949,949.0,1.0,1.0
ds000164,sub-020,1,110,stroop,neutral,497.053,1.0,0.866,866.0,1.0,0.0
ds000164,sub-020,1,111,stroop,incongruent,500.055,1.0,0.942,942.0,1.0,1.0
ds000164,sub-020,1,112,stroop,congruent,503.056,1.0,0.911,911.0,1.0,0.0
ds000164,sub-020,1,113,stroop,incongruent,506.057,1.0,0.963,963.0,1.0,1.0
ds000164,sub-020,1,114,stroop,congruent,509.058,1.0,0.924,924.0,1.0,0.0
ds000164,sub-020,1,115,stroop,incongruent,513.559,1.0,0.933,933.0,1.0,1.0
ds000164,sub-020,1,116,stroop,incongruent,516.561,1.0,0.872,872.0,1.0,1.0
ds000164,sub-020,1,117,stroop,neutral,524.062,1.0,0.997,997.0,1.0,0.0
ds000164,sub-020,1,118,stroop,neutral,531.564,1.0,1.18,1180.0,1.0,0.0
ds000164,sub-020,1,119,stroop,congruent,534.567,1.0,0.974,974.0,1.0,0.0
ds000164,sub-021,1,1,stroop,congruent,0.396,1.0,1.229,1229.0,1.0,0.0
ds000164,sub-021,1,2,stroop,neutral,3.406,1.0,0.794,794.0,1.0,0.0
ds000164,sub-021,1,3,stroop,neutral,6.407,1.0,0.62,620.0,1.0,0.0
ds000164,sub-021,1,4,stroop,neutral,9.408,1.0,0.632,632.0,1.0,0.0
ds000164,sub-021,1,5,stroop,incongruent,13.909,1.0,0.675,675.0,1.0,1.0
ds000164,sub-021,1,6,stroop,neutral,16.91,1.0,0.719,719.0,1.0,0.0
ds000164,sub-021,1,7,stroop,neutral,24.411,1.0,0.792,792.0,1.0,0.0
ds000164,sub-021,1,8,stroop,neutral,27.414,1.0,0.763,763.0,1.0,0.0
ds000164,sub-021,1,9,stroop,neutral,34.915,1.0,0.695,695.0,1.0,0.0
ds000164,sub-021,1,10,stroop,incongruent,46.917,1.0,0.76,760.0,1.0,1.0
ds000164,sub-021,1,11,stroop,incongruent,60.421,1.0,0.72,720.0,1.0,1.0
ds000164,sub-021,1,12,stroop,neutral,64.926,1.0,0.904,904.0,1.0,0.0
ds000164,sub-021,1,13,stroop,incongruent,73.927,1.0,0.676,676.0,1.0,1.0
ds000164,sub-021,1,14,stroop,incongruent,76.93,1.0,0.767,767.0,1.0,1.0
ds000164,sub-021,1,15,stroop,neutral,87.431,1.0,0.957,957.0,1.0,0.0
ds000164,sub-021,1,16,stroop,incongruent,93.435,1.0,0.692,692.0,1.0,1.0
ds000164,sub-021,1,17,stroop,neutral,96.437,1.0,0.834,834.0,1.0,0.0
ds000164,sub-021,1,18,stroop,congruent,99.438,1.0,0.7,700.0,1.0,0.0
ds000164,sub-021,1,19,stroop,congruent,102.439,1.0,0.624,624.0,1.0,0.0
ds000164,sub-021,1,20,stroop,incongruent,105.44,1.0,0.843,843.0,1.0,1.0
ds000164,sub-021,1,21,stroop,congruent,111.441,1.0,0.639,639.0,1.0,0.0
ds000164,sub-021,1,22,stroop,congruent,114.443,1.0,0.75,750.0,1.0,0.0
ds000164,sub-021,1,23,stroop,congruent,117.444,1.0,0.632,632.0,1.0,0.0
ds000164,sub-021,1,24,stroop,congruent,120.445,1.0,0.721,721.0,1.0,0.0
ds000164,sub-021,1,25,stroop,neutral,123.446,1.0,0.698,698.0,1.0,0.0
ds000164,sub-021,1,26,stroop,incongruent,126.447,1.0,0.692,692.0,1.0,1.0
ds000164,sub-021,1,27,stroop,neutral,130.948,1.0,0.716,716.0,1.0,0.0
ds000164,sub-021,1,28,stroop,congruent,135.45,1.0,0.639,639.0,1.0,0.0
ds000164,sub-021,1,29,stroop,incongruent,142.951,1.0,1.025,1025.0,1.0,1.0
ds000164,sub-021,1,30,stroop,congruent,151.954,1.0,0.872,872.0,1.0,0.0
ds000164,sub-021,1,31,stroop,incongruent,156.457,1.0,0.645,645.0,1.0,1.0
ds000164,sub-021,1,32,stroop,incongruent,160.958,1.0,0.751,751.0,1.0,1.0
ds000164,sub-021,1,33,stroop,congruent,166.96,1.0,0.635,635.0,1.0,0.0
ds000164,sub-021,1,34,stroop,incongruent,169.962,1.0,0.842,842.0,1.0,1.0
ds000164,sub-021,1,35,stroop,congruent,172.963,1.0,0.618,618.0,1.0,0.0
ds000164,sub-021,1,36,stroop,congruent,178.964,1.0,0.649,649.0,1.0,0.0
ds000164,sub-021,1,37,stroop,congruent,181.966,1.0,0.659,659.0,1.0,0.0
ds000164,sub-021,1,38,stroop,neutral,186.467,1.0,0.753,753.0,1.0,0.0
ds000164,sub-021,1,39,stroop,congruent,190.968,1.0,0.664,664.0,1.0,0.0
ds000164,sub-021,1,40,stroop,congruent,193.97,1.0,0.77,770.0,1.0,0.0
ds000164,sub-021,1,41,stroop,neutral,196.971,1.0,0.832,832.0,1.0,0.0
ds000164,sub-021,1,42,stroop,congruent,199.972,1.0,0.723,723.0,1.0,0.0
ds000164,sub-021,1,43,stroop,incongruent,204.473,1.0,0.928,928.0,1.0,1.0
ds000164,sub-021,1,44,stroop,incongruent,207.474,1.0,0.88,880.0,1.0,1.0
ds000164,sub-021,1,45,stroop,neutral,210.475,1.0,0.804,804.0,1.0,0.0
ds000164,sub-021,1,46,stroop,incongruent,213.476,1.0,0.94,940.0,1.0,1.0
ds000164,sub-021,1,47,stroop,neutral,216.477,1.0,0.662,662.0,1.0,0.0
ds000164,sub-021,1,48,stroop,congruent,219.479,1.0,0.658,658.0,1.0,0.0
ds000164,sub-021,1,49,stroop,neutral,222.48,1.0,0.642,642.0,1.0,0.0
ds000164,sub-021,1,50,stroop,neutral,225.481,1.0,0.686,686.0,1.0,0.0
ds000164,sub-021,1,51,stroop,congruent,228.482,1.0,0.665,665.0,1.0,0.0
ds000164,sub-021,1,52,stroop,congruent,231.483,1.0,0.622,622.0,1.0,0.0
ds000164,sub-021,1,53,stroop,incongruent,237.484,1.0,0.78,780.0,1.0,1.0
ds000164,sub-021,1,54,stroop,neutral,240.486,1.0,0.766,766.0,1.0,0.0
ds000164,sub-021,1,55,stroop,congruent,246.487,1.0,0.59,590.0,1.0,0.0
ds000164,sub-021,1,56,stroop,congruent,249.489,1.0,0.684,684.0,1.0,0.0
ds000164,sub-021,1,57,stroop,neutral,252.49,1.0,0.728,728.0,1.0,0.0
ds000164,sub-021,1,58,stroop,incongruent,258.491,1.0,0.791,791.0,1.0,1.0
ds000164,sub-021,1,59,stroop,incongruent,261.493,1.0,0.72,720.0,1.0,1.0
ds000164,sub-021,1,60,stroop,congruent,264.494,1.0,0.707,707.0,1.0,0.0
ds000164,sub-021,1,61,stroop,incongruent,270.495,1.0,0.972,972.0,1.0,1.0
ds000164,sub-021,1,62,stroop,congruent,277.997,1.0,0.694,694.0,1.0,0.0
ds000164,sub-021,1,63,stroop,incongruent,282.499,1.0,1.158,1158.0,1.0,1.0
ds000164,sub-021,1,64,stroop,neutral,288.501,1.0,0.712,712.0,1.0,0.0
ds000164,sub-021,1,65,stroop,neutral,291.503,1.0,0.704,704.0,1.0,0.0
ds000164,sub-021,1,66,stroop,incongruent,296.004,1.0,0.674,674.0,1.0,1.0
ds000164,sub-021,1,67,stroop,congruent,300.505,1.0,0.673,673.0,1.0,0.0
ds000164,sub-021,1,68,stroop,congruent,303.507,1.0,0.821,821.0,1.0,0.0
ds000164,sub-021,1,69,stroop,incongruent,306.508,1.0,0.755,755.0,0.0,1.0
ds000164,sub-021,1,70,stroop,congruent,317.009,1.0,0.82,820.0,1.0,0.0
ds000164,sub-021,1,71,stroop,neutral,323.012,1.0,0.635,635.0,1.0,0.0
ds000164,sub-021,1,72,stroop,neutral,326.014,1.0,0.86,860.0,1.0,0.0
ds000164,sub-021,1,73,stroop,neutral,329.015,1.0,0.697,697.0,1.0,0.0
ds000164,sub-021,1,74,stroop,incongruent,332.016,1.0,0.866,866.0,1.0,1.0
ds000164,sub-021,1,75,stroop,incongruent,338.017,1.0,0.966,966.0,1.0,1.0
ds000164,sub-021,1,76,stroop,neutral,342.519,1.0,0.697,697.0,1.0,0.0
ds000164,sub-021,1,77,stroop,incongruent,345.521,1.0,0.883,883.0,1.0,1.0
ds000164,sub-021,1,78,stroop,incongruent,350.022,1.0,1.302,1302.0,0.0,1.0
ds000164,sub-021,1,79,stroop,neutral,353.024,1.0,0.769,769.0,1.0,0.0
ds000164,sub-021,1,80,stroop,incongruent,357.525,1.0,0.709,709.0,1.0,1.0
ds000164,sub-021,1,81,stroop,congruent,360.526,1.0,0.873,873.0,1.0,0.0
ds000164,sub-021,1,82,stroop,congruent,363.527,1.0,0.665,665.0,1.0,0.0
ds000164,sub-021,1,83,stroop,incongruent,368.028,1.0,0.742,742.0,1.0,1.0
ds000164,sub-021,1,84,stroop,incongruent,374.03,1.0,0.688,688.0,1.0,1.0
ds000164,sub-021,1,85,stroop,incongruent,377.032,1.0,0.902,902.0,1.0,1.0
ds000164,sub-021,1,86,stroop,congruent,383.033,1.0,0.927,927.0,1.0,0.0
ds000164,sub-021,1,87,stroop,congruent,387.535,1.0,0.805,805.0,1.0,0.0
ds000164,sub-021,1,88,stroop,neutral,392.036,1.0,0.694,694.0,1.0,0.0
ds000164,sub-021,1,89,stroop,congruent,401.038,1.0,1.084,1084.0,1.0,0.0
ds000164,sub-021,1,90,stroop,congruent,405.541,1.0,0.788,788.0,1.0,0.0
ds000164,sub-021,1,91,stroop,congruent,413.042,1.0,0.918,918.0,1.0,0.0
ds000164,sub-021,1,92,stroop,neutral,416.045,1.0,0.877,877.0,1.0,0.0
ds000164,sub-021,1,93,stroop,neutral,419.046,1.0,0.956,956.0,1.0,0.0
ds000164,sub-021,1,94,stroop,congruent,422.047,1.0,0.81,810.0,1.0,0.0
ds000164,sub-021,1,95,stroop,congruent,425.048,1.0,0.838,838.0,1.0,0.0
ds000164,sub-021,1,96,stroop,neutral,428.049,1.0,0.825,825.0,1.0,0.0
ds000164,sub-021,1,97,stroop,neutral,432.55,1.0,0.961,961.0,1.0,0.0
ds000164,sub-021,1,98,stroop,congruent,435.551,1.0,0.863,863.0,1.0,0.0
ds000164,sub-021,1,99,stroop,congruent,444.552,1.0,0.721,721.0,1.0,0.0
ds000164,sub-021,1,100,stroop,neutral,447.555,1.0,0.782,782.0,1.0,0.0
ds000164,sub-021,1,101,stroop,neutral,452.056,1.0,0.943,943.0,1.0,0.0
ds000164,sub-021,1,102,stroop,congruent,456.558,1.0,0.719,719.0,1.0,0.0
ds000164,sub-021,1,103,stroop,neutral,462.559,1.0,0.78,780.0,1.0,0.0
ds000164,sub-021,1,104,stroop,neutral,465.561,1.0,0.751,751.0,1.0,0.0
ds000164,sub-021,1,105,stroop,congruent,471.563,1.0,0.594,594.0,1.0,0.0
ds000164,sub-021,1,106,stroop,incongruent,476.065,1.0,1.537,1537.0,1.0,1.0
ds000164,sub-021,1,107,stroop,incongruent,480.566,1.0,0.706,706.0,1.0,1.0
ds000164,sub-021,1,108,stroop,neutral,486.568,1.0,0.733,733.0,1.0,0.0
ds000164,sub-021,1,109,stroop,incongruent,491.07,1.0,1.176,1176.0,1.0,1.0
ds000164,sub-021,1,110,stroop,neutral,494.071,1.0,0.827,827.0,1.0,0.0
ds000164,sub-021,1,111,stroop,congruent,498.572,1.0,0.576,576.0,1.0,0.0
ds000164,sub-021,1,112,stroop,neutral,503.074,1.0,0.772,772.0,1.0,0.0
ds000164,sub-021,1,113,stroop,neutral,506.075,1.0,0.866,866.0,1.0,0.0
ds000164,sub-021,1,114,stroop,neutral,509.076,1.0,0.737,737.0,1.0,0.0
ds000164,sub-021,1,115,stroop,neutral,512.077,1.0,0.841,841.0,1.0,0.0
ds000164,sub-021,1,116,stroop,incongruent,516.578,1.0,0.925,925.0,1.0,1.0
ds000164,sub-021,1,117,stroop,incongruent,519.58,1.0,1.139,1139.0,1.0,1.0
ds000164,sub-021,1,118,stroop,incongruent,524.081,1.0,1.277,1277.0,0.0,1.0
ds000164,sub-021,1,119,stroop,congruent,527.082,1.0,0.847,847.0,1.0,0.0
ds000164,sub-022,1,1,stroop,congruent,1.895,1.0,0.954,954.0,0.0,0.0
ds000164,sub-022,1,2,stroop,incongruent,4.901,1.0,0.73,730.0,1.0,1.0
ds000164,sub-022,1,3,stroop,congruent,9.402,1.0,0.786,786.0,1.0,0.0
ds000164,sub-022,1,4,stroop,neutral,12.403,1.0,0.96,960.0,1.0,0.0
ds000164,sub-022,1,5,stroop,congruent,16.904,1.0,0.649,649.0,1.0,0.0
ds000164,sub-022,1,6,stroop,incongruent,19.906,1.0,1.088,1088.0,1.0,1.0
ds000164,sub-022,1,7,stroop,neutral,22.907,1.0,0.89,890.0,1.0,0.0
ds000164,sub-022,1,8,stroop,neutral,34.908,1.0,1.035,1035.0,1.0,0.0
ds000164,sub-022,1,9,stroop,neutral,40.912,1.0,0.756,756.0,1.0,0.0
ds000164,sub-022,1,10,stroop,neutral,43.914,1.0,0.632,632.0,1.0,0.0
ds000164,sub-022,1,11,stroop,congruent,52.915,1.0,1.047,1047.0,1.0,0.0
ds000164,sub-022,1,12,stroop,neutral,55.918,1.0,0.711,711.0,1.0,0.0
ds000164,sub-022,1,13,stroop,neutral,60.419,1.0,0.837,837.0,1.0,0.0
ds000164,sub-022,1,14,stroop,incongruent,63.42,1.0,1.195,1195.0,0.0,1.0
ds000164,sub-022,1,15,stroop,incongruent,66.421,1.0,0.909,909.0,1.0,1.0
ds000164,sub-022,1,16,stroop,neutral,70.923,1.0,0.744,744.0,1.0,0.0
ds000164,sub-022,1,17,stroop,neutral,73.924,1.0,0.948,948.0,1.0,0.0
ds000164,sub-022,1,18,stroop,congruent,76.925,1.0,0.62,620.0,1.0,0.0
ds000164,sub-022,1,19,stroop,neutral,79.926,1.0,0.764,764.0,1.0,0.0
ds000164,sub-022,1,20,stroop,incongruent,82.927,1.0,1.03,1030.0,1.0,1.0
ds000164,sub-022,1,21,stroop,congruent,85.928,1.0,0.687,687.0,1.0,0.0
ds000164,sub-022,1,22,stroop,incongruent,88.929,1.0,1.088,1088.0,1.0,1.0
ds000164,sub-022,1,23,stroop,incongruent,91.93,1.0,0.925,925.0,1.0,1.0
ds000164,sub-022,1,24,stroop,congruent,94.931,1.0,0.721,721.0,1.0,0.0
ds000164,sub-022,1,25,stroop,congruent,99.432,1.0,0.88,880.0,1.0,0.0
ds000164,sub-022,1,26,stroop,neutral,102.434,1.0,0.74,740.0,1.0,0.0
ds000164,sub-022,1,27,stroop,neutral,105.435,1.0,0.847,847.0,1.0,0.0
ds000164,sub-022,1,28,stroop,congruent,108.436,1.0,0.823,823.0,1.0,0.0
ds000164,sub-022,1,29,stroop,neutral,111.437,1.0,0.732,732.0,1.0,0.0
ds000164,sub-022,1,30,stroop,neutral,117.438,1.0,0.87,870.0,1.0,0.0
ds000164,sub-022,1,31,stroop,neutral,120.44,1.0,0.734,734.0,1.0,0.0
ds000164,sub-022,1,32,stroop,incongruent,123.441,1.0,0.751,751.0,1.0,1.0
ds000164,sub-022,1,33,stroop,congruent,127.942,1.0,0.601,601.0,1.0,0.0
ds000164,sub-022,1,34,stroop,incongruent,136.943,1.0,1.238,1238.0,1.0,1.0
ds000164,sub-022,1,35,stroop,neutral,141.446,1.0,1.042,1042.0,1.0,0.0
ds000164,sub-022,1,36,stroop,congruent,147.448,1.0,0.75,750.0,1.0,0.0
ds000164,sub-022,1,37,stroop,congruent,153.45,1.0,0.641,641.0,1.0,0.0
ds000164,sub-022,1,38,stroop,incongruent,156.452,1.0,0.767,767.0,0.0,1.0
ds000164,sub-022,1,39,stroop,incongruent,159.453,1.0,0.836,836.0,1.0,1.0
ds000164,sub-022,1,40,stroop,incongruent,163.954,1.0,0.0,,0.0,1.0
ds000164,sub-022,1,41,stroop,incongruent,168.455,1.0,1.073,1073.0,1.0,1.0
ds000164,sub-022,1,42,stroop,neutral,171.457,1.0,0.832,832.0,1.0,0.0
ds000164,sub-022,1,43,stroop,incongruent,175.958,1.0,0.869,869.0,1.0,1.0
ds000164,sub-022,1,44,stroop,congruent,178.959,1.0,0.85,850.0,1.0,0.0
ds000164,sub-022,1,45,stroop,neutral,186.46,1.0,0.916,916.0,1.0,0.0
ds000164,sub-022,1,46,stroop,congruent,199.963,1.0,0.792,792.0,1.0,0.0
ds000164,sub-022,1,47,stroop,congruent,202.968,1.0,0.598,598.0,1.0,0.0
ds000164,sub-022,1,48,stroop,congruent,208.969,1.0,0.746,746.0,1.0,0.0
ds000164,sub-022,1,49,stroop,incongruent,217.971,1.0,0.688,688.0,1.0,1.0
ds000164,sub-022,1,50,stroop,congruent,225.474,1.0,0.766,766.0,1.0,0.0
ds000164,sub-022,1,51,stroop,congruent,228.476,1.0,0.598,598.0,1.0,0.0
ds000164,sub-022,1,52,stroop,neutral,231.477,1.0,0.944,944.0,1.0,0.0
ds000164,sub-022,1,53,stroop,incongruent,234.478,1.0,0.0,,0.0,1.0
ds000164,sub-022,1,54,stroop,incongruent,237.479,1.0,0.792,792.0,1.0,1.0
ds000164,sub-022,1,55,stroop,incongruent,247.98,1.0,1.194,1194.0,1.0,1.0
ds000164,sub-022,1,56,stroop,neutral,250.984,1.0,0.951,951.0,1.0,0.0
ds000164,sub-022,1,57,stroop,neutral,253.985,1.0,0.737,737.0,1.0,0.0
ds000164,sub-022,1,58,stroop,congruent,256.986,1.0,1.014,1014.0,0.0,0.0
ds000164,sub-022,1,59,stroop,incongruent,264.487,1.0,1.158,1158.0,0.0,1.0
ds000164,sub-022,1,60,stroop,neutral,267.489,1.0,0.833,833.0,1.0,0.0
ds000164,sub-022,1,61,stroop,congruent,270.49,1.0,0.675,675.0,1.0,0.0
ds000164,sub-022,1,62,stroop,incongruent,274.991,1.0,1.088,1088.0,1.0,1.0
ds000164,sub-022,1,63,stroop,congruent,292.993,1.0,0.702,702.0,1.0,0.0
ds000164,sub-022,1,64,stroop,neutral,295.999,1.0,0.836,836.0,1.0,0.0
ds000164,sub-022,1,65,stroop,neutral,300.5,1.0,0.817,817.0,1.0,0.0
ds000164,sub-022,1,66,stroop,congruent,303.501,1.0,0.664,664.0,1.0,0.0
ds000164,sub-022,1,67,stroop,incongruent,306.502,1.0,0.759,759.0,0.0,1.0
ds000164,sub-022,1,68,stroop,congruent,311.004,1.0,0.802,802.0,1.0,0.0
ds000164,sub-022,1,69,stroop,congruent,314.005,1.0,0.738,738.0,1.0,0.0
ds000164,sub-022,1,70,stroop,incongruent,317.006,1.0,0.902,902.0,1.0,1.0
ds000164,sub-022,1,71,stroop,neutral,321.507,1.0,0.844,844.0,1.0,0.0
ds000164,sub-022,1,72,stroop,neutral,329.009,1.0,0.836,836.0,1.0,0.0
ds000164,sub-022,1,73,stroop,incongruent,332.011,1.0,0.97,970.0,0.0,1.0
ds000164,sub-022,1,74,stroop,incongruent,335.012,1.0,1.116,1116.0,1.0,1.0
ds000164,sub-022,1,75,stroop,incongruent,338.013,1.0,0.785,785.0,1.0,1.0
ds000164,sub-022,1,76,stroop,neutral,341.014,1.0,0.972,972.0,1.0,0.0
ds000164,sub-022,1,77,stroop,congruent,345.515,1.0,0.719,719.0,1.0,0.0
ds000164,sub-022,1,78,stroop,congruent,348.517,1.0,0.606,606.0,1.0,0.0
ds000164,sub-022,1,79,stroop,neutral,351.518,1.0,0.8,800.0,1.0,0.0
ds000164,sub-022,1,80,stroop,incongruent,354.519,1.0,0.941,941.0,0.0,1.0
ds000164,sub-022,1,81,stroop,congruent,357.52,1.0,0.665,665.0,1.0,0.0
ds000164,sub-022,1,82,stroop,congruent,366.521,1.0,0.762,762.0,1.0,0.0
ds000164,sub-022,1,83,stroop,congruent,369.524,1.0,1.281,1281.0,1.0,0.0
ds000164,sub-022,1,84,stroop,neutral,372.525,1.0,0.86,860.0,1.0,0.0
ds000164,sub-022,1,85,stroop,incongruent,375.526,1.0,0.967,967.0,1.0,1.0
ds000164,sub-022,1,86,stroop,neutral,378.527,1.0,0.561,561.0,1.0,0.0
ds000164,sub-022,1,87,stroop,neutral,381.528,1.0,1.293,1293.0,1.0,0.0
ds000164,sub-022,1,88,stroop,neutral,384.529,1.0,0.664,664.0,1.0,0.0
ds000164,sub-022,1,89,stroop,congruent,389.03,1.0,0.605,605.0,1.0,0.0
ds000164,sub-022,1,90,stroop,incongruent,392.031,1.0,1.019,1018.9999999999999,1.0,1.0
ds000164,sub-022,1,91,stroop,neutral,395.032,1.0,0.733,733.0,1.0,0.0
ds000164,sub-022,1,92,stroop,congruent,398.033,1.0,0.65,650.0,1.0,0.0
ds000164,sub-022,1,93,stroop,neutral,401.034,1.0,0.739,739.0,1.0,0.0
ds000164,sub-022,1,94,stroop,congruent,404.035,1.0,0.8,800.0,1.0,0.0
ds000164,sub-022,1,95,stroop,congruent,411.536,1.0,0.537,537.0,0.0,0.0
ds000164,sub-022,1,96,stroop,neutral,414.539,1.0,0.736,736.0,1.0,0.0
ds000164,sub-022,1,97,stroop,incongruent,420.54,1.0,0.609,609.0,1.0,1.0
ds000164,sub-022,1,98,stroop,neutral,423.542,1.0,0.758,758.0,0.0,0.0
ds000164,sub-022,1,99,stroop,congruent,434.043,1.0,0.716,716.0,1.0,0.0
ds000164,sub-022,1,100,stroop,neutral,438.547,1.0,0.702,702.0,1.0,0.0
ds000164,sub-022,1,101,stroop,congruent,441.548,1.0,0.621,621.0,1.0,0.0
ds000164,sub-022,1,102,stroop,congruent,446.049,1.0,0.755,755.0,1.0,0.0
ds000164,sub-022,1,103,stroop,neutral,449.051,1.0,0.699,699.0,1.0,0.0
ds000164,sub-022,1,104,stroop,congruent,453.552,1.0,0.694,694.0,1.0,0.0
ds000164,sub-022,1,105,stroop,incongruent,464.053,1.0,0.809,809.0,1.0,1.0
ds000164,sub-022,1,106,stroop,incongruent,471.557,1.0,0.537,537.0,1.0,1.0
ds000164,sub-022,1,107,stroop,neutral,474.559,1.0,0.926,926.0,1.0,0.0
ds000164,sub-022,1,108,stroop,incongruent,479.06,1.0,0.752,752.0,1.0,1.0
ds000164,sub-022,1,109,stroop,neutral,482.062,1.0,0.759,759.0,1.0,0.0
ds000164,sub-022,1,110,stroop,incongruent,485.063,1.0,0.763,763.0,1.0,1.0
ds000164,sub-022,1,111,stroop,incongruent,488.064,1.0,0.0,,0.0,1.0
ds000164,sub-022,1,112,stroop,congruent,491.065,1.0,0.821,821.0,1.0,0.0
ds000164,sub-022,1,113,stroop,congruent,495.566,1.0,1.071,1071.0,0.0,0.0
ds000164,sub-022,1,114,stroop,neutral,506.067,1.0,0.92,920.0,0.0,0.0
ds000164,sub-022,1,115,stroop,congruent,513.571,1.0,0.619,619.0,1.0,0.0
ds000164,sub-022,1,116,stroop,incongruent,518.073,1.0,0.969,969.0,1.0,1.0
ds000164,sub-022,1,117,stroop,congruent,521.075,1.0,0.646,646.0,1.0,0.0
ds000164,sub-022,1,118,stroop,incongruent,525.576,1.0,1.192,1192.0,0.0,1.0
ds000164,sub-022,1,119,stroop,congruent,533.077,1.0,0.732,732.0,1.0,0.0
ds000164,sub-023,1,1,stroop,neutral,0.347,1.0,0.815,815.0,1.0,0.0
ds000164,sub-023,1,2,stroop,congruent,3.351,1.0,0.681,681.0,1.0,0.0
ds000164,sub-023,1,3,stroop,congruent,6.352,1.0,0.615,615.0,1.0,0.0
ds000164,sub-023,1,4,stroop,neutral,9.353,1.0,0.684,684.0,1.0,0.0
ds000164,sub-023,1,5,stroop,congruent,12.354,1.0,0.631,631.0,1.0,0.0
ds000164,sub-023,1,6,stroop,neutral,15.355,1.0,0.612,612.0,1.0,0.0
ds000164,sub-023,1,7,stroop,incongruent,19.856,1.0,0.546,546.0,1.0,1.0
ds000164,sub-023,1,8,stroop,incongruent,22.857,1.0,0.758,758.0,1.0,1.0
ds000164,sub-023,1,9,stroop,neutral,25.858,1.0,0.597,597.0,1.0,0.0
ds000164,sub-023,1,10,stroop,incongruent,28.859,1.0,0.749,749.0,1.0,1.0
ds000164,sub-023,1,11,stroop,congruent,31.86,1.0,0.673,673.0,1.0,0.0
ds000164,sub-023,1,12,stroop,neutral,34.861,1.0,0.492,492.0,1.0,0.0
ds000164,sub-023,1,13,stroop,incongruent,40.862,1.0,0.723,723.0,1.0,1.0
ds000164,sub-023,1,14,stroop,congruent,43.864,1.0,0.642,642.0,1.0,0.0
ds000164,sub-023,1,15,stroop,congruent,54.365,1.0,0.45,450.0,1.0,0.0
ds000164,sub-023,1,16,stroop,neutral,60.369,1.0,0.768,768.0,0.0,0.0
ds000164,sub-023,1,17,stroop,congruent,63.371,1.0,0.58,580.0,1.0,0.0
ds000164,sub-023,1,18,stroop,congruent,67.872,1.0,0.569,569.0,1.0,0.0
ds000164,sub-023,1,19,stroop,incongruent,76.873,1.0,0.572,572.0,1.0,1.0
ds000164,sub-023,1,20,stroop,incongruent,79.876,1.0,0.898,898.0,1.0,1.0
ds000164,sub-023,1,21,stroop,congruent,85.877,1.0,0.684,684.0,1.0,0.0
ds000164,sub-023,1,22,stroop,neutral,88.879,1.0,0.58,580.0,1.0,0.0
ds000164,sub-023,1,23,stroop,congruent,99.38,1.0,0.721,721.0,1.0,0.0
ds000164,sub-023,1,24,stroop,neutral,102.384,1.0,1.043,1043.0,1.0,0.0
ds000164,sub-023,1,25,stroop,neutral,109.885,1.0,0.758,758.0,1.0,0.0
ds000164,sub-023,1,26,stroop,incongruent,112.887,1.0,0.675,675.0,1.0,1.0
ds000164,sub-023,1,27,stroop,neutral,120.388,1.0,0.675,675.0,1.0,0.0
ds000164,sub-023,1,28,stroop,incongruent,129.391,1.0,0.66,660.0,1.0,1.0
ds000164,sub-023,1,29,stroop,neutral,132.394,1.0,0.744,744.0,1.0,0.0
ds000164,sub-023,1,30,stroop,neutral,136.895,1.0,0.72,720.0,1.0,0.0
ds000164,sub-023,1,31,stroop,neutral,139.896,1.0,0.732,732.0,1.0,0.0
ds000164,sub-023,1,32,stroop,congruent,144.397,1.0,0.557,557.0,1.0,0.0
ds000164,sub-023,1,33,stroop,congruent,150.399,1.0,0.588,588.0,1.0,0.0
ds000164,sub-023,1,34,stroop,neutral,153.401,1.0,0.644,644.0,1.0,0.0
ds000164,sub-023,1,35,stroop,incongruent,157.902,1.0,0.603,603.0,1.0,1.0
ds000164,sub-023,1,36,stroop,incongruent,160.903,1.0,0.555,555.0,0.0,1.0
ds000164,sub-023,1,37,stroop,congruent,163.904,1.0,0.737,737.0,1.0,0.0
ds000164,sub-023,1,38,stroop,incongruent,166.906,1.0,0.704,704.0,1.0,1.0
ds000164,sub-023,1,39,stroop,congruent,174.407,1.0,0.653,653.0,1.0,0.0
ds000164,sub-023,1,40,stroop,incongruent,177.409,1.0,0.645,645.0,1.0,1.0
ds000164,sub-023,1,41,stroop,incongruent,180.41,1.0,0.589,589.0,1.0,1.0
ds000164,sub-023,1,42,stroop,congruent,183.411,1.0,0.66,660.0,1.0,0.0
ds000164,sub-023,1,43,stroop,incongruent,186.412,1.0,0.764,764.0,1.0,1.0
ds000164,sub-023,1,44,stroop,neutral,189.413,1.0,0.716,716.0,1.0,0.0
ds000164,sub-023,1,45,stroop,neutral,192.414,1.0,0.562,562.0,1.0,0.0
ds000164,sub-023,1,46,stroop,incongruent,195.415,1.0,0.684,684.0,1.0,1.0
ds000164,sub-023,1,47,stroop,incongruent,198.416,1.0,1.02,1020.0,1.0,1.0
ds000164,sub-023,1,48,stroop,neutral,202.917,1.0,0.654,654.0,1.0,0.0
ds000164,sub-023,1,49,stroop,neutral,208.919,1.0,0.732,732.0,1.0,0.0
ds000164,sub-023,1,50,stroop,congruent,211.921,1.0,0.725,725.0,1.0,0.0
ds000164,sub-023,1,51,stroop,congruent,216.422,1.0,0.623,623.0,1.0,0.0
ds000164,sub-023,1,52,stroop,neutral,219.423,1.0,0.657,657.0,1.0,0.0
ds000164,sub-023,1,53,stroop,congruent,222.424,1.0,0.756,756.0,1.0,0.0
ds000164,sub-023,1,54,stroop,incongruent,226.925,1.0,0.852,852.0,0.0,1.0
ds000164,sub-023,1,55,stroop,congruent,232.927,1.0,0.593,593.0,1.0,0.0
ds000164,sub-023,1,56,stroop,congruent,240.429,1.0,0.717,717.0,1.0,0.0
ds000164,sub-023,1,57,stroop,congruent,243.431,1.0,0.641,641.0,1.0,0.0
ds000164,sub-023,1,58,stroop,congruent,246.432,1.0,0.575,575.0,1.0,0.0
ds000164,sub-023,1,59,stroop,incongruent,249.433,1.0,0.687,687.0,0.0,1.0
ds000164,sub-023,1,60,stroop,incongruent,253.934,1.0,0.921,921.0,0.0,1.0
ds000164,sub-023,1,61,stroop,congruent,258.436,1.0,0.612,612.0,1.0,0.0
ds000164,sub-023,1,62,stroop,congruent,264.437,1.0,0.53,530.0,1.0,0.0
ds000164,sub-023,1,63,stroop,congruent,268.939,1.0,0.657,657.0,1.0,0.0
ds000164,sub-023,1,64,stroop,neutral,273.441,1.0,0.67,670.0,1.0,0.0
ds000164,sub-023,1,65,stroop,congruent,276.442,1.0,0.651,651.0,1.0,0.0
ds000164,sub-023,1,66,stroop,neutral,280.943,1.0,0.58,580.0,1.0,0.0
ds000164,sub-023,1,67,stroop,neutral,288.445,1.0,0.865,865.0,1.0,0.0
ds000164,sub-023,1,68,stroop,incongruent,291.447,1.0,1.246,1246.0,1.0,1.0
ds000164,sub-023,1,69,stroop,congruent,294.448,1.0,0.708,708.0,1.0,0.0
ds000164,sub-023,1,70,stroop,congruent,301.949,1.0,0.647,647.0,1.0,0.0
ds000164,sub-023,1,71,stroop,incongruent,307.952,1.0,0.73,730.0,0.0,1.0
ds000164,sub-023,1,72,stroop,congruent,310.954,1.0,0.881,881.0,1.0,0.0
ds000164,sub-023,1,73,stroop,neutral,313.955,1.0,0.8,800.0,1.0,0.0
ds000164,sub-023,1,74,stroop,neutral,316.956,1.0,0.637,637.0,1.0,0.0
ds000164,sub-023,1,75,stroop,neutral,319.957,1.0,0.688,688.0,1.0,0.0
ds000164,sub-023,1,76,stroop,neutral,324.458,1.0,0.774,774.0,1.0,0.0
ds000164,sub-023,1,77,stroop,congruent,327.459,1.0,0.688,688.0,1.0,0.0
ds000164,sub-023,1,78,stroop,congruent,330.46,1.0,0.642,642.0,1.0,0.0
ds000164,sub-023,1,79,stroop,neutral,333.461,1.0,0.548,548.0,1.0,0.0
ds000164,sub-023,1,80,stroop,neutral,337.962,1.0,1.3,1300.0,1.0,0.0
ds000164,sub-023,1,81,stroop,neutral,340.964,1.0,0.696,696.0,1.0,0.0
ds000164,sub-023,1,82,stroop,congruent,348.465,1.0,0.627,627.0,1.0,0.0
ds000164,sub-023,1,83,stroop,neutral,351.467,1.0,0.668,668.0,1.0,0.0
ds000164,sub-023,1,84,stroop,incongruent,354.468,1.0,0.665,665.0,1.0,1.0
ds000164,sub-023,1,85,stroop,incongruent,360.469,1.0,0.643,643.0,1.0,1.0
ds000164,sub-023,1,86,stroop,incongruent,370.971,1.0,0.65,650.0,1.0,1.0
ds000164,sub-023,1,87,stroop,neutral,373.975,1.0,0.791,791.0,1.0,0.0
ds000164,sub-023,1,88,stroop,congruent,376.976,1.0,0.615,615.0,1.0,0.0
ds000164,sub-023,1,89,stroop,neutral,385.977,1.0,0.815,815.0,1.0,0.0
ds000164,sub-023,1,90,stroop,neutral,390.48,1.0,0.66,660.0,1.0,0.0
ds000164,sub-023,1,91,stroop,incongruent,405.481,1.0,0.811,811.0,1.0,1.0
ds000164,sub-023,1,92,stroop,neutral,412.986,1.0,0.622,622.0,1.0,0.0
ds000164,sub-023,1,93,stroop,incongruent,415.989,1.0,0.691,691.0,1.0,1.0
ds000164,sub-023,1,94,stroop,neutral,418.99,1.0,0.675,675.0,1.0,0.0
ds000164,sub-023,1,95,stroop,incongruent,423.491,1.0,0.673,673.0,1.0,1.0
ds000164,sub-023,1,96,stroop,incongruent,426.492,1.0,1.112,1112.0,1.0,1.0
ds000164,sub-023,1,97,stroop,incongruent,433.993,1.0,0.852,852.0,1.0,1.0
ds000164,sub-023,1,98,stroop,congruent,439.996,1.0,0.605,605.0,1.0,0.0
ds000164,sub-023,1,99,stroop,incongruent,442.998,1.0,0.718,718.0,1.0,1.0
ds000164,sub-023,1,100,stroop,incongruent,445.999,1.0,0.662,662.0,1.0,1.0
ds000164,sub-023,1,101,stroop,neutral,449.0,1.0,0.688,688.0,1.0,0.0
ds000164,sub-023,1,102,stroop,congruent,453.501,1.0,0.576,576.0,1.0,0.0
ds000164,sub-023,1,103,stroop,congruent,456.502,1.0,0.565,565.0,1.0,0.0
ds000164,sub-023,1,104,stroop,congruent,470.003,1.0,0.674,674.0,1.0,0.0
ds000164,sub-023,1,105,stroop,incongruent,473.008,1.0,0.648,648.0,1.0,1.0
ds000164,sub-023,1,106,stroop,neutral,476.009,1.0,0.584,584.0,1.0,0.0
ds000164,sub-023,1,107,stroop,congruent,479.01,1.0,0.781,781.0,1.0,0.0
ds000164,sub-023,1,108,stroop,congruent,483.511,1.0,0.656,656.0,1.0,0.0
ds000164,sub-023,1,109,stroop,congruent,488.012,1.0,0.689,689.0,1.0,0.0
ds000164,sub-023,1,110,stroop,incongruent,494.014,1.0,1.059,1059.0,1.0,1.0
ds000164,sub-023,1,111,stroop,neutral,500.016,1.0,0.955,955.0,1.0,0.0
ds000164,sub-023,1,112,stroop,incongruent,503.018,1.0,0.853,853.0,1.0,1.0
ds000164,sub-023,1,113,stroop,neutral,509.019,1.0,0.687,687.0,1.0,0.0
ds000164,sub-023,1,114,stroop,neutral,513.521,1.0,0.677,677.0,1.0,0.0
ds000164,sub-023,1,115,stroop,neutral,516.522,1.0,0.659,659.0,1.0,0.0
ds000164,sub-023,1,116,stroop,incongruent,522.523,1.0,0.632,632.0,1.0,1.0
ds000164,sub-023,1,117,stroop,incongruent,527.025,1.0,0.7,700.0,1.0,1.0
ds000164,sub-023,1,118,stroop,neutral,530.027,1.0,0.659,659.0,1.0,0.0
ds000164,sub-023,1,119,stroop,congruent,533.028,1.0,0.565,565.0,1.0,0.0
ds000164,sub-024,1,1,stroop,incongruent,0.396,1.0,0.971,971.0,1.0,1.0
ds000164,sub-024,1,2,stroop,congruent,3.409,1.0,0.675,675.0,1.0,0.0
ds000164,sub-024,1,3,stroop,congruent,15.41,1.0,0.641,641.0,1.0,0.0
ds000164,sub-024,1,4,stroop,incongruent,19.914,1.0,0.712,712.0,1.0,1.0
ds000164,sub-024,1,5,stroop,neutral,28.916,1.0,0.682,682.0,1.0,0.0
ds000164,sub-024,1,6,stroop,incongruent,33.419,1.0,0.501,501.0,1.0,1.0
ds000164,sub-024,1,7,stroop,neutral,39.42,1.0,0.549,549.0,1.0,0.0
ds000164,sub-024,1,8,stroop,incongruent,43.922,1.0,0.543,543.0,1.0,1.0
ds000164,sub-024,1,9,stroop,congruent,46.924,1.0,0.597,597.0,1.0,0.0
ds000164,sub-024,1,10,stroop,congruent,49.925,1.0,0.528,528.0,1.0,0.0
ds000164,sub-024,1,11,stroop,congruent,52.926,1.0,0.572,572.0,1.0,0.0
ds000164,sub-024,1,12,stroop,incongruent,55.927,1.0,0.384,384.0,1.0,1.0
ds000164,sub-024,1,13,stroop,neutral,58.928,1.0,0.808,808.0,0.0,0.0
ds000164,sub-024,1,14,stroop,incongruent,64.929,1.0,0.811,811.0,1.0,1.0
ds000164,sub-024,1,15,stroop,neutral,67.931,1.0,0.56,560.0,1.0,0.0
ds000164,sub-024,1,16,stroop,neutral,85.932,1.0,0.667,667.0,1.0,0.0
ds000164,sub-024,1,17,stroop,congruent,88.938,1.0,0.649,649.0,1.0,0.0
ds000164,sub-024,1,18,stroop,congruent,93.439,1.0,0.754,754.0,1.0,0.0
ds000164,sub-024,1,19,stroop,neutral,96.44,1.0,0.698,698.0,1.0,0.0
ds000164,sub-024,1,20,stroop,incongruent,99.441,1.0,0.922,922.0,1.0,1.0
ds000164,sub-024,1,21,stroop,incongruent,102.442,1.0,0.451,451.0,1.0,1.0
ds000164,sub-024,1,22,stroop,neutral,105.443,1.0,0.71,710.0,1.0,0.0
ds000164,sub-024,1,23,stroop,incongruent,112.944,1.0,0.881,881.0,1.0,1.0
ds000164,sub-024,1,24,stroop,incongruent,117.447,1.0,0.651,651.0,1.0,1.0
ds000164,sub-024,1,25,stroop,neutral,121.948,1.0,0.88,880.0,0.0,0.0
ds000164,sub-024,1,26,stroop,neutral,124.95,1.0,0.925,925.0,1.0,0.0
ds000164,sub-024,1,27,stroop,incongruent,127.951,1.0,0.747,747.0,1.0,1.0
ds000164,sub-024,1,28,stroop,incongruent,132.452,1.0,0.975,975.0,1.0,1.0
ds000164,sub-024,1,29,stroop,congruent,136.953,1.0,0.854,854.0,1.0,0.0
ds000164,sub-024,1,30,stroop,congruent,139.955,1.0,0.548,548.0,1.0,0.0
ds000164,sub-024,1,31,stroop,neutral,142.956,1.0,0.967,967.0,1.0,0.0
ds000164,sub-024,1,32,stroop,congruent,151.957,1.0,0.849,849.0,1.0,0.0
ds000164,sub-024,1,33,stroop,congruent,157.96,1.0,0.642,642.0,1.0,0.0
ds000164,sub-024,1,34,stroop,incongruent,160.962,1.0,0.608,608.0,1.0,1.0
ds000164,sub-024,1,35,stroop,congruent,166.963,1.0,0.739,739.0,1.0,0.0
ds000164,sub-024,1,36,stroop,congruent,169.965,1.0,0.495,495.0,1.0,0.0
ds000164,sub-024,1,37,stroop,incongruent,172.966,1.0,1.068,1068.0,1.0,1.0
ds000164,sub-024,1,38,stroop,congruent,178.967,1.0,0.461,461.0,1.0,0.0
ds000164,sub-024,1,39,stroop,incongruent,181.969,1.0,0.835,835.0,1.0,1.0
ds000164,sub-024,1,40,stroop,incongruent,184.97,1.0,0.783,783.0,0.0,1.0
ds000164,sub-024,1,41,stroop,congruent,189.471,1.0,0.872,872.0,1.0,0.0
ds000164,sub-024,1,42,stroop,neutral,192.472,1.0,0.636,636.0,1.0,0.0
ds000164,sub-024,1,43,stroop,neutral,195.473,1.0,0.535,535.0,1.0,0.0
ds000164,sub-024,1,44,stroop,neutral,199.974,1.0,1.03,1030.0,1.0,0.0
ds000164,sub-024,1,45,stroop,neutral,202.976,1.0,0.649,649.0,1.0,0.0
ds000164,sub-024,1,46,stroop,incongruent,207.477,1.0,0.683,683.0,1.0,1.0
ds000164,sub-024,1,47,stroop,neutral,210.478,1.0,0.745,745.0,1.0,0.0
ds000164,sub-024,1,48,stroop,neutral,214.979,1.0,0.595,595.0,1.0,0.0
ds000164,sub-024,1,49,stroop,incongruent,219.481,1.0,0.502,502.0,1.0,1.0
ds000164,sub-024,1,50,stroop,neutral,222.482,1.0,0.722,722.0,1.0,0.0
ds000164,sub-024,1,51,stroop,neutral,225.483,1.0,0.506,506.0,1.0,0.0
ds000164,sub-024,1,52,stroop,incongruent,235.984,1.0,0.942,942.0,1.0,1.0
ds000164,sub-024,1,53,stroop,congruent,238.988,1.0,0.506,506.0,1.0,0.0
ds000164,sub-024,1,54,stroop,neutral,243.489,1.0,0.552,552.0,1.0,0.0
ds000164,sub-024,1,55,stroop,congruent,246.49,1.0,0.646,646.0,1.0,0.0
ds000164,sub-024,1,56,stroop,neutral,249.491,1.0,0.948,948.0,1.0,0.0
ds000164,sub-024,1,57,stroop,congruent,252.492,1.0,0.857,857.0,1.0,0.0
ds000164,sub-024,1,58,stroop,congruent,255.493,1.0,0.621,621.0,1.0,0.0
ds000164,sub-024,1,59,stroop,congruent,259.994,1.0,0.686,686.0,1.0,0.0
ds000164,sub-024,1,60,stroop,incongruent,264.496,1.0,0.723,723.0,1.0,1.0
ds000164,sub-024,1,61,stroop,congruent,267.497,1.0,0.524,524.0,1.0,0.0
ds000164,sub-024,1,62,stroop,neutral,270.498,1.0,0.839,839.0,1.0,0.0
ds000164,sub-024,1,63,stroop,neutral,277.999,1.0,0.944,944.0,1.0,0.0
ds000164,sub-024,1,64,stroop,congruent,284.002,1.0,0.704,704.0,1.0,0.0
ds000164,sub-024,1,65,stroop,neutral,287.004,1.0,1.131,1131.0,1.0,0.0
ds000164,sub-024,1,66,stroop,congruent,291.505,1.0,0.71,710.0,1.0,0.0
ds000164,sub-024,1,67,stroop,neutral,299.006,1.0,0.679,679.0,1.0,0.0
ds000164,sub-024,1,68,stroop,congruent,303.509,1.0,0.566,566.0,1.0,0.0
ds000164,sub-024,1,69,stroop,incongruent,306.51,1.0,0.885,885.0,1.0,1.0
ds000164,sub-024,1,70,stroop,incongruent,309.511,1.0,0.806,806.0,1.0,1.0
ds000164,sub-024,1,71,stroop,incongruent,312.512,1.0,0.845,845.0,1.0,1.0
ds000164,sub-024,1,72,stroop,congruent,315.513,1.0,0.628,628.0,1.0,0.0
ds000164,sub-024,1,73,stroop,neutral,323.014,1.0,0.765,765.0,1.0,0.0
ds000164,sub-024,1,74,stroop,neutral,326.017,1.0,0.726,726.0,1.0,0.0
ds000164,sub-024,1,75,stroop,incongruent,330.518,1.0,0.723,723.0,1.0,1.0
ds000164,sub-024,1,76,stroop,incongruent,333.519,1.0,0.712,712.0,1.0,1.0
ds000164,sub-024,1,77,stroop,congruent,336.52,1.0,0.751,751.0,1.0,0.0
ds000164,sub-024,1,78,stroop,neutral,339.521,1.0,0.795,795.0,1.0,0.0
ds000164,sub-024,1,79,stroop,incongruent,345.522,1.0,1.035,1035.0,0.0,1.0
ds000164,sub-024,1,80,stroop,congruent,348.524,1.0,0.594,594.0,1.0,0.0
ds000164,sub-024,1,81,stroop,congruent,353.025,1.0,0.56,560.0,0.0,0.0
ds000164,sub-024,1,82,stroop,neutral,362.027,1.0,0.845,845.0,1.0,0.0
ds000164,sub-024,1,83,stroop,congruent,368.03,1.0,0.823,823.0,1.0,0.0
ds000164,sub-024,1,84,stroop,neutral,371.032,1.0,0.672,672.0,1.0,0.0
ds000164,sub-024,1,85,stroop,congruent,381.533,1.0,1.009,1008.9999999999999,1.0,0.0
ds000164,sub-024,1,86,stroop,congruent,384.537,1.0,0.608,608.0,1.0,0.0
ds000164,sub-024,1,87,stroop,neutral,387.538,1.0,0.632,632.0,1.0,0.0
ds000164,sub-024,1,88,stroop,congruent,392.038,1.0,0.678,678.0,1.0,0.0
ds000164,sub-024,1,89,stroop,neutral,395.04,1.0,0.744,744.0,1.0,0.0
ds000164,sub-024,1,90,stroop,neutral,398.041,1.0,0.623,623.0,1.0,0.0
ds000164,sub-024,1,91,stroop,neutral,401.042,1.0,0.97,970.0,1.0,0.0
ds000164,sub-024,1,92,stroop,incongruent,404.043,1.0,0.821,821.0,1.0,1.0
ds000164,sub-024,1,93,stroop,neutral,407.044,1.0,0.795,795.0,1.0,0.0
ds000164,sub-024,1,94,stroop,incongruent,414.545,1.0,0.777,777.0,1.0,1.0
ds000164,sub-024,1,95,stroop,neutral,417.548,1.0,0.841,841.0,1.0,0.0
ds000164,sub-024,1,96,stroop,congruent,420.549,1.0,0.0,,0.0,0.0
ds000164,sub-024,1,97,stroop,congruent,423.55,1.0,0.0,,0.0,0.0
ds000164,sub-024,1,98,stroop,congruent,426.551,1.0,0.735,735.0,1.0,0.0
ds000164,sub-024,1,99,stroop,incongruent,432.552,1.0,0.686,686.0,0.0,1.0
ds000164,sub-024,1,100,stroop,congruent,437.054,1.0,0.716,716.0,1.0,0.0
ds000164,sub-024,1,101,stroop,incongruent,440.055,1.0,0.873,873.0,1.0,1.0
ds000164,sub-024,1,102,stroop,incongruent,443.056,1.0,0.997,997.0,1.0,1.0
ds000164,sub-024,1,103,stroop,neutral,446.057,1.0,1.076,1076.0,1.0,0.0
ds000164,sub-024,1,104,stroop,incongruent,449.058,1.0,0.575,575.0,1.0,1.0
ds000164,sub-024,1,105,stroop,neutral,453.559,1.0,0.686,686.0,1.0,0.0
ds000164,sub-024,1,106,stroop,neutral,461.061,1.0,0.617,617.0,1.0,0.0
ds000164,sub-024,1,107,stroop,neutral,468.563,1.0,0.797,797.0,1.0,0.0
ds000164,sub-024,1,108,stroop,neutral,473.066,1.0,0.903,903.0,1.0,0.0
ds000164,sub-024,1,109,stroop,incongruent,479.067,1.0,0.803,803.0,1.0,1.0
ds000164,sub-024,1,110,stroop,congruent,491.069,1.0,0.712,712.0,1.0,0.0
ds000164,sub-024,1,111,stroop,congruent,495.573,1.0,0.773,773.0,1.0,0.0
ds000164,sub-024,1,112,stroop,incongruent,503.075,1.0,1.009,1008.9999999999999,1.0,1.0
ds000164,sub-024,1,113,stroop,congruent,507.577,1.0,0.808,808.0,1.0,0.0
ds000164,sub-024,1,114,stroop,neutral,512.079,1.0,0.0,,0.0,0.0
ds000164,sub-024,1,115,stroop,congruent,515.08,1.0,0.807,807.0,1.0,0.0
ds000164,sub-024,1,116,stroop,congruent,521.081,1.0,0.0,,0.0,0.0
ds000164,sub-024,1,117,stroop,neutral,524.083,1.0,0.934,934.0,1.0,0.0
ds000164,sub-024,1,118,stroop,incongruent,527.084,1.0,0.936,936.0,1.0,1.0
ds000164,sub-024,1,119,stroop,congruent,530.085,1.0,0.56,560.0,1.0,0.0
ds000164,sub-025,1,1,stroop,congruent,0.396,1.0,0.877,877.0,1.0,0.0
ds000164,sub-025,1,2,stroop,neutral,3.401,1.0,0.501,501.0,1.0,0.0
ds000164,sub-025,1,3,stroop,congruent,6.402,1.0,0.448,448.0,1.0,0.0
ds000164,sub-025,1,4,stroop,congruent,9.403,1.0,0.634,634.0,1.0,0.0
ds000164,sub-025,1,5,stroop,congruent,15.404,1.0,0.755,755.0,1.0,0.0
ds000164,sub-025,1,6,stroop,incongruent,18.406,1.0,0.552,552.0,1.0,1.0
ds000164,sub-025,1,7,stroop,congruent,21.407,1.0,0.611,611.0,1.0,0.0
ds000164,sub-025,1,8,stroop,incongruent,27.408,1.0,1.039,1039.0,1.0,1.0
ds000164,sub-025,1,9,stroop,neutral,37.91,1.0,0.908,908.0,1.0,0.0
ds000164,sub-025,1,10,stroop,neutral,40.913,1.0,0.642,642.0,1.0,0.0
ds000164,sub-025,1,11,stroop,neutral,43.914,1.0,0.598,598.0,1.0,0.0
ds000164,sub-025,1,12,stroop,neutral,46.915,1.0,0.817,817.0,1.0,0.0
ds000164,sub-025,1,13,stroop,congruent,49.916,1.0,0.851,851.0,1.0,0.0
ds000164,sub-025,1,14,stroop,congruent,52.917,1.0,0.618,618.0,1.0,0.0
ds000164,sub-025,1,15,stroop,neutral,57.418,1.0,0.624,624.0,1.0,0.0
ds000164,sub-025,1,16,stroop,neutral,60.42,1.0,0.821,821.0,1.0,0.0
ds000164,sub-025,1,17,stroop,congruent,66.421,1.0,0.702,702.0,1.0,0.0
ds000164,sub-025,1,18,stroop,neutral,69.423,1.0,0.691,691.0,1.0,0.0
ds000164,sub-025,1,19,stroop,incongruent,73.924,1.0,0.624,624.0,1.0,1.0
ds000164,sub-025,1,20,stroop,neutral,76.925,1.0,0.608,608.0,1.0,0.0
ds000164,sub-025,1,21,stroop,incongruent,81.426,1.0,0.617,617.0,1.0,1.0
ds000164,sub-025,1,22,stroop,congruent,84.428,1.0,0.661,661.0,0.0,0.0
ds000164,sub-025,1,23,stroop,neutral,87.429,1.0,0.718,718.0,1.0,0.0
ds000164,sub-025,1,24,stroop,neutral,90.43,1.0,0.999,999.0,1.0,0.0
ds000164,sub-025,1,25,stroop,neutral,94.931,1.0,0.647,647.0,1.0,0.0
ds000164,sub-025,1,26,stroop,congruent,97.932,1.0,0.596,596.0,1.0,0.0
ds000164,sub-025,1,27,stroop,congruent,100.933,1.0,0.71,710.0,1.0,0.0
ds000164,sub-025,1,28,stroop,incongruent,103.934,1.0,0.652,652.0,1.0,1.0
ds000164,sub-025,1,29,stroop,congruent,112.935,1.0,0.662,662.0,1.0,0.0
ds000164,sub-025,1,30,stroop,congruent,118.938,1.0,0.61,610.0,1.0,0.0
ds000164,sub-025,1,31,stroop,incongruent,123.44,1.0,0.572,572.0,1.0,1.0
ds000164,sub-025,1,32,stroop,neutral,126.442,1.0,0.648,648.0,1.0,0.0
ds000164,sub-025,1,33,stroop,congruent,129.443,1.0,0.605,605.0,1.0,0.0
ds000164,sub-025,1,34,stroop,incongruent,132.444,1.0,0.806,806.0,1.0,1.0
ds000164,sub-025,1,35,stroop,incongruent,135.445,1.0,0.56,560.0,1.0,1.0
ds000164,sub-025,1,36,stroop,congruent,138.446,1.0,0.629,629.0,1.0,0.0
ds000164,sub-025,1,37,stroop,incongruent,141.447,1.0,0.563,563.0,1.0,1.0
ds000164,sub-025,1,38,stroop,congruent,148.948,1.0,0.683,683.0,1.0,0.0
ds000164,sub-025,1,39,stroop,neutral,160.95,1.0,0.585,585.0,1.0,0.0
ds000164,sub-025,1,40,stroop,incongruent,163.954,1.0,0.809,809.0,1.0,1.0
ds000164,sub-025,1,41,stroop,incongruent,168.455,1.0,0.605,605.0,1.0,1.0
ds000164,sub-025,1,42,stroop,incongruent,172.957,1.0,0.846,846.0,1.0,1.0
ds000164,sub-025,1,43,stroop,congruent,177.458,1.0,0.684,684.0,1.0,0.0
ds000164,sub-025,1,44,stroop,neutral,181.96,1.0,0.688,688.0,1.0,0.0
ds000164,sub-025,1,45,stroop,incongruent,186.461,1.0,0.737,737.0,0.0,1.0
ds000164,sub-025,1,46,stroop,congruent,189.463,1.0,0.977,977.0,1.0,0.0
ds000164,sub-025,1,47,stroop,congruent,192.464,1.0,0.786,786.0,1.0,0.0
ds000164,sub-025,1,48,stroop,incongruent,196.965,1.0,1.088,1088.0,1.0,1.0
ds000164,sub-025,1,49,stroop,neutral,199.966,1.0,1.232,1232.0,1.0,0.0
ds000164,sub-025,1,50,stroop,congruent,208.967,1.0,0.832,832.0,1.0,0.0
ds000164,sub-025,1,51,stroop,congruent,214.97,1.0,0.703,703.0,1.0,0.0
ds000164,sub-025,1,52,stroop,congruent,222.472,1.0,0.82,820.0,1.0,0.0
ds000164,sub-025,1,53,stroop,neutral,225.475,1.0,0.759,759.0,1.0,0.0
ds000164,sub-025,1,54,stroop,congruent,228.476,1.0,0.633,633.0,1.0,0.0
ds000164,sub-025,1,55,stroop,congruent,232.977,1.0,0.639,639.0,1.0,0.0
ds000164,sub-025,1,56,stroop,neutral,238.978,1.0,0.62,620.0,1.0,0.0
ds000164,sub-025,1,57,stroop,incongruent,243.48,1.0,0.608,608.0,1.0,1.0
ds000164,sub-025,1,58,stroop,congruent,246.482,1.0,0.534,534.0,1.0,0.0
ds000164,sub-025,1,59,stroop,incongruent,249.483,1.0,0.719,719.0,1.0,1.0
ds000164,sub-025,1,60,stroop,congruent,252.484,1.0,0.488,488.0,0.0,0.0
ds000164,sub-025,1,61,stroop,congruent,258.485,1.0,0.714,714.0,1.0,0.0
ds000164,sub-025,1,62,stroop,neutral,262.987,1.0,0.755,755.0,1.0,0.0
ds000164,sub-025,1,63,stroop,incongruent,268.988,1.0,0.748,748.0,1.0,1.0
ds000164,sub-025,1,64,stroop,incongruent,271.99,1.0,1.105,1105.0,1.0,1.0
ds000164,sub-025,1,65,stroop,neutral,276.491,1.0,0.925,925.0,0.0,0.0
ds000164,sub-025,1,66,stroop,neutral,280.993,1.0,0.802,802.0,1.0,0.0
ds000164,sub-025,1,67,stroop,congruent,283.994,1.0,0.671,671.0,1.0,0.0
ds000164,sub-025,1,68,stroop,congruent,286.995,1.0,0.862,862.0,1.0,0.0
ds000164,sub-025,1,69,stroop,neutral,295.996,1.0,0.858,858.0,1.0,0.0
ds000164,sub-025,1,70,stroop,neutral,298.999,1.0,0.817,817.0,1.0,0.0
ds000164,sub-025,1,71,stroop,neutral,302.0,1.0,0.636,636.0,1.0,0.0
ds000164,sub-025,1,72,stroop,neutral,305.001,1.0,0.587,587.0,1.0,0.0
ds000164,sub-025,1,73,stroop,incongruent,308.002,1.0,0.654,654.0,1.0,1.0
ds000164,sub-025,1,74,stroop,incongruent,315.503,1.0,0.731,731.0,1.0,1.0
ds000164,sub-025,1,75,stroop,incongruent,318.506,1.0,0.82,820.0,1.0,1.0
ds000164,sub-025,1,76,stroop,incongruent,324.507,1.0,0.56,560.0,1.0,1.0
ds000164,sub-025,1,77,stroop,congruent,330.509,1.0,0.763,763.0,1.0,0.0
ds000164,sub-025,1,78,stroop,neutral,341.011,1.0,0.655,655.0,1.0,0.0
ds000164,sub-025,1,79,stroop,congruent,347.015,1.0,0.869,869.0,1.0,0.0
ds000164,sub-025,1,80,stroop,neutral,351.516,1.0,0.687,687.0,1.0,0.0
ds000164,sub-025,1,81,stroop,incongruent,354.518,1.0,0.916,916.0,1.0,1.0
ds000164,sub-025,1,82,stroop,neutral,359.019,1.0,0.628,628.0,1.0,0.0
ds000164,sub-025,1,83,stroop,neutral,368.02,1.0,0.712,712.0,1.0,0.0
ds000164,sub-025,1,84,stroop,incongruent,374.024,1.0,0.96,960.0,1.0,1.0
ds000164,sub-025,1,85,stroop,neutral,380.026,1.0,0.818,818.0,1.0,0.0
ds000164,sub-025,1,86,stroop,congruent,383.028,1.0,0.65,650.0,1.0,0.0
ds000164,sub-025,1,87,stroop,incongruent,386.029,1.0,0.644,644.0,1.0,1.0
ds000164,sub-025,1,88,stroop,congruent,389.03,1.0,0.675,675.0,1.0,0.0
ds000164,sub-025,1,89,stroop,incongruent,392.031,1.0,1.163,1163.0,1.0,1.0
ds000164,sub-025,1,90,stroop,congruent,398.032,1.0,0.926,926.0,1.0,0.0
ds000164,sub-025,1,91,stroop,congruent,401.034,1.0,0.632,632.0,1.0,0.0
ds000164,sub-025,1,92,stroop,incongruent,405.535,1.0,0.758,758.0,1.0,1.0
ds000164,sub-025,1,93,stroop,neutral,414.536,1.0,0.722,722.0,1.0,0.0
ds000164,sub-025,1,94,stroop,incongruent,422.039,1.0,0.965,965.0,1.0,1.0
ds000164,sub-025,1,95,stroop,neutral,425.042,1.0,0.807,807.0,0.0,0.0
ds000164,sub-025,1,96,stroop,incongruent,428.043,1.0,1.111,1111.0,1.0,1.0
ds000164,sub-025,1,97,stroop,incongruent,437.044,1.0,0.834,834.0,1.0,1.0
ds000164,sub-025,1,98,stroop,neutral,440.047,1.0,0.67,670.0,1.0,0.0
ds000164,sub-025,1,99,stroop,neutral,443.048,1.0,0.792,792.0,1.0,0.0
ds000164,sub-025,1,100,stroop,neutral,449.049,1.0,0.632,632.0,1.0,0.0
ds000164,sub-025,1,101,stroop,congruent,455.051,1.0,0.675,675.0,1.0,0.0
ds000164,sub-025,1,102,stroop,neutral,459.553,1.0,0.883,883.0,1.0,0.0
ds000164,sub-025,1,103,stroop,incongruent,462.554,1.0,0.685,685.0,1.0,1.0
ds000164,sub-025,1,104,stroop,congruent,467.055,1.0,0.651,651.0,1.0,0.0
ds000164,sub-025,1,105,stroop,incongruent,470.057,1.0,0.713,713.0,1.0,1.0
ds000164,sub-025,1,106,stroop,neutral,473.058,1.0,0.682,682.0,1.0,0.0
ds000164,sub-025,1,107,stroop,incongruent,476.059,1.0,1.158,1158.0,1.0,1.0
ds000164,sub-025,1,108,stroop,neutral,482.06,1.0,0.649,649.0,1.0,0.0
ds000164,sub-025,1,109,stroop,congruent,488.062,1.0,0.858,858.0,1.0,0.0
ds000164,sub-025,1,110,stroop,congruent,491.064,1.0,0.872,872.0,1.0,0.0
ds000164,sub-025,1,111,stroop,congruent,500.065,1.0,0.891,891.0,1.0,0.0
ds000164,sub-025,1,112,stroop,congruent,504.568,1.0,0.764,764.0,1.0,0.0
ds000164,sub-025,1,113,stroop,neutral,509.069,1.0,0.713,713.0,1.0,0.0
ds000164,sub-025,1,114,stroop,incongruent,512.071,1.0,0.982,982.0,1.0,1.0
ds000164,sub-025,1,115,stroop,neutral,515.072,1.0,0.771,771.0,1.0,0.0
ds000164,sub-025,1,116,stroop,neutral,518.073,1.0,0.65,650.0,1.0,0.0
ds000164,sub-025,1,117,stroop,congruent,522.574,1.0,0.703,703.0,1.0,0.0
ds000164,sub-025,1,118,stroop,incongruent,525.575,1.0,0.977,977.0,1.0,1.0
ds000164,sub-025,1,119,stroop,neutral,528.576,1.0,0.809,809.0,1.0,0.0
ds000164,sub-026,1,1,stroop,congruent,0.371,1.0,0.898,898.0,1.0,0.0
ds000164,sub-026,1,2,stroop,incongruent,3.376,1.0,0.664,664.0,0.0,1.0
ds000164,sub-026,1,3,stroop,incongruent,9.377,1.0,1.07,1070.0,1.0,1.0
ds000164,sub-026,1,4,stroop,neutral,12.379,1.0,0.701,701.0,1.0,0.0
ds000164,sub-026,1,5,stroop,congruent,18.38,1.0,0.687,687.0,1.0,0.0
ds000164,sub-026,1,6,stroop,neutral,21.382,1.0,0.756,756.0,1.0,0.0
ds000164,sub-026,1,7,stroop,neutral,30.383,1.0,0.721,721.0,1.0,0.0
ds000164,sub-026,1,8,stroop,neutral,33.386,1.0,0.728,728.0,1.0,0.0
ds000164,sub-026,1,9,stroop,congruent,36.387,1.0,0.734,734.0,1.0,0.0
ds000164,sub-026,1,10,stroop,neutral,39.388,1.0,0.808,808.0,1.0,0.0
ds000164,sub-026,1,11,stroop,incongruent,42.389,1.0,0.772,772.0,0.0,1.0
ds000164,sub-026,1,12,stroop,incongruent,49.89,1.0,0.852,852.0,1.0,1.0
ds000164,sub-026,1,13,stroop,neutral,52.893,1.0,0.748,748.0,1.0,0.0
ds000164,sub-026,1,14,stroop,neutral,55.894,1.0,0.702,702.0,1.0,0.0
ds000164,sub-026,1,15,stroop,incongruent,58.895,1.0,0.921,921.0,1.0,1.0
ds000164,sub-026,1,16,stroop,neutral,61.896,1.0,0.728,728.0,1.0,0.0
ds000164,sub-026,1,17,stroop,incongruent,66.397,1.0,1.154,1154.0,1.0,1.0
ds000164,sub-026,1,18,stroop,incongruent,73.898,1.0,0.937,937.0,1.0,1.0
ds000164,sub-026,1,19,stroop,neutral,76.901,1.0,0.886,886.0,1.0,0.0
ds000164,sub-026,1,20,stroop,incongruent,79.902,1.0,1.063,1063.0,1.0,1.0
ds000164,sub-026,1,21,stroop,neutral,82.903,1.0,0.862,862.0,1.0,0.0
ds000164,sub-026,1,22,stroop,congruent,85.904,1.0,0.713,713.0,1.0,0.0
ds000164,sub-026,1,23,stroop,incongruent,91.905,1.0,1.266,1266.0,1.0,1.0
ds000164,sub-026,1,24,stroop,congruent,94.907,1.0,0.798,798.0,1.0,0.0
ds000164,sub-026,1,25,stroop,incongruent,97.908,1.0,0.807,807.0,1.0,1.0
ds000164,sub-026,1,26,stroop,neutral,100.909,1.0,0.751,751.0,1.0,0.0
ds000164,sub-026,1,27,stroop,congruent,103.91,1.0,0.67,670.0,1.0,0.0
ds000164,sub-026,1,28,stroop,incongruent,106.911,1.0,0.904,904.0,1.0,1.0
ds000164,sub-026,1,29,stroop,incongruent,109.912,1.0,0.69,690.0,1.0,1.0
ds000164,sub-026,1,30,stroop,incongruent,114.413,1.0,0.722,722.0,1.0,1.0
ds000164,sub-026,1,31,stroop,incongruent,120.414,1.0,0.986,986.0,1.0,1.0
ds000164,sub-026,1,32,stroop,incongruent,123.416,1.0,1.06,1060.0,1.0,1.0
ds000164,sub-026,1,33,stroop,neutral,127.917,1.0,0.77,770.0,1.0,0.0
ds000164,sub-026,1,34,stroop,congruent,130.919,1.0,0.724,724.0,1.0,0.0
ds000164,sub-026,1,35,stroop,neutral,133.92,1.0,0.766,766.0,1.0,0.0
ds000164,sub-026,1,36,stroop,neutral,139.921,1.0,0.654,654.0,1.0,0.0
ds000164,sub-026,1,37,stroop,congruent,148.923,1.0,0.818,818.0,1.0,0.0
ds000164,sub-026,1,38,stroop,congruent,151.926,1.0,0.637,637.0,1.0,0.0
ds000164,sub-026,1,39,stroop,neutral,156.427,1.0,0.769,769.0,1.0,0.0
ds000164,sub-026,1,40,stroop,congruent,162.429,1.0,0.932,932.0,1.0,0.0
ds000164,sub-026,1,41,stroop,neutral,165.431,1.0,1.057,1057.0,1.0,0.0
ds000164,sub-026,1,42,stroop,neutral,171.432,1.0,0.887,887.0,1.0,0.0
ds000164,sub-026,1,43,stroop,congruent,174.434,1.0,0.731,731.0,1.0,0.0
ds000164,sub-026,1,44,stroop,neutral,177.435,1.0,0.768,768.0,1.0,0.0
ds000164,sub-026,1,45,stroop,neutral,183.436,1.0,0.718,718.0,1.0,0.0
ds000164,sub-026,1,46,stroop,congruent,186.438,1.0,0.657,657.0,1.0,0.0
ds000164,sub-026,1,47,stroop,incongruent,195.439,1.0,0.899,899.0,0.0,1.0
ds000164,sub-026,1,48,stroop,incongruent,199.942,1.0,0.982,982.0,1.0,1.0
ds000164,sub-026,1,49,stroop,congruent,202.943,1.0,0.804,804.0,1.0,0.0
ds000164,sub-026,1,50,stroop,neutral,205.944,1.0,0.793,793.0,1.0,0.0
ds000164,sub-026,1,51,stroop,neutral,208.945,1.0,0.747,747.0,1.0,0.0
ds000164,sub-026,1,52,stroop,congruent,214.946,1.0,0.968,968.0,1.0,0.0
ds000164,sub-026,1,53,stroop,congruent,217.948,1.0,0.665,665.0,1.0,0.0
ds000164,sub-026,1,54,stroop,congruent,226.949,1.0,0.639,639.0,1.0,0.0
ds000164,sub-026,1,55,stroop,incongruent,229.952,1.0,0.648,648.0,0.0,1.0
ds000164,sub-026,1,56,stroop,congruent,234.453,1.0,0.842,842.0,1.0,0.0
ds000164,sub-026,1,57,stroop,neutral,237.455,1.0,0.816,816.0,1.0,0.0
ds000164,sub-026,1,58,stroop,congruent,240.456,1.0,0.758,758.0,1.0,0.0
ds000164,sub-026,1,59,stroop,incongruent,243.457,1.0,1.024,1024.0,1.0,1.0
ds000164,sub-026,1,60,stroop,neutral,253.958,1.0,0.708,708.0,1.0,0.0
ds000164,sub-026,1,61,stroop,neutral,256.961,1.0,0.799,799.0,1.0,0.0
ds000164,sub-026,1,62,stroop,congruent,259.962,1.0,0.847,847.0,1.0,0.0
ds000164,sub-026,1,63,stroop,congruent,262.963,1.0,0.726,726.0,1.0,0.0
ds000164,sub-026,1,64,stroop,neutral,268.964,1.0,0.749,749.0,1.0,0.0
ds000164,sub-026,1,65,stroop,congruent,273.466,1.0,0.84,840.0,1.0,0.0
ds000164,sub-026,1,66,stroop,incongruent,277.968,1.0,0.911,911.0,1.0,1.0
ds000164,sub-026,1,67,stroop,neutral,291.469,1.0,0.957,957.0,1.0,0.0
ds000164,sub-026,1,68,stroop,congruent,294.474,1.0,0.871,871.0,1.0,0.0
ds000164,sub-026,1,69,stroop,neutral,298.975,1.0,1.119,1119.0,1.0,0.0
ds000164,sub-026,1,70,stroop,congruent,303.476,1.0,0.825,825.0,1.0,0.0
ds000164,sub-026,1,71,stroop,congruent,306.478,1.0,0.75,750.0,1.0,0.0
ds000164,sub-026,1,72,stroop,incongruent,309.479,1.0,0.857,857.0,1.0,1.0
ds000164,sub-026,1,73,stroop,neutral,313.98,1.0,0.795,795.0,1.0,0.0
ds000164,sub-026,1,74,stroop,congruent,316.981,1.0,0.741,741.0,1.0,0.0
ds000164,sub-026,1,75,stroop,congruent,325.982,1.0,0.876,876.0,1.0,0.0
ds000164,sub-026,1,76,stroop,neutral,333.485,1.0,0.766,766.0,1.0,0.0
ds000164,sub-026,1,77,stroop,incongruent,336.488,1.0,0.803,803.0,1.0,1.0
ds000164,sub-026,1,78,stroop,incongruent,339.489,1.0,1.049,1049.0,1.0,1.0
ds000164,sub-026,1,79,stroop,neutral,343.99,1.0,0.89,890.0,1.0,0.0
ds000164,sub-026,1,80,stroop,incongruent,346.991,1.0,1.069,1069.0,0.0,1.0
ds000164,sub-026,1,81,stroop,congruent,357.492,1.0,0.812,812.0,1.0,0.0
ds000164,sub-026,1,82,stroop,incongruent,361.996,1.0,0.697,697.0,0.0,1.0
ds000164,sub-026,1,83,stroop,congruent,364.997,1.0,0.801,801.0,1.0,0.0
ds000164,sub-026,1,84,stroop,neutral,369.498,1.0,0.858,858.0,1.0,0.0
ds000164,sub-026,1,85,stroop,neutral,372.5,1.0,1.164,1164.0,1.0,0.0
ds000164,sub-026,1,86,stroop,incongruent,378.501,1.0,1.065,1065.0,1.0,1.0
ds000164,sub-026,1,87,stroop,incongruent,386.003,1.0,0.999,999.0,1.0,1.0
ds000164,sub-026,1,88,stroop,incongruent,390.505,1.0,1.028,1028.0,1.0,1.0
ds000164,sub-026,1,89,stroop,incongruent,393.507,1.0,0.87,870.0,1.0,1.0
ds000164,sub-026,1,90,stroop,incongruent,396.508,1.0,1.417,1417.0,1.0,1.0
ds000164,sub-026,1,91,stroop,neutral,401.009,1.0,1.173,1173.0,1.0,0.0
ds000164,sub-026,1,92,stroop,congruent,405.51,1.0,1.139,1139.0,1.0,0.0
ds000164,sub-026,1,93,stroop,neutral,410.012,1.0,0.8,800.0,1.0,0.0
ds000164,sub-026,1,94,stroop,congruent,417.513,1.0,0.748,748.0,1.0,0.0
ds000164,sub-026,1,95,stroop,neutral,422.016,1.0,0.818,818.0,1.0,0.0
ds000164,sub-026,1,96,stroop,neutral,425.017,1.0,1.422,1422.0,1.0,0.0
ds000164,sub-026,1,97,stroop,neutral,431.018,1.0,0.753,753.0,1.0,0.0
ds000164,sub-026,1,98,stroop,incongruent,435.52,1.0,1.152,1152.0,1.0,1.0
ds000164,sub-026,1,99,stroop,congruent,438.522,1.0,1.038,1038.0,1.0,0.0
ds000164,sub-026,1,100,stroop,congruent,441.528,1.0,0.862,862.0,1.0,0.0
ds000164,sub-026,1,101,stroop,incongruent,444.524,1.0,0.985,985.0,1.0,1.0
ds000164,sub-026,1,102,stroop,congruent,455.025,1.0,0.663,663.0,1.0,0.0
ds000164,sub-026,1,103,stroop,incongruent,461.028,1.0,0.791,791.0,1.0,1.0
ds000164,sub-026,1,104,stroop,neutral,467.03,1.0,1.227,1227.0,1.0,0.0
ds000164,sub-026,1,105,stroop,incongruent,471.532,1.0,1.013,1012.9999999999999,1.0,1.0
ds000164,sub-026,1,106,stroop,neutral,477.534,1.0,1.341,1341.0,1.0,0.0
ds000164,sub-026,1,107,stroop,neutral,480.536,1.0,0.923,923.0,1.0,0.0
ds000164,sub-026,1,108,stroop,neutral,483.537,1.0,1.074,1074.0,1.0,0.0
ds000164,sub-026,1,109,stroop,congruent,486.538,1.0,0.866,866.0,1.0,0.0
ds000164,sub-026,1,110,stroop,congruent,489.539,1.0,0.707,707.0,1.0,0.0
ds000164,sub-026,1,111,stroop,incongruent,492.54,1.0,0.905,905.0,1.0,1.0
ds000164,sub-026,1,112,stroop,neutral,498.541,1.0,1.188,1188.0,1.0,0.0
ds000164,sub-026,1,113,stroop,incongruent,503.043,1.0,0.896,896.0,1.0,1.0
ds000164,sub-026,1,114,stroop,congruent,506.044,1.0,0.825,825.0,1.0,0.0
ds000164,sub-026,1,115,stroop,congruent,509.045,1.0,0.736,736.0,1.0,0.0
ds000164,sub-026,1,116,stroop,congruent,512.046,1.0,0.983,983.0,1.0,0.0
ds000164,sub-026,1,117,stroop,congruent,524.047,1.0,0.984,984.0,0.0,0.0
ds000164,sub-026,1,118,stroop,congruent,527.051,1.0,0.755,755.0,1.0,0.0
ds000164,sub-026,1,119,stroop,congruent,530.052,1.0,0.559,559.0,1.0,0.0
ds000164,sub-027,1,1,stroop,congruent,0.396,1.0,0.562,562.0,1.0,0.0
ds000164,sub-027,1,2,stroop,congruent,3.399,1.0,0.731,731.0,1.0,0.0
ds000164,sub-027,1,3,stroop,incongruent,12.4,1.0,0.917,917.0,1.0,1.0
ds000164,sub-027,1,4,stroop,congruent,16.903,1.0,0.887,887.0,1.0,0.0
ds000164,sub-027,1,5,stroop,neutral,19.905,1.0,0.684,684.0,1.0,0.0
ds000164,sub-027,1,6,stroop,congruent,22.906,1.0,0.618,618.0,1.0,0.0
ds000164,sub-027,1,7,stroop,incongruent,25.907,1.0,0.724,724.0,1.0,1.0
ds000164,sub-027,1,8,stroop,congruent,28.908,1.0,0.621,621.0,1.0,0.0
ds000164,sub-027,1,9,stroop,unknown,31.909,1.0,0.63,630.0,1.0,
ds000164,sub-027,1,10,stroop,congruent,34.91,1.0,0.576,576.0,1.0,0.0
ds000164,sub-027,1,11,stroop,neutral,37.911,1.0,0.58,580.0,1.0,0.0
ds000164,sub-027,1,12,stroop,incongruent,40.912,1.0,0.687,687.0,1.0,1.0
ds000164,sub-027,1,13,stroop,incongruent,43.913,1.0,0.711,711.0,1.0,1.0
ds000164,sub-027,1,14,stroop,neutral,46.914,1.0,0.657,657.0,1.0,0.0
ds000164,sub-027,1,15,stroop,neutral,54.415,1.0,0.793,793.0,1.0,0.0
ds000164,sub-027,1,16,stroop,incongruent,57.417,1.0,0.745,745.0,1.0,1.0
ds000164,sub-027,1,17,stroop,neutral,60.418,1.0,0.719,719.0,1.0,0.0
ds000164,sub-027,1,18,stroop,incongruent,63.419,1.0,0.821,821.0,1.0,1.0
ds000164,sub-027,1,19,stroop,congruent,72.42,1.0,0.695,695.0,1.0,0.0
ds000164,sub-027,1,20,stroop,congruent,87.423,1.0,0.73,730.0,1.0,0.0
ds000164,sub-027,1,21,stroop,neutral,90.428,1.0,0.652,652.0,1.0,0.0
ds000164,sub-027,1,22,stroop,incongruent,93.429,1.0,0.703,703.0,1.0,1.0
ds000164,sub-027,1,23,stroop,incongruent,100.93,1.0,0.936,936.0,1.0,1.0
ds000164,sub-027,1,24,stroop,incongruent,105.433,1.0,0.693,693.0,1.0,1.0
ds000164,sub-027,1,25,stroop,incongruent,108.434,1.0,0.562,562.0,1.0,1.0
ds000164,sub-027,1,26,stroop,congruent,111.435,1.0,0.591,591.0,1.0,0.0
ds000164,sub-027,1,27,stroop,neutral,114.436,1.0,0.77,770.0,1.0,0.0
ds000164,sub-027,1,28,stroop,congruent,117.437,1.0,0.678,678.0,1.0,0.0
ds000164,sub-027,1,29,stroop,congruent,121.938,1.0,0.771,771.0,1.0,0.0
ds000164,sub-027,1,30,stroop,incongruent,126.44,1.0,0.78,780.0,1.0,1.0
ds000164,sub-027,1,31,stroop,neutral,130.941,1.0,0.978,978.0,1.0,0.0
ds000164,sub-027,1,32,stroop,congruent,133.943,1.0,0.675,675.0,1.0,0.0
ds000164,sub-027,1,33,stroop,neutral,141.444,1.0,0.786,786.0,1.0,0.0
ds000164,sub-027,1,34,stroop,incongruent,144.446,1.0,0.913,913.0,0.0,1.0
ds000164,sub-027,1,35,stroop,incongruent,147.448,1.0,1.229,1229.0,1.0,1.0
ds000164,sub-027,1,36,stroop,neutral,150.449,1.0,0.801,801.0,1.0,0.0
ds000164,sub-027,1,37,stroop,incongruent,157.95,1.0,0.868,868.0,1.0,1.0
ds000164,sub-027,1,38,stroop,neutral,165.452,1.0,0.961,961.0,1.0,0.0
ds000164,sub-027,1,39,stroop,neutral,168.455,1.0,0.915,915.0,1.0,0.0
ds000164,sub-027,1,40,stroop,neutral,171.456,1.0,0.581,581.0,1.0,0.0
ds000164,sub-027,1,41,stroop,congruent,181.957,1.0,0.76,760.0,1.0,0.0
ds000164,sub-027,1,42,stroop,congruent,184.96,1.0,0.64,640.0,1.0,0.0
ds000164,sub-027,1,43,stroop,congruent,189.461,1.0,0.726,726.0,1.0,0.0
ds000164,sub-027,1,44,stroop,neutral,192.463,1.0,0.695,695.0,1.0,0.0
ds000164,sub-027,1,45,stroop,neutral,196.964,1.0,0.718,718.0,1.0,0.0
ds000164,sub-027,1,46,stroop,neutral,204.465,1.0,0.889,889.0,1.0,0.0
ds000164,sub-027,1,47,stroop,neutral,208.968,1.0,0.819,819.0,1.0,0.0
ds000164,sub-027,1,48,stroop,neutral,211.969,1.0,0.636,636.0,1.0,0.0
ds000164,sub-027,1,49,stroop,congruent,214.97,1.0,0.712,712.0,1.0,0.0
ds000164,sub-027,1,50,stroop,incongruent,217.971,1.0,0.739,739.0,1.0,1.0
ds000164,sub-027,1,51,stroop,congruent,222.472,1.0,0.85,850.0,1.0,0.0
ds000164,sub-027,1,52,stroop,congruent,225.474,1.0,0.722,722.0,1.0,0.0
ds000164,sub-027,1,53,stroop,congruent,228.475,1.0,0.558,558.0,1.0,0.0
ds000164,sub-027,1,54,stroop,incongruent,231.476,1.0,0.696,696.0,1.0,1.0
ds000164,sub-027,1,55,stroop,congruent,238.977,1.0,0.738,738.0,1.0,0.0
ds000164,sub-027,1,56,stroop,incongruent,244.979,1.0,0.723,723.0,1.0,1.0
ds000164,sub-027,1,57,stroop,incongruent,247.981,1.0,0.815,815.0,1.0,1.0
ds000164,sub-027,1,58,stroop,neutral,253.982,1.0,0.713,713.0,1.0,0.0
ds000164,sub-027,1,59,stroop,congruent,256.984,1.0,0.792,792.0,1.0,0.0
ds000164,sub-027,1,60,stroop,congruent,259.985,1.0,0.766,766.0,1.0,0.0
ds000164,sub-027,1,61,stroop,congruent,262.986,1.0,0.807,807.0,1.0,0.0
ds000164,sub-027,1,62,stroop,incongruent,265.987,1.0,1.131,1131.0,1.0,1.0
ds000164,sub-027,1,63,stroop,congruent,271.988,1.0,0.719,719.0,1.0,0.0
ds000164,sub-027,1,64,stroop,neutral,280.99,1.0,0.965,965.0,1.0,0.0
ds000164,sub-027,1,65,stroop,incongruent,283.993,1.0,0.884,884.0,1.0,1.0
ds000164,sub-027,1,66,stroop,congruent,295.994,1.0,1.052,1052.0,1.0,0.0
ds000164,sub-027,1,67,stroop,neutral,298.998,1.0,0.989,989.0,1.0,0.0
ds000164,sub-027,1,68,stroop,incongruent,301.999,1.0,1.095,1095.0,1.0,1.0
ds000164,sub-027,1,69,stroop,neutral,309.5,1.0,0.846,846.0,1.0,0.0
ds000164,sub-027,1,70,stroop,congruent,315.503,1.0,0.704,704.0,1.0,0.0
ds000164,sub-027,1,71,stroop,neutral,318.505,1.0,0.69,690.0,1.0,0.0
ds000164,sub-027,1,72,stroop,congruent,321.506,1.0,0.849,849.0,1.0,0.0
ds000164,sub-027,1,73,stroop,neutral,327.507,1.0,0.646,646.0,1.0,0.0
ds000164,sub-027,1,74,stroop,neutral,335.009,1.0,0.723,723.0,1.0,0.0
ds000164,sub-027,1,75,stroop,congruent,338.011,1.0,0.647,647.0,1.0,0.0
ds000164,sub-027,1,76,stroop,neutral,350.012,1.0,0.813,813.0,1.0,0.0
ds000164,sub-027,1,77,stroop,neutral,353.016,1.0,0.929,929.0,1.0,0.0
ds000164,sub-027,1,78,stroop,neutral,357.517,1.0,0.848,848.0,1.0,0.0
ds000164,sub-027,1,79,stroop,congruent,365.019,1.0,0.793,793.0,1.0,0.0
ds000164,sub-027,1,80,stroop,neutral,369.521,1.0,0.602,602.0,1.0,0.0
ds000164,sub-027,1,81,stroop,incongruent,372.523,1.0,0.842,842.0,1.0,1.0
ds000164,sub-027,1,82,stroop,neutral,375.524,1.0,0.651,651.0,1.0,0.0
ds000164,sub-027,1,83,stroop,incongruent,378.525,1.0,0.975,975.0,1.0,1.0
ds000164,sub-027,1,84,stroop,congruent,383.026,1.0,0.903,903.0,1.0,0.0
ds000164,sub-027,1,85,stroop,incongruent,386.027,1.0,1.269,1269.0,1.0,1.0
ds000164,sub-027,1,86,stroop,neutral,389.028,1.0,0.646,646.0,1.0,0.0
ds000164,sub-027,1,87,stroop,congruent,393.529,1.0,0.832,832.0,1.0,0.0
ds000164,sub-027,1,88,stroop,neutral,401.031,1.0,1.092,1092.0,1.0,0.0
ds000164,sub-027,1,89,stroop,neutral,405.533,1.0,0.738,738.0,1.0,0.0
ds000164,sub-027,1,90,stroop,incongruent,408.535,1.0,0.785,785.0,1.0,1.0
ds000164,sub-027,1,91,stroop,incongruent,411.536,1.0,0.689,689.0,1.0,1.0
ds000164,sub-027,1,92,stroop,incongruent,414.537,1.0,0.0,,0.0,1.0
ds000164,sub-027,1,93,stroop,incongruent,417.538,1.0,0.66,660.0,1.0,1.0
ds000164,sub-027,1,94,stroop,incongruent,420.539,1.0,0.894,894.0,1.0,1.0
ds000164,sub-027,1,95,stroop,congruent,423.54,1.0,0.713,713.0,1.0,0.0
ds000164,sub-027,1,96,stroop,neutral,428.041,1.0,0.784,784.0,1.0,0.0
ds000164,sub-027,1,97,stroop,incongruent,432.542,1.0,0.94,940.0,0.0,1.0
ds000164,sub-027,1,98,stroop,neutral,435.544,1.0,0.729,729.0,1.0,0.0
ds000164,sub-027,1,99,stroop,congruent,438.545,1.0,0.866,866.0,1.0,0.0
ds000164,sub-027,1,100,stroop,congruent,441.546,1.0,0.787,787.0,1.0,0.0
ds000164,sub-027,1,101,stroop,neutral,444.547,1.0,0.771,771.0,1.0,0.0
ds000164,sub-027,1,102,stroop,congruent,450.548,1.0,0.817,817.0,1.0,0.0
ds000164,sub-027,1,103,stroop,incongruent,453.55,1.0,1.063,1063.0,1.0,1.0
ds000164,sub-027,1,104,stroop,neutral,459.551,1.0,0.799,799.0,1.0,0.0
ds000164,sub-027,1,105,stroop,congruent,465.553,1.0,0.94,940.0,1.0,0.0
ds000164,sub-027,1,106,stroop,incongruent,468.555,1.0,0.719,719.0,0.0,1.0
ds000164,sub-027,1,107,stroop,neutral,473.056,1.0,0.792,792.0,1.0,0.0
ds000164,sub-027,1,108,stroop,incongruent,476.057,1.0,0.699,699.0,1.0,1.0
ds000164,sub-027,1,109,stroop,congruent,479.058,1.0,0.598,598.0,1.0,0.0
ds000164,sub-027,1,110,stroop,neutral,482.059,1.0,0.772,772.0,1.0,0.0
ds000164,sub-027,1,111,stroop,incongruent,489.56,1.0,1.079,1079.0,0.0,1.0
ds000164,sub-027,1,112,stroop,incongruent,495.563,1.0,0.807,807.0,1.0,1.0
ds000164,sub-027,1,113,stroop,congruent,501.565,1.0,1.065,1065.0,1.0,0.0
ds000164,sub-027,1,114,stroop,congruent,504.567,1.0,0.841,841.0,1.0,0.0
ds000164,sub-027,1,115,stroop,congruent,509.068,1.0,0.788,788.0,1.0,0.0
ds000164,sub-027,1,116,stroop,neutral,512.069,1.0,0.785,785.0,1.0,0.0
ds000164,sub-027,1,117,stroop,incongruent,518.07,1.0,1.086,1086.0,1.0,1.0
ds000164,sub-027,1,118,stroop,neutral,521.072,1.0,1.33,1330.0,1.0,0.0
ds000164,sub-027,1,119,stroop,congruent,525.573,1.0,0.795,795.0,1.0,0.0
ds000164,sub-028,1,1,stroop,incongruent,0.366,1.0,0.868,868.0,1.0,1.0
ds000164,sub-028,1,2,stroop,neutral,3.378,1.0,0.796,796.0,1.0,0.0
ds000164,sub-028,1,3,stroop,incongruent,9.379,1.0,1.104,1104.0,1.0,1.0
ds000164,sub-028,1,4,stroop,neutral,16.881,1.0,0.729,729.0,0.0,0.0
ds000164,sub-028,1,5,stroop,neutral,24.384,1.0,0.524,524.0,1.0,0.0
ds000164,sub-028,1,6,stroop,congruent,27.386,1.0,0.9,900.0,1.0,0.0
ds000164,sub-028,1,7,stroop,congruent,31.887,1.0,0.669,669.0,1.0,0.0
ds000164,sub-028,1,8,stroop,neutral,34.889,1.0,0.881,881.0,1.0,0.0
ds000164,sub-028,1,9,stroop,congruent,45.39,1.0,0.759,759.0,1.0,0.0
ds000164,sub-028,1,10,stroop,incongruent,54.393,1.0,0.83,830.0,1.0,1.0
ds000164,sub-028,1,11,stroop,neutral,60.396,1.0,0.723,723.0,1.0,0.0
ds000164,sub-028,1,12,stroop,incongruent,63.398,1.0,0.984,984.0,1.0,1.0
ds000164,sub-028,1,13,stroop,neutral,69.399,1.0,0.8,800.0,1.0,0.0
ds000164,sub-028,1,14,stroop,incongruent,73.901,1.0,0.974,974.0,0.0,1.0
ds000164,sub-028,1,15,stroop,congruent,78.403,1.0,0.907,907.0,1.0,0.0
ds000164,sub-028,1,16,stroop,incongruent,84.404,1.0,0.697,697.0,1.0,1.0
ds000164,sub-028,1,17,stroop,neutral,93.406,1.0,0.652,652.0,1.0,0.0
ds000164,sub-028,1,18,stroop,incongruent,96.409,1.0,0.639,639.0,1.0,1.0
ds000164,sub-028,1,19,stroop,incongruent,100.91,1.0,0.721,721.0,1.0,1.0
ds000164,sub-028,1,20,stroop,congruent,105.412,1.0,0.751,751.0,1.0,0.0
ds000164,sub-028,1,21,stroop,incongruent,112.913,1.0,1.049,1049.0,1.0,1.0
ds000164,sub-028,1,22,stroop,neutral,115.916,1.0,1.281,1281.0,1.0,0.0
ds000164,sub-028,1,23,stroop,congruent,118.917,1.0,0.817,817.0,1.0,0.0
ds000164,sub-028,1,24,stroop,neutral,121.918,1.0,0.934,934.0,1.0,0.0
ds000164,sub-028,1,25,stroop,congruent,127.919,1.0,1.387,1387.0,1.0,0.0
ds000164,sub-028,1,26,stroop,congruent,130.921,1.0,0.706,706.0,1.0,0.0
ds000164,sub-028,1,27,stroop,incongruent,135.422,1.0,0.924,924.0,1.0,1.0
ds000164,sub-028,1,28,stroop,neutral,139.923,1.0,0.778,778.0,1.0,0.0
ds000164,sub-028,1,29,stroop,neutral,147.425,1.0,0.898,898.0,1.0,0.0
ds000164,sub-028,1,30,stroop,congruent,153.427,1.0,0.626,626.0,1.0,0.0
ds000164,sub-028,1,31,stroop,congruent,157.929,1.0,1.01,1010.0,1.0,0.0
ds000164,sub-028,1,32,stroop,congruent,162.431,1.0,0.821,821.0,1.0,0.0
ds000164,sub-028,1,33,stroop,congruent,165.432,1.0,0.592,592.0,1.0,0.0
ds000164,sub-028,1,34,stroop,incongruent,169.933,1.0,0.636,636.0,1.0,1.0
ds000164,sub-028,1,35,stroop,incongruent,172.935,1.0,0.865,865.0,1.0,1.0
ds000164,sub-028,1,36,stroop,incongruent,175.936,1.0,0.552,552.0,1.0,1.0
ds000164,sub-028,1,37,stroop,incongruent,178.937,1.0,0.821,821.0,1.0,1.0
ds000164,sub-028,1,38,stroop,neutral,181.938,1.0,0.772,772.0,1.0,0.0
ds000164,sub-028,1,39,stroop,congruent,186.439,1.0,1.09,1090.0,1.0,0.0
ds000164,sub-028,1,40,stroop,neutral,195.44,1.0,0.806,806.0,0.0,0.0
ds000164,sub-028,1,41,stroop,neutral,201.443,1.0,0.814,814.0,1.0,0.0
ds000164,sub-028,1,42,stroop,incongruent,214.945,1.0,1.057,1057.0,1.0,1.0
ds000164,sub-028,1,43,stroop,congruent,217.95,1.0,0.931,931.0,0.0,0.0
ds000164,sub-028,1,44,stroop,neutral,220.951,1.0,0.813,813.0,1.0,0.0
ds000164,sub-028,1,45,stroop,incongruent,226.952,1.0,0.926,926.0,1.0,1.0
ds000164,sub-028,1,46,stroop,neutral,229.954,1.0,0.815,815.0,1.0,0.0
ds000164,sub-028,1,47,stroop,neutral,232.955,1.0,0.924,924.0,1.0,0.0
ds000164,sub-028,1,48,stroop,neutral,237.456,1.0,1.285,1285.0,1.0,0.0
ds000164,sub-028,1,49,stroop,congruent,240.457,1.0,0.987,987.0,1.0,0.0
ds000164,sub-028,1,50,stroop,neutral,243.458,1.0,0.831,831.0,1.0,0.0
ds000164,sub-028,1,51,stroop,congruent,246.459,1.0,0.785,785.0,1.0,0.0
ds000164,sub-028,1,52,stroop,incongruent,267.46,1.0,1.05,1050.0,1.0,1.0
ds000164,sub-028,1,53,stroop,congruent,270.467,1.0,1.434,1434.0,1.0,0.0
ds000164,sub-028,1,54,stroop,neutral,273.468,1.0,0.881,881.0,1.0,0.0
ds000164,sub-028,1,55,stroop,neutral,276.469,1.0,1.035,1035.0,1.0,0.0
ds000164,sub-028,1,56,stroop,congruent,279.47,1.0,0.771,771.0,1.0,0.0
ds000164,sub-028,1,57,stroop,incongruent,282.471,1.0,1.006,1006.0,1.0,1.0
ds000164,sub-028,1,58,stroop,congruent,285.472,1.0,0.798,798.0,1.0,0.0
ds000164,sub-028,1,59,stroop,congruent,288.473,1.0,0.944,944.0,1.0,0.0
ds000164,sub-028,1,60,stroop,neutral,291.474,1.0,0.933,933.0,1.0,0.0
ds000164,sub-028,1,61,stroop,incongruent,294.475,1.0,0.925,925.0,0.0,1.0
ds000164,sub-028,1,62,stroop,congruent,297.476,1.0,0.681,681.0,1.0,0.0
ds000164,sub-028,1,63,stroop,incongruent,304.977,1.0,1.119,1119.0,1.0,1.0
ds000164,sub-028,1,64,stroop,neutral,309.48,1.0,1.03,1030.0,1.0,0.0
ds000164,sub-028,1,65,stroop,congruent,312.481,1.0,0.899,899.0,1.0,0.0
ds000164,sub-028,1,66,stroop,congruent,316.982,1.0,0.893,893.0,1.0,0.0
ds000164,sub-028,1,67,stroop,incongruent,321.484,1.0,1.216,1216.0,1.0,1.0
ds000164,sub-028,1,68,stroop,congruent,324.485,1.0,0.865,865.0,1.0,0.0
ds000164,sub-028,1,69,stroop,congruent,327.486,1.0,0.747,747.0,1.0,0.0
ds000164,sub-028,1,70,stroop,congruent,333.487,1.0,1.01,1010.0,1.0,0.0
ds000164,sub-028,1,71,stroop,neutral,336.489,1.0,0.952,952.0,1.0,0.0
ds000164,sub-028,1,72,stroop,incongruent,340.99,1.0,1.158,1158.0,1.0,1.0
ds000164,sub-028,1,73,stroop,congruent,343.992,1.0,0.847,847.0,1.0,0.0
ds000164,sub-028,1,74,stroop,incongruent,346.993,1.0,1.249,1249.0,1.0,1.0
ds000164,sub-028,1,75,stroop,neutral,351.494,1.0,1.249,1249.0,1.0,0.0
ds000164,sub-028,1,76,stroop,incongruent,355.995,1.0,1.248,1248.0,1.0,1.0
ds000164,sub-028,1,77,stroop,neutral,358.997,1.0,0.972,972.0,1.0,0.0
ds000164,sub-028,1,78,stroop,neutral,361.998,1.0,0.663,663.0,1.0,0.0
ds000164,sub-028,1,79,stroop,incongruent,364.999,1.0,1.169,1169.0,1.0,1.0
ds000164,sub-028,1,80,stroop,congruent,369.5,1.0,1.093,1093.0,1.0,0.0
ds000164,sub-028,1,81,stroop,neutral,372.501,1.0,1.02,1020.0,1.0,0.0
ds000164,sub-028,1,82,stroop,congruent,375.502,1.0,0.867,867.0,1.0,0.0
ds000164,sub-028,1,83,stroop,incongruent,378.503,1.0,1.326,1326.0,1.0,1.0
ds000164,sub-028,1,84,stroop,congruent,381.504,1.0,0.908,908.0,1.0,0.0
ds000164,sub-028,1,85,stroop,neutral,390.505,1.0,1.145,1145.0,1.0,0.0
ds000164,sub-028,1,86,stroop,congruent,393.508,1.0,0.734,734.0,1.0,0.0
ds000164,sub-028,1,87,stroop,incongruent,398.009,1.0,1.732,1732.0,0.0,1.0
ds000164,sub-028,1,88,stroop,incongruent,402.511,1.0,1.116,1116.0,1.0,1.0
ds000164,sub-028,1,89,stroop,neutral,405.512,1.0,0.832,832.0,1.0,0.0
ds000164,sub-028,1,90,stroop,neutral,408.513,1.0,0.811,811.0,1.0,0.0
ds000164,sub-028,1,91,stroop,neutral,416.014,1.0,1.306,1306.0,1.0,0.0
ds000164,sub-028,1,92,stroop,neutral,423.517,1.0,1.092,1092.0,1.0,0.0
ds000164,sub-028,1,93,stroop,congruent,426.519,1.0,1.016,1016.0,1.0,0.0
ds000164,sub-028,1,94,stroop,incongruent,432.52,1.0,1.047,1047.0,1.0,1.0
ds000164,sub-028,1,95,stroop,congruent,441.522,1.0,0.0,,0.0,0.0
ds000164,sub-028,1,96,stroop,neutral,446.025,1.0,0.959,959.0,1.0,0.0
ds000164,sub-028,1,97,stroop,neutral,449.027,1.0,1.071,1071.0,1.0,0.0
ds000164,sub-028,1,98,stroop,neutral,452.028,1.0,1.007,1006.9999999999999,0.0,0.0
ds000164,sub-028,1,99,stroop,neutral,455.029,1.0,1.049,1049.0,1.0,0.0
ds000164,sub-028,1,100,stroop,congruent,458.03,1.0,1.028,1028.0,1.0,0.0
ds000164,sub-028,1,101,stroop,incongruent,461.031,1.0,1.415,1415.0,1.0,1.0
ds000164,sub-028,1,102,stroop,incongruent,464.032,1.0,1.006,1006.0,0.0,1.0
ds000164,sub-028,1,103,stroop,neutral,470.033,1.0,1.742,1742.0,0.0,0.0
ds000164,sub-028,1,104,stroop,neutral,473.035,1.0,1.126,1126.0,1.0,0.0
ds000164,sub-028,1,105,stroop,congruent,480.536,1.0,1.102,1102.0,1.0,0.0
ds000164,sub-028,1,106,stroop,congruent,483.538,1.0,1.146,1146.0,1.0,0.0
ds000164,sub-028,1,107,stroop,neutral,486.539,1.0,1.007,1006.9999999999999,1.0,0.0
ds000164,sub-028,1,108,stroop,incongruent,489.54,1.0,1.311,1311.0,1.0,1.0
ds000164,sub-028,1,109,stroop,incongruent,492.541,1.0,0.76,760.0,1.0,1.0
ds000164,sub-028,1,110,stroop,incongruent,495.542,1.0,1.377,1377.0,1.0,1.0
ds000164,sub-028,1,111,stroop,neutral,498.543,1.0,1.071,1071.0,1.0,0.0
ds000164,sub-028,1,112,stroop,congruent,501.544,1.0,0.82,820.0,1.0,0.0
ds000164,sub-028,1,113,stroop,incongruent,504.545,1.0,0.891,891.0,1.0,1.0
ds000164,sub-028,1,114,stroop,congruent,507.546,1.0,0.88,880.0,1.0,0.0
ds000164,sub-028,1,115,stroop,congruent,510.547,1.0,0.834,834.0,1.0,0.0
ds000164,sub-028,1,116,stroop,congruent,513.548,1.0,1.326,1326.0,1.0,0.0
ds000164,sub-028,1,117,stroop,neutral,519.549,1.0,1.242,1242.0,1.0,0.0
ds000164,sub-028,1,118,stroop,incongruent,522.551,1.0,1.256,1256.0,1.0,1.0
ds000164,sub-028,1,119,stroop,congruent,531.552,1.0,1.131,1131.0,1.0,0.0
ds000102,sub-01,1,1,flanker,incongruent,0.0,2.0,1.095,1095.0,1.0,1.0
ds000102,sub-01,1,2,flanker,incongruent,10.0,2.0,0.988,988.0,1.0,1.0
ds000102,sub-01,1,3,flanker,congruent,20.0,2.0,0.591,591.0,1.0,0.0
ds000102,sub-01,1,4,flanker,congruent,30.0,2.0,0.499,499.0,1.0,0.0
ds000102,sub-01,1,5,flanker,incongruent,40.0,2.0,0.719,719.0,1.0,1.0
ds000102,sub-01,1,6,flanker,congruent,52.0,2.0,0.544,544.0,1.0,0.0
ds000102,sub-01,1,7,flanker,congruent,64.0,2.0,0.436,436.0,1.0,0.0
ds000102,sub-01,1,8,flanker,incongruent,76.0,2.0,0.47,470.0,1.0,1.0
ds000102,sub-01,1,9,flanker,congruent,88.0,2.0,0.409,409.0,1.0,0.0
ds000102,sub-01,1,10,flanker,incongruent,102.0,2.0,0.563,563.0,1.0,1.0
ds000102,sub-01,1,11,flanker,congruent,116.0,2.0,0.493,493.0,1.0,0.0
ds000102,sub-01,1,12,flanker,congruent,130.0,2.0,0.398,398.0,1.0,0.0
ds000102,sub-01,1,13,flanker,congruent,140.0,2.0,0.466,466.0,1.0,0.0
ds000102,sub-01,1,14,flanker,incongruent,150.0,2.0,0.518,518.0,1.0,1.0
ds000102,sub-01,1,15,flanker,incongruent,164.0,2.0,0.56,560.0,1.0,1.0
ds000102,sub-01,1,16,flanker,incongruent,174.0,2.0,0.533,533.0,1.0,1.0
ds000102,sub-01,1,17,flanker,congruent,184.0,2.0,0.439,439.0,1.0,0.0
ds000102,sub-01,1,18,flanker,congruent,196.0,2.0,0.458,458.0,1.0,0.0
ds000102,sub-01,1,19,flanker,incongruent,208.0,2.0,0.734,734.0,1.0,1.0
ds000102,sub-01,1,20,flanker,incongruent,220.0,2.0,0.479,479.0,1.0,1.0
ds000102,sub-01,1,21,flanker,incongruent,232.0,2.0,0.538,538.0,1.0,1.0
ds000102,sub-01,1,22,flanker,congruent,246.0,2.0,0.54,540.0,1.0,0.0
ds000102,sub-01,1,23,flanker,incongruent,260.0,2.0,0.622,622.0,1.0,1.0
ds000102,sub-01,1,24,flanker,congruent,274.0,2.0,0.488,488.0,1.0,0.0
ds000102,sub-01,2,1,flanker,incongruent,0.0,2.0,0.56,560.0,1.0,1.0
ds000102,sub-01,2,2,flanker,incongruent,10.0,2.0,0.356,356.0,1.0,1.0
ds000102,sub-01,2,3,flanker,congruent,20.0,2.0,0.416,416.0,1.0,0.0
ds000102,sub-01,2,4,flanker,congruent,30.0,2.0,0.363,363.0,1.0,0.0
ds000102,sub-01,2,5,flanker,incongruent,42.0,2.0,0.406,406.0,1.0,1.0
ds000102,sub-01,2,6,flanker,congruent,54.0,2.0,0.537,537.0,1.0,0.0
ds000102,sub-01,2,7,flanker,congruent,64.0,2.0,0.484,484.0,1.0,0.0
ds000102,sub-01,2,8,flanker,incongruent,76.0,2.0,0.479,479.0,1.0,1.0
ds000102,sub-01,2,9,flanker,congruent,88.0,2.0,0.49,490.0,1.0,0.0
ds000102,sub-01,2,10,flanker,incongruent,102.0,2.0,0.42,420.0,1.0,1.0
ds000102,sub-01,2,11,flanker,congruent,116.0,2.0,0.374,374.0,1.0,0.0
ds000102,sub-01,2,12,flanker,congruent,130.0,2.0,0.483,483.0,1.0,0.0
ds000102,sub-01,2,13,flanker,congruent,144.0,2.0,0.521,521.0,1.0,0.0
ds000102,sub-01,2,14,flanker,incongruent,154.0,2.0,0.471,471.0,1.0,1.0
ds000102,sub-01,2,15,flanker,incongruent,164.0,2.0,0.448,448.0,1.0,1.0
ds000102,sub-01,2,16,flanker,incongruent,174.0,2.0,0.38,380.0,1.0,1.0
ds000102,sub-01,2,17,flanker,congruent,184.0,2.0,0.392,392.0,0.0,0.0
ds000102,sub-01,2,18,flanker,congruent,196.0,2.0,0.604,604.0,1.0,0.0
ds000102,sub-01,2,19,flanker,incongruent,208.0,2.0,0.53,530.0,1.0,1.0
ds000102,sub-01,2,20,flanker,incongruent,220.0,2.0,0.466,466.0,1.0,1.0
ds000102,sub-01,2,21,flanker,incongruent,232.0,2.0,0.427,427.0,1.0,1.0
ds000102,sub-01,2,22,flanker,congruent,246.0,2.0,1.022,1022.0,1.0,0.0
ds000102,sub-01,2,23,flanker,incongruent,260.0,2.0,0.455,455.0,1.0,1.0
ds000102,sub-01,2,24,flanker,congruent,274.0,2.0,0.616,616.0,1.0,0.0
ds000102,sub-02,1,1,flanker,congruent,0.0,2.0,0.51,510.0,1.0,0.0
ds000102,sub-02,1,2,flanker,incongruent,10.0,2.0,0.864,864.0,1.0,1.0
ds000102,sub-02,1,3,flanker,congruent,20.0,2.0,0.54,540.0,1.0,0.0
ds000102,sub-02,1,4,flanker,incongruent,30.0,2.0,0.863,863.0,1.0,1.0
ds000102,sub-02,1,5,flanker,incongruent,40.0,2.0,0.746,746.0,1.0,1.0
ds000102,sub-02,1,6,flanker,congruent,52.0,2.0,0.501,501.0,1.0,0.0
ds000102,sub-02,1,7,flanker,congruent,64.0,2.0,0.576,576.0,1.0,0.0
ds000102,sub-02,1,8,flanker,incongruent,76.0,2.0,0.548,548.0,1.0,1.0
ds000102,sub-02,1,9,flanker,incongruent,88.0,2.0,0.735,735.0,1.0,1.0
ds000102,sub-02,1,10,flanker,incongruent,102.0,2.0,0.6,600.0,1.0,1.0
ds000102,sub-02,1,11,flanker,incongruent,116.0,2.0,0.674,674.0,1.0,1.0
ds000102,sub-02,1,12,flanker,congruent,126.0,2.0,0.509,509.0,1.0,0.0
ds000102,sub-02,1,13,flanker,incongruent,140.0,2.0,0.792,792.0,1.0,1.0
ds000102,sub-02,1,14,flanker,congruent,150.0,2.0,0.723,723.0,1.0,0.0
ds000102,sub-02,1,15,flanker,congruent,164.0,2.0,0.468,468.0,1.0,0.0
ds000102,sub-02,1,16,flanker,congruent,174.0,2.0,0.521,521.0,1.0,0.0
ds000102,sub-02,1,17,flanker,incongruent,184.0,2.0,0.684,684.0,1.0,1.0
ds000102,sub-02,1,18,flanker,incongruent,196.0,2.0,0.615,615.0,1.0,1.0
ds000102,sub-02,1,19,flanker,incongruent,208.0,2.0,0.593,593.0,1.0,1.0
ds000102,sub-02,1,20,flanker,congruent,222.0,2.0,0.597,597.0,1.0,0.0
ds000102,sub-02,1,21,flanker,congruent,234.0,2.0,0.638,638.0,1.0,0.0
ds000102,sub-02,1,22,flanker,congruent,246.0,2.0,0.562,562.0,1.0,0.0
ds000102,sub-02,1,23,flanker,congruent,260.0,2.0,0.676,676.0,1.0,0.0
ds000102,sub-02,1,24,flanker,incongruent,274.0,2.0,0.934,934.0,1.0,1.0
ds000102,sub-02,2,1,flanker,congruent,0.0,2.0,0.763,763.0,1.0,0.0
ds000102,sub-02,2,2,flanker,incongruent,10.0,2.0,0.613,613.0,1.0,1.0
ds000102,sub-02,2,3,flanker,congruent,20.0,2.0,0.737,737.0,1.0,0.0
ds000102,sub-02,2,4,flanker,incongruent,32.0,2.0,0.869,869.0,1.0,1.0
ds000102,sub-02,2,5,flanker,incongruent,44.0,2.0,0.647,647.0,1.0,1.0
ds000102,sub-02,2,6,flanker,congruent,54.0,2.0,0.595,595.0,1.0,0.0
ds000102,sub-02,2,7,flanker,congruent,64.0,2.0,0.509,509.0,1.0,0.0
ds000102,sub-02,2,8,flanker,incongruent,76.0,2.0,0.545,545.0,1.0,1.0
ds000102,sub-02,2,9,flanker,incongruent,88.0,2.0,0.533,533.0,1.0,1.0
ds000102,sub-02,2,10,flanker,incongruent,102.0,2.0,0.495,495.0,1.0,1.0
ds000102,sub-02,2,11,flanker,incongruent,116.0,2.0,0.728,728.0,1.0,1.0
ds000102,sub-02,2,12,flanker,congruent,130.0,2.0,0.633,633.0,1.0,0.0
ds000102,sub-02,2,13,flanker,incongruent,140.0,2.0,0.854,854.0,1.0,1.0
ds000102,sub-02,2,14,flanker,congruent,154.0,2.0,0.824,824.0,1.0,0.0
ds000102,sub-02,2,15,flanker,congruent,164.0,2.0,0.643,643.0,1.0,0.0
ds000102,sub-02,2,16,flanker,congruent,174.0,2.0,0.671,671.0,1.0,0.0
ds000102,sub-02,2,17,flanker,incongruent,184.0,2.0,0.826,826.0,1.0,1.0
ds000102,sub-02,2,18,flanker,incongruent,196.0,2.0,0.918,918.0,1.0,1.0
ds000102,sub-02,2,19,flanker,incongruent,208.0,2.0,0.48,480.0,1.0,1.0
ds000102,sub-02,2,20,flanker,congruent,220.0,2.0,0.547,547.0,1.0,0.0
ds000102,sub-02,2,21,flanker,congruent,232.0,2.0,0.662,662.0,1.0,0.0
ds000102,sub-02,2,22,flanker,congruent,246.0,2.0,0.495,495.0,1.0,0.0
ds000102,sub-02,2,23,flanker,congruent,260.0,2.0,0.754,754.0,1.0,0.0
ds000102,sub-02,2,24,flanker,incongruent,274.0,2.0,0.508,508.0,1.0,1.0
ds000102,sub-03,1,1,flanker,incongruent,0.0,2.0,0.889,889.0,1.0,1.0
ds000102,sub-03,1,2,flanker,congruent,10.0,2.0,0.773,773.0,1.0,0.0
ds000102,sub-03,1,3,flanker,incongruent,20.0,2.0,0.897,897.0,1.0,1.0
ds000102,sub-03,1,4,flanker,congruent,30.0,2.0,0.587,587.0,1.0,0.0
ds000102,sub-03,1,5,flanker,incongruent,40.0,2.0,0.711,711.0,1.0,1.0
ds000102,sub-03,1,6,flanker,incongruent,52.0,2.0,0.756,756.0,1.0,1.0
ds000102,sub-03,1,7,flanker,congruent,64.0,2.0,0.581,581.0,1.0,0.0
ds000102,sub-03,1,8,flanker,congruent,76.0,2.0,1.216,1216.0,1.0,0.0
ds000102,sub-03,1,9,flanker,congruent,88.0,2.0,0.587,587.0,1.0,0.0
ds000102,sub-03,1,10,flanker,congruent,102.0,2.0,0.541,541.0,1.0,0.0
ds000102,sub-03,1,11,flanker,congruent,116.0,2.0,0.446,446.0,1.0,0.0
ds000102,sub-03,1,12,flanker,congruent,126.0,2.0,0.49,490.0,1.0,0.0
ds000102,sub-03,1,13,flanker,incongruent,136.0,2.0,0.862,862.0,1.0,1.0
ds000102,sub-03,1,14,flanker,incongruent,150.0,2.0,0.651,651.0,1.0,1.0
ds000102,sub-03,1,15,flanker,incongruent,164.0,2.0,0.69,690.0,1.0,1.0
ds000102,sub-03,1,16,flanker,incongruent,174.0,2.0,0.694,694.0,1.0,1.0
ds000102,sub-03,1,17,flanker,incongruent,184.0,2.0,1.186,1186.0,1.0,1.0
ds000102,sub-03,1,18,flanker,incongruent,196.0,2.0,0.876,876.0,1.0,1.0
ds000102,sub-03,1,19,flanker,congruent,208.0,2.0,0.535,535.0,1.0,0.0
ds000102,sub-03,1,20,flanker,incongruent,220.0,2.0,0.689,689.0,1.0,1.0
ds000102,sub-03,1,21,flanker,incongruent,234.0,2.0,0.828,828.0,1.0,1.0
ds000102,sub-03,1,22,flanker,congruent,248.0,2.0,0.55,550.0,1.0,0.0
ds000102,sub-03,1,23,flanker,congruent,260.0,2.0,0.801,801.0,1.0,0.0
ds000102,sub-03,1,24,flanker,congruent,274.0,2.0,0.45,450.0,1.0,0.0
ds000102,sub-03,2,1,flanker,incongruent,0.0,2.0,0.759,759.0,1.0,1.0
ds000102,sub-03,2,2,flanker,congruent,10.0,2.0,0.507,507.0,1.0,0.0
ds000102,sub-03,2,3,flanker,incongruent,20.0,2.0,0.686,686.0,1.0,1.0
ds000102,sub-03,2,4,flanker,congruent,30.0,2.0,0.578,578.0,1.0,0.0
ds000102,sub-03,2,5,flanker,incongruent,40.0,2.0,0.678,678.0,1.0,1.0
ds000102,sub-03,2,6,flanker,incongruent,52.0,2.0,0.528,528.0,1.0,1.0
ds000102,sub-03,2,7,flanker,congruent,64.0,2.0,0.49,490.0,0.0,0.0
ds000102,sub-03,2,8,flanker,congruent,76.0,2.0,0.622,622.0,1.0,0.0
ds000102,sub-03,2,9,flanker,congruent,88.0,2.0,0.791,791.0,1.0,0.0
ds000102,sub-03,2,10,flanker,congruent,102.0,2.0,0.626,626.0,1.0,0.0
ds000102,sub-03,2,11,flanker,congruent,116.0,2.0,0.716,716.0,1.0,0.0
ds000102,sub-03,2,12,flanker,congruent,130.0,2.0,0.71,710.0,1.0,0.0
ds000102,sub-03,2,13,flanker,incongruent,144.0,2.0,0.64,640.0,1.0,1.0
ds000102,sub-03,2,14,flanker,incongruent,154.0,2.0,0.524,524.0,1.0,1.0
ds000102,sub-03,2,15,flanker,incongruent,164.0,2.0,1.031,1031.0,1.0,1.0
ds000102,sub-03,2,16,flanker,incongruent,174.0,2.0,0.861,861.0,1.0,1.0
ds000102,sub-03,2,17,flanker,incongruent,184.0,2.0,1.55,1550.0,1.0,1.0
ds000102,sub-03,2,18,flanker,incongruent,196.0,2.0,0.465,465.0,1.0,1.0
ds000102,sub-03,2,19,flanker,congruent,208.0,2.0,0.651,651.0,1.0,0.0
ds000102,sub-03,2,20,flanker,incongruent,220.0,2.0,0.559,559.0,1.0,1.0
ds000102,sub-03,2,21,flanker,incongruent,232.0,2.0,0.378,378.0,1.0,1.0
ds000102,sub-03,2,22,flanker,congruent,246.0,2.0,0.699,699.0,1.0,0.0
ds000102,sub-03,2,23,flanker,congruent,260.0,2.0,0.446,446.0,1.0,0.0
ds000102,sub-03,2,24,flanker,congruent,274.0,2.0,0.783,783.0,1.0,0.0
ds000102,sub-04,1,1,flanker,incongruent,0.0,2.0,1.342,1342.0,1.0,1.0
ds000102,sub-04,1,2,flanker,congruent,10.0,2.0,1.043,1043.0,1.0,0.0
ds000102,sub-04,1,3,flanker,incongruent,20.0,2.0,1.141,1141.0,1.0,1.0
ds000102,sub-04,1,4,flanker,congruent,30.0,2.0,0.961,961.0,1.0,0.0
ds000102,sub-04,1,5,flanker,incongruent,40.0,2.0,0.997,997.0,1.0,1.0
ds000102,sub-04,1,6,flanker,congruent,52.0,2.0,0.783,783.0,1.0,0.0
ds000102,sub-04,1,7,flanker,congruent,64.0,2.0,0.787,787.0,1.0,0.0
ds000102,sub-04,1,8,flanker,incongruent,76.0,2.0,1.046,1046.0,1.0,1.0
ds000102,sub-04,1,9,flanker,congruent,88.0,2.0,0.8,800.0,1.0,0.0
ds000102,sub-04,1,10,flanker,congruent,102.0,2.0,0.77,770.0,1.0,0.0
ds000102,sub-04,1,11,flanker,incongruent,116.0,2.0,0.883,883.0,1.0,1.0
ds000102,sub-04,1,12,flanker,congruent,130.0,2.0,0.765,765.0,1.0,0.0
ds000102,sub-04,1,13,flanker,incongruent,140.0,2.0,0.858,858.0,1.0,1.0
ds000102,sub-04,1,14,flanker,incongruent,154.0,2.0,0.851,851.0,1.0,1.0
ds000102,sub-04,1,15,flanker,congruent,164.0,2.0,0.67,670.0,1.0,0.0
ds000102,sub-04,1,16,flanker,incongruent,174.0,2.0,0.77,770.0,1.0,1.0
ds000102,sub-04,1,17,flanker,congruent,184.0,2.0,0.613,613.0,1.0,0.0
ds000102,sub-04,1,18,flanker,congruent,196.0,2.0,0.777,777.0,1.0,0.0
ds000102,sub-04,1,19,flanker,congruent,208.0,2.0,0.62,620.0,1.0,0.0
ds000102,sub-04,1,20,flanker,incongruent,222.0,2.0,0.821,821.0,1.0,1.0
ds000102,sub-04,1,21,flanker,incongruent,234.0,2.0,0.825,825.0,1.0,1.0
ds000102,sub-04,1,22,flanker,incongruent,246.0,2.0,0.73,730.0,1.0,1.0
ds000102,sub-04,1,23,flanker,incongruent,260.0,2.0,0.781,781.0,1.0,1.0
ds000102,sub-04,1,24,flanker,congruent,274.0,2.0,0.726,726.0,1.0,0.0
ds000102,sub-04,2,1,flanker,incongruent,0.0,2.0,0.933,933.0,1.0,1.0
ds000102,sub-04,2,2,flanker,congruent,10.0,2.0,0.721,721.0,1.0,0.0
ds000102,sub-04,2,3,flanker,incongruent,20.0,2.0,0.628,628.0,1.0,1.0
ds000102,sub-04,2,4,flanker,congruent,30.0,2.0,0.783,783.0,1.0,0.0
ds000102,sub-04,2,5,flanker,incongruent,42.0,2.0,0.97,970.0,1.0,1.0
ds000102,sub-04,2,6,flanker,congruent,52.0,2.0,0.797,797.0,1.0,0.0
ds000102,sub-04,2,7,flanker,congruent,64.0,2.0,0.697,697.0,1.0,0.0
ds000102,sub-04,2,8,flanker,incongruent,76.0,2.0,0.772,772.0,1.0,1.0
ds000102,sub-04,2,9,flanker,congruent,88.0,2.0,0.75,750.0,1.0,0.0
ds000102,sub-04,2,10,flanker,congruent,102.0,2.0,0.849,849.0,1.0,0.0
ds000102,sub-04,2,11,flanker,incongruent,116.0,2.0,0.802,802.0,1.0,1.0
ds000102,sub-04,2,12,flanker,congruent,126.0,2.0,0.91,910.0,1.0,0.0
ds000102,sub-04,2,13,flanker,incongruent,140.0,2.0,0.935,935.0,1.0,1.0
ds000102,sub-04,2,14,flanker,incongruent,154.0,2.0,0.97,970.0,1.0,1.0
ds000102,sub-04,2,15,flanker,congruent,164.0,2.0,0.845,845.0,1.0,0.0
ds000102,sub-04,2,16,flanker,incongruent,174.0,2.0,0.752,752.0,1.0,1.0
ds000102,sub-04,2,17,flanker,congruent,184.0,2.0,0.813,813.0,1.0,0.0
ds000102,sub-04,2,18,flanker,congruent,196.0,2.0,0.894,894.0,1.0,0.0
ds000102,sub-04,2,19,flanker,congruent,208.0,2.0,0.587,587.0,1.0,0.0
ds000102,sub-04,2,20,flanker,incongruent,220.0,2.0,0.733,733.0,1.0,1.0
ds000102,sub-04,2,21,flanker,incongruent,234.0,2.0,0.726,726.0,1.0,1.0
ds000102,sub-04,2,22,flanker,incongruent,246.0,2.0,0.632,632.0,1.0,1.0
ds000102,sub-04,2,23,flanker,incongruent,260.0,2.0,0.828,828.0,1.0,1.0
ds000102,sub-04,2,24,flanker,congruent,274.0,2.0,0.614,614.0,1.0,0.0
ds000102,sub-05,1,1,flanker,incongruent,0.0,2.0,1.019,1018.9999999999999,1.0,1.0
ds000102,sub-05,1,2,flanker,incongruent,10.0,2.0,0.927,927.0,1.0,1.0
ds000102,sub-05,1,3,flanker,incongruent,20.0,2.0,0.747,747.0,1.0,1.0
ds000102,sub-05,1,4,flanker,congruent,32.0,2.0,0.653,653.0,1.0,0.0
ds000102,sub-05,1,5,flanker,congruent,42.0,2.0,0.744,744.0,1.0,0.0
ds000102,sub-05,1,6,flanker,congruent,52.0,2.0,0.588,588.0,1.0,0.0
ds000102,sub-05,1,7,flanker,congruent,64.0,2.0,0.56,560.0,1.0,0.0
ds000102,sub-05,1,8,flanker,incongruent,76.0,2.0,0.715,715.0,1.0,1.0
ds000102,sub-05,1,9,flanker,incongruent,88.0,2.0,0.67,670.0,1.0,1.0
ds000102,sub-05,1,10,flanker,incongruent,102.0,2.0,0.719,719.0,1.0,1.0
ds000102,sub-05,1,11,flanker,congruent,116.0,2.0,0.674,674.0,1.0,0.0
ds000102,sub-05,1,12,flanker,congruent,130.0,2.0,0.555,555.0,1.0,0.0
ds000102,sub-05,1,13,flanker,incongruent,144.0,2.0,0.693,693.0,1.0,1.0
ds000102,sub-05,1,14,flanker,incongruent,154.0,2.0,0.705,705.0,1.0,1.0
ds000102,sub-05,1,15,flanker,congruent,164.0,2.0,0.612,612.0,1.0,0.0
ds000102,sub-05,1,16,flanker,congruent,174.0,2.0,0.558,558.0,1.0,0.0
ds000102,sub-05,1,17,flanker,congruent,184.0,2.0,0.531,531.0,1.0,0.0
ds000102,sub-05,1,18,flanker,congruent,196.0,2.0,0.446,446.0,1.0,0.0
ds000102,sub-05,1,19,flanker,congruent,208.0,2.0,0.483,483.0,1.0,0.0
ds000102,sub-05,1,20,flanker,incongruent,222.0,2.0,0.644,644.0,1.0,1.0
ds000102,sub-05,1,21,flanker,incongruent,234.0,2.0,0.83,830.0,1.0,1.0
ds000102,sub-05,1,22,flanker,incongruent,246.0,2.0,0.696,696.0,1.0,1.0
ds000102,sub-05,1,23,flanker,congruent,260.0,2.0,0.538,538.0,1.0,0.0
ds000102,sub-05,1,24,flanker,incongruent,274.0,2.0,0.62,620.0,1.0,1.0
ds000102,sub-05,2,1,flanker,incongruent,0.0,2.0,0.649,649.0,1.0,1.0
ds000102,sub-05,2,2,flanker,incongruent,10.0,2.0,0.598,598.0,1.0,1.0
ds000102,sub-05,2,3,flanker,incongruent,20.0,2.0,0.536,536.0,1.0,1.0
ds000102,sub-05,2,4,flanker,congruent,30.0,2.0,0.451,451.0,1.0,0.0
ds000102,sub-05,2,5,flanker,congruent,40.0,2.0,0.409,409.0,1.0,0.0
ds000102,sub-05,2,6,flanker,congruent,52.0,2.0,0.587,587.0,1.0,0.0
ds000102,sub-05,2,7,flanker,congruent,64.0,2.0,0.477,477.0,1.0,0.0
ds000102,sub-05,2,8,flanker,incongruent,76.0,2.0,0.559,559.0,1.0,1.0
ds000102,sub-05,2,9,flanker,incongruent,88.0,2.0,0.563,563.0,1.0,1.0
ds000102,sub-05,2,10,flanker,incongruent,102.0,2.0,0.492,492.0,1.0,1.0
ds000102,sub-05,2,11,flanker,congruent,116.0,2.0,0.583,583.0,1.0,0.0
ds000102,sub-05,2,12,flanker,congruent,130.0,2.0,0.576,576.0,1.0,0.0
ds000102,sub-05,2,13,flanker,incongruent,144.0,2.0,0.539,539.0,1.0,1.0
ds000102,sub-05,2,14,flanker,incongruent,154.0,2.0,0.599,599.0,1.0,1.0
ds000102,sub-05,2,15,flanker,congruent,164.0,2.0,0.61,610.0,1.0,0.0
ds000102,sub-05,2,16,flanker,congruent,174.0,2.0,0.581,581.0,1.0,0.0
ds000102,sub-05,2,17,flanker,congruent,184.0,2.0,0.497,497.0,1.0,0.0
ds000102,sub-05,2,18,flanker,congruent,196.0,2.0,0.596,596.0,1.0,0.0
ds000102,sub-05,2,19,flanker,congruent,208.0,2.0,0.559,559.0,1.0,0.0
ds000102,sub-05,2,20,flanker,incongruent,220.0,2.0,0.577,577.0,1.0,1.0
ds000102,sub-05,2,21,flanker,incongruent,234.0,2.0,0.451,451.0,1.0,1.0
ds000102,sub-05,2,22,flanker,incongruent,246.0,2.0,0.653,653.0,1.0,1.0
ds000102,sub-05,2,23,flanker,congruent,260.0,2.0,0.441,441.0,1.0,0.0
ds000102,sub-05,2,24,flanker,incongruent,274.0,2.0,0.595,595.0,1.0,1.0
ds000102,sub-06,1,1,flanker,congruent,0.0,2.0,1.21,1210.0,1.0,0.0
ds000102,sub-06,1,2,flanker,congruent,10.0,2.0,1.054,1054.0,1.0,0.0
ds000102,sub-06,1,3,flanker,congruent,20.0,2.0,1.128,1128.0,1.0,0.0
ds000102,sub-06,1,4,flanker,incongruent,32.0,2.0,1.045,1045.0,1.0,1.0
ds000102,sub-06,1,5,flanker,incongruent,42.0,2.0,0.945,945.0,1.0,1.0
ds000102,sub-06,1,6,flanker,incongruent,52.0,2.0,0.972,972.0,1.0,1.0
ds000102,sub-06,1,7,flanker,congruent,64.0,2.0,0.895,895.0,1.0,0.0
ds000102,sub-06,1,8,flanker,incongruent,76.0,2.0,1.001,1000.9999999999999,1.0,1.0
ds000102,sub-06,1,9,flanker,incongruent,88.0,2.0,0.843,843.0,1.0,1.0
ds000102,sub-06,1,10,flanker,incongruent,102.0,2.0,0.95,950.0,1.0,1.0
ds000102,sub-06,1,11,flanker,congruent,116.0,2.0,0.792,792.0,1.0,0.0
ds000102,sub-06,1,12,flanker,incongruent,130.0,2.0,0.914,914.0,1.0,1.0
ds000102,sub-06,1,13,flanker,congruent,140.0,2.0,0.844,844.0,1.0,0.0
ds000102,sub-06,1,14,flanker,incongruent,154.0,2.0,0.912,912.0,1.0,1.0
ds000102,sub-06,1,15,flanker,congruent,164.0,2.0,0.81,810.0,1.0,0.0
ds000102,sub-06,1,16,flanker,congruent,174.0,2.0,0.703,703.0,1.0,0.0
ds000102,sub-06,1,17,flanker,congruent,184.0,2.0,0.746,746.0,1.0,0.0
ds000102,sub-06,1,18,flanker,incongruent,196.0,2.0,0.901,901.0,1.0,1.0
ds000102,sub-06,1,19,flanker,congruent,208.0,2.0,0.631,631.0,1.0,0.0
ds000102,sub-06,1,20,flanker,incongruent,220.0,2.0,0.89,890.0,1.0,1.0
ds000102,sub-06,1,21,flanker,congruent,232.0,2.0,0.766,766.0,1.0,0.0
ds000102,sub-06,1,22,flanker,incongruent,246.0,2.0,0.895,895.0,1.0,1.0
ds000102,sub-06,1,23,flanker,congruent,260.0,2.0,0.609,609.0,1.0,0.0
ds000102,sub-06,1,24,flanker,incongruent,274.0,2.0,0.748,748.0,1.0,1.0
ds000102,sub-06,2,1,flanker,congruent,0.0,2.0,0.912,912.0,1.0,0.0
ds000102,sub-06,2,2,flanker,congruent,10.0,2.0,0.892,892.0,1.0,0.0
ds000102,sub-06,2,3,flanker,congruent,20.0,2.0,0.743,743.0,1.0,0.0
ds000102,sub-06,2,4,flanker,incongruent,30.0,2.0,0.699,699.0,1.0,1.0
ds000102,sub-06,2,5,flanker,incongruent,42.0,2.0,0.862,862.0,1.0,1.0
ds000102,sub-06,2,6,flanker,incongruent,52.0,2.0,0.89,890.0,1.0,1.0
ds000102,sub-06,2,7,flanker,congruent,64.0,2.0,0.9,900.0,1.0,0.0
ds000102,sub-06,2,8,flanker,incongruent,76.0,2.0,0.744,744.0,1.0,1.0
ds000102,sub-06,2,9,flanker,incongruent,88.0,2.0,0.794,794.0,1.0,1.0
ds000102,sub-06,2,10,flanker,incongruent,102.0,2.0,0.859,859.0,1.0,1.0
ds000102,sub-06,2,11,flanker,congruent,116.0,2.0,0.878,878.0,1.0,0.0
ds000102,sub-06,2,12,flanker,incongruent,130.0,2.0,0.711,711.0,1.0,1.0
ds000102,sub-06,2,13,flanker,congruent,140.0,2.0,0.762,762.0,1.0,0.0
ds000102,sub-06,2,14,flanker,incongruent,150.0,2.0,0.783,783.0,1.0,1.0
ds000102,sub-06,2,15,flanker,congruent,164.0,2.0,0.834,834.0,1.0,0.0
ds000102,sub-06,2,16,flanker,congruent,174.0,2.0,0.884,884.0,1.0,0.0
ds000102,sub-06,2,17,flanker,congruent,184.0,2.0,0.76,760.0,1.0,0.0
ds000102,sub-06,2,18,flanker,incongruent,196.0,2.0,0.707,707.0,1.0,1.0
ds000102,sub-06,2,19,flanker,congruent,208.0,2.0,0.831,831.0,1.0,0.0
ds000102,sub-06,2,20,flanker,incongruent,220.0,2.0,0.882,882.0,1.0,1.0
ds000102,sub-06,2,21,flanker,congruent,232.0,2.0,0.875,875.0,1.0,0.0
ds000102,sub-06,2,22,flanker,incongruent,246.0,2.0,0.973,973.0,1.0,1.0
ds000102,sub-06,2,23,flanker,congruent,260.0,2.0,1.031,1031.0,1.0,0.0
ds000102,sub-06,2,24,flanker,incongruent,274.0,2.0,0.657,657.0,1.0,1.0
ds000102,sub-07,1,1,flanker,incongruent,0.0,2.0,0.584,584.0,1.0,1.0
ds000102,sub-07,1,2,flanker,congruent,10.0,2.0,0.492,492.0,1.0,0.0
ds000102,sub-07,1,3,flanker,congruent,20.0,2.0,0.408,408.0,1.0,0.0
ds000102,sub-07,1,4,flanker,congruent,30.0,2.0,0.347,347.0,1.0,0.0
ds000102,sub-07,1,5,flanker,incongruent,42.0,2.0,0.502,502.0,1.0,1.0
ds000102,sub-07,1,6,flanker,congruent,52.0,2.0,0.385,385.0,1.0,0.0
ds000102,sub-07,1,7,flanker,incongruent,64.0,2.0,0.356,356.0,0.0,1.0
ds000102,sub-07,1,8,flanker,incongruent,76.0,2.0,0.511,511.0,1.0,1.0
ds000102,sub-07,1,9,flanker,incongruent,88.0,2.0,0.579,579.0,1.0,1.0
ds000102,sub-07,1,10,flanker,congruent,102.0,2.0,0.404,404.0,1.0,0.0
ds000102,sub-07,1,11,flanker,congruent,116.0,2.0,0.366,366.0,1.0,0.0
ds000102,sub-07,1,12,flanker,incongruent,130.0,2.0,0.488,488.0,1.0,1.0
ds000102,sub-07,1,13,flanker,incongruent,144.0,2.0,0.488,488.0,1.0,1.0
ds000102,sub-07,1,14,flanker,congruent,154.0,2.0,0.446,446.0,1.0,0.0
ds000102,sub-07,1,15,flanker,incongruent,164.0,2.0,0.498,498.0,1.0,1.0
ds000102,sub-07,1,16,flanker,congruent,174.0,2.0,0.382,382.0,1.0,0.0
ds000102,sub-07,1,17,flanker,incongruent,184.0,2.0,0.585,585.0,1.0,1.0
ds000102,sub-07,1,18,flanker,incongruent,196.0,2.0,0.46,460.0,1.0,1.0
ds000102,sub-07,1,19,flanker,incongruent,208.0,2.0,0.51,510.0,1.0,1.0
ds000102,sub-07,1,20,flanker,congruent,222.0,2.0,0.392,392.0,1.0,0.0
ds000102,sub-07,1,21,flanker,congruent,234.0,2.0,0.404,404.0,1.0,0.0
ds000102,sub-07,1,22,flanker,congruent,246.0,2.0,0.381,381.0,1.0,0.0
ds000102,sub-07,1,23,flanker,congruent,260.0,2.0,0.367,367.0,1.0,0.0
ds000102,sub-07,1,24,flanker,incongruent,274.0,2.0,0.48,480.0,1.0,1.0
ds000102,sub-07,2,1,flanker,incongruent,0.0,2.0,0.545,545.0,1.0,1.0
ds000102,sub-07,2,2,flanker,congruent,10.0,2.0,0.437,437.0,1.0,0.0
ds000102,sub-07,2,3,flanker,congruent,20.0,2.0,0.481,481.0,0.0,0.0
ds000102,sub-07,2,4,flanker,congruent,30.0,2.0,0.397,397.0,1.0,0.0
ds000102,sub-07,2,5,flanker,incongruent,42.0,2.0,0.52,520.0,1.0,1.0
ds000102,sub-07,2,6,flanker,congruent,52.0,2.0,0.539,539.0,1.0,0.0
ds000102,sub-07,2,7,flanker,incongruent,64.0,2.0,0.414,414.0,1.0,1.0
ds000102,sub-07,2,8,flanker,incongruent,76.0,2.0,0.449,449.0,1.0,1.0
ds000102,sub-07,2,9,flanker,incongruent,88.0,2.0,0.372,372.0,1.0,1.0
ds000102,sub-07,2,10,flanker,congruent,102.0,2.0,0.484,484.0,1.0,0.0
ds000102,sub-07,2,11,flanker,congruent,116.0,2.0,0.471,471.0,1.0,0.0
ds000102,sub-07,2,12,flanker,incongruent,130.0,2.0,0.497,497.0,1.0,1.0
ds000102,sub-07,2,13,flanker,incongruent,140.0,2.0,0.565,565.0,1.0,1.0
ds000102,sub-07,2,14,flanker,congruent,150.0,2.0,0.408,408.0,1.0,0.0
ds000102,sub-07,2,15,flanker,incongruent,164.0,2.0,0.386,386.0,1.0,1.0
ds000102,sub-07,2,16,flanker,congruent,174.0,2.0,0.414,414.0,1.0,0.0
ds000102,sub-07,2,17,flanker,incongruent,184.0,2.0,0.497,497.0,1.0,1.0
ds000102,sub-07,2,18,flanker,incongruent,196.0,2.0,0.436,436.0,1.0,1.0
ds000102,sub-07,2,19,flanker,incongruent,208.0,2.0,0.488,488.0,1.0,1.0
ds000102,sub-07,2,20,flanker,congruent,220.0,2.0,0.433,433.0,1.0,0.0
ds000102,sub-07,2,21,flanker,congruent,232.0,2.0,0.524,524.0,1.0,0.0
ds000102,sub-07,2,22,flanker,congruent,246.0,2.0,0.447,447.0,1.0,0.0
ds000102,sub-07,2,23,flanker,congruent,260.0,2.0,0.41,410.0,1.0,0.0
ds000102,sub-07,2,24,flanker,incongruent,274.0,2.0,0.403,403.0,1.0,1.0
ds000102,sub-08,1,1,flanker,incongruent,0.0,2.0,1.204,1204.0,1.0,1.0
ds000102,sub-08,1,2,flanker,incongruent,10.0,2.0,0.808,808.0,1.0,1.0
ds000102,sub-08,1,3,flanker,incongruent,20.0,2.0,0.699,699.0,1.0,1.0
ds000102,sub-08,1,4,flanker,congruent,32.0,2.0,0.567,567.0,1.0,0.0
ds000102,sub-08,1,5,flanker,congruent,42.0,2.0,0.49,490.0,1.0,0.0
ds000102,sub-08,1,6,flanker,incongruent,52.0,2.0,0.837,837.0,1.0,1.0
ds000102,sub-08,1,7,flanker,congruent,64.0,2.0,0.592,592.0,1.0,0.0
ds000102,sub-08,1,8,flanker,congruent,76.0,2.0,0.411,411.0,1.0,0.0
ds000102,sub-08,1,9,flanker,incongruent,88.0,2.0,0.646,646.0,1.0,1.0
ds000102,sub-08,1,10,flanker,congruent,102.0,2.0,0.463,463.0,1.0,0.0
ds000102,sub-08,1,11,flanker,congruent,116.0,2.0,0.425,425.0,1.0,0.0
ds000102,sub-08,1,12,flanker,incongruent,130.0,2.0,0.603,603.0,1.0,1.0
ds000102,sub-08,1,13,flanker,incongruent,144.0,2.0,0.59,590.0,1.0,1.0
ds000102,sub-08,1,14,flanker,congruent,154.0,2.0,0.401,401.0,1.0,0.0
ds000102,sub-08,1,15,flanker,congruent,164.0,2.0,0.397,397.0,1.0,0.0
ds000102,sub-08,1,16,flanker,incongruent,174.0,2.0,0.624,624.0,1.0,1.0
ds000102,sub-08,1,17,flanker,congruent,184.0,2.0,0.493,493.0,1.0,0.0
ds000102,sub-08,1,18,flanker,congruent,196.0,2.0,0.479,479.0,1.0,0.0
ds000102,sub-08,1,19,flanker,congruent,208.0,2.0,0.377,377.0,1.0,0.0
ds000102,sub-08,1,20,flanker,congruent,222.0,2.0,0.468,468.0,1.0,0.0
ds000102,sub-08,1,21,flanker,incongruent,236.0,2.0,0.382,382.0,0.0,1.0
ds000102,sub-08,1,22,flanker,incongruent,248.0,2.0,0.769,769.0,1.0,1.0
ds000102,sub-08,1,23,flanker,incongruent,260.0,2.0,0.699,699.0,1.0,1.0
ds000102,sub-08,1,24,flanker,incongruent,274.0,2.0,0.597,597.0,1.0,1.0
ds000102,sub-08,2,1,flanker,incongruent,0.0,2.0,0.841,841.0,1.0,1.0
ds000102,sub-08,2,2,flanker,incongruent,10.0,2.0,0.558,558.0,1.0,1.0
ds000102,sub-08,2,3,flanker,incongruent,20.0,2.0,0.562,562.0,1.0,1.0
ds000102,sub-08,2,4,flanker,congruent,30.0,2.0,0.685,685.0,1.0,0.0
ds000102,sub-08,2,5,flanker,congruent,40.0,2.0,0.464,464.0,1.0,0.0
ds000102,sub-08,2,6,flanker,incongruent,52.0,2.0,0.659,659.0,1.0,1.0
ds000102,sub-08,2,7,flanker,congruent,64.0,2.0,0.653,653.0,1.0,0.0
ds000102,sub-08,2,8,flanker,congruent,76.0,2.0,0.674,674.0,1.0,0.0
ds000102,sub-08,2,9,flanker,incongruent,88.0,2.0,0.987,987.0,1.0,1.0
ds000102,sub-08,2,10,flanker,congruent,102.0,2.0,0.43,430.0,1.0,0.0
ds000102,sub-08,2,11,flanker,congruent,116.0,2.0,0.399,399.0,1.0,0.0
ds000102,sub-08,2,12,flanker,incongruent,130.0,2.0,0.458,458.0,1.0,1.0
ds000102,sub-08,2,13,flanker,incongruent,140.0,2.0,0.551,551.0,1.0,1.0
ds000102,sub-08,2,14,flanker,congruent,150.0,2.0,1.225,1225.0,1.0,0.0
ds000102,sub-08,2,15,flanker,congruent,164.0,2.0,0.738,738.0,1.0,0.0
ds000102,sub-08,2,16,flanker,incongruent,174.0,2.0,0.621,621.0,1.0,1.0
ds000102,sub-08,2,17,flanker,congruent,184.0,2.0,0.0,,0.0,0.0
ds000102,sub-08,2,18,flanker,congruent,196.0,2.0,0.677,677.0,1.0,0.0
ds000102,sub-08,2,19,flanker,congruent,208.0,2.0,0.542,542.0,1.0,0.0
ds000102,sub-08,2,20,flanker,congruent,220.0,2.0,0.561,561.0,1.0,0.0
ds000102,sub-08,2,21,flanker,incongruent,232.0,2.0,1.077,1077.0,1.0,1.0
ds000102,sub-08,2,22,flanker,incongruent,246.0,2.0,0.519,519.0,1.0,1.0
ds000102,sub-08,2,23,flanker,incongruent,260.0,2.0,0.592,592.0,1.0,1.0
ds000102,sub-08,2,24,flanker,incongruent,274.0,2.0,0.611,611.0,1.0,1.0
ds000102,sub-09,1,1,flanker,congruent,0.0,2.0,0.856,856.0,1.0,0.0
ds000102,sub-09,1,2,flanker,incongruent,10.0,2.0,0.644,644.0,1.0,1.0
ds000102,sub-09,1,3,flanker,congruent,20.0,2.0,0.543,543.0,1.0,0.0
ds000102,sub-09,1,4,flanker,incongruent,30.0,2.0,0.554,554.0,1.0,1.0
ds000102,sub-09,1,5,flanker,incongruent,40.0,2.0,0.599,599.0,1.0,1.0
ds000102,sub-09,1,6,flanker,congruent,52.0,2.0,0.442,442.0,1.0,0.0
ds000102,sub-09,1,7,flanker,congruent,64.0,2.0,0.428,428.0,1.0,0.0
ds000102,sub-09,1,8,flanker,incongruent,76.0,2.0,0.51,510.0,1.0,1.0
ds000102,sub-09,1,9,flanker,congruent,88.0,2.0,0.458,458.0,1.0,0.0
ds000102,sub-09,1,10,flanker,congruent,102.0,2.0,0.435,435.0,1.0,0.0
ds000102,sub-09,1,11,flanker,congruent,116.0,2.0,0.453,453.0,1.0,0.0
ds000102,sub-09,1,12,flanker,incongruent,126.0,2.0,0.561,561.0,1.0,1.0
ds000102,sub-09,1,13,flanker,incongruent,140.0,2.0,0.571,571.0,1.0,1.0
ds000102,sub-09,1,14,flanker,incongruent,154.0,2.0,0.58,580.0,1.0,1.0
ds000102,sub-09,1,15,flanker,incongruent,164.0,2.0,0.513,513.0,1.0,1.0
ds000102,sub-09,1,16,flanker,congruent,174.0,2.0,0.46,460.0,1.0,0.0
ds000102,sub-09,1,17,flanker,incongruent,184.0,2.0,0.616,616.0,1.0,1.0
ds000102,sub-09,1,18,flanker,incongruent,196.0,2.0,0.514,514.0,1.0,1.0
ds000102,sub-09,1,19,flanker,incongruent,208.0,2.0,0.548,548.0,1.0,1.0
ds000102,sub-09,1,20,flanker,congruent,222.0,2.0,0.439,439.0,1.0,0.0
ds000102,sub-09,1,21,flanker,incongruent,234.0,2.0,0.585,585.0,1.0,1.0
ds000102,sub-09,1,22,flanker,congruent,248.0,2.0,0.451,451.0,1.0,0.0
ds000102,sub-09,1,23,flanker,congruent,260.0,2.0,0.48,480.0,1.0,0.0
ds000102,sub-09,1,24,flanker,congruent,274.0,2.0,0.472,472.0,1.0,0.0
ds000102,sub-09,2,1,flanker,congruent,0.0,2.0,0.59,590.0,1.0,0.0
ds000102,sub-09,2,2,flanker,incongruent,10.0,2.0,0.474,474.0,1.0,1.0
ds000102,sub-09,2,3,flanker,congruent,20.0,2.0,0.446,446.0,1.0,0.0
ds000102,sub-09,2,4,flanker,incongruent,30.0,2.0,0.529,529.0,1.0,1.0
ds000102,sub-09,2,5,flanker,incongruent,40.0,2.0,0.485,485.0,1.0,1.0
ds000102,sub-09,2,6,flanker,congruent,52.0,2.0,0.536,536.0,1.0,0.0
ds000102,sub-09,2,7,flanker,congruent,64.0,2.0,0.522,522.0,1.0,0.0
ds000102,sub-09,2,8,flanker,incongruent,76.0,2.0,0.421,421.0,1.0,1.0
ds000102,sub-09,2,9,flanker,congruent,88.0,2.0,0.439,439.0,1.0,0.0
ds000102,sub-09,2,10,flanker,congruent,102.0,2.0,0.451,451.0,1.0,0.0
ds000102,sub-09,2,11,flanker,congruent,116.0,2.0,0.643,643.0,1.0,0.0
ds000102,sub-09,2,12,flanker,incongruent,130.0,2.0,0.534,534.0,1.0,1.0
ds000102,sub-09,2,13,flanker,incongruent,144.0,2.0,0.479,479.0,1.0,1.0
ds000102,sub-09,2,14,flanker,incongruent,154.0,2.0,0.524,524.0,1.0,1.0
ds000102,sub-09,2,15,flanker,incongruent,164.0,2.0,0.51,510.0,1.0,1.0
ds000102,sub-09,2,16,flanker,congruent,174.0,2.0,0.435,435.0,1.0,0.0
ds000102,sub-09,2,17,flanker,incongruent,184.0,2.0,0.583,583.0,1.0,1.0
ds000102,sub-09,2,18,flanker,incongruent,196.0,2.0,0.52,520.0,1.0,1.0
ds000102,sub-09,2,19,flanker,incongruent,208.0,2.0,0.435,435.0,1.0,1.0
ds000102,sub-09,2,20,flanker,congruent,220.0,2.0,0.535,535.0,1.0,0.0
ds000102,sub-09,2,21,flanker,incongruent,234.0,2.0,0.488,488.0,1.0,1.0
ds000102,sub-09,2,22,flanker,congruent,246.0,2.0,0.466,466.0,1.0,0.0
ds000102,sub-09,2,23,flanker,congruent,260.0,2.0,0.701,701.0,1.0,0.0
ds000102,sub-09,2,24,flanker,congruent,274.0,2.0,0.479,479.0,1.0,0.0
ds000102,sub-10,1,1,flanker,incongruent,0.0,2.0,0.63,630.0,1.0,1.0
ds000102,sub-10,1,2,flanker,congruent,10.0,2.0,0.496,496.0,1.0,0.0
ds000102,sub-10,1,3,flanker,congruent,20.0,2.0,0.5,500.0,1.0,0.0
ds000102,sub-10,1,4,flanker,congruent,30.0,2.0,0.529,529.0,1.0,0.0
ds000102,sub-10,1,5,flanker,incongruent,42.0,2.0,0.531,531.0,1.0,1.0
ds000102,sub-10,1,6,flanker,incongruent,52.0,2.0,0.639,639.0,1.0,1.0
ds000102,sub-10,1,7,flanker,incongruent,64.0,2.0,0.577,577.0,1.0,1.0
ds000102,sub-10,1,8,flanker,congruent,76.0,2.0,0.532,532.0,1.0,0.0
ds000102,sub-10,1,9,flanker,incongruent,88.0,2.0,0.631,631.0,1.0,1.0
ds000102,sub-10,1,10,flanker,congruent,102.0,2.0,0.592,592.0,1.0,0.0
ds000102,sub-10,1,11,flanker,congruent,116.0,2.0,0.491,491.0,1.0,0.0
ds000102,sub-10,1,12,flanker,congruent,130.0,2.0,0.436,436.0,1.0,0.0
ds000102,sub-10,1,13,flanker,congruent,140.0,2.0,0.448,448.0,1.0,0.0
ds000102,sub-10,1,14,flanker,incongruent,150.0,2.0,0.588,588.0,1.0,1.0
ds000102,sub-10,1,15,flanker,incongruent,164.0,2.0,0.646,646.0,1.0,1.0
ds000102,sub-10,1,16,flanker,incongruent,174.0,2.0,0.538,538.0,1.0,1.0
ds000102,sub-10,1,17,flanker,incongruent,184.0,2.0,0.893,893.0,1.0,1.0
ds000102,sub-10,1,18,flanker,congruent,196.0,2.0,0.664,664.0,1.0,0.0
ds000102,sub-10,1,19,flanker,congruent,208.0,2.0,0.667,667.0,1.0,0.0
ds000102,sub-10,1,20,flanker,incongruent,220.0,2.0,0.606,606.0,1.0,1.0
ds000102,sub-10,1,21,flanker,incongruent,232.0,2.0,0.553,553.0,1.0,1.0
ds000102,sub-10,1,22,flanker,congruent,246.0,2.0,0.466,466.0,1.0,0.0
ds000102,sub-10,1,23,flanker,congruent,260.0,2.0,0.459,459.0,1.0,0.0
ds000102,sub-10,1,24,flanker,incongruent,274.0,2.0,0.662,662.0,1.0,1.0
ds000102,sub-10,2,1,flanker,incongruent,0.0,2.0,0.672,672.0,1.0,1.0
ds000102,sub-10,2,2,flanker,congruent,10.0,2.0,0.621,621.0,1.0,0.0
ds000102,sub-10,2,3,flanker,congruent,20.0,2.0,0.55,550.0,1.0,0.0
ds000102,sub-10,2,4,flanker,congruent,30.0,2.0,0.532,532.0,1.0,0.0
ds000102,sub-10,2,5,flanker,incongruent,42.0,2.0,0.486,486.0,1.0,1.0
ds000102,sub-10,2,6,flanker,incongruent,52.0,2.0,0.537,537.0,1.0,1.0
ds000102,sub-10,2,7,flanker,incongruent,64.0,2.0,0.54,540.0,1.0,1.0
ds000102,sub-10,2,8,flanker,congruent,76.0,2.0,0.607,607.0,1.0,0.0
ds000102,sub-10,2,9,flanker,incongruent,88.0,2.0,0.602,602.0,1.0,1.0
ds000102,sub-10,2,10,flanker,congruent,102.0,2.0,0.573,573.0,1.0,0.0
ds000102,sub-10,2,11,flanker,congruent,116.0,2.0,0.717,717.0,1.0,0.0
ds000102,sub-10,2,12,flanker,congruent,130.0,2.0,0.607,607.0,1.0,0.0
ds000102,sub-10,2,13,flanker,congruent,140.0,2.0,0.724,724.0,1.0,0.0
ds000102,sub-10,2,14,flanker,incongruent,154.0,2.0,0.581,581.0,1.0,1.0
ds000102,sub-10,2,15,flanker,incongruent,164.0,2.0,0.561,561.0,1.0,1.0
ds000102,sub-10,2,16,flanker,incongruent,174.0,2.0,0.652,652.0,1.0,1.0
ds000102,sub-10,2,17,flanker,incongruent,184.0,2.0,0.624,624.0,1.0,1.0
ds000102,sub-10,2,18,flanker,congruent,196.0,2.0,0.587,587.0,1.0,0.0
ds000102,sub-10,2,19,flanker,congruent,208.0,2.0,0.541,541.0,1.0,0.0
ds000102,sub-10,2,20,flanker,incongruent,220.0,2.0,0.599,599.0,1.0,1.0
ds000102,sub-10,2,21,flanker,incongruent,232.0,2.0,0.715,715.0,1.0,1.0
ds000102,sub-10,2,22,flanker,congruent,246.0,2.0,0.478,478.0,1.0,0.0
ds000102,sub-10,2,23,flanker,congruent,260.0,2.0,0.678,678.0,1.0,0.0
ds000102,sub-10,2,24,flanker,incongruent,274.0,2.0,0.617,617.0,1.0,1.0
ds000102,sub-11,1,1,flanker,incongruent,0.0,2.0,0.671,671.0,1.0,1.0
ds000102,sub-11,1,2,flanker,incongruent,10.0,2.0,0.723,723.0,1.0,1.0
ds000102,sub-11,1,3,flanker,incongruent,20.0,2.0,0.473,473.0,1.0,1.0
ds000102,sub-11,1,4,flanker,congruent,32.0,2.0,0.409,409.0,1.0,0.0
ds000102,sub-11,1,5,flanker,congruent,42.0,2.0,0.373,373.0,1.0,0.0
ds000102,sub-11,1,6,flanker,congruent,52.0,2.0,0.481,481.0,1.0,0.0
ds000102,sub-11,1,7,flanker,congruent,64.0,2.0,0.381,381.0,1.0,0.0
ds000102,sub-11,1,8,flanker,incongruent,76.0,2.0,0.624,624.0,1.0,1.0
ds000102,sub-11,1,9,flanker,incongruent,88.0,2.0,0.481,481.0,1.0,1.0
ds000102,sub-11,1,10,flanker,congruent,102.0,2.0,0.412,412.0,1.0,0.0
ds000102,sub-11,1,11,flanker,congruent,116.0,2.0,0.356,356.0,1.0,0.0
ds000102,sub-11,1,12,flanker,incongruent,130.0,2.0,0.471,471.0,1.0,1.0
ds000102,sub-11,1,13,flanker,congruent,144.0,2.0,0.378,378.0,1.0,0.0
ds000102,sub-11,1,14,flanker,incongruent,154.0,2.0,0.469,469.0,1.0,1.0
ds000102,sub-11,1,15,flanker,congruent,164.0,2.0,0.377,377.0,1.0,0.0
ds000102,sub-11,1,16,flanker,incongruent,174.0,2.0,0.652,652.0,1.0,1.0
ds000102,sub-11,1,17,flanker,incongruent,184.0,2.0,0.472,472.0,1.0,1.0
ds000102,sub-11,1,18,flanker,incongruent,196.0,2.0,0.563,563.0,1.0,1.0
ds000102,sub-11,1,19,flanker,congruent,208.0,2.0,0.423,423.0,1.0,0.0
ds000102,sub-11,1,20,flanker,congruent,220.0,2.0,0.376,376.0,1.0,0.0
ds000102,sub-11,1,21,flanker,congruent,232.0,2.0,0.34,340.0,1.0,0.0
ds000102,sub-11,1,22,flanker,incongruent,246.0,2.0,0.453,453.0,1.0,1.0
ds000102,sub-11,1,23,flanker,congruent,260.0,2.0,0.375,375.0,1.0,0.0
ds000102,sub-11,1,24,flanker,incongruent,274.0,2.0,0.441,441.0,1.0,1.0
ds000102,sub-11,2,1,flanker,incongruent,0.0,2.0,0.382,382.0,1.0,1.0
ds000102,sub-11,2,2,flanker,incongruent,10.0,2.0,0.498,498.0,1.0,1.0
ds000102,sub-11,2,3,flanker,incongruent,20.0,2.0,0.415,415.0,1.0,1.0
ds000102,sub-11,2,4,flanker,congruent,30.0,2.0,0.497,497.0,1.0,0.0
ds000102,sub-11,2,5,flanker,congruent,40.0,2.0,0.381,381.0,1.0,0.0
ds000102,sub-11,2,6,flanker,congruent,52.0,2.0,0.385,385.0,1.0,0.0
ds000102,sub-11,2,7,flanker,congruent,64.0,2.0,0.379,379.0,1.0,0.0
ds000102,sub-11,2,8,flanker,incongruent,76.0,2.0,0.342,342.0,0.0,1.0
ds000102,sub-11,2,9,flanker,incongruent,88.0,2.0,0.351,351.0,1.0,1.0
ds000102,sub-11,2,10,flanker,congruent,102.0,2.0,0.45,450.0,1.0,0.0
ds000102,sub-11,2,11,flanker,congruent,116.0,2.0,0.485,485.0,1.0,0.0
ds000102,sub-11,2,12,flanker,incongruent,130.0,2.0,0.374,374.0,1.0,1.0
ds000102,sub-11,2,13,flanker,congruent,144.0,2.0,0.352,352.0,1.0,0.0
ds000102,sub-11,2,14,flanker,incongruent,154.0,2.0,0.355,355.0,1.0,1.0
ds000102,sub-11,2,15,flanker,congruent,164.0,2.0,0.463,463.0,1.0,0.0
ds000102,sub-11,2,16,flanker,incongruent,174.0,2.0,0.451,451.0,1.0,1.0
ds000102,sub-11,2,17,flanker,incongruent,184.0,2.0,0.406,406.0,1.0,1.0
ds000102,sub-11,2,18,flanker,incongruent,196.0,2.0,0.482,482.0,1.0,1.0
ds000102,sub-11,2,19,flanker,congruent,208.0,2.0,0.363,363.0,1.0,0.0
ds000102,sub-11,2,20,flanker,congruent,220.0,2.0,0.311,311.0,1.0,0.0
ds000102,sub-11,2,21,flanker,congruent,234.0,2.0,0.296,296.0,0.0,0.0
ds000102,sub-11,2,22,flanker,incongruent,246.0,2.0,0.388,388.0,1.0,1.0
ds000102,sub-11,2,23,flanker,congruent,260.0,2.0,0.478,478.0,1.0,0.0
ds000102,sub-11,2,24,flanker,incongruent,274.0,2.0,0.486,486.0,1.0,1.0
ds000102,sub-12,1,1,flanker,incongruent,0.0,2.0,0.884,884.0,1.0,1.0
ds000102,sub-12,1,2,flanker,congruent,10.0,2.0,1.071,1071.0,1.0,0.0
ds000102,sub-12,1,3,flanker,congruent,20.0,2.0,0.955,955.0,1.0,0.0
ds000102,sub-12,1,4,flanker,incongruent,30.0,2.0,1.255,1255.0,1.0,1.0
ds000102,sub-12,1,5,flanker,congruent,40.0,2.0,0.812,812.0,1.0,0.0
ds000102,sub-12,1,6,flanker,incongruent,52.0,2.0,0.822,822.0,1.0,1.0
ds000102,sub-12,1,7,flanker,congruent,64.0,2.0,0.793,793.0,1.0,0.0
ds000102,sub-12,1,8,flanker,incongruent,76.0,2.0,0.85,850.0,1.0,1.0
ds000102,sub-12,1,9,flanker,congruent,88.0,2.0,0.765,765.0,1.0,0.0
ds000102,sub-12,1,10,flanker,congruent,102.0,2.0,0.775,775.0,1.0,0.0
ds000102,sub-12,1,11,flanker,incongruent,116.0,2.0,0.946,946.0,1.0,1.0
ds000102,sub-12,1,12,flanker,incongruent,130.0,2.0,0.891,891.0,1.0,1.0
ds000102,sub-12,1,13,flanker,congruent,144.0,2.0,0.782,782.0,1.0,0.0
ds000102,sub-12,1,14,flanker,congruent,154.0,2.0,0.753,753.0,1.0,0.0
ds000102,sub-12,1,15,flanker,incongruent,164.0,2.0,0.885,885.0,1.0,1.0
ds000102,sub-12,1,16,flanker,incongruent,174.0,2.0,0.809,809.0,1.0,1.0
ds000102,sub-12,1,17,flanker,congruent,184.0,2.0,0.709,709.0,1.0,0.0
ds000102,sub-12,1,18,flanker,incongruent,196.0,2.0,0.806,806.0,1.0,1.0
ds000102,sub-12,1,19,flanker,incongruent,208.0,2.0,0.777,777.0,1.0,1.0
ds000102,sub-12,1,20,flanker,congruent,220.0,2.0,0.733,733.0,1.0,0.0
ds000102,sub-12,1,21,flanker,incongruent,232.0,2.0,0.84,840.0,1.0,1.0
ds000102,sub-12,1,22,flanker,congruent,246.0,2.0,0.713,713.0,1.0,0.0
ds000102,sub-12,1,23,flanker,congruent,260.0,2.0,0.724,724.0,1.0,0.0
ds000102,sub-12,1,24,flanker,incongruent,274.0,2.0,0.829,829.0,1.0,1.0
ds000102,sub-12,2,1,flanker,incongruent,0.0,2.0,0.854,854.0,1.0,1.0
ds000102,sub-12,2,2,flanker,congruent,10.0,2.0,0.584,584.0,1.0,0.0
ds000102,sub-12,2,3,flanker,congruent,20.0,2.0,0.828,828.0,1.0,0.0
ds000102,sub-12,2,4,flanker,incongruent,30.0,2.0,0.743,743.0,1.0,1.0
ds000102,sub-12,2,5,flanker,congruent,40.0,2.0,0.691,691.0,1.0,0.0
ds000102,sub-12,2,6,flanker,incongruent,52.0,2.0,0.829,829.0,1.0,1.0
ds000102,sub-12,2,7,flanker,congruent,64.0,2.0,0.786,786.0,1.0,0.0
ds000102,sub-12,2,8,flanker,incongruent,76.0,2.0,0.635,635.0,1.0,1.0
ds000102,sub-12,2,9,flanker,congruent,88.0,2.0,0.646,646.0,1.0,0.0
ds000102,sub-12,2,10,flanker,congruent,102.0,2.0,0.639,639.0,1.0,0.0
ds000102,sub-12,2,11,flanker,incongruent,116.0,2.0,0.802,802.0,1.0,1.0
ds000102,sub-12,2,12,flanker,incongruent,130.0,2.0,0.756,756.0,1.0,1.0
ds000102,sub-12,2,13,flanker,congruent,144.0,2.0,0.693,693.0,1.0,0.0
ds000102,sub-12,2,14,flanker,congruent,154.0,2.0,0.707,707.0,1.0,0.0
ds000102,sub-12,2,15,flanker,incongruent,164.0,2.0,0.87,870.0,1.0,1.0
ds000102,sub-12,2,16,flanker,incongruent,174.0,2.0,0.905,905.0,1.0,1.0
ds000102,sub-12,2,17,flanker,congruent,184.0,2.0,0.684,684.0,1.0,0.0
ds000102,sub-12,2,18,flanker,incongruent,196.0,2.0,0.775,775.0,1.0,1.0
ds000102,sub-12,2,19,flanker,incongruent,208.0,2.0,0.706,706.0,1.0,1.0
ds000102,sub-12,2,20,flanker,congruent,222.0,2.0,0.684,684.0,1.0,0.0
ds000102,sub-12,2,21,flanker,incongruent,234.0,2.0,0.95,950.0,1.0,1.0
ds000102,sub-12,2,22,flanker,congruent,248.0,2.0,0.608,608.0,1.0,0.0
ds000102,sub-12,2,23,flanker,congruent,260.0,2.0,0.699,699.0,1.0,0.0
ds000102,sub-12,2,24,flanker,incongruent,274.0,2.0,0.653,653.0,1.0,1.0
ds000102,sub-13,1,1,flanker,incongruent,0.0,2.0,0.935,935.0,1.0,1.0
ds000102,sub-13,1,2,flanker,congruent,10.0,2.0,0.836,836.0,1.0,0.0
ds000102,sub-13,1,3,flanker,congruent,20.0,2.0,0.591,591.0,1.0,0.0
ds000102,sub-13,1,4,flanker,incongruent,30.0,2.0,0.873,873.0,1.0,1.0
ds000102,sub-13,1,5,flanker,incongruent,40.0,2.0,0.63,630.0,1.0,1.0
ds000102,sub-13,1,6,flanker,incongruent,52.0,2.0,0.784,784.0,1.0,1.0
ds000102,sub-13,1,7,flanker,congruent,64.0,2.0,0.571,571.0,1.0,0.0
ds000102,sub-13,1,8,flanker,congruent,76.0,2.0,0.639,639.0,1.0,0.0
ds000102,sub-13,1,9,flanker,incongruent,88.0,2.0,0.72,720.0,1.0,1.0
ds000102,sub-13,1,10,flanker,congruent,102.0,2.0,0.499,499.0,1.0,0.0
ds000102,sub-13,1,11,flanker,congruent,116.0,2.0,0.445,445.0,1.0,0.0
ds000102,sub-13,1,12,flanker,congruent,130.0,2.0,0.495,495.0,1.0,0.0
ds000102,sub-13,1,13,flanker,incongruent,140.0,2.0,0.755,755.0,1.0,1.0
ds000102,sub-13,1,14,flanker,congruent,154.0,2.0,0.556,556.0,1.0,0.0
ds000102,sub-13,1,15,flanker,incongruent,164.0,2.0,0.721,721.0,1.0,1.0
ds000102,sub-13,1,16,flanker,incongruent,174.0,2.0,0.699,699.0,1.0,1.0
ds000102,sub-13,1,17,flanker,incongruent,184.0,2.0,0.664,664.0,1.0,1.0
ds000102,sub-13,1,18,flanker,congruent,196.0,2.0,0.539,539.0,1.0,0.0
ds000102,sub-13,1,19,flanker,congruent,208.0,2.0,0.54,540.0,1.0,0.0
ds000102,sub-13,1,20,flanker,incongruent,220.0,2.0,0.672,672.0,1.0,1.0
ds000102,sub-13,1,21,flanker,congruent,232.0,2.0,1.01,1010.0,1.0,0.0
ds000102,sub-13,1,22,flanker,incongruent,246.0,2.0,0.604,604.0,1.0,1.0
ds000102,sub-13,1,23,flanker,incongruent,260.0,2.0,0.654,654.0,1.0,1.0
ds000102,sub-13,1,24,flanker,congruent,274.0,2.0,0.497,497.0,1.0,0.0
ds000102,sub-13,2,1,flanker,incongruent,0.0,2.0,0.554,554.0,1.0,1.0
ds000102,sub-13,2,2,flanker,congruent,10.0,2.0,0.534,534.0,1.0,0.0
ds000102,sub-13,2,3,flanker,congruent,20.0,2.0,0.507,507.0,1.0,0.0
ds000102,sub-13,2,4,flanker,incongruent,30.0,2.0,0.51,510.0,1.0,1.0
ds000102,sub-13,2,5,flanker,incongruent,42.0,2.0,0.585,585.0,1.0,1.0
ds000102,sub-13,2,6,flanker,incongruent,54.0,2.0,0.731,731.0,1.0,1.0
ds000102,sub-13,2,7,flanker,congruent,64.0,2.0,0.648,648.0,1.0,0.0
ds000102,sub-13,2,8,flanker,congruent,76.0,2.0,0.619,619.0,1.0,0.0
ds000102,sub-13,2,9,flanker,incongruent,88.0,2.0,0.501,501.0,1.0,1.0
ds000102,sub-13,2,10,flanker,congruent,102.0,2.0,0.471,471.0,1.0,0.0
ds000102,sub-13,2,11,flanker,congruent,116.0,2.0,0.704,704.0,1.0,0.0
ds000102,sub-13,2,12,flanker,congruent,130.0,2.0,0.402,402.0,1.0,0.0
ds000102,sub-13,2,13,flanker,incongruent,140.0,2.0,0.479,479.0,1.0,1.0
ds000102,sub-13,2,14,flanker,congruent,150.0,2.0,0.57,570.0,1.0,0.0
ds000102,sub-13,2,15,flanker,incongruent,164.0,2.0,0.612,612.0,1.0,1.0
ds000102,sub-13,2,16,flanker,incongruent,174.0,2.0,0.649,649.0,1.0,1.0
ds000102,sub-13,2,17,flanker,incongruent,184.0,2.0,0.571,571.0,1.0,1.0
ds000102,sub-13,2,18,flanker,congruent,196.0,2.0,0.487,487.0,1.0,0.0
ds000102,sub-13,2,19,flanker,congruent,208.0,2.0,0.64,640.0,1.0,0.0
ds000102,sub-13,2,20,flanker,incongruent,220.0,2.0,0.636,636.0,1.0,1.0
ds000102,sub-13,2,21,flanker,congruent,232.0,2.0,0.454,454.0,1.0,0.0
ds000102,sub-13,2,22,flanker,incongruent,246.0,2.0,0.656,656.0,1.0,1.0
ds000102,sub-13,2,23,flanker,incongruent,260.0,2.0,0.595,595.0,1.0,1.0
ds000102,sub-13,2,24,flanker,congruent,274.0,2.0,0.445,445.0,1.0,0.0
ds000102,sub-14,1,1,flanker,congruent,0.0,2.0,1.398,1398.0,1.0,0.0
ds000102,sub-14,1,2,flanker,congruent,10.0,2.0,0.77,770.0,1.0,0.0
ds000102,sub-14,1,3,flanker,incongruent,20.0,2.0,1.526,1526.0,1.0,1.0
ds000102,sub-14,1,4,flanker,congruent,30.0,2.0,0.635,635.0,1.0,0.0
ds000102,sub-14,1,5,flanker,incongruent,42.0,2.0,1.236,1236.0,1.0,1.0
ds000102,sub-14,1,6,flanker,congruent,52.0,2.0,0.696,696.0,1.0,0.0
ds000102,sub-14,1,7,flanker,incongruent,64.0,2.0,1.258,1258.0,1.0,1.0
ds000102,sub-14,1,8,flanker,incongruent,76.0,2.0,1.037,1037.0,1.0,1.0
ds000102,sub-14,1,9,flanker,incongruent,88.0,2.0,0.894,894.0,1.0,1.0
ds000102,sub-14,1,10,flanker,congruent,102.0,2.0,0.747,747.0,1.0,0.0
ds000102,sub-14,1,11,flanker,congruent,116.0,2.0,0.651,651.0,1.0,0.0
ds000102,sub-14,1,12,flanker,incongruent,130.0,2.0,1.094,1094.0,1.0,1.0
ds000102,sub-14,1,13,flanker,congruent,144.0,2.0,0.728,728.0,1.0,0.0
ds000102,sub-14,1,14,flanker,incongruent,154.0,2.0,1.116,1116.0,1.0,1.0
ds000102,sub-14,1,15,flanker,congruent,164.0,2.0,0.927,927.0,1.0,0.0
ds000102,sub-14,1,16,flanker,incongruent,174.0,2.0,0.891,891.0,1.0,1.0
ds000102,sub-14,1,17,flanker,congruent,184.0,2.0,0.774,774.0,1.0,0.0
ds000102,sub-14,1,18,flanker,congruent,196.0,2.0,0.896,896.0,1.0,0.0
ds000102,sub-14,1,19,flanker,incongruent,208.0,2.0,0.9,900.0,1.0,1.0
ds000102,sub-14,1,20,flanker,congruent,220.0,2.0,0.935,935.0,1.0,0.0
ds000102,sub-14,1,21,flanker,congruent,234.0,2.0,0.769,769.0,1.0,0.0
ds000102,sub-14,1,22,flanker,incongruent,248.0,2.0,0.914,914.0,1.0,1.0
ds000102,sub-14,1,23,flanker,incongruent,260.0,2.0,0.933,933.0,1.0,1.0
ds000102,sub-14,1,24,flanker,incongruent,274.0,2.0,0.727,727.0,1.0,1.0
ds000102,sub-14,2,1,flanker,congruent,0.0,2.0,1.044,1044.0,1.0,0.0
ds000102,sub-14,2,2,flanker,congruent,10.0,2.0,0.761,761.0,1.0,0.0
ds000102,sub-14,2,3,flanker,incongruent,20.0,2.0,0.668,668.0,1.0,1.0
ds000102,sub-14,2,4,flanker,congruent,30.0,2.0,0.695,695.0,1.0,0.0
ds000102,sub-14,2,5,flanker,incongruent,40.0,2.0,0.524,524.0,1.0,1.0
ds000102,sub-14,2,6,flanker,congruent,52.0,2.0,0.806,806.0,1.0,0.0
ds000102,sub-14,2,7,flanker,incongruent,64.0,2.0,1.169,1169.0,1.0,1.0
ds000102,sub-14,2,8,flanker,incongruent,76.0,2.0,1.963,1963.0,1.0,1.0
ds000102,sub-14,2,9,flanker,incongruent,88.0,2.0,0.582,582.0,1.0,1.0
ds000102,sub-14,2,10,flanker,congruent,102.0,2.0,0.648,648.0,1.0,0.0
ds000102,sub-14,2,11,flanker,congruent,116.0,2.0,0.706,706.0,1.0,0.0
ds000102,sub-14,2,12,flanker,incongruent,126.0,2.0,1.03,1030.0,1.0,1.0
ds000102,sub-14,2,13,flanker,congruent,140.0,2.0,0.952,952.0,1.0,0.0
ds000102,sub-14,2,14,flanker,incongruent,154.0,2.0,0.938,938.0,1.0,1.0
ds000102,sub-14,2,15,flanker,congruent,164.0,2.0,0.758,758.0,1.0,0.0
ds000102,sub-14,2,16,flanker,incongruent,174.0,2.0,0.816,816.0,1.0,1.0
ds000102,sub-14,2,17,flanker,congruent,184.0,2.0,0.581,581.0,1.0,0.0
ds000102,sub-14,2,18,flanker,congruent,196.0,2.0,1.383,1383.0,1.0,0.0
ds000102,sub-14,2,19,flanker,incongruent,208.0,2.0,0.921,921.0,1.0,1.0
ds000102,sub-14,2,20,flanker,congruent,220.0,2.0,0.669,669.0,1.0,0.0
ds000102,sub-14,2,21,flanker,congruent,232.0,2.0,0.496,496.0,1.0,0.0
ds000102,sub-14,2,22,flanker,incongruent,246.0,2.0,1.042,1042.0,1.0,1.0
ds000102,sub-14,2,23,flanker,incongruent,260.0,2.0,1.187,1187.0,1.0,1.0
ds000102,sub-14,2,24,flanker,incongruent,274.0,2.0,0.779,779.0,1.0,1.0
ds000102,sub-15,1,1,flanker,congruent,0.0,2.0,0.675,675.0,1.0,0.0
ds000102,sub-15,1,2,flanker,incongruent,10.0,2.0,0.679,679.0,1.0,1.0
ds000102,sub-15,1,3,flanker,incongruent,20.0,2.0,0.667,667.0,1.0,1.0
ds000102,sub-15,1,4,flanker,incongruent,30.0,2.0,0.703,703.0,1.0,1.0
ds000102,sub-15,1,5,flanker,congruent,42.0,2.0,0.641,641.0,1.0,0.0
ds000102,sub-15,1,6,flanker,congruent,52.0,2.0,0.518,518.0,1.0,0.0
ds000102,sub-15,1,7,flanker,congruent,64.0,2.0,0.575,575.0,1.0,0.0
ds000102,sub-15,1,8,flanker,incongruent,76.0,2.0,0.721,721.0,1.0,1.0
ds000102,sub-15,1,9,flanker,incongruent,88.0,2.0,0.573,573.0,1.0,1.0
ds000102,sub-15,1,10,flanker,congruent,102.0,2.0,0.552,552.0,1.0,0.0
ds000102,sub-15,1,11,flanker,incongruent,116.0,2.0,0.81,810.0,1.0,1.0
ds000102,sub-15,1,12,flanker,congruent,130.0,2.0,0.57,570.0,1.0,0.0
ds000102,sub-15,1,13,flanker,incongruent,144.0,2.0,0.652,652.0,1.0,1.0
ds000102,sub-15,1,14,flanker,congruent,154.0,2.0,0.52,520.0,1.0,0.0
ds000102,sub-15,1,15,flanker,incongruent,164.0,2.0,0.66,660.0,1.0,1.0
ds000102,sub-15,1,16,flanker,congruent,174.0,2.0,0.536,536.0,1.0,0.0
ds000102,sub-15,1,17,flanker,incongruent,184.0,2.0,0.643,643.0,1.0,1.0
ds000102,sub-15,1,18,flanker,incongruent,196.0,2.0,0.805,805.0,1.0,1.0
ds000102,sub-15,1,19,flanker,congruent,208.0,2.0,0.609,609.0,1.0,0.0
ds000102,sub-15,1,20,flanker,congruent,220.0,2.0,0.531,531.0,1.0,0.0
ds000102,sub-15,1,21,flanker,incongruent,232.0,2.0,0.653,653.0,1.0,1.0
ds000102,sub-15,1,22,flanker,congruent,246.0,2.0,0.513,513.0,1.0,0.0
ds000102,sub-15,1,23,flanker,incongruent,260.0,2.0,0.707,707.0,1.0,1.0
ds000102,sub-15,1,24,flanker,congruent,274.0,2.0,0.508,508.0,1.0,0.0
ds000102,sub-15,2,1,flanker,congruent,0.0,2.0,0.728,728.0,1.0,0.0
ds000102,sub-15,2,2,flanker,incongruent,10.0,2.0,0.683,683.0,1.0,1.0
ds000102,sub-15,2,3,flanker,incongruent,20.0,2.0,0.535,535.0,1.0,1.0
ds000102,sub-15,2,4,flanker,incongruent,30.0,2.0,0.506,506.0,1.0,1.0
ds000102,sub-15,2,5,flanker,congruent,40.0,2.0,0.631,631.0,1.0,0.0
ds000102,sub-15,2,6,flanker,congruent,52.0,2.0,0.562,562.0,1.0,0.0
ds000102,sub-15,2,7,flanker,congruent,64.0,2.0,0.54,540.0,1.0,0.0
ds000102,sub-15,2,8,flanker,incongruent,76.0,2.0,0.488,488.0,1.0,1.0
ds000102,sub-15,2,9,flanker,incongruent,88.0,2.0,0.459,459.0,1.0,1.0
ds000102,sub-15,2,10,flanker,congruent,102.0,2.0,0.46,460.0,1.0,0.0
ds000102,sub-15,2,11,flanker,incongruent,116.0,2.0,0.51,510.0,1.0,1.0
ds000102,sub-15,2,12,flanker,congruent,126.0,2.0,0.553,553.0,1.0,0.0
ds000102,sub-15,2,13,flanker,incongruent,136.0,2.0,0.749,749.0,1.0,1.0
ds000102,sub-15,2,14,flanker,congruent,150.0,2.0,0.679,679.0,1.0,0.0
ds000102,sub-15,2,15,flanker,incongruent,164.0,2.0,0.584,584.0,1.0,1.0
ds000102,sub-15,2,16,flanker,congruent,174.0,2.0,0.637,637.0,1.0,0.0
ds000102,sub-15,2,17,flanker,incongruent,184.0,2.0,0.579,579.0,1.0,1.0
ds000102,sub-15,2,18,flanker,incongruent,196.0,2.0,0.516,516.0,1.0,1.0
ds000102,sub-15,2,19,flanker,congruent,208.0,2.0,0.607,607.0,1.0,0.0
ds000102,sub-15,2,20,flanker,congruent,220.0,2.0,0.44,440.0,1.0,0.0
ds000102,sub-15,2,21,flanker,incongruent,232.0,2.0,0.499,499.0,1.0,1.0
ds000102,sub-15,2,22,flanker,congruent,246.0,2.0,0.429,429.0,1.0,0.0
ds000102,sub-15,2,23,flanker,incongruent,260.0,2.0,0.681,681.0,1.0,1.0
ds000102,sub-15,2,24,flanker,congruent,274.0,2.0,0.593,593.0,1.0,0.0
ds000102,sub-16,1,1,flanker,congruent,0.0,2.0,0.96,960.0,1.0,0.0
ds000102,sub-16,1,2,flanker,congruent,10.0,2.0,0.7,700.0,1.0,0.0
ds000102,sub-16,1,3,flanker,congruent,20.0,2.0,0.615,615.0,1.0,0.0
ds000102,sub-16,1,4,flanker,incongruent,32.0,2.0,0.858,858.0,1.0,1.0
ds000102,sub-16,1,5,flanker,incongruent,42.0,2.0,0.773,773.0,1.0,1.0
ds000102,sub-16,1,6,flanker,incongruent,52.0,2.0,0.802,802.0,1.0,1.0
ds000102,sub-16,1,7,flanker,incongruent,64.0,2.0,0.748,748.0,1.0,1.0
ds000102,sub-16,1,8,flanker,congruent,76.0,2.0,0.551,551.0,1.0,0.0
ds000102,sub-16,1,9,flanker,congruent,88.0,2.0,0.485,485.0,1.0,0.0
ds000102,sub-16,1,10,flanker,incongruent,102.0,2.0,0.644,644.0,1.0,1.0
ds000102,sub-16,1,11,flanker,congruent,116.0,2.0,0.614,614.0,1.0,0.0
ds000102,sub-16,1,12,flanker,congruent,130.0,2.0,0.584,584.0,1.0,0.0
ds000102,sub-16,1,13,flanker,incongruent,140.0,2.0,0.834,834.0,1.0,1.0
ds000102,sub-16,1,14,flanker,congruent,154.0,2.0,0.51,510.0,1.0,0.0
ds000102,sub-16,1,15,flanker,incongruent,164.0,2.0,0.721,721.0,1.0,1.0
ds000102,sub-16,1,16,flanker,incongruent,174.0,2.0,0.812,812.0,1.0,1.0
ds000102,sub-16,1,17,flanker,congruent,184.0,2.0,0.616,616.0,1.0,0.0
ds000102,sub-16,1,18,flanker,incongruent,196.0,2.0,0.659,659.0,1.0,1.0
ds000102,sub-16,1,19,flanker,congruent,208.0,2.0,0.582,582.0,1.0,0.0
ds000102,sub-16,1,20,flanker,congruent,220.0,2.0,0.569,569.0,1.0,0.0
ds000102,sub-16,1,21,flanker,incongruent,234.0,2.0,0.714,714.0,1.0,1.0
ds000102,sub-16,1,22,flanker,congruent,246.0,2.0,0.581,581.0,1.0,0.0
ds000102,sub-16,1,23,flanker,incongruent,260.0,2.0,0.743,743.0,1.0,1.0
ds000102,sub-16,1,24,flanker,incongruent,274.0,2.0,0.722,722.0,1.0,1.0
ds000102,sub-16,2,1,flanker,congruent,0.0,2.0,0.702,702.0,1.0,0.0
ds000102,sub-16,2,2,flanker,congruent,10.0,2.0,0.563,563.0,1.0,0.0
ds000102,sub-16,2,3,flanker,congruent,20.0,2.0,0.703,703.0,1.0,0.0
ds000102,sub-16,2,4,flanker,incongruent,30.0,2.0,0.546,546.0,1.0,1.0
ds000102,sub-16,2,5,flanker,incongruent,40.0,2.0,0.615,615.0,1.0,1.0
ds000102,sub-16,2,6,flanker,incongruent,52.0,2.0,0.545,545.0,1.0,1.0
ds000102,sub-16,2,7,flanker,incongruent,64.0,2.0,0.699,699.0,1.0,1.0
ds000102,sub-16,2,8,flanker,congruent,76.0,2.0,0.479,479.0,1.0,0.0
ds000102,sub-16,2,9,flanker,congruent,88.0,2.0,0.665,665.0,1.0,0.0
ds000102,sub-16,2,10,flanker,incongruent,102.0,2.0,0.547,547.0,1.0,1.0
ds000102,sub-16,2,11,flanker,congruent,116.0,2.0,0.444,444.0,1.0,0.0
ds000102,sub-16,2,12,flanker,congruent,130.0,2.0,0.712,712.0,1.0,0.0
ds000102,sub-16,2,13,flanker,incongruent,144.0,2.0,0.624,624.0,1.0,1.0
ds000102,sub-16,2,14,flanker,congruent,154.0,2.0,0.613,613.0,1.0,0.0
ds000102,sub-16,2,15,flanker,incongruent,164.0,2.0,0.528,528.0,1.0,1.0
ds000102,sub-16,2,16,flanker,incongruent,174.0,2.0,0.684,684.0,1.0,1.0
ds000102,sub-16,2,17,flanker,congruent,184.0,2.0,0.647,647.0,1.0,0.0
ds000102,sub-16,2,18,flanker,incongruent,196.0,2.0,0.595,595.0,1.0,1.0
ds000102,sub-16,2,19,flanker,congruent,208.0,2.0,0.469,469.0,1.0,0.0
ds000102,sub-16,2,20,flanker,congruent,220.0,2.0,0.559,559.0,1.0,0.0
ds000102,sub-16,2,21,flanker,incongruent,234.0,2.0,0.738,738.0,0.0,1.0
ds000102,sub-16,2,22,flanker,congruent,246.0,2.0,0.78,780.0,1.0,0.0
ds000102,sub-16,2,23,flanker,incongruent,260.0,2.0,0.551,551.0,1.0,1.0
ds000102,sub-16,2,24,flanker,incongruent,274.0,2.0,0.632,632.0,1.0,1.0
ds000102,sub-17,1,1,flanker,incongruent,0.0,2.0,0.794,794.0,1.0,1.0
ds000102,sub-17,1,2,flanker,congruent,10.0,2.0,0.684,684.0,1.0,0.0
ds000102,sub-17,1,3,flanker,congruent,20.0,2.0,0.633,633.0,1.0,0.0
ds000102,sub-17,1,4,flanker,congruent,30.0,2.0,0.661,661.0,1.0,0.0
ds000102,sub-17,1,5,flanker,incongruent,42.0,2.0,1.271,1271.0,1.0,1.0
ds000102,sub-17,1,6,flanker,congruent,52.0,2.0,0.699,699.0,1.0,0.0
ds000102,sub-17,1,7,flanker,incongruent,64.0,2.0,1.029,1029.0,1.0,1.0
ds000102,sub-17,1,8,flanker,incongruent,76.0,2.0,1.072,1072.0,1.0,1.0
ds000102,sub-17,1,9,flanker,congruent,88.0,2.0,0.93,930.0,1.0,0.0
ds000102,sub-17,1,10,flanker,congruent,102.0,2.0,0.686,686.0,1.0,0.0
ds000102,sub-17,1,11,flanker,incongruent,116.0,2.0,1.055,1055.0,1.0,1.0
ds000102,sub-17,1,12,flanker,congruent,130.0,2.0,0.592,592.0,1.0,0.0
ds000102,sub-17,1,13,flanker,incongruent,140.0,2.0,1.035,1035.0,1.0,1.0
ds000102,sub-17,1,14,flanker,incongruent,154.0,2.0,0.831,831.0,1.0,1.0
ds000102,sub-17,1,15,flanker,congruent,164.0,2.0,0.657,657.0,1.0,0.0
ds000102,sub-17,1,16,flanker,incongruent,174.0,2.0,0.733,733.0,1.0,1.0
ds000102,sub-17,1,17,flanker,incongruent,184.0,2.0,0.665,665.0,1.0,1.0
ds000102,sub-17,1,18,flanker,incongruent,196.0,2.0,0.804,804.0,1.0,1.0
ds000102,sub-17,1,19,flanker,incongruent,208.0,2.0,0.655,655.0,1.0,1.0
ds000102,sub-17,1,20,flanker,congruent,222.0,2.0,0.608,608.0,1.0,0.0
ds000102,sub-17,1,21,flanker,congruent,234.0,2.0,0.515,515.0,1.0,0.0
ds000102,sub-17,1,22,flanker,congruent,246.0,2.0,0.567,567.0,1.0,0.0
ds000102,sub-17,1,23,flanker,congruent,260.0,2.0,0.576,576.0,1.0,0.0
ds000102,sub-17,1,24,flanker,incongruent,274.0,2.0,0.803,803.0,1.0,1.0
ds000102,sub-17,2,1,flanker,incongruent,0.0,2.0,1.067,1067.0,1.0,1.0
ds000102,sub-17,2,2,flanker,congruent,10.0,2.0,0.591,591.0,1.0,0.0
ds000102,sub-17,2,3,flanker,congruent,20.0,2.0,0.594,594.0,1.0,0.0
ds000102,sub-17,2,4,flanker,congruent,30.0,2.0,0.781,781.0,1.0,0.0
ds000102,sub-17,2,5,flanker,incongruent,40.0,2.0,0.586,586.0,1.0,1.0
ds000102,sub-17,2,6,flanker,congruent,52.0,2.0,0.483,483.0,1.0,0.0
ds000102,sub-17,2,7,flanker,incongruent,64.0,2.0,0.814,814.0,1.0,1.0
ds000102,sub-17,2,8,flanker,incongruent,76.0,2.0,0.76,760.0,1.0,1.0
ds000102,sub-17,2,9,flanker,congruent,88.0,2.0,0.654,654.0,1.0,0.0
ds000102,sub-17,2,10,flanker,congruent,102.0,2.0,0.575,575.0,1.0,0.0
ds000102,sub-17,2,11,flanker,incongruent,116.0,2.0,0.512,512.0,1.0,1.0
ds000102,sub-17,2,12,flanker,congruent,130.0,2.0,0.794,794.0,1.0,0.0
ds000102,sub-17,2,13,flanker,incongruent,144.0,2.0,0.732,732.0,1.0,1.0
ds000102,sub-17,2,14,flanker,incongruent,154.0,2.0,0.664,664.0,1.0,1.0
ds000102,sub-17,2,15,flanker,congruent,164.0,2.0,0.523,523.0,1.0,0.0
ds000102,sub-17,2,16,flanker,incongruent,174.0,2.0,0.735,735.0,1.0,1.0
ds000102,sub-17,2,17,flanker,incongruent,184.0,2.0,0.682,682.0,1.0,1.0
ds000102,sub-17,2,18,flanker,incongruent,196.0,2.0,0.748,748.0,1.0,1.0
ds000102,sub-17,2,19,flanker,incongruent,208.0,2.0,0.712,712.0,1.0,1.0
ds000102,sub-17,2,20,flanker,congruent,220.0,2.0,0.562,562.0,1.0,0.0
ds000102,sub-17,2,21,flanker,congruent,232.0,2.0,0.686,686.0,1.0,0.0
ds000102,sub-17,2,22,flanker,congruent,246.0,2.0,0.671,671.0,1.0,0.0
ds000102,sub-17,2,23,flanker,congruent,260.0,2.0,0.513,513.0,1.0,0.0
ds000102,sub-17,2,24,flanker,incongruent,274.0,2.0,0.795,795.0,1.0,1.0
ds000102,sub-18,1,1,flanker,incongruent,0.0,2.0,0.687,687.0,1.0,1.0
ds000102,sub-18,1,2,flanker,congruent,10.0,2.0,0.611,611.0,1.0,0.0
ds000102,sub-18,1,3,flanker,congruent,20.0,2.0,0.502,502.0,1.0,0.0
ds000102,sub-18,1,4,flanker,congruent,30.0,2.0,0.425,425.0,1.0,0.0
ds000102,sub-18,1,5,flanker,incongruent,42.0,2.0,0.564,564.0,1.0,1.0
ds000102,sub-18,1,6,flanker,congruent,52.0,2.0,0.416,416.0,1.0,0.0
ds000102,sub-18,1,7,flanker,incongruent,64.0,2.0,0.491,491.0,1.0,1.0
ds000102,sub-18,1,8,flanker,incongruent,76.0,2.0,0.502,502.0,1.0,1.0
ds000102,sub-18,1,9,flanker,congruent,88.0,2.0,0.448,448.0,1.0,0.0
ds000102,sub-18,1,10,flanker,incongruent,102.0,2.0,0.394,394.0,1.0,1.0
ds000102,sub-18,1,11,flanker,congruent,116.0,2.0,0.397,397.0,1.0,0.0
ds000102,sub-18,1,12,flanker,incongruent,130.0,2.0,0.503,503.0,1.0,1.0
ds000102,sub-18,1,13,flanker,incongruent,144.0,2.0,0.448,448.0,1.0,1.0
ds000102,sub-18,1,14,flanker,incongruent,154.0,2.0,0.444,444.0,1.0,1.0
ds000102,sub-18,1,15,flanker,congruent,164.0,2.0,0.432,432.0,1.0,0.0
ds000102,sub-18,1,16,flanker,congruent,174.0,2.0,0.386,386.0,1.0,0.0
ds000102,sub-18,1,17,flanker,incongruent,184.0,2.0,0.492,492.0,1.0,1.0
ds000102,sub-18,1,18,flanker,congruent,196.0,2.0,0.378,378.0,1.0,0.0
ds000102,sub-18,1,19,flanker,incongruent,208.0,2.0,0.484,484.0,1.0,1.0
ds000102,sub-18,1,20,flanker,congruent,220.0,2.0,0.375,375.0,1.0,0.0
ds000102,sub-18,1,21,flanker,congruent,232.0,2.0,0.402,402.0,1.0,0.0
ds000102,sub-18,1,22,flanker,incongruent,246.0,2.0,0.5,500.0,1.0,1.0
ds000102,sub-18,1,23,flanker,congruent,260.0,2.0,0.43,430.0,1.0,0.0
ds000102,sub-18,1,24,flanker,incongruent,274.0,2.0,0.479,479.0,1.0,1.0
ds000102,sub-18,2,1,flanker,incongruent,0.0,2.0,0.497,497.0,1.0,1.0
ds000102,sub-18,2,2,flanker,congruent,10.0,2.0,0.339,339.0,1.0,0.0
ds000102,sub-18,2,3,flanker,congruent,20.0,2.0,0.377,377.0,1.0,0.0
ds000102,sub-18,2,4,flanker,congruent,30.0,2.0,0.492,492.0,1.0,0.0
ds000102,sub-18,2,5,flanker,incongruent,40.0,2.0,0.399,399.0,1.0,1.0
ds000102,sub-18,2,6,flanker,congruent,52.0,2.0,0.475,475.0,1.0,0.0
ds000102,sub-18,2,7,flanker,incongruent,64.0,2.0,0.42,420.0,1.0,1.0
ds000102,sub-18,2,8,flanker,incongruent,76.0,2.0,0.337,337.0,1.0,1.0
ds000102,sub-18,2,9,flanker,congruent,88.0,2.0,0.37,370.0,1.0,0.0
ds000102,sub-18,2,10,flanker,incongruent,102.0,2.0,0.453,453.0,1.0,1.0
ds000102,sub-18,2,11,flanker,congruent,116.0,2.0,0.455,455.0,1.0,0.0
ds000102,sub-18,2,12,flanker,incongruent,130.0,2.0,0.464,464.0,1.0,1.0
ds000102,sub-18,2,13,flanker,incongruent,140.0,2.0,0.388,388.0,1.0,1.0
ds000102,sub-18,2,14,flanker,incongruent,150.0,2.0,0.36,360.0,1.0,1.0
ds000102,sub-18,2,15,flanker,congruent,164.0,2.0,0.353,353.0,1.0,0.0
ds000102,sub-18,2,16,flanker,congruent,174.0,2.0,0.332,332.0,1.0,0.0
ds000102,sub-18,2,17,flanker,incongruent,184.0,2.0,0.513,513.0,1.0,1.0
ds000102,sub-18,2,18,flanker,congruent,196.0,2.0,0.379,379.0,1.0,0.0
ds000102,sub-18,2,19,flanker,incongruent,208.0,2.0,0.414,414.0,1.0,1.0
ds000102,sub-18,2,20,flanker,congruent,220.0,2.0,0.473,473.0,1.0,0.0
ds000102,sub-18,2,21,flanker,congruent,232.0,2.0,0.42,420.0,1.0,0.0
ds000102,sub-18,2,22,flanker,incongruent,246.0,2.0,0.382,382.0,1.0,1.0
ds000102,sub-18,2,23,flanker,congruent,260.0,2.0,0.335,335.0,0.0,0.0
ds000102,sub-18,2,24,flanker,incongruent,274.0,2.0,0.419,419.0,1.0,1.0
ds000102,sub-19,1,1,flanker,congruent,0.0,2.0,0.791,791.0,1.0,0.0
ds000102,sub-19,1,2,flanker,incongruent,10.0,2.0,1.185,1185.0,1.0,1.0
ds000102,sub-19,1,3,flanker,congruent,20.0,2.0,0.814,814.0,1.0,0.0
ds000102,sub-19,1,4,flanker,incongruent,30.0,2.0,0.731,731.0,1.0,1.0
ds000102,sub-19,1,5,flanker,congruent,40.0,2.0,0.614,614.0,1.0,0.0
ds000102,sub-19,1,6,flanker,congruent,52.0,2.0,0.648,648.0,1.0,0.0
ds000102,sub-19,1,7,flanker,incongruent,64.0,2.0,0.866,866.0,1.0,1.0
ds000102,sub-19,1,8,flanker,incongruent,76.0,2.0,0.703,703.0,1.0,1.0
ds000102,sub-19,1,9,flanker,incongruent,88.0,2.0,0.76,760.0,1.0,1.0
ds000102,sub-19,1,10,flanker,congruent,102.0,2.0,0.595,595.0,1.0,0.0
ds000102,sub-19,1,11,flanker,incongruent,116.0,2.0,0.757,757.0,1.0,1.0
ds000102,sub-19,1,12,flanker,congruent,130.0,2.0,0.647,647.0,1.0,0.0
ds000102,sub-19,1,13,flanker,congruent,144.0,2.0,0.897,897.0,1.0,0.0
ds000102,sub-19,1,14,flanker,incongruent,154.0,2.0,0.787,787.0,1.0,1.0
ds000102,sub-19,1,15,flanker,congruent,164.0,2.0,0.543,543.0,1.0,0.0
ds000102,sub-19,1,16,flanker,incongruent,174.0,2.0,0.635,635.0,1.0,1.0
ds000102,sub-19,1,17,flanker,incongruent,184.0,2.0,1.022,1022.0,1.0,1.0
ds000102,sub-19,1,18,flanker,incongruent,196.0,2.0,0.649,649.0,1.0,1.0
ds000102,sub-19,1,19,flanker,congruent,208.0,2.0,0.564,564.0,1.0,0.0
ds000102,sub-19,1,20,flanker,congruent,220.0,2.0,0.607,607.0,1.0,0.0
ds000102,sub-19,1,21,flanker,incongruent,232.0,2.0,0.794,794.0,1.0,1.0
ds000102,sub-19,1,22,flanker,incongruent,246.0,2.0,0.548,548.0,1.0,1.0
ds000102,sub-19,1,23,flanker,congruent,260.0,2.0,0.453,453.0,1.0,0.0
ds000102,sub-19,1,24,flanker,congruent,274.0,2.0,0.567,567.0,1.0,0.0
ds000102,sub-19,2,1,flanker,congruent,0.0,2.0,0.772,772.0,1.0,0.0
ds000102,sub-19,2,2,flanker,incongruent,10.0,2.0,0.95,950.0,1.0,1.0
ds000102,sub-19,2,3,flanker,congruent,20.0,2.0,0.618,618.0,1.0,0.0
ds000102,sub-19,2,4,flanker,incongruent,30.0,2.0,0.655,655.0,1.0,1.0
ds000102,sub-19,2,5,flanker,congruent,42.0,2.0,0.537,537.0,1.0,0.0
ds000102,sub-19,2,6,flanker,congruent,52.0,2.0,0.524,524.0,1.0,0.0
ds000102,sub-19,2,7,flanker,incongruent,64.0,2.0,0.624,624.0,1.0,1.0
ds000102,sub-19,2,8,flanker,incongruent,76.0,2.0,0.578,578.0,1.0,1.0
ds000102,sub-19,2,9,flanker,incongruent,88.0,2.0,0.636,636.0,1.0,1.0
ds000102,sub-19,2,10,flanker,congruent,102.0,2.0,0.584,584.0,1.0,0.0
ds000102,sub-19,2,11,flanker,incongruent,116.0,2.0,0.624,624.0,1.0,1.0
ds000102,sub-19,2,12,flanker,congruent,126.0,2.0,0.685,685.0,1.0,0.0
ds000102,sub-19,2,13,flanker,congruent,136.0,2.0,1.129,1129.0,1.0,0.0
ds000102,sub-19,2,14,flanker,incongruent,150.0,2.0,0.595,595.0,1.0,1.0
ds000102,sub-19,2,15,flanker,congruent,164.0,2.0,0.845,845.0,1.0,0.0
ds000102,sub-19,2,16,flanker,incongruent,174.0,2.0,0.704,704.0,1.0,1.0
ds000102,sub-19,2,17,flanker,incongruent,184.0,2.0,0.868,868.0,1.0,1.0
ds000102,sub-19,2,18,flanker,incongruent,196.0,2.0,0.51,510.0,1.0,1.0
ds000102,sub-19,2,19,flanker,congruent,208.0,2.0,0.568,568.0,1.0,0.0
ds000102,sub-19,2,20,flanker,congruent,220.0,2.0,0.755,755.0,1.0,0.0
ds000102,sub-19,2,21,flanker,incongruent,234.0,2.0,0.662,662.0,1.0,1.0
ds000102,sub-19,2,22,flanker,incongruent,246.0,2.0,0.801,801.0,1.0,1.0
ds000102,sub-19,2,23,flanker,congruent,260.0,2.0,0.571,571.0,1.0,0.0
ds000102,sub-19,2,24,flanker,congruent,274.0,2.0,0.885,885.0,1.0,0.0
ds000102,sub-20,1,1,flanker,incongruent,0.0,2.0,1.106,1106.0,1.0,1.0
ds000102,sub-20,1,2,flanker,congruent,10.0,2.0,0.869,869.0,1.0,0.0
ds000102,sub-20,1,3,flanker,incongruent,20.0,2.0,1.081,1081.0,1.0,1.0
ds000102,sub-20,1,4,flanker,congruent,30.0,2.0,0.813,813.0,1.0,0.0
ds000102,sub-20,1,5,flanker,incongruent,40.0,2.0,0.977,977.0,1.0,1.0
ds000102,sub-20,1,6,flanker,congruent,52.0,2.0,0.797,797.0,1.0,0.0
ds000102,sub-20,1,7,flanker,incongruent,64.0,2.0,0.869,869.0,1.0,1.0
ds000102,sub-20,1,8,flanker,congruent,76.0,2.0,0.706,706.0,1.0,0.0
ds000102,sub-20,1,9,flanker,incongruent,88.0,2.0,0.805,805.0,1.0,1.0
ds000102,sub-20,1,10,flanker,incongruent,102.0,2.0,0.669,669.0,1.0,1.0
ds000102,sub-20,1,11,flanker,congruent,116.0,2.0,0.656,656.0,1.0,0.0
ds000102,sub-20,1,12,flanker,congruent,130.0,2.0,0.834,834.0,1.0,0.0
ds000102,sub-20,1,13,flanker,congruent,144.0,2.0,0.676,676.0,1.0,0.0
ds000102,sub-20,1,14,flanker,congruent,154.0,2.0,0.655,655.0,1.0,0.0
ds000102,sub-20,1,15,flanker,incongruent,164.0,2.0,0.938,938.0,1.0,1.0
ds000102,sub-20,1,16,flanker,incongruent,174.0,2.0,0.823,823.0,1.0,1.0
ds000102,sub-20,1,17,flanker,incongruent,184.0,2.0,0.763,763.0,1.0,1.0
ds000102,sub-20,1,18,flanker,incongruent,196.0,2.0,0.837,837.0,1.0,1.0
ds000102,sub-20,1,19,flanker,congruent,208.0,2.0,0.919,919.0,1.0,0.0
ds000102,sub-20,1,20,flanker,congruent,220.0,2.0,0.867,867.0,1.0,0.0
ds000102,sub-20,1,21,flanker,incongruent,232.0,2.0,1.661,1661.0,1.0,1.0
ds000102,sub-20,1,22,flanker,congruent,246.0,2.0,0.792,792.0,1.0,0.0
ds000102,sub-20,1,23,flanker,incongruent,260.0,2.0,0.761,761.0,1.0,1.0
ds000102,sub-20,1,24,flanker,congruent,274.0,2.0,0.819,819.0,1.0,0.0
ds000102,sub-20,2,1,flanker,incongruent,0.0,2.0,0.767,767.0,1.0,1.0
ds000102,sub-20,2,2,flanker,congruent,10.0,2.0,0.58,580.0,1.0,0.0
ds000102,sub-20,2,3,flanker,incongruent,20.0,2.0,0.695,695.0,1.0,1.0
ds000102,sub-20,2,4,flanker,congruent,30.0,2.0,0.785,785.0,1.0,0.0
ds000102,sub-20,2,5,flanker,incongruent,42.0,2.0,0.797,797.0,1.0,1.0
ds000102,sub-20,2,6,flanker,congruent,52.0,2.0,0.615,615.0,1.0,0.0
ds000102,sub-20,2,7,flanker,incongruent,64.0,2.0,0.947,947.0,1.0,1.0
ds000102,sub-20,2,8,flanker,congruent,76.0,2.0,0.654,654.0,1.0,0.0
ds000102,sub-20,2,9,flanker,incongruent,88.0,2.0,0.746,746.0,1.0,1.0
ds000102,sub-20,2,10,flanker,incongruent,102.0,2.0,0.883,883.0,1.0,1.0
ds000102,sub-20,2,11,flanker,congruent,116.0,2.0,0.557,557.0,1.0,0.0
ds000102,sub-20,2,12,flanker,congruent,130.0,2.0,0.687,687.0,1.0,0.0
ds000102,sub-20,2,13,flanker,congruent,144.0,2.0,0.792,792.0,1.0,0.0
ds000102,sub-20,2,14,flanker,congruent,154.0,2.0,0.821,821.0,1.0,0.0
ds000102,sub-20,2,15,flanker,incongruent,164.0,2.0,0.768,768.0,1.0,1.0
ds000102,sub-20,2,16,flanker,incongruent,174.0,2.0,0.732,732.0,1.0,1.0
ds000102,sub-20,2,17,flanker,incongruent,184.0,2.0,0.648,648.0,1.0,1.0
ds000102,sub-20,2,18,flanker,incongruent,196.0,2.0,0.707,707.0,1.0,1.0
ds000102,sub-20,2,19,flanker,congruent,208.0,2.0,0.677,677.0,1.0,0.0
ds000102,sub-20,2,20,flanker,congruent,220.0,2.0,1.343,1343.0,1.0,0.0
ds000102,sub-20,2,21,flanker,incongruent,234.0,2.0,0.578,578.0,1.0,1.0
ds000102,sub-20,2,22,flanker,congruent,246.0,2.0,0.55,550.0,1.0,0.0
ds000102,sub-20,2,23,flanker,incongruent,260.0,2.0,0.903,903.0,1.0,1.0
ds000102,sub-20,2,24,flanker,congruent,274.0,2.0,0.537,537.0,1.0,0.0
ds000102,sub-21,1,1,flanker,congruent,0.0,2.0,1.752,1752.0,1.0,0.0
ds000102,sub-21,1,2,flanker,congruent,10.0,2.0,0.677,677.0,1.0,0.0
ds000102,sub-21,1,3,flanker,incongruent,20.0,2.0,1.217,1217.0,0.0,1.0
ds000102,sub-21,1,4,flanker,congruent,30.0,2.0,0.771,771.0,1.0,0.0
ds000102,sub-21,1,5,flanker,incongruent,42.0,2.0,2.294,2294.0,1.0,1.0
ds000102,sub-21,1,6,flanker,incongruent,52.0,2.0,1.425,1425.0,1.0,1.0
ds000102,sub-21,1,7,flanker,incongruent,64.0,2.0,1.204,1204.0,0.0,1.0
ds000102,sub-21,1,8,flanker,congruent,76.0,2.0,0.815,815.0,1.0,0.0
ds000102,sub-21,1,9,flanker,incongruent,88.0,2.0,1.282,1282.0,1.0,1.0
ds000102,sub-21,1,10,flanker,incongruent,102.0,2.0,1.348,1348.0,1.0,1.0
ds000102,sub-21,1,11,flanker,congruent,116.0,2.0,0.901,901.0,1.0,0.0
ds000102,sub-21,1,12,flanker,congruent,130.0,2.0,0.608,608.0,1.0,0.0
ds000102,sub-21,1,13,flanker,incongruent,144.0,2.0,1.241,1241.0,1.0,1.0
ds000102,sub-21,1,14,flanker,congruent,154.0,2.0,0.654,654.0,1.0,0.0
ds000102,sub-21,1,15,flanker,congruent,164.0,2.0,0.778,778.0,1.0,0.0
ds000102,sub-21,1,16,flanker,incongruent,174.0,2.0,1.125,1125.0,1.0,1.0
ds000102,sub-21,1,17,flanker,congruent,184.0,2.0,0.735,735.0,1.0,0.0
ds000102,sub-21,1,18,flanker,incongruent,196.0,2.0,0.963,963.0,1.0,1.0
ds000102,sub-21,1,19,flanker,incongruent,208.0,2.0,1.534,1534.0,1.0,1.0
ds000102,sub-21,1,20,flanker,incongruent,220.0,2.0,0.92,920.0,1.0,1.0
ds000102,sub-21,1,21,flanker,incongruent,234.0,2.0,0.931,931.0,1.0,1.0
ds000102,sub-21,1,22,flanker,congruent,248.0,2.0,0.66,660.0,1.0,0.0
ds000102,sub-21,1,23,flanker,congruent,260.0,2.0,0.574,574.0,1.0,0.0
ds000102,sub-21,1,24,flanker,congruent,274.0,2.0,0.545,545.0,1.0,0.0
ds000102,sub-21,2,1,flanker,congruent,0.0,2.0,0.609,609.0,1.0,0.0
ds000102,sub-21,2,2,flanker,congruent,10.0,2.0,0.565,565.0,1.0,0.0
ds000102,sub-21,2,3,flanker,incongruent,20.0,2.0,1.09,1090.0,1.0,1.0
ds000102,sub-21,2,4,flanker,congruent,30.0,2.0,1.244,1244.0,1.0,0.0
ds000102,sub-21,2,5,flanker,incongruent,40.0,2.0,0.968,968.0,1.0,1.0
ds000102,sub-21,2,6,flanker,incongruent,52.0,2.0,0.875,875.0,1.0,1.0
ds000102,sub-21,2,7,flanker,incongruent,64.0,2.0,0.669,669.0,1.0,1.0
ds000102,sub-21,2,8,flanker,congruent,76.0,2.0,0.432,432.0,1.0,0.0
ds000102,sub-21,2,9,flanker,incongruent,88.0,2.0,0.539,539.0,1.0,1.0
ds000102,sub-21,2,10,flanker,incongruent,102.0,2.0,0.596,596.0,1.0,1.0
ds000102,sub-21,2,11,flanker,congruent,116.0,2.0,0.59,590.0,1.0,0.0
ds000102,sub-21,2,12,flanker,congruent,126.0,2.0,0.89,890.0,1.0,0.0
ds000102,sub-21,2,13,flanker,incongruent,140.0,2.0,2.068,2068.0,1.0,1.0
ds000102,sub-21,2,14,flanker,congruent,154.0,2.0,0.973,973.0,1.0,0.0
ds000102,sub-21,2,15,flanker,congruent,164.0,2.0,0.667,667.0,1.0,0.0
ds000102,sub-21,2,16,flanker,incongruent,174.0,2.0,0.822,822.0,1.0,1.0
ds000102,sub-21,2,17,flanker,congruent,184.0,2.0,1.064,1064.0,1.0,0.0
ds000102,sub-21,2,18,flanker,incongruent,196.0,2.0,0.564,564.0,1.0,1.0
ds000102,sub-21,2,19,flanker,incongruent,208.0,2.0,0.567,567.0,1.0,1.0
ds000102,sub-21,2,20,flanker,incongruent,220.0,2.0,0.577,577.0,1.0,1.0
ds000102,sub-21,2,21,flanker,incongruent,234.0,2.0,1.339,1339.0,1.0,1.0
ds000102,sub-21,2,22,flanker,congruent,246.0,2.0,1.158,1158.0,1.0,0.0
ds000102,sub-21,2,23,flanker,congruent,260.0,2.0,0.864,864.0,1.0,0.0
ds000102,sub-21,2,24,flanker,congruent,274.0,2.0,0.554,554.0,1.0,0.0
ds000102,sub-22,1,1,flanker,congruent,0.0,2.0,0.964,964.0,1.0,0.0
ds000102,sub-22,1,2,flanker,congruent,10.0,2.0,0.774,774.0,1.0,0.0
ds000102,sub-22,1,3,flanker,congruent,20.0,2.0,0.634,634.0,1.0,0.0
ds000102,sub-22,1,4,flanker,incongruent,32.0,2.0,0.951,951.0,1.0,1.0
ds000102,sub-22,1,5,flanker,incongruent,42.0,2.0,0.769,769.0,1.0,1.0
ds000102,sub-22,1,6,flanker,congruent,52.0,2.0,0.54,540.0,1.0,0.0
ds000102,sub-22,1,7,flanker,incongruent,64.0,2.0,0.711,711.0,1.0,1.0
ds000102,sub-22,1,8,flanker,incongruent,76.0,2.0,0.674,674.0,1.0,1.0
ds000102,sub-22,1,9,flanker,incongruent,88.0,2.0,0.606,606.0,1.0,1.0
ds000102,sub-22,1,10,flanker,congruent,102.0,2.0,0.534,534.0,1.0,0.0
ds000102,sub-22,1,11,flanker,incongruent,116.0,2.0,0.681,681.0,1.0,1.0
ds000102,sub-22,1,12,flanker,congruent,130.0,2.0,0.57,570.0,1.0,0.0
ds000102,sub-22,1,13,flanker,congruent,144.0,2.0,0.637,637.0,1.0,0.0
ds000102,sub-22,1,14,flanker,incongruent,154.0,2.0,0.793,793.0,1.0,1.0
ds000102,sub-22,1,15,flanker,incongruent,164.0,2.0,0.851,851.0,1.0,1.0
ds000102,sub-22,1,16,flanker,congruent,174.0,2.0,0.776,776.0,1.0,0.0
ds000102,sub-22,1,17,flanker,incongruent,184.0,2.0,0.748,748.0,1.0,1.0
ds000102,sub-22,1,18,flanker,incongruent,196.0,2.0,0.886,886.0,1.0,1.0
ds000102,sub-22,1,19,flanker,congruent,208.0,2.0,0.593,593.0,1.0,0.0
ds000102,sub-22,1,20,flanker,incongruent,220.0,2.0,0.732,732.0,1.0,1.0
ds000102,sub-22,1,21,flanker,congruent,234.0,2.0,0.629,629.0,1.0,0.0
ds000102,sub-22,1,22,flanker,congruent,246.0,2.0,0.768,768.0,1.0,0.0
ds000102,sub-22,1,23,flanker,incongruent,260.0,2.0,0.825,825.0,1.0,1.0
ds000102,sub-22,1,24,flanker,congruent,274.0,2.0,0.908,908.0,1.0,0.0
ds000102,sub-22,2,1,flanker,congruent,0.0,2.0,0.551,551.0,1.0,0.0
ds000102,sub-22,2,2,flanker,congruent,10.0,2.0,0.698,698.0,1.0,0.0
ds000102,sub-22,2,3,flanker,congruent,20.0,2.0,0.576,576.0,1.0,0.0
ds000102,sub-22,2,4,flanker,incongruent,30.0,2.0,0.506,506.0,1.0,1.0
ds000102,sub-22,2,5,flanker,incongruent,42.0,2.0,0.829,829.0,1.0,1.0
ds000102,sub-22,2,6,flanker,congruent,52.0,2.0,0.569,569.0,1.0,0.0
ds000102,sub-22,2,7,flanker,incongruent,64.0,2.0,0.644,644.0,1.0,1.0
ds000102,sub-22,2,8,flanker,incongruent,76.0,2.0,0.846,846.0,1.0,1.0
ds000102,sub-22,2,9,flanker,incongruent,88.0,2.0,0.592,592.0,1.0,1.0
ds000102,sub-22,2,10,flanker,congruent,102.0,2.0,0.667,667.0,1.0,0.0
ds000102,sub-22,2,11,flanker,incongruent,116.0,2.0,0.621,621.0,1.0,1.0
ds000102,sub-22,2,12,flanker,congruent,130.0,2.0,0.814,814.0,1.0,0.0
ds000102,sub-22,2,13,flanker,congruent,140.0,2.0,0.537,537.0,1.0,0.0
ds000102,sub-22,2,14,flanker,incongruent,150.0,2.0,0.735,735.0,1.0,1.0
ds000102,sub-22,2,15,flanker,incongruent,164.0,2.0,0.625,625.0,1.0,1.0
ds000102,sub-22,2,16,flanker,congruent,174.0,2.0,0.769,769.0,1.0,0.0
ds000102,sub-22,2,17,flanker,incongruent,184.0,2.0,0.608,608.0,1.0,1.0
ds000102,sub-22,2,18,flanker,incongruent,196.0,2.0,0.546,546.0,1.0,1.0
ds000102,sub-22,2,19,flanker,congruent,208.0,2.0,0.565,565.0,1.0,0.0
ds000102,sub-22,2,20,flanker,incongruent,220.0,2.0,0.688,688.0,1.0,1.0
ds000102,sub-22,2,21,flanker,congruent,232.0,2.0,0.595,595.0,1.0,0.0
ds000102,sub-22,2,22,flanker,congruent,246.0,2.0,0.596,596.0,1.0,0.0
ds000102,sub-22,2,23,flanker,incongruent,260.0,2.0,0.558,558.0,1.0,1.0
ds000102,sub-22,2,24,flanker,congruent,274.0,2.0,0.704,704.0,1.0,0.0
ds000102,sub-23,1,1,flanker,incongruent,0.0,2.0,0.821,821.0,1.0,1.0
ds000102,sub-23,1,2,flanker,congruent,10.0,2.0,0.657,657.0,1.0,0.0
ds000102,sub-23,1,3,flanker,congruent,20.0,2.0,0.494,494.0,1.0,0.0
ds000102,sub-23,1,4,flanker,incongruent,30.0,2.0,0.544,544.0,0.0,1.0
ds000102,sub-23,1,5,flanker,congruent,40.0,2.0,0.605,605.0,1.0,0.0
ds000102,sub-23,1,6,flanker,incongruent,52.0,2.0,0.654,654.0,1.0,1.0
ds000102,sub-23,1,7,flanker,congruent,64.0,2.0,0.49,490.0,1.0,0.0
ds000102,sub-23,1,8,flanker,incongruent,76.0,2.0,0.484,484.0,1.0,1.0
ds000102,sub-23,1,9,flanker,incongruent,88.0,2.0,0.544,544.0,1.0,1.0
ds000102,sub-23,1,10,flanker,congruent,102.0,2.0,0.473,473.0,1.0,0.0
ds000102,sub-23,1,11,flanker,incongruent,116.0,2.0,0.523,523.0,1.0,1.0
ds000102,sub-23,1,12,flanker,congruent,130.0,2.0,0.43,430.0,1.0,0.0
ds000102,sub-23,1,13,flanker,incongruent,144.0,2.0,0.39,390.0,0.0,1.0
ds000102,sub-23,1,14,flanker,incongruent,154.0,2.0,0.603,603.0,1.0,1.0
ds000102,sub-23,1,15,flanker,congruent,164.0,2.0,0.486,486.0,1.0,0.0
ds000102,sub-23,1,16,flanker,congruent,174.0,2.0,0.466,466.0,1.0,0.0
ds000102,sub-23,1,17,flanker,congruent,184.0,2.0,0.429,429.0,1.0,0.0
ds000102,sub-23,1,18,flanker,congruent,196.0,2.0,0.456,456.0,1.0,0.0
ds000102,sub-23,1,19,flanker,congruent,208.0,2.0,0.412,412.0,1.0,0.0
ds000102,sub-23,1,20,flanker,incongruent,222.0,2.0,0.758,758.0,1.0,1.0
ds000102,sub-23,1,21,flanker,incongruent,234.0,2.0,0.528,528.0,1.0,1.0
ds000102,sub-23,1,22,flanker,incongruent,246.0,2.0,0.539,539.0,1.0,1.0
ds000102,sub-23,1,23,flanker,incongruent,260.0,2.0,0.548,548.0,1.0,1.0
ds000102,sub-23,1,24,flanker,congruent,274.0,2.0,0.47,470.0,1.0,0.0
ds000102,sub-23,2,1,flanker,incongruent,0.0,2.0,0.699,699.0,1.0,1.0
ds000102,sub-23,2,2,flanker,congruent,10.0,2.0,0.423,423.0,1.0,0.0
ds000102,sub-23,2,3,flanker,congruent,20.0,2.0,0.427,427.0,0.0,0.0
ds000102,sub-23,2,4,flanker,incongruent,30.0,2.0,0.479,479.0,1.0,1.0
ds000102,sub-23,2,5,flanker,congruent,40.0,2.0,0.609,609.0,1.0,0.0
ds000102,sub-23,2,6,flanker,incongruent,52.0,2.0,0.525,525.0,1.0,1.0
ds000102,sub-23,2,7,flanker,congruent,64.0,2.0,0.423,423.0,1.0,0.0
ds000102,sub-23,2,8,flanker,incongruent,76.0,2.0,0.49,490.0,1.0,1.0
ds000102,sub-23,2,9,flanker,incongruent,88.0,2.0,0.924,924.0,0.0,1.0
ds000102,sub-23,2,10,flanker,congruent,102.0,2.0,0.479,479.0,1.0,0.0
ds000102,sub-23,2,11,flanker,incongruent,116.0,2.0,0.72,720.0,1.0,1.0
ds000102,sub-23,2,12,flanker,congruent,130.0,2.0,0.538,538.0,1.0,0.0
ds000102,sub-23,2,13,flanker,incongruent,144.0,2.0,0.668,668.0,1.0,1.0
ds000102,sub-23,2,14,flanker,incongruent,154.0,2.0,0.623,623.0,1.0,1.0
ds000102,sub-23,2,15,flanker,congruent,164.0,2.0,0.475,475.0,1.0,0.0
ds000102,sub-23,2,16,flanker,congruent,174.0,2.0,0.462,462.0,1.0,0.0
ds000102,sub-23,2,17,flanker,congruent,184.0,2.0,0.379,379.0,1.0,0.0
ds000102,sub-23,2,18,flanker,congruent,196.0,2.0,0.541,541.0,1.0,0.0
ds000102,sub-23,2,19,flanker,congruent,208.0,2.0,0.6,600.0,1.0,0.0
ds000102,sub-23,2,20,flanker,incongruent,220.0,2.0,0.411,411.0,1.0,1.0
ds000102,sub-23,2,21,flanker,incongruent,234.0,2.0,0.436,436.0,1.0,1.0
ds000102,sub-23,2,22,flanker,incongruent,248.0,2.0,0.543,543.0,1.0,1.0
ds000102,sub-23,2,23,flanker,incongruent,260.0,2.0,0.418,418.0,0.0,1.0
ds000102,sub-23,2,24,flanker,congruent,274.0,2.0,0.524,524.0,1.0,0.0
ds000102,sub-24,1,1,flanker,congruent,0.0,2.0,0.496,496.0,1.0,0.0
ds000102,sub-24,1,2,flanker,congruent,10.0,2.0,0.523,523.0,1.0,0.0
ds000102,sub-24,1,3,flanker,congruent,20.0,2.0,0.423,423.0,1.0,0.0
ds000102,sub-24,1,4,flanker,congruent,32.0,2.0,0.482,482.0,1.0,0.0
ds000102,sub-24,1,5,flanker,incongruent,44.0,2.0,0.589,589.0,1.0,1.0
ds000102,sub-24,1,6,flanker,incongruent,54.0,2.0,0.528,528.0,1.0,1.0
ds000102,sub-24,1,7,flanker,incongruent,64.0,2.0,0.572,572.0,1.0,1.0
ds000102,sub-24,1,8,flanker,incongruent,76.0,2.0,0.518,518.0,1.0,1.0
ds000102,sub-24,1,9,flanker,incongruent,88.0,2.0,0.577,577.0,1.0,1.0
ds000102,sub-24,1,10,flanker,congruent,102.0,2.0,0.379,379.0,1.0,0.0
ds000102,sub-24,1,11,flanker,incongruent,116.0,2.0,0.693,693.0,1.0,1.0
ds000102,sub-24,1,12,flanker,incongruent,130.0,2.0,0.583,583.0,1.0,1.0
ds000102,sub-24,1,13,flanker,congruent,140.0,2.0,0.532,532.0,1.0,0.0
ds000102,sub-24,1,14,flanker,congruent,154.0,2.0,0.437,437.0,1.0,0.0
ds000102,sub-24,1,15,flanker,incongruent,164.0,2.0,0.658,658.0,1.0,1.0
ds000102,sub-24,1,16,flanker,congruent,174.0,2.0,0.49,490.0,1.0,0.0
ds000102,sub-24,1,17,flanker,congruent,184.0,2.0,0.44,440.0,1.0,0.0
ds000102,sub-24,1,18,flanker,congruent,196.0,2.0,0.427,427.0,1.0,0.0
ds000102,sub-24,1,19,flanker,incongruent,208.0,2.0,0.574,574.0,1.0,1.0
ds000102,sub-24,1,20,flanker,incongruent,220.0,2.0,0.512,512.0,1.0,1.0
ds000102,sub-24,1,21,flanker,incongruent,232.0,2.0,0.563,563.0,1.0,1.0
ds000102,sub-24,1,22,flanker,congruent,246.0,2.0,0.509,509.0,1.0,0.0
ds000102,sub-24,1,23,flanker,congruent,260.0,2.0,0.391,391.0,1.0,0.0
ds000102,sub-24,1,24,flanker,incongruent,274.0,2.0,0.529,529.0,1.0,1.0
ds000102,sub-24,2,1,flanker,congruent,0.0,2.0,0.443,443.0,1.0,0.0
ds000102,sub-24,2,2,flanker,congruent,10.0,2.0,0.623,623.0,1.0,0.0
ds000102,sub-24,2,3,flanker,congruent,20.0,2.0,0.475,475.0,1.0,0.0
ds000102,sub-24,2,4,flanker,congruent,30.0,2.0,0.607,607.0,1.0,0.0
ds000102,sub-24,2,5,flanker,incongruent,40.0,2.0,0.561,561.0,1.0,1.0
ds000102,sub-24,2,6,flanker,incongruent,52.0,2.0,0.5,500.0,1.0,1.0
ds000102,sub-24,2,7,flanker,incongruent,64.0,2.0,0.494,494.0,1.0,1.0
ds000102,sub-24,2,8,flanker,incongruent,76.0,2.0,0.577,577.0,1.0,1.0
ds000102,sub-24,2,9,flanker,incongruent,88.0,2.0,0.413,413.0,1.0,1.0
ds000102,sub-24,2,10,flanker,congruent,102.0,2.0,0.575,575.0,1.0,0.0
ds000102,sub-24,2,11,flanker,incongruent,116.0,2.0,0.546,546.0,1.0,1.0
ds000102,sub-24,2,12,flanker,incongruent,130.0,2.0,0.401,401.0,1.0,1.0
ds000102,sub-24,2,13,flanker,congruent,140.0,2.0,0.519,519.0,1.0,0.0
ds000102,sub-24,2,14,flanker,congruent,154.0,2.0,0.48,480.0,1.0,0.0
ds000102,sub-24,2,15,flanker,incongruent,164.0,2.0,0.571,571.0,1.0,1.0
ds000102,sub-24,2,16,flanker,congruent,174.0,2.0,0.519,519.0,1.0,0.0
ds000102,sub-24,2,17,flanker,congruent,184.0,2.0,0.538,538.0,1.0,0.0
ds000102,sub-24,2,18,flanker,congruent,196.0,2.0,0.526,526.0,1.0,0.0
ds000102,sub-24,2,19,flanker,incongruent,208.0,2.0,0.527,527.0,1.0,1.0
ds000102,sub-24,2,20,flanker,incongruent,220.0,2.0,0.447,447.0,1.0,1.0
ds000102,sub-24,2,21,flanker,incongruent,232.0,2.0,0.406,406.0,1.0,1.0
ds000102,sub-24,2,22,flanker,congruent,246.0,2.0,0.431,431.0,1.0,0.0
ds000102,sub-24,2,23,flanker,congruent,260.0,2.0,0.57,570.0,1.0,0.0
ds000102,sub-24,2,24,flanker,incongruent,274.0,2.0,0.532,532.0,1.0,1.0
ds000102,sub-25,1,1,flanker,congruent,0.0,2.0,1.074,1074.0,1.0,0.0
ds000102,sub-25,1,2,flanker,incongruent,10.0,2.0,1.039,1039.0,1.0,1.0
ds000102,sub-25,1,3,flanker,incongruent,20.0,2.0,0.954,954.0,1.0,1.0
ds000102,sub-25,1,4,flanker,incongruent,30.0,2.0,0.965,965.0,1.0,1.0
ds000102,sub-25,1,5,flanker,congruent,42.0,2.0,0.864,864.0,1.0,0.0
ds000102,sub-25,1,6,flanker,congruent,52.0,2.0,0.925,925.0,1.0,0.0
ds000102,sub-25,1,7,flanker,congruent,64.0,2.0,1.158,1158.0,1.0,0.0
ds000102,sub-25,1,8,flanker,incongruent,76.0,2.0,1.097,1097.0,1.0,1.0
ds000102,sub-25,1,9,flanker,incongruent,88.0,2.0,0.94,940.0,1.0,1.0
ds000102,sub-25,1,10,flanker,congruent,102.0,2.0,0.895,895.0,1.0,0.0
ds000102,sub-25,1,11,flanker,incongruent,116.0,2.0,0.888,888.0,1.0,1.0
ds000102,sub-25,1,12,flanker,incongruent,130.0,2.0,1.217,1217.0,1.0,1.0
ds000102,sub-25,1,13,flanker,incongruent,140.0,2.0,1.094,1094.0,1.0,1.0
ds000102,sub-25,1,14,flanker,congruent,150.0,2.0,1.233,1233.0,1.0,0.0
ds000102,sub-25,1,15,flanker,congruent,164.0,2.0,1.139,1139.0,1.0,0.0
ds000102,sub-25,1,16,flanker,congruent,174.0,2.0,0.936,936.0,1.0,0.0
ds000102,sub-25,1,17,flanker,congruent,184.0,2.0,0.93,930.0,1.0,0.0
ds000102,sub-25,1,18,flanker,incongruent,196.0,2.0,1.365,1365.0,1.0,1.0
ds000102,sub-25,1,19,flanker,incongruent,208.0,2.0,1.089,1089.0,1.0,1.0
ds000102,sub-25,1,20,flanker,congruent,220.0,2.0,0.986,986.0,1.0,0.0
ds000102,sub-25,1,21,flanker,incongruent,232.0,2.0,1.069,1069.0,1.0,1.0
ds000102,sub-25,1,22,flanker,congruent,246.0,2.0,0.688,688.0,1.0,0.0
ds000102,sub-25,1,23,flanker,incongruent,260.0,2.0,0.93,930.0,1.0,1.0
ds000102,sub-25,1,24,flanker,congruent,274.0,2.0,1.26,1260.0,1.0,0.0
ds000102,sub-25,2,1,flanker,congruent,0.0,2.0,1.137,1137.0,1.0,0.0
ds000102,sub-25,2,2,flanker,incongruent,10.0,2.0,0.747,747.0,1.0,1.0
ds000102,sub-25,2,3,flanker,incongruent,20.0,2.0,1.344,1344.0,1.0,1.0
ds000102,sub-25,2,4,flanker,incongruent,30.0,2.0,0.987,987.0,1.0,1.0
ds000102,sub-25,2,5,flanker,congruent,40.0,2.0,0.904,904.0,1.0,0.0
ds000102,sub-25,2,6,flanker,congruent,52.0,2.0,0.707,707.0,1.0,0.0
ds000102,sub-25,2,7,flanker,congruent,64.0,2.0,0.798,798.0,1.0,0.0
ds000102,sub-25,2,8,flanker,incongruent,76.0,2.0,1.209,1209.0,1.0,1.0
ds000102,sub-25,2,9,flanker,incongruent,88.0,2.0,1.018,1018.0,1.0,1.0
ds000102,sub-25,2,10,flanker,congruent,102.0,2.0,0.742,742.0,1.0,0.0
ds000102,sub-25,2,11,flanker,incongruent,116.0,2.0,0.918,918.0,1.0,1.0
ds000102,sub-25,2,12,flanker,incongruent,130.0,2.0,0.664,664.0,1.0,1.0
ds000102,sub-25,2,13,flanker,incongruent,144.0,2.0,1.211,1211.0,1.0,1.0
ds000102,sub-25,2,14,flanker,congruent,154.0,2.0,0.701,701.0,1.0,0.0
ds000102,sub-25,2,15,flanker,congruent,164.0,2.0,0.858,858.0,1.0,0.0
ds000102,sub-25,2,16,flanker,congruent,174.0,2.0,0.702,702.0,1.0,0.0
ds000102,sub-25,2,17,flanker,congruent,184.0,2.0,0.705,705.0,1.0,0.0
ds000102,sub-25,2,18,flanker,incongruent,196.0,2.0,0.701,701.0,1.0,1.0
ds000102,sub-25,2,19,flanker,incongruent,208.0,2.0,0.903,903.0,1.0,1.0
ds000102,sub-25,2,20,flanker,congruent,220.0,2.0,0.912,912.0,1.0,0.0
ds000102,sub-25,2,21,flanker,incongruent,234.0,2.0,0.851,851.0,1.0,1.0
ds000102,sub-25,2,22,flanker,congruent,246.0,2.0,0.869,869.0,1.0,0.0
ds000102,sub-25,2,23,flanker,incongruent,260.0,2.0,0.671,671.0,1.0,1.0
ds000102,sub-25,2,24,flanker,congruent,274.0,2.0,1.33,1330.0,1.0,0.0
ds000102,sub-26,1,1,flanker,congruent,0.0,2.0,0.966,966.0,1.0,0.0
ds000102,sub-26,1,2,flanker,incongruent,10.0,2.0,0.914,914.0,1.0,1.0
ds000102,sub-26,1,3,flanker,congruent,20.0,2.0,0.797,797.0,1.0,0.0
ds000102,sub-26,1,4,flanker,incongruent,30.0,2.0,0.873,873.0,1.0,1.0
ds000102,sub-26,1,5,flanker,congruent,40.0,2.0,0.636,636.0,1.0,0.0
ds000102,sub-26,1,6,flanker,incongruent,52.0,2.0,0.552,552.0,1.0,1.0
ds000102,sub-26,1,7,flanker,incongruent,64.0,2.0,0.69,690.0,1.0,1.0
ds000102,sub-26,1,8,flanker,congruent,76.0,2.0,0.542,542.0,1.0,0.0
ds000102,sub-26,1,9,flanker,congruent,88.0,2.0,0.52,520.0,1.0,0.0
ds000102,sub-26,1,10,flanker,congruent,102.0,2.0,0.41,410.0,1.0,0.0
ds000102,sub-26,1,11,flanker,incongruent,116.0,2.0,0.562,562.0,1.0,1.0
ds000102,sub-26,1,12,flanker,incongruent,130.0,2.0,0.605,605.0,1.0,1.0
ds000102,sub-26,1,13,flanker,incongruent,144.0,2.0,0.592,592.0,1.0,1.0
ds000102,sub-26,1,14,flanker,congruent,154.0,2.0,0.578,578.0,1.0,0.0
ds000102,sub-26,1,15,flanker,congruent,164.0,2.0,0.55,550.0,1.0,0.0
ds000102,sub-26,1,16,flanker,incongruent,174.0,2.0,0.546,546.0,1.0,1.0
ds000102,sub-26,1,17,flanker,incongruent,184.0,2.0,0.542,542.0,1.0,1.0
ds000102,sub-26,1,18,flanker,incongruent,196.0,2.0,0.424,424.0,0.0,1.0
ds000102,sub-26,1,19,flanker,congruent,208.0,2.0,0.499,499.0,1.0,0.0
ds000102,sub-26,1,20,flanker,congruent,220.0,2.0,0.631,631.0,1.0,0.0
ds000102,sub-26,1,21,flanker,congruent,232.0,2.0,0.473,473.0,1.0,0.0
ds000102,sub-26,1,22,flanker,incongruent,246.0,2.0,0.571,571.0,1.0,1.0
ds000102,sub-26,1,23,flanker,incongruent,260.0,2.0,0.581,581.0,1.0,1.0
ds000102,sub-26,1,24,flanker,congruent,274.0,2.0,0.407,407.0,1.0,0.0
ds000102,sub-26,2,1,flanker,congruent,0.0,2.0,0.703,703.0,1.0,0.0
ds000102,sub-26,2,2,flanker,incongruent,10.0,2.0,0.554,554.0,1.0,1.0
ds000102,sub-26,2,3,flanker,congruent,20.0,2.0,0.655,655.0,1.0,0.0
ds000102,sub-26,2,4,flanker,incongruent,30.0,2.0,0.546,546.0,1.0,1.0
ds000102,sub-26,2,5,flanker,congruent,40.0,2.0,0.661,661.0,1.0,0.0
ds000102,sub-26,2,6,flanker,incongruent,52.0,2.0,0.497,497.0,1.0,1.0
ds000102,sub-26,2,7,flanker,incongruent,64.0,2.0,0.475,475.0,1.0,1.0
ds000102,sub-26,2,8,flanker,congruent,76.0,2.0,0.542,542.0,1.0,0.0
ds000102,sub-26,2,9,flanker,congruent,88.0,2.0,0.583,583.0,1.0,0.0
ds000102,sub-26,2,10,flanker,congruent,102.0,2.0,0.65,650.0,1.0,0.0
ds000102,sub-26,2,11,flanker,incongruent,116.0,2.0,0.42,420.0,1.0,1.0
ds000102,sub-26,2,12,flanker,incongruent,130.0,2.0,0.599,599.0,1.0,1.0
ds000102,sub-26,2,13,flanker,incongruent,140.0,2.0,0.498,498.0,1.0,1.0
ds000102,sub-26,2,14,flanker,congruent,154.0,2.0,0.396,396.0,1.0,0.0
ds000102,sub-26,2,15,flanker,congruent,164.0,2.0,0.56,560.0,1.0,0.0
ds000102,sub-26,2,16,flanker,incongruent,174.0,2.0,0.475,475.0,1.0,1.0
ds000102,sub-26,2,17,flanker,incongruent,184.0,2.0,0.638,638.0,1.0,1.0
ds000102,sub-26,2,18,flanker,incongruent,196.0,2.0,0.457,457.0,1.0,1.0
ds000102,sub-26,2,19,flanker,congruent,208.0,2.0,0.556,556.0,1.0,0.0
ds000102,sub-26,2,20,flanker,congruent,220.0,2.0,0.575,575.0,1.0,0.0
ds000102,sub-26,2,21,flanker,congruent,234.0,2.0,0.544,544.0,1.0,0.0
ds000102,sub-26,2,22,flanker,incongruent,248.0,2.0,0.476,476.0,1.0,1.0
ds000102,sub-26,2,23,flanker,incongruent,260.0,2.0,0.534,534.0,1.0,1.0
ds000102,sub-26,2,24,flanker,congruent,274.0,2.0,0.448,448.0,1.0,0.0
