subject_id,trial_index,task_type,current_difficulty,accuracy,response_time_ms,error_count,hints_used,completion_rate,consecutive_successes,consecutive_errors,target_action
SUBJ_NER_001,1,memory_match,1,1.0,1771,0,0,1.0,1,0,1
SUBJ_NER_001,2,pattern_recognition,1,0.0,1757,1,1,1.0,0,1,0
SUBJ_NER_001,3,routine_recall,1,1.0,2582,0,0,1.0,1,0,1
SUBJ_NER_001,4,object_memory,1,0.0,2285,1,0,1.0,0,1,0
SUBJ_NER_001,5,reminiscence,1,1.0,1345,0,0,1.0,1,0,1
SUBJ_NER_001,6,memory_match,1,0.0,3076,2,0,1.0,0,1,0
SUBJ_NER_001,7,pattern_recognition,1,0.0,1484,1,0,1.0,0,2,0
SUBJ_NER_001,8,routine_recall,1,0.0,1978,3,0,1.0,0,3,0
SUBJ_NER_001,9,object_memory,1,1.0,1479,0,0,1.0,0,4,0
SUBJ_NER_001,10,reminiscence,1,1.0,2189,0,0,1.0,0,5,0
SUBJ_NER_001,11,memory_match,1,0.0,1827,2,2,1.0,0,6,0
SUBJ_NER_001,12,pattern_recognition,1,0.0,2787,2,0,1.0,0,7,0
SUBJ_NER_001,13,routine_recall,1,0.0,1607,3,0,1.0,0,8,0
SUBJ_NER_001,14,object_memory,1,1.0,1110,0,0,1.0,0,9,0
SUBJ_NER_001,15,reminiscence,1,0.0,1470,2,0,1.0,0,10,0
SUBJ_NER_001,16,memory_match,1,1.0,1935,0,0,1.0,0,11,0
SUBJ_NER_001,17,pattern_recognition,1,1.0,1887,0,0,1.0,0,12,0
SUBJ_NER_001,18,routine_recall,1,0.0,1765,1,1,1.0,0,13,0
SUBJ_NER_001,19,object_memory,1,0.0,2158,3,0,1.0,0,14,0
SUBJ_NER_001,20,reminiscence,1,1.0,1851,0,0,1.0,0,15,0
SUBJ_NER_001,21,memory_match,1,0.0,2471,1,1,1.0,0,16,0
SUBJ_NER_001,22,pattern_recognition,1,1.0,1690,0,0,1.0,0,17,0
SUBJ_NER_001,23,routine_recall,1,1.0,2261,0,0,1.0,0,18,0
SUBJ_NER_001,24,object_memory,1,0.0,1778,3,0,1.0,0,19,0
SUBJ_NER_001,25,reminiscence,1,1.0,1812,0,0,1.0,0,20,0
SUBJ_NER_001,26,memory_match,1,1.0,1387,0,0,1.0,0,21,0
SUBJ_NER_001,27,pattern_recognition,1,0.0,2578,1,0,1.0,0,22,0
SUBJ_NER_001,28,routine_recall,1,0.0,1778,1,2,1.0,0,23,0
SUBJ_NER_001,29,object_memory,1,1.0,2344,0,0,1.0,0,24,0
SUBJ_NER_001,30,reminiscence,1,0.0,1960,2,0,1.0,0,25,0
SUBJ_NER_001,31,memory_match,1,1.0,2103,0,0,1.0,0,26,0
SUBJ_NER_001,32,pattern_recognition,1,1.0,1531,0,0,1.0,0,27,0
SUBJ_NER_001,33,routine_recall,1,0.0,2244,2,0,1.0,0,28,0
SUBJ_NER_001,34,object_memory,1,0.0,1921,3,0,1.0,0,29,0
SUBJ_NER_001,35,reminiscence,1,0.0,2432,1,1,1.0,0,30,0
SUBJ_NER_001,36,memory_match,1,1.0,1675,0,0,1.0,0,31,0
SUBJ_NER_001,37,pattern_recognition,1,0.0,2458,1,1,1.0,0,32,0
SUBJ_NER_001,38,routine_recall,1,0.0,2688,3,0,1.0,0,33,0
SUBJ_NER_001,39,object_memory,1,1.0,1618,0,0,1.0,0,34,0
SUBJ_NER_001,40,reminiscence,1,1.0,1776,0,0,1.0,0,35,0
SUBJ_NER_001,41,memory_match,1,0.0,2505,1,0,1.0,0,36,0
SUBJ_NER_001,42,pattern_recognition,1,1.0,1721,0,0,1.0,0,37,0
SUBJ_NER_001,43,routine_recall,1,1.0,1534,0,0,1.0,0,38,0
SUBJ_NER_001,44,object_memory,1,1.0,2015,0,0,1.0,0,39,0
SUBJ_NER_001,45,reminiscence,1,1.0,1927,0,0,1.0,0,40,0
SUBJ_NER_001,46,memory_match,1,0.0,2836,1,0,1.0,0,41,0
SUBJ_NER_001,47,pattern_recognition,1,1.0,1123,0,0,1.0,0,42,0
SUBJ_NER_001,48,routine_recall,1,0.0,1996,1,1,1.0,0,43,0
SUBJ_NER_001,49,object_memory,1,0.0,1649,1,0,1.0,0,44,0
SUBJ_NER_001,50,reminiscence,1,0.0,2935,2,0,1.0,0,45,0
SUBJ_NER_001,51,memory_match,1,1.0,1478,0,0,1.0,0,46,0
SUBJ_NER_001,52,pattern_recognition,1,0.0,2071,1,0,1.0,0,47,0
SUBJ_NER_001,53,routine_recall,1,0.0,2391,1,0,1.0,0,48,0
SUBJ_NER_001,54,object_memory,1,0.0,2589,1,2,1.0,0,49,0
SUBJ_NER_001,55,reminiscence,1,1.0,1951,0,0,1.0,0,50,0
SUBJ_NER_001,56,memory_match,1,0.0,1793,2,0,1.0,0,51,0
SUBJ_NER_001,57,pattern_recognition,1,0.0,1928,1,0,1.0,0,52,0
SUBJ_NER_001,58,routine_recall,1,0.0,2822,2,0,1.0,0,53,0
SUBJ_NER_001,59,object_memory,1,1.0,1281,0,0,1.0,0,54,0
SUBJ_NER_001,60,reminiscence,1,1.0,1658,0,0,1.0,0,55,0
SUBJ_NER_002,1,memory_match,1,0.0,2287,1,0,1.0,0,1,0
SUBJ_NER_002,2,pattern_recognition,1,0.0,2799,1,1,1.0,0,2,0
SUBJ_NER_002,3,routine_recall,1,0.0,2088,1,0,1.0,0,3,0
SUBJ_NER_002,4,object_memory,1,0.0,2994,1,1,1.0,0,4,0
SUBJ_NER_002,5,reminiscence,1,0.0,3303,1,1,1.0,0,5,0
SUBJ_NER_002,6,memory_match,1,0.0,2911,1,0,1.0,0,6,0
SUBJ_NER_002,7,pattern_recognition,1,0.0,3037,2,1,1.0,0,7,0
SUBJ_NER_002,8,routine_recall,1,1.0,2203,0,0,1.0,0,8,0
SUBJ_NER_002,9,object_memory,1,0.0,3983,2,0,1.0,0,9,0
SUBJ_NER_002,10,reminiscence,1,0.0,2455,2,1,1.0,0,10,0
SUBJ_NER_002,11,memory_match,1,1.0,2302,0,0,1.0,0,11,0
SUBJ_NER_002,12,pattern_recognition,1,0.0,3423,1,0,1.0,0,12,0
SUBJ_NER_002,13,routine_recall,1,0.0,2559,1,0,1.0,0,13,0
SUBJ_NER_002,14,object_memory,1,0.0,2176,1,0,1.0,0,14,0
SUBJ_NER_002,15,reminiscence,1,0.0,2667,2,0,1.0,0,15,0
SUBJ_NER_002,16,memory_match,1,0.0,2772,1,0,1.0,0,16,0
SUBJ_NER_002,17,pattern_recognition,1,0.0,2230,2,1,1.0,0,17,0
SUBJ_NER_002,18,routine_recall,1,0.0,3028,1,1,1.0,0,18,0
SUBJ_NER_002,19,object_memory,1,0.0,2500,1,0,1.0,0,19,0
SUBJ_NER_002,20,reminiscence,1,0.0,3589,1,1,1.0,0,20,0
SUBJ_NER_002,21,memory_match,1,0.0,2850,1,0,1.0,0,21,0
SUBJ_NER_002,22,pattern_recognition,1,1.0,2882,0,0,1.0,0,22,0
SUBJ_NER_002,23,routine_recall,1,0.0,2814,3,2,1.0,0,23,0
SUBJ_NER_002,24,object_memory,1,0.0,3074,2,0,1.0,0,24,0
SUBJ_NER_002,25,reminiscence,1,0.0,2402,2,1,1.0,0,25,0
SUBJ_NER_002,26,memory_match,1,0.0,2808,1,0,1.0,0,26,0
SUBJ_NER_002,27,pattern_recognition,1,0.0,2068,3,0,1.0,0,27,0
SUBJ_NER_002,28,routine_recall,1,0.0,2457,2,0,1.0,0,28,0
SUBJ_NER_002,29,object_memory,1,0.0,3170,2,0,1.0,0,29,0
SUBJ_NER_002,30,reminiscence,1,0.0,2726,3,0,1.0,0,30,0
SUBJ_NER_002,31,memory_match,1,0.0,3213,1,0,1.0,0,31,0
SUBJ_NER_002,32,pattern_recognition,1,0.0,2868,1,1,1.0,0,32,0
SUBJ_NER_002,33,routine_recall,1,0.0,2381,1,0,1.0,0,33,0
SUBJ_NER_002,34,object_memory,1,0.0,2085,2,0,1.0,0,34,0
SUBJ_NER_002,35,reminiscence,1,0.0,2873,2,1,1.0,0,35,0
SUBJ_NER_002,36,memory_match,1,1.0,3739,0,0,1.0,0,36,0
SUBJ_NER_002,37,pattern_recognition,1,0.0,3998,2,2,1.0,0,37,0
SUBJ_NER_002,38,routine_recall,1,0.0,1979,1,0,1.0,0,38,0
SUBJ_NER_002,39,object_memory,1,0.0,3435,2,1,1.0,0,39,0
SUBJ_NER_002,40,reminiscence,1,0.0,2624,2,0,1.0,0,40,0
SUBJ_NER_002,41,memory_match,1,0.0,2419,3,0,1.0,0,41,0
SUBJ_NER_002,42,pattern_recognition,1,0.0,2656,3,0,1.0,0,42,0
SUBJ_NER_002,43,routine_recall,1,0.0,4788,2,0,1.0,0,43,0
SUBJ_NER_002,44,object_memory,1,0.0,2663,1,0,1.0,0,44,0
SUBJ_NER_002,45,reminiscence,1,0.0,3063,2,1,1.0,0,45,0
SUBJ_NER_002,46,memory_match,1,0.0,2739,1,2,1.0,0,46,0
SUBJ_NER_002,47,pattern_recognition,1,1.0,2364,0,0,1.0,0,47,0
SUBJ_NER_002,48,routine_recall,1,0.0,3579,2,1,1.0,0,48,0
SUBJ_NER_002,49,object_memory,1,0.0,3131,1,0,1.0,0,49,0
SUBJ_NER_002,50,reminiscence,1,0.0,2861,2,1,1.0,0,50,0
SUBJ_NER_002,51,memory_match,1,0.0,2552,3,0,1.0,0,51,0
SUBJ_NER_002,52,pattern_recognition,1,1.0,1898,0,0,1.0,0,52,0
SUBJ_NER_002,53,routine_recall,1,0.0,3233,1,0,1.0,0,53,0
SUBJ_NER_002,54,object_memory,1,0.0,2389,1,0,1.0,0,54,0
SUBJ_NER_002,55,reminiscence,1,0.0,3514,1,0,1.0,0,55,0
SUBJ_NER_002,56,memory_match,1,0.0,3330,1,0,0.8,0,56,0
SUBJ_NER_002,57,pattern_recognition,1,1.0,2911,0,0,1.0,0,57,0
SUBJ_NER_002,58,routine_recall,1,0.0,2631,3,0,0.5,0,58,0
SUBJ_NER_002,59,object_memory,1,0.0,2839,1,0,0.8,0,59,0
SUBJ_NER_002,60,reminiscence,1,0.0,2529,2,0,1.0,0,60,0
SUBJ_NER_003,1,memory_match,1,0.0,3442,2,0,1.0,0,1,0
SUBJ_NER_003,2,pattern_recognition,1,0.0,2539,1,0,1.0,0,2,0
SUBJ_NER_003,3,routine_recall,1,1.0,1607,0,0,1.0,0,3,0
SUBJ_NER_003,4,object_memory,1,0.0,2117,2,0,1.0,0,4,0
SUBJ_NER_003,5,reminiscence,1,0.0,3588,1,0,1.0,0,5,0
SUBJ_NER_003,6,memory_match,1,1.0,2644,0,0,1.0,0,6,0
SUBJ_NER_003,7,pattern_recognition,1,0.0,2715,2,0,1.0,0,7,0
SUBJ_NER_003,8,routine_recall,1,1.0,1707,0,0,1.0,0,8,0
SUBJ_NER_003,9,object_memory,1,0.0,3091,1,0,1.0,0,9,0
SUBJ_NER_003,10,reminiscence,1,0.0,2308,2,0,1.0,0,10,0
SUBJ_NER_003,11,memory_match,1,1.0,3214,0,0,1.0,0,11,0
SUBJ_NER_003,12,pattern_recognition,1,0.0,3197,1,0,1.0,0,12,0
SUBJ_NER_003,13,routine_recall,1,1.0,2132,0,0,1.0,0,13,0
SUBJ_NER_003,14,object_memory,1,1.0,1938,0,0,1.0,0,14,0
SUBJ_NER_003,15,reminiscence,1,1.0,1872,0,0,1.0,0,15,0
SUBJ_NER_003,16,memory_match,1,0.0,2247,2,0,1.0,0,16,0
SUBJ_NER_003,17,pattern_recognition,1,1.0,2166,0,0,1.0,0,17,0
SUBJ_NER_003,18,routine_recall,1,1.0,2396,0,0,1.0,0,18,0
SUBJ_NER_003,19,object_memory,1,1.0,2235,0,0,1.0,0,19,0
SUBJ_NER_003,20,reminiscence,1,1.0,2083,0,0,1.0,0,20,0
SUBJ_NER_003,21,memory_match,1,0.0,3522,1,1,1.0,0,21,0
SUBJ_NER_003,22,pattern_recognition,1,1.0,2600,0,0,1.0,0,22,0
SUBJ_NER_003,23,routine_recall,1,0.0,2351,1,0,1.0,0,23,0
SUBJ_NER_003,24,object_memory,1,0.0,3554,1,0,1.0,0,24,0
SUBJ_NER_003,25,reminiscence,1,1.0,1871,0,0,1.0,0,25,0
SUBJ_NER_003,26,memory_match,1,1.0,3038,0,0,1.0,0,26,0
SUBJ_NER_003,27,pattern_recognition,1,0.0,2795,1,0,1.0,0,27,0
SUBJ_NER_003,28,routine_recall,1,1.0,2857,0,0,1.0,0,28,0
SUBJ_NER_003,29,object_memory,1,0.0,2611,1,0,1.0,0,29,0
SUBJ_NER_003,30,reminiscence,1,0.0,2819,1,1,1.0,0,30,0
SUBJ_NER_003,31,memory_match,1,0.0,2812,1,0,1.0,0,31,0
SUBJ_NER_003,32,pattern_recognition,1,0.0,2794,2,0,1.0,0,32,0
SUBJ_NER_003,33,routine_recall,1,0.0,2809,1,0,1.0,0,33,0
SUBJ_NER_003,34,object_memory,1,0.0,2178,2,1,1.0,0,34,0
SUBJ_NER_003,35,reminiscence,1,1.0,1575,0,0,1.0,0,35,0
SUBJ_NER_003,36,memory_match,1,0.0,3345,2,0,1.0,0,36,0
SUBJ_NER_003,37,pattern_recognition,1,0.0,2635,2,0,1.0,0,37,0
SUBJ_NER_003,38,routine_recall,1,0.0,3570,2,0,1.0,0,38,0
SUBJ_NER_003,39,object_memory,1,0.0,3329,1,0,1.0,0,39,0
SUBJ_NER_003,40,reminiscence,1,0.0,1524,1,1,1.0,0,40,0
SUBJ_NER_003,41,memory_match,1,0.0,3441,2,0,1.0,0,41,0
SUBJ_NER_003,42,pattern_recognition,1,1.0,1597,0,0,1.0,0,42,0
SUBJ_NER_003,43,routine_recall,1,1.0,1884,0,0,1.0,0,43,0
SUBJ_NER_003,44,object_memory,1,0.0,2746,1,0,1.0,0,44,0
SUBJ_NER_003,45,reminiscence,1,1.0,2113,0,0,1.0,0,45,0
SUBJ_NER_003,46,memory_match,1,1.0,3557,0,0,1.0,0,46,0
SUBJ_NER_003,47,pattern_recognition,1,0.0,1761,1,0,1.0,0,47,0
SUBJ_NER_003,48,routine_recall,1,0.0,2512,2,0,1.0,0,48,0
SUBJ_NER_003,49,object_memory,1,1.0,1890,0,0,1.0,0,49,0
SUBJ_NER_003,50,reminiscence,1,0.0,2649,1,0,1.0,0,50,0
SUBJ_NER_003,51,memory_match,1,1.0,2216,0,0,1.0,0,51,0
SUBJ_NER_003,52,pattern_recognition,1,1.0,2200,0,0,1.0,0,52,0
SUBJ_NER_003,53,routine_recall,1,0.0,2133,2,0,1.0,0,53,0
SUBJ_NER_003,54,object_memory,1,0.0,2685,1,0,1.0,0,54,0
SUBJ_NER_003,55,reminiscence,1,0.0,2603,1,0,1.0,0,55,0
SUBJ_NER_003,56,memory_match,1,0.0,2674,1,0,1.0,0,56,0
SUBJ_NER_003,57,pattern_recognition,1,1.0,2139,0,0,1.0,0,57,0
SUBJ_NER_003,58,routine_recall,1,0.0,2591,1,0,1.0,0,58,0
SUBJ_NER_003,59,object_memory,1,0.0,3441,1,0,1.0,0,59,0
SUBJ_NER_003,60,reminiscence,1,1.0,2725,0,0,0.8,0,60,0
SUBJ_NER_004,1,memory_match,1,0.0,2875,1,1,1.0,0,1,0
SUBJ_NER_004,2,pattern_recognition,1,0.0,2220,2,0,1.0,0,2,0
SUBJ_NER_004,3,routine_recall,1,1.0,1871,0,0,1.0,0,3,0
SUBJ_NER_004,4,object_memory,1,1.0,1921,0,0,1.0,0,4,0
SUBJ_NER_004,5,reminiscence,1,1.0,1788,0,0,1.0,0,5,0
SUBJ_NER_004,6,memory_match,1,1.0,1639,0,0,1.0,0,6,0
SUBJ_NER_004,7,pattern_recognition,1,0.0,2453,1,0,1.0,0,7,0
SUBJ_NER_004,8,routine_recall,1,0.0,2547,1,0,1.0,0,8,0
SUBJ_NER_004,9,object_memory,1,0.0,1997,3,1,1.0,0,9,0
SUBJ_NER_004,10,reminiscence,1,0.0,2072,1,1,1.0,0,10,0
SUBJ_NER_004,11,memory_match,1,1.0,1595,0,0,1.0,0,11,0
SUBJ_NER_004,12,pattern_recognition,1,0.0,1586,2,0,1.0,0,12,0
SUBJ_NER_004,13,routine_recall,1,0.0,1601,2,1,1.0,0,13,0
SUBJ_NER_004,14,object_memory,1,0.0,2566,1,1,1.0,0,14,0
SUBJ_NER_004,15,reminiscence,1,1.0,1627,0,0,1.0,0,15,0
SUBJ_NER_004,16,memory_match,1,0.0,1944,1,0,1.0,0,16,0
SUBJ_NER_004,17,pattern_recognition,1,1.0,2491,0,0,1.0,0,17,0
SUBJ_NER_004,18,routine_recall,1,0.0,1701,2,0,1.0,0,18,0
SUBJ_NER_004,19,object_memory,1,1.0,1199,0,0,1.0,0,19,0
SUBJ_NER_004,20,reminiscence,1,1.0,1606,0,0,1.0,0,20,0
SUBJ_NER_004,21,memory_match,1,0.0,1664,3,1,1.0,0,21,0
SUBJ_NER_004,22,pattern_recognition,1,0.0,2318,1,0,1.0,0,22,0
SUBJ_NER_004,23,routine_recall,1,0.0,2650,2,0,1.0,0,23,0
SUBJ_NER_004,24,object_memory,1,1.0,1566,0,0,1.0,0,24,0
SUBJ_NER_004,25,reminiscence,1,1.0,1868,0,0,1.0,0,25,0
SUBJ_NER_004,26,memory_match,1,0.0,2152,2,0,1.0,0,26,0
SUBJ_NER_004,27,pattern_recognition,1,0.0,1529,1,0,1.0,0,27,0
SUBJ_NER_004,28,routine_recall,1,0.0,2276,1,2,1.0,0,28,0
SUBJ_NER_004,29,object_memory,1,1.0,2241,0,0,1.0,0,29,0
SUBJ_NER_004,30,reminiscence,1,0.0,1217,3,1,1.0,0,30,0
SUBJ_NER_004,31,memory_match,1,1.0,2241,0,0,1.0,0,31,0
SUBJ_NER_004,32,pattern_recognition,1,0.0,3073,1,0,1.0,0,32,0
SUBJ_NER_004,33,routine_recall,1,0.0,2528,1,0,1.0,0,33,0
SUBJ_NER_004,34,object_memory,1,1.0,2036,0,0,1.0,0,34,0
SUBJ_NER_004,35,reminiscence,1,0.0,1926,2,0,1.0,0,35,0
SUBJ_NER_004,36,memory_match,1,0.0,2461,1,1,1.0,0,36,0
SUBJ_NER_004,37,pattern_recognition,1,0.0,4138,1,2,1.0,0,37,0
SUBJ_NER_004,38,routine_recall,1,1.0,1732,0,0,1.0,0,38,0
SUBJ_NER_004,39,object_memory,1,0.0,1990,2,1,1.0,0,39,0
SUBJ_NER_004,40,reminiscence,1,0.0,3297,2,0,1.0,0,40,0
SUBJ_NER_004,41,memory_match,1,0.0,1738,2,0,1.0,0,41,0
SUBJ_NER_004,42,pattern_recognition,1,0.0,3098,1,0,1.0,0,42,0
SUBJ_NER_004,43,routine_recall,1,1.0,2034,0,0,1.0,0,43,0
SUBJ_NER_004,44,object_memory,1,0.0,1540,2,0,1.0,0,44,0
SUBJ_NER_004,45,reminiscence,1,1.0,1364,0,0,1.0,0,45,0
SUBJ_NER_004,46,memory_match,1,0.0,2082,1,0,1.0,0,46,0
SUBJ_NER_004,47,pattern_recognition,1,0.0,2402,2,1,1.0,0,47,0
SUBJ_NER_004,48,routine_recall,1,0.0,2091,1,0,1.0,0,48,0
SUBJ_NER_004,49,object_memory,1,0.0,2252,2,0,1.0,0,49,0
SUBJ_NER_004,50,reminiscence,1,0.0,2453,3,1,1.0,0,50,0
SUBJ_NER_004,51,memory_match,1,0.0,1439,2,0,1.0,0,51,0
SUBJ_NER_004,52,pattern_recognition,1,0.0,1749,1,0,1.0,0,52,0
SUBJ_NER_004,53,routine_recall,1,0.0,3243,1,0,1.0,0,53,0
SUBJ_NER_004,54,object_memory,1,0.0,2156,1,0,1.0,0,54,0
SUBJ_NER_004,55,reminiscence,1,0.0,1562,1,0,0.5,0,55,0
SUBJ_NER_004,56,memory_match,1,1.0,1647,0,0,1.0,0,56,0
SUBJ_NER_004,57,pattern_recognition,1,1.0,1224,0,0,1.0,0,57,0
SUBJ_NER_004,58,routine_recall,1,1.0,1533,0,0,0.8,0,58,0
SUBJ_NER_004,59,object_memory,1,1.0,1848,0,0,1.0,0,59,0
SUBJ_NER_004,60,reminiscence,1,1.0,1240,0,0,1.0,0,60,0
SUBJ_NER_005,1,memory_match,1,0.0,1494,2,2,1.0,0,1,0
SUBJ_NER_005,2,pattern_recognition,1,0.0,1568,1,0,1.0,0,2,0
SUBJ_NER_005,3,routine_recall,1,1.0,804,0,0,1.0,0,3,0
SUBJ_NER_005,4,object_memory,1,0.0,1657,1,0,1.0,0,4,0
SUBJ_NER_005,5,reminiscence,1,1.0,1298,0,0,1.0,0,5,0
SUBJ_NER_005,6,memory_match,1,1.0,1432,0,0,1.0,0,6,0
SUBJ_NER_005,7,pattern_recognition,1,0.0,1248,1,0,1.0,0,7,0
SUBJ_NER_005,8,routine_recall,1,0.0,2041,1,1,1.0,0,8,0
SUBJ_NER_005,9,object_memory,1,0.0,1745,1,0,1.0,0,9,0
SUBJ_NER_005,10,reminiscence,1,0.0,1585,2,0,1.0,0,10,0
SUBJ_NER_005,11,memory_match,1,1.0,1092,0,0,1.0,0,11,0
SUBJ_NER_005,12,pattern_recognition,1,1.0,1272,0,0,1.0,0,12,0
SUBJ_NER_005,13,routine_recall,1,0.0,1940,1,0,1.0,0,13,0
SUBJ_NER_005,14,object_memory,1,1.0,1200,0,0,1.0,0,14,0
SUBJ_NER_005,15,reminiscence,1,1.0,1368,0,0,1.0,0,15,0
SUBJ_NER_005,16,memory_match,1,0.0,1432,1,2,1.0,0,16,0
SUBJ_NER_005,17,pattern_recognition,1,0.0,2553,1,2,1.0,0,17,0
SUBJ_NER_005,18,routine_recall,1,1.0,1089,0,0,1.0,0,18,0
SUBJ_NER_005,19,object_memory,1,1.0,1514,0,0,1.0,0,19,0
SUBJ_NER_005,20,reminiscence,1,0.0,1515,1,0,1.0,0,20,0
SUBJ_NER_005,21,memory_match,1,0.0,1893,1,1,1.0,0,21,0
SUBJ_NER_005,22,pattern_recognition,1,1.0,839,0,0,1.0,0,22,0
SUBJ_NER_005,23,routine_recall,1,0.0,1170,1,2,1.0,0,23,0
SUBJ_NER_005,24,object_memory,1,1.0,1388,0,0,1.0,0,24,0
SUBJ_NER_005,25,reminiscence,1,0.0,1515,3,0,1.0,0,25,0
SUBJ_NER_005,26,memory_match,1,0.0,1527,1,0,1.0,0,26,0
SUBJ_NER_005,27,pattern_recognition,1,0.0,1317,1,1,1.0,0,27,0
SUBJ_NER_005,28,routine_recall,1,0.0,1441,2,0,1.0,0,28,0
SUBJ_NER_005,29,object_memory,1,0.0,1741,2,1,1.0,0,29,0
SUBJ_NER_005,30,reminiscence,1,0.0,3107,1,0,1.0,0,30,0
SUBJ_NER_005,31,memory_match,1,1.0,905,0,0,1.0,0,31,0
SUBJ_NER_005,32,pattern_recognition,1,0.0,1267,1,0,1.0,0,32,0
SUBJ_NER_005,33,routine_recall,1,1.0,1154,0,0,1.0,0,33,0
SUBJ_NER_005,34,object_memory,1,1.0,1220,0,0,1.0,0,34,0
SUBJ_NER_005,35,reminiscence,1,0.0,2026,1,0,1.0,0,35,0
SUBJ_NER_005,36,memory_match,1,0.0,1184,2,0,1.0,0,36,0
SUBJ_NER_005,37,pattern_recognition,1,0.0,2379,1,0,1.0,0,37,0
SUBJ_NER_005,38,routine_recall,1,0.0,1455,2,0,1.0,0,38,0
SUBJ_NER_005,39,object_memory,1,1.0,1587,0,0,1.0,0,39,0
SUBJ_NER_005,40,reminiscence,1,1.0,1325,0,0,1.0,0,40,0
SUBJ_NER_005,41,memory_match,1,1.0,1417,0,0,1.0,0,41,0
SUBJ_NER_005,42,pattern_recognition,1,1.0,1142,0,0,1.0,0,42,0
SUBJ_NER_005,43,routine_recall,1,0.0,1818,1,0,1.0,0,43,0
SUBJ_NER_005,44,object_memory,1,1.0,1631,0,0,1.0,0,44,0
SUBJ_NER_005,45,reminiscence,1,1.0,1001,0,0,1.0,0,45,0
SUBJ_NER_005,46,memory_match,1,1.0,1020,0,0,1.0,0,46,0
SUBJ_NER_005,47,pattern_recognition,1,1.0,1290,0,0,1.0,0,47,0
SUBJ_NER_005,48,routine_recall,1,1.0,1318,0,0,1.0,0,48,0
SUBJ_NER_005,49,object_memory,1,0.0,1670,2,0,1.0,0,49,0
SUBJ_NER_005,50,reminiscence,1,0.0,1549,1,0,1.0,0,50,0
SUBJ_NER_005,51,memory_match,1,0.0,2334,1,1,1.0,0,51,0
SUBJ_NER_005,52,pattern_recognition,1,0.0,1239,2,0,1.0,0,52,0
SUBJ_NER_005,53,routine_recall,1,0.0,1328,3,0,1.0,0,53,0
SUBJ_NER_005,54,object_memory,1,0.0,1681,1,0,1.0,0,54,0
SUBJ_NER_005,55,reminiscence,1,0.0,1924,3,1,1.0,0,55,0
SUBJ_NER_005,56,memory_match,1,0.0,1251,2,1,1.0,0,56,0
SUBJ_NER_005,57,pattern_recognition,1,0.0,1388,1,0,1.0,0,57,0
SUBJ_NER_005,58,routine_recall,1,0.0,1706,3,0,0.8,0,58,0
SUBJ_NER_005,59,object_memory,1,0.0,1752,2,0,1.0,0,59,0
SUBJ_NER_005,60,reminiscence,1,1.0,1632,0,0,1.0,0,60,0
SUBJ_NER_006,1,memory_match,1,1.0,1687,0,0,1.0,1,0,1
SUBJ_NER_006,2,pattern_recognition,1,1.0,2347,0,0,1.0,2,0,2
SUBJ_NER_006,3,routine_recall,2,0.0,2507,1,1,1.0,0,1,0
SUBJ_NER_006,4,object_memory,1,0.0,4204,2,0,1.0,0,2,0
SUBJ_NER_006,5,reminiscence,1,0.0,2422,1,0,1.0,0,3,0
SUBJ_NER_006,6,memory_match,1,1.0,1933,0,0,1.0,0,4,0
SUBJ_NER_006,7,pattern_recognition,1,0.0,2650,2,2,1.0,0,5,0
SUBJ_NER_006,8,routine_recall,1,1.0,1901,0,0,1.0,0,6,0
SUBJ_NER_006,9,object_memory,1,0.0,2098,2,0,1.0,0,7,0
SUBJ_NER_006,10,reminiscence,1,0.0,2262,1,0,1.0,0,8,0
SUBJ_NER_006,11,memory_match,1,0.0,2337,3,0,1.0,0,9,0
SUBJ_NER_006,12,pattern_recognition,1,0.0,2590,2,0,1.0,0,10,0
SUBJ_NER_006,13,routine_recall,1,0.0,1908,2,0,1.0,0,11,0
SUBJ_NER_006,14,object_memory,1,0.0,1886,1,1,1.0,0,12,0
SUBJ_NER_006,15,reminiscence,1,0.0,2352,1,1,1.0,0,13,0
SUBJ_NER_006,16,memory_match,1,0.0,1833,1,1,1.0,0,14,0
SUBJ_NER_006,17,pattern_recognition,1,1.0,1927,0,0,1.0,0,15,0
SUBJ_NER_006,18,routine_recall,1,1.0,1511,0,0,1.0,0,16,0
SUBJ_NER_006,19,object_memory,1,0.0,3137,1,0,1.0,0,17,0
SUBJ_NER_006,20,reminiscence,1,1.0,2087,0,0,1.0,0,18,0
SUBJ_NER_006,21,memory_match,1,0.0,1773,1,0,1.0,0,19,0
SUBJ_NER_006,22,pattern_recognition,1,1.0,1667,0,0,1.0,0,20,0
SUBJ_NER_006,23,routine_recall,1,1.0,2323,0,0,1.0,0,21,0
SUBJ_NER_006,24,object_memory,1,0.0,1827,2,0,1.0,0,22,0
SUBJ_NER_006,25,reminiscence,1,1.0,2009,0,0,1.0,0,23,0
SUBJ_NER_006,26,memory_match,1,1.0,1423,0,0,1.0,0,24,0
SUBJ_NER_006,27,pattern_recognition,1,0.0,2879,1,0,1.0,0,25,0
SUBJ_NER_006,28,routine_recall,1,0.0,2149,3,1,1.0,0,26,0
SUBJ_NER_006,29,object_memory,1,1.0,1804,0,0,1.0,0,27,0
SUBJ_NER_006,30,reminiscence,1,0.0,2783,2,0,1.0,0,28,0
SUBJ_NER_006,31,memory_match,1,1.0,1604,0,0,1.0,0,29,0
SUBJ_NER_006,32,pattern_recognition,1,1.0,1255,0,0,1.0,0,30,0
SUBJ_NER_006,33,routine_recall,1,0.0,3050,1,0,1.0,0,31,0
SUBJ_NER_006,34,object_memory,1,1.0,1980,0,0,1.0,0,32,0
SUBJ_NER_006,35,reminiscence,1,0.0,2911,1,0,1.0,0,33,0
SUBJ_NER_006,36,memory_match,1,0.0,2193,1,0,1.0,0,34,0
SUBJ_NER_006,37,pattern_recognition,1,1.0,2516,0,0,1.0,0,35,0
SUBJ_NER_006,38,routine_recall,1,1.0,2168,0,0,1.0,0,36,0
SUBJ_NER_006,39,object_memory,1,1.0,2744,0,0,1.0,0,37,0
SUBJ_NER_006,40,reminiscence,1,1.0,2468,0,0,1.0,0,38,0
SUBJ_NER_006,41,memory_match,1,1.0,2245,0,0,1.0,0,39,0
SUBJ_NER_006,42,pattern_recognition,1,0.0,2636,1,0,1.0,0,40,0
SUBJ_NER_006,43,routine_recall,1,0.0,2988,2,0,1.0,0,41,0
SUBJ_NER_006,44,object_memory,1,0.0,2526,1,0,1.0,0,42,0
SUBJ_NER_006,45,reminiscence,1,0.0,3125,1,0,1.0,0,43,0
SUBJ_NER_006,46,memory_match,1,0.0,2158,2,0,1.0,0,44,0
SUBJ_NER_006,47,pattern_recognition,1,0.0,1811,1,0,1.0,0,45,0
SUBJ_NER_006,48,routine_recall,1,0.0,1330,1,0,1.0,0,46,0
SUBJ_NER_006,49,object_memory,1,1.0,1191,0,0,1.0,0,47,0
SUBJ_NER_006,50,reminiscence,1,0.0,2123,2,1,1.0,0,48,0
SUBJ_NER_006,51,memory_match,1,0.0,2122,2,1,1.0,0,49,0
SUBJ_NER_006,52,pattern_recognition,1,1.0,1553,0,0,1.0,0,50,0
SUBJ_NER_006,53,routine_recall,1,0.0,3461,1,1,1.0,0,51,0
SUBJ_NER_006,54,object_memory,1,1.0,2242,0,0,1.0,0,52,0
SUBJ_NER_006,55,reminiscence,1,0.0,2866,1,0,1.0,0,53,0
SUBJ_NER_006,56,memory_match,1,0.0,1872,3,0,1.0,0,54,0
SUBJ_NER_006,57,pattern_recognition,1,1.0,1758,0,0,1.0,0,55,0
SUBJ_NER_006,58,routine_recall,1,0.0,2337,2,2,0.8,0,56,0
SUBJ_NER_006,59,object_memory,1,1.0,2177,0,0,1.0,0,57,0
SUBJ_NER_006,60,reminiscence,1,1.0,2215,0,0,1.0,0,58,0
SUBJ_NER_007,1,memory_match,1,1.0,2712,0,0,1.0,1,0,1
SUBJ_NER_007,2,pattern_recognition,1,1.0,3461,0,0,1.0,2,0,2
SUBJ_NER_007,3,routine_recall,2,1.0,2554,0,0,1.0,3,0,2
SUBJ_NER_007,4,object_memory,3,0.0,2038,1,0,1.0,0,1,0
SUBJ_NER_007,5,reminiscence,2,1.0,1861,0,0,1.0,1,0,1
SUBJ_NER_007,6,memory_match,2,1.0,2593,0,0,1.0,2,0,2
SUBJ_NER_007,7,pattern_recognition,3,0.0,3238,2,2,1.0,0,1,0
SUBJ_NER_007,8,routine_recall,2,1.0,2934,0,0,1.0,1,0,1
SUBJ_NER_007,9,object_memory,2,1.0,3630,0,0,1.0,2,0,1
SUBJ_NER_007,10,reminiscence,2,1.0,3568,0,0,1.0,3,0,1
SUBJ_NER_007,11,memory_match,2,1.0,2455,0,0,1.0,4,0,2
SUBJ_NER_007,12,pattern_recognition,3,0.0,2574,2,0,1.0,0,1,0
SUBJ_NER_007,13,routine_recall,2,0.0,4510,1,1,1.0,0,2,0
SUBJ_NER_007,14,object_memory,1,0.0,2814,2,0,1.0,0,3,0
SUBJ_NER_007,15,reminiscence,1,1.0,1799,0,0,1.0,0,4,0
SUBJ_NER_007,16,memory_match,1,0.0,3318,2,1,1.0,0,5,0
SUBJ_NER_007,17,pattern_recognition,1,1.0,1762,0,0,1.0,0,6,0
SUBJ_NER_007,18,routine_recall,1,1.0,2564,0,0,1.0,0,7,0
SUBJ_NER_007,19,object_memory,1,1.0,1971,0,0,1.0,0,8,0
SUBJ_NER_007,20,reminiscence,1,0.0,1932,1,0,1.0,0,9,0
SUBJ_NER_007,21,memory_match,1,1.0,2716,0,0,1.0,0,10,0
SUBJ_NER_007,22,pattern_recognition,1,1.0,2060,0,0,1.0,0,11,0
SUBJ_NER_007,23,routine_recall,1,1.0,2092,0,0,1.0,0,12,0
SUBJ_NER_007,24,object_memory,1,0.0,2739,1,0,1.0,0,13,0
SUBJ_NER_007,25,reminiscence,1,0.0,3390,1,0,1.0,0,14,0
SUBJ_NER_007,26,memory_match,1,0.0,2438,2,1,1.0,0,15,0
SUBJ_NER_007,27,pattern_recognition,1,0.0,1984,1,0,1.0,0,16,0
SUBJ_NER_007,28,routine_recall,1,0.0,3074,2,0,1.0,0,17,0
SUBJ_NER_007,29,object_memory,1,1.0,2408,0,0,1.0,0,18,0
SUBJ_NER_007,30,reminiscence,1,0.0,3189,1,1,1.0,0,19,0
SUBJ_NER_007,31,memory_match,1,0.0,2532,1,0,1.0,0,20,0
SUBJ_NER_007,32,pattern_recognition,1,1.0,2301,0,0,1.0,0,21,0
SUBJ_NER_007,33,routine_recall,1,1.0,2332,0,0,1.0,0,22,0
SUBJ_NER_007,34,object_memory,1,0.0,2197,3,0,1.0,0,23,0
SUBJ_NER_007,35,reminiscence,1,1.0,3041,0,0,1.0,0,24,0
SUBJ_NER_007,36,memory_match,1,1.0,3088,0,0,1.0,0,25,0
SUBJ_NER_007,37,pattern_recognition,1,1.0,1800,0,0,1.0,0,26,0
SUBJ_NER_007,38,routine_recall,1,1.0,1797,0,0,1.0,0,27,0
SUBJ_NER_007,39,object_memory,1,1.0,2199,0,0,1.0,0,28,0
SUBJ_NER_007,40,reminiscence,1,1.0,2283,0,0,1.0,0,29,0
SUBJ_NER_007,41,memory_match,1,1.0,2115,0,0,1.0,0,30,0
SUBJ_NER_007,42,pattern_recognition,1,0.0,2390,2,0,1.0,0,31,0
SUBJ_NER_007,43,routine_recall,1,1.0,2093,0,0,1.0,0,32,0
SUBJ_NER_007,44,object_memory,1,0.0,2532,2,0,1.0,0,33,0
SUBJ_NER_007,45,reminiscence,1,1.0,2172,0,0,1.0,0,34,0
SUBJ_NER_007,46,memory_match,1,1.0,2621,0,0,1.0,0,35,0
SUBJ_NER_007,47,pattern_recognition,1,0.0,2291,1,0,1.0,0,36,0
SUBJ_NER_007,48,routine_recall,1,1.0,2968,0,0,1.0,0,37,0
SUBJ_NER_007,49,object_memory,1,0.0,2964,1,0,1.0,0,38,0
SUBJ_NER_007,50,reminiscence,1,0.0,3549,1,0,1.0,0,39,0
SUBJ_NER_007,51,memory_match,1,0.0,2605,3,0,1.0,0,40,0
SUBJ_NER_007,52,pattern_recognition,1,0.0,2966,1,2,1.0,0,41,0
SUBJ_NER_007,53,routine_recall,1,0.0,3310,3,0,1.0,0,42,0
SUBJ_NER_007,54,object_memory,1,1.0,3326,0,0,1.0,0,43,0
SUBJ_NER_007,55,reminiscence,1,1.0,2166,0,0,1.0,0,44,0
SUBJ_NER_007,56,memory_match,1,1.0,2373,0,0,1.0,0,45,0
SUBJ_NER_007,57,pattern_recognition,1,0.0,2346,3,0,1.0,0,46,0
SUBJ_NER_007,58,routine_recall,1,1.0,1942,0,0,1.0,0,47,0
SUBJ_NER_007,59,object_memory,1,1.0,3090,0,0,1.0,0,48,0
SUBJ_NER_007,60,reminiscence,1,0.0,3511,2,0,0.8,0,49,0
SUBJ_NER_008,1,memory_match,1,0.0,2896,2,0,1.0,0,1,0
SUBJ_NER_008,2,pattern_recognition,1,0.0,2423,1,0,1.0,0,2,0
SUBJ_NER_008,3,routine_recall,1,0.0,3080,2,1,1.0,0,3,0
SUBJ_NER_008,4,object_memory,1,1.0,1526,0,0,1.0,0,4,0
SUBJ_NER_008,5,reminiscence,1,0.0,3111,1,0,1.0,0,5,0
SUBJ_NER_008,6,memory_match,1,0.0,5497,1,0,1.0,0,6,0
SUBJ_NER_008,7,pattern_recognition,1,1.0,2247,0,0,1.0,0,7,0
SUBJ_NER_008,8,routine_recall,1,0.0,2719,2,1,1.0,0,8,0
SUBJ_NER_008,9,object_memory,1,1.0,2867,0,0,1.0,0,9,0
SUBJ_NER_008,10,reminiscence,1,1.0,3490,0,0,1.0,0,10,0
SUBJ_NER_008,11,memory_match,1,1.0,3602,0,0,1.0,0,11,0
SUBJ_NER_008,12,pattern_recognition,1,0.0,2964,1,0,1.0,0,12,0
SUBJ_NER_008,13,routine_recall,1,0.0,2784,1,2,1.0,0,13,0
SUBJ_NER_008,14,object_memory,1,0.0,3345,3,0,1.0,0,14,0
SUBJ_NER_008,15,reminiscence,1,0.0,2193,1,0,1.0,0,15,0
SUBJ_NER_008,16,memory_match,1,1.0,2308,0,0,1.0,0,16,0
SUBJ_NER_008,17,pattern_recognition,1,0.0,2717,1,2,1.0,0,17,0
SUBJ_NER_008,18,routine_recall,1,0.0,3240,2,0,1.0,0,18,0
SUBJ_NER_008,19,object_memory,1,1.0,3329,0,0,1.0,0,19,0
SUBJ_NER_008,20,reminiscence,1,0.0,2687,1,0,1.0,0,20,0
SUBJ_NER_008,21,memory_match,1,0.0,2871,1,1,1.0,0,21,0
SUBJ_NER_008,22,pattern_recognition,1,1.0,2029,0,0,1.0,0,22,0
SUBJ_NER_008,23,routine_recall,1,1.0,2970,0,0,1.0,0,23,0
SUBJ_NER_008,24,object_memory,1,0.0,2691,2,0,1.0,0,24,0
SUBJ_NER_008,25,reminiscence,1,1.0,2174,0,0,1.0,0,25,0
SUBJ_NER_008,26,memory_match,1,0.0,2896,1,0,1.0,0,26,0
SUBJ_NER_008,27,pattern_recognition,1,1.0,2176,0,0,1.0,0,27,0
SUBJ_NER_008,28,routine_recall,1,1.0,1940,0,0,1.0,0,28,0
SUBJ_NER_008,29,object_memory,1,0.0,2413,2,0,1.0,0,29,0
SUBJ_NER_008,30,reminiscence,1,1.0,1989,0,0,1.0,0,30,0
SUBJ_NER_008,31,memory_match,1,1.0,2198,0,0,1.0,0,31,0
SUBJ_NER_008,32,pattern_recognition,1,1.0,2967,0,0,1.0,0,32,0
SUBJ_NER_008,33,routine_recall,1,1.0,1906,0,0,1.0,0,33,0
SUBJ_NER_008,34,object_memory,1,1.0,3520,0,0,1.0,0,34,0
SUBJ_NER_008,35,reminiscence,1,0.0,3035,1,0,1.0,0,35,0
SUBJ_NER_008,36,memory_match,1,0.0,2901,1,0,1.0,0,36,0
SUBJ_NER_008,37,pattern_recognition,1,1.0,2466,0,0,1.0,0,37,0
SUBJ_NER_008,38,routine_recall,1,1.0,3380,0,0,1.0,0,38,0
SUBJ_NER_008,39,object_memory,1,1.0,2116,0,0,1.0,0,39,0
SUBJ_NER_008,40,reminiscence,1,0.0,3319,2,0,1.0,0,40,0
SUBJ_NER_008,41,memory_match,1,1.0,1442,0,0,1.0,0,41,0
SUBJ_NER_008,42,pattern_recognition,1,1.0,3026,0,0,1.0,0,42,0
SUBJ_NER_008,43,routine_recall,1,1.0,3752,0,0,1.0,0,43,0
SUBJ_NER_008,44,object_memory,1,1.0,2464,0,0,1.0,0,44,0
SUBJ_NER_008,45,reminiscence,1,0.0,2694,1,0,1.0,0,45,0
SUBJ_NER_008,46,memory_match,1,1.0,3595,0,0,1.0,0,46,0
SUBJ_NER_008,47,pattern_recognition,1,0.0,3195,1,0,1.0,0,47,0
SUBJ_NER_008,48,routine_recall,1,0.0,3965,1,0,1.0,0,48,0
SUBJ_NER_008,49,object_memory,1,0.0,3211,2,0,1.0,0,49,0
SUBJ_NER_008,50,reminiscence,1,0.0,1828,1,0,1.0,0,50,0
SUBJ_NER_008,51,memory_match,1,1.0,2478,0,0,1.0,0,51,0
SUBJ_NER_008,52,pattern_recognition,1,1.0,2134,0,0,1.0,0,52,0
SUBJ_NER_008,53,routine_recall,1,0.0,3491,1,0,1.0,0,53,0
SUBJ_NER_008,54,object_memory,1,1.0,2886,0,0,1.0,0,54,0
SUBJ_NER_008,55,reminiscence,1,1.0,2886,0,0,1.0,0,55,0
SUBJ_NER_008,56,memory_match,1,0.0,2434,1,0,1.0,0,56,0
SUBJ_NER_008,57,pattern_recognition,1,0.0,3440,1,1,0.5,0,57,0
SUBJ_NER_008,58,routine_recall,1,0.0,3058,3,1,1.0,0,58,0
SUBJ_NER_008,59,object_memory,1,1.0,2370,0,0,0.5,0,59,0
SUBJ_NER_008,60,reminiscence,1,1.0,2862,0,0,1.0,0,60,0
SUBJ_NER_009,1,memory_match,1,1.0,1505,0,0,1.0,1,0,1
SUBJ_NER_009,2,pattern_recognition,1,1.0,2189,0,0,1.0,2,0,2
SUBJ_NER_009,3,routine_recall,2,0.0,2640,2,0,1.0,0,1,0
SUBJ_NER_009,4,object_memory,1,1.0,2260,0,0,1.0,1,0,1
SUBJ_NER_009,5,reminiscence,1,0.0,2221,2,1,1.0,0,1,0
SUBJ_NER_009,6,memory_match,1,1.0,2016,0,0,1.0,1,0,1
SUBJ_NER_009,7,pattern_recognition,1,1.0,2043,0,0,1.0,2,0,2
SUBJ_NER_009,8,routine_recall,2,0.0,1795,2,1,1.0,0,1,0
SUBJ_NER_009,9,object_memory,1,1.0,1209,0,0,1.0,1,0,1
SUBJ_NER_009,10,reminiscence,1,1.0,2270,0,0,1.0,2,0,2
SUBJ_NER_009,11,memory_match,2,1.0,1964,0,0,1.0,3,0,2
SUBJ_NER_009,12,pattern_recognition,3,0.0,2777,1,0,1.0,0,1,0
SUBJ_NER_009,13,routine_recall,2,1.0,3085,0,0,1.0,1,0,1
SUBJ_NER_009,14,object_memory,2,1.0,1934,0,0,1.0,2,0,2
SUBJ_NER_009,15,reminiscence,3,1.0,2406,0,0,1.0,3,0,2
SUBJ_NER_009,16,memory_match,4,1.0,2565,0,0,1.0,4,0,2
SUBJ_NER_009,17,pattern_recognition,5,0.0,3274,1,0,1.0,0,1,0
SUBJ_NER_009,18,routine_recall,4,0.0,3001,1,0,1.0,0,2,0
SUBJ_NER_009,19,object_memory,3,0.0,2863,2,0,1.0,0,3,0
SUBJ_NER_009,20,reminiscence,2,0.0,2315,1,1,1.0,0,4,0
SUBJ_NER_009,21,memory_match,1,1.0,1844,0,0,1.0,0,5,0
SUBJ_NER_009,22,pattern_recognition,1,1.0,2744,0,0,1.0,0,6,0
SUBJ_NER_009,23,routine_recall,1,1.0,1729,0,0,1.0,0,7,0
SUBJ_NER_009,24,object_memory,1,1.0,1482,0,0,1.0,0,8,0
SUBJ_NER_009,25,reminiscence,1,1.0,1930,0,0,1.0,0,9,0
SUBJ_NER_009,26,memory_match,1,0.0,1823,1,1,1.0,0,10,0
SUBJ_NER_009,27,pattern_recognition,1,0.0,2491,1,0,1.0,0,11,0
SUBJ_NER_009,28,routine_recall,1,0.0,2548,2,0,1.0,0,12,0
SUBJ_NER_009,29,object_memory,1,0.0,2002,1,0,1.0,0,13,0
SUBJ_NER_009,30,reminiscence,1,1.0,1422,0,0,1.0,0,14,0
SUBJ_NER_009,31,memory_match,1,0.0,1737,2,0,1.0,0,15,0
SUBJ_NER_009,32,pattern_recognition,1,0.0,2414,3,1,1.0,0,16,0
SUBJ_NER_009,33,routine_recall,1,1.0,2593,0,0,1.0,0,17,0
SUBJ_NER_009,34,object_memory,1,1.0,1543,0,0,1.0,0,18,0
SUBJ_NER_009,35,reminiscence,1,1.0,2215,0,0,1.0,0,19,0
SUBJ_NER_009,36,memory_match,1,0.0,2693,2,0,1.0,0,20,0
SUBJ_NER_009,37,pattern_recognition,1,0.0,2116,1,1,1.0,0,21,0
SUBJ_NER_009,38,routine_recall,1,0.0,2878,1,0,1.0,0,22,0
SUBJ_NER_009,39,object_memory,1,0.0,2821,1,0,1.0,0,23,0
SUBJ_NER_009,40,reminiscence,1,0.0,2138,3,0,1.0,0,24,0
SUBJ_NER_009,41,memory_match,1,1.0,1387,0,0,1.0,0,25,0
SUBJ_NER_009,42,pattern_recognition,1,0.0,2199,1,0,1.0,0,26,0
SUBJ_NER_009,43,routine_recall,1,0.0,1899,1,0,1.0,0,27,0
SUBJ_NER_009,44,object_memory,1,1.0,2328,0,0,1.0,0,28,0
SUBJ_NER_009,45,reminiscence,1,0.0,2457,1,1,1.0,0,29,0
SUBJ_NER_009,46,memory_match,1,1.0,1812,0,0,1.0,0,30,0
SUBJ_NER_009,47,pattern_recognition,1,1.0,1383,0,0,1.0,0,31,0
SUBJ_NER_009,48,routine_recall,1,0.0,1752,1,0,1.0,0,32,0
SUBJ_NER_009,49,object_memory,1,1.0,1876,0,0,1.0,0,33,0
SUBJ_NER_009,50,reminiscence,1,1.0,1475,0,0,1.0,0,34,0
SUBJ_NER_009,51,memory_match,1,1.0,1836,0,0,1.0,0,35,0
SUBJ_NER_009,52,pattern_recognition,1,1.0,1526,0,0,1.0,0,36,0
SUBJ_NER_009,53,routine_recall,1,1.0,1704,0,0,1.0,0,37,0
SUBJ_NER_009,54,object_memory,1,1.0,1961,0,0,1.0,0,38,0
SUBJ_NER_009,55,reminiscence,1,1.0,2192,0,0,0.8,0,39,0
SUBJ_NER_009,56,memory_match,1,1.0,2538,0,0,1.0,0,40,0
SUBJ_NER_009,57,pattern_recognition,1,0.0,2733,2,0,1.0,0,41,0
SUBJ_NER_009,58,routine_recall,1,0.0,2238,2,2,0.8,0,42,0
SUBJ_NER_009,59,object_memory,1,0.0,1864,2,0,1.0,0,43,0
SUBJ_NER_009,60,reminiscence,1,0.0,2182,2,0,1.0,0,44,0
SUBJ_NER_010,1,memory_match,1,0.0,2984,1,1,1.0,0,1,0
SUBJ_NER_010,2,pattern_recognition,1,1.0,2090,0,0,1.0,1,0,1
SUBJ_NER_010,3,routine_recall,1,0.0,4232,1,0,1.0,0,1,0
SUBJ_NER_010,4,object_memory,1,1.0,3702,0,0,1.0,1,0,1
SUBJ_NER_010,5,reminiscence,1,1.0,2293,0,0,1.0,2,0,2
SUBJ_NER_010,6,memory_match,2,1.0,3033,0,0,1.0,3,0,2
SUBJ_NER_010,7,pattern_recognition,3,0.0,3072,1,1,1.0,0,1,0
SUBJ_NER_010,8,routine_recall,2,1.0,2177,0,0,1.0,1,0,1
SUBJ_NER_010,9,object_memory,2,1.0,3415,0,0,1.0,2,0,2
SUBJ_NER_010,10,reminiscence,3,0.0,3510,2,0,1.0,0,1,0
SUBJ_NER_010,11,memory_match,2,0.0,3789,1,0,1.0,0,2,0
SUBJ_NER_010,12,pattern_recognition,1,1.0,2029,0,0,1.0,0,3,0
SUBJ_NER_010,13,routine_recall,1,1.0,1869,0,0,1.0,0,4,0
SUBJ_NER_010,14,object_memory,1,1.0,3241,0,0,1.0,0,5,0
SUBJ_NER_010,15,reminiscence,1,1.0,2820,0,0,1.0,0,6,0
SUBJ_NER_010,16,memory_match,1,1.0,2637,0,0,1.0,0,7,0
SUBJ_NER_010,17,pattern_recognition,1,1.0,2416,0,0,1.0,0,8,0
SUBJ_NER_010,18,routine_recall,1,1.0,1795,0,0,1.0,0,9,0
SUBJ_NER_010,19,object_memory,1,0.0,4344,1,0,1.0,0,10,0
SUBJ_NER_010,20,reminiscence,1,1.0,2566,0,0,1.0,0,11,0
SUBJ_NER_010,21,memory_match,1,1.0,2625,0,0,1.0,0,12,0
SUBJ_NER_010,22,pattern_recognition,1,0.0,2574,1,0,1.0,0,13,0
SUBJ_NER_010,23,routine_recall,1,0.0,2128,2,0,1.0,0,14,0
SUBJ_NER_010,24,object_memory,1,1.0,3311,0,0,1.0,0,15,0
SUBJ_NER_010,25,reminiscence,1,0.0,2391,2,0,1.0,0,16,0
SUBJ_NER_010,26,memory_match,1,1.0,1694,0,0,1.0,0,17,0
SUBJ_NER_010,27,pattern_recognition,1,1.0,2145,0,0,1.0,0,18,0
SUBJ_NER_010,28,routine_recall,1,1.0,3123,0,0,1.0,0,19,0
SUBJ_NER_010,29,object_memory,1,0.0,2600,1,0,1.0,0,20,0
SUBJ_NER_010,30,reminiscence,1,0.0,2808,2,0,1.0,0,21,0
SUBJ_NER_010,31,memory_match,1,1.0,2732,0,0,1.0,0,22,0
SUBJ_NER_010,32,pattern_recognition,1,0.0,4535,1,0,1.0,0,23,0
SUBJ_NER_010,33,routine_recall,1,1.0,2859,0,0,1.0,0,24,0
SUBJ_NER_010,34,object_memory,1,0.0,2449,1,0,1.0,0,25,0
SUBJ_NER_010,35,reminiscence,1,1.0,2204,0,0,1.0,0,26,0
SUBJ_NER_010,36,memory_match,1,1.0,2838,0,0,1.0,0,27,0
SUBJ_NER_010,37,pattern_recognition,1,1.0,1591,0,0,1.0,0,28,0
SUBJ_NER_010,38,routine_recall,1,1.0,1767,0,0,1.0,0,29,0
SUBJ_NER_010,39,object_memory,1,0.0,2694,1,0,1.0,0,30,0
SUBJ_NER_010,40,reminiscence,1,1.0,2022,0,0,1.0,0,31,0
SUBJ_NER_010,41,memory_match,1,1.0,2385,0,0,1.0,0,32,0
SUBJ_NER_010,42,pattern_recognition,1,1.0,3876,0,0,1.0,0,33,0
SUBJ_NER_010,43,routine_recall,1,1.0,3171,0,0,1.0,0,34,0
SUBJ_NER_010,44,object_memory,1,1.0,2689,0,0,1.0,0,35,0
SUBJ_NER_010,45,reminiscence,1,1.0,2586,0,0,1.0,0,36,0
SUBJ_NER_010,46,memory_match,1,0.0,3924,2,0,1.0,0,37,0
SUBJ_NER_010,47,pattern_recognition,1,1.0,2626,0,0,1.0,0,38,0
SUBJ_NER_010,48,routine_recall,1,0.0,2320,1,1,1.0,0,39,0
SUBJ_NER_010,49,object_memory,1,0.0,2278,1,0,1.0,0,40,0
SUBJ_NER_010,50,reminiscence,1,1.0,3112,0,0,1.0,0,41,0
SUBJ_NER_010,51,memory_match,1,0.0,2869,2,0,1.0,0,42,0
SUBJ_NER_010,52,pattern_recognition,1,1.0,1847,0,0,1.0,0,43,0
SUBJ_NER_010,53,routine_recall,1,0.0,3438,2,0,1.0,0,44,0
SUBJ_NER_010,54,object_memory,1,1.0,2840,0,0,1.0,0,45,0
SUBJ_NER_010,55,reminiscence,1,0.0,3383,3,0,1.0,0,46,0
SUBJ_NER_010,56,memory_match,1,1.0,2389,0,0,1.0,0,47,0
SUBJ_NER_010,57,pattern_recognition,1,1.0,2683,0,0,1.0,0,48,0
SUBJ_NER_010,58,routine_recall,1,1.0,2603,0,0,1.0,0,49,0
SUBJ_NER_010,59,object_memory,1,0.0,2961,1,1,1.0,0,50,0
SUBJ_NER_010,60,reminiscence,1,0.0,2393,1,0,1.0,0,51,0
SUBJ_NER_011,1,memory_match,1,1.0,2022,0,0,1.0,1,0,1
SUBJ_NER_011,2,pattern_recognition,1,0.0,1939,1,0,1.0,0,1,0
SUBJ_NER_011,3,routine_recall,1,0.0,1907,1,0,1.0,0,2,0
SUBJ_NER_011,4,object_memory,1,0.0,2336,1,0,1.0,0,3,0
SUBJ_NER_011,5,reminiscence,1,1.0,1752,0,0,1.0,0,4,0
SUBJ_NER_011,6,memory_match,1,0.0,2221,2,2,1.0,0,5,0
SUBJ_NER_011,7,pattern_recognition,1,1.0,1804,0,0,1.0,0,6,0
SUBJ_NER_011,8,routine_recall,1,0.0,2664,1,2,1.0,0,7,0
SUBJ_NER_011,9,object_memory,1,0.0,2592,1,0,1.0,0,8,0
SUBJ_NER_011,10,reminiscence,1,0.0,1949,3,0,1.0,0,9,0
SUBJ_NER_011,11,memory_match,1,1.0,2371,0,0,1.0,0,10,0
SUBJ_NER_011,12,pattern_recognition,1,1.0,1861,0,0,1.0,0,11,0
SUBJ_NER_011,13,routine_recall,1,1.0,2258,0,0,1.0,0,12,0
SUBJ_NER_011,14,object_memory,1,0.0,3412,1,0,1.0,0,13,0
SUBJ_NER_011,15,reminiscence,1,1.0,2083,0,0,1.0,0,14,0
SUBJ_NER_011,16,memory_match,1,0.0,1949,1,0,1.0,0,15,0
SUBJ_NER_011,17,pattern_recognition,1,0.0,1991,1,0,1.0,0,16,0
SUBJ_NER_011,18,routine_recall,1,1.0,1523,0,0,1.0,0,17,0
SUBJ_NER_011,19,object_memory,1,1.0,1742,0,0,1.0,0,18,0
SUBJ_NER_011,20,reminiscence,1,0.0,1946,2,0,1.0,0,19,0
SUBJ_NER_011,21,memory_match,1,1.0,1624,0,0,1.0,0,20,0
SUBJ_NER_011,22,pattern_recognition,1,1.0,2281,0,0,1.0,0,21,0
SUBJ_NER_011,23,routine_recall,1,1.0,1915,0,0,1.0,0,22,0
SUBJ_NER_011,24,object_memory,1,1.0,2208,0,0,1.0,0,23,0
SUBJ_NER_011,25,reminiscence,1,1.0,2859,0,0,1.0,0,24,0
SUBJ_NER_011,26,memory_match,1,1.0,1690,0,0,1.0,0,25,0
SUBJ_NER_011,27,pattern_recognition,1,1.0,2879,0,0,1.0,0,26,0
SUBJ_NER_011,28,routine_recall,1,1.0,1796,0,0,1.0,0,27,0
SUBJ_NER_011,29,object_memory,1,1.0,1568,0,0,1.0,0,28,0
SUBJ_NER_011,30,reminiscence,1,1.0,1713,0,0,1.0,0,29,0
SUBJ_NER_011,31,memory_match,1,0.0,2095,1,0,1.0,0,30,0
SUBJ_NER_011,32,pattern_recognition,1,1.0,2724,0,0,1.0,0,31,0
SUBJ_NER_011,33,routine_recall,1,1.0,2167,0,0,1.0,0,32,0
SUBJ_NER_011,34,object_memory,1,0.0,3229,3,0,1.0,0,33,0
SUBJ_NER_011,35,reminiscence,1,0.0,1554,2,0,1.0,0,34,0
SUBJ_NER_011,36,memory_match,1,1.0,1771,0,0,1.0,0,35,0
SUBJ_NER_011,37,pattern_recognition,1,0.0,1678,3,0,1.0,0,36,0
SUBJ_NER_011,38,routine_recall,1,1.0,1602,0,0,1.0,0,37,0
SUBJ_NER_011,39,object_memory,1,1.0,1995,0,0,1.0,0,38,0
SUBJ_NER_011,40,reminiscence,1,1.0,1850,0,0,1.0,0,39,0
SUBJ_NER_011,41,memory_match,1,1.0,2038,0,0,1.0,0,40,0
SUBJ_NER_011,42,pattern_recognition,1,1.0,2183,0,0,1.0,0,41,0
SUBJ_NER_011,43,routine_recall,1,1.0,2867,0,0,1.0,0,42,0
SUBJ_NER_011,44,object_memory,1,0.0,2883,1,2,1.0,0,43,0
SUBJ_NER_011,45,reminiscence,1,0.0,2808,1,0,1.0,0,44,0
SUBJ_NER_011,46,memory_match,1,0.0,3043,1,0,1.0,0,45,0
SUBJ_NER_011,47,pattern_recognition,1,1.0,1797,0,0,1.0,0,46,0
SUBJ_NER_011,48,routine_recall,1,0.0,2694,2,0,1.0,0,47,0
SUBJ_NER_011,49,object_memory,1,1.0,2240,0,0,1.0,0,48,0
SUBJ_NER_011,50,reminiscence,1,1.0,2285,0,0,1.0,0,49,0
SUBJ_NER_011,51,memory_match,1,0.0,3488,1,1,1.0,0,50,0
SUBJ_NER_011,52,pattern_recognition,1,1.0,2100,0,0,1.0,0,51,0
SUBJ_NER_011,53,routine_recall,1,1.0,2023,0,0,1.0,0,52,0
SUBJ_NER_011,54,object_memory,1,0.0,2084,2,1,1.0,0,53,0
SUBJ_NER_011,55,reminiscence,1,0.0,3133,1,0,0.8,0,54,0
SUBJ_NER_011,56,memory_match,1,1.0,1688,0,0,1.0,0,55,0
SUBJ_NER_011,57,pattern_recognition,1,1.0,2054,0,0,1.0,0,56,0
SUBJ_NER_011,58,routine_recall,1,1.0,2340,0,0,1.0,0,57,0
SUBJ_NER_011,59,object_memory,1,1.0,1760,0,0,1.0,0,58,0
SUBJ_NER_011,60,reminiscence,1,1.0,1910,0,0,1.0,0,59,0
SUBJ_NER_012,1,memory_match,1,1.0,2338,0,0,1.0,1,0,1
SUBJ_NER_012,2,pattern_recognition,1,1.0,2627,0,0,1.0,2,0,2
SUBJ_NER_012,3,routine_recall,2,0.0,3044,1,1,1.0,0,1,0
SUBJ_NER_012,4,object_memory,1,0.0,2267,2,0,1.0,0,2,0
SUBJ_NER_012,5,reminiscence,1,1.0,1990,0,0,1.0,0,3,0
SUBJ_NER_012,6,memory_match,1,1.0,1949,0,0,1.0,0,4,0
SUBJ_NER_012,7,pattern_recognition,1,0.0,1602,1,0,1.0,0,5,0
SUBJ_NER_012,8,routine_recall,1,1.0,1855,0,0,1.0,0,6,0
SUBJ_NER_012,9,object_memory,1,1.0,2438,0,0,1.0,0,7,0
SUBJ_NER_012,10,reminiscence,1,0.0,2608,2,0,1.0,0,8,0
SUBJ_NER_012,11,memory_match,1,1.0,2152,0,0,1.0,0,9,0
SUBJ_NER_012,12,pattern_recognition,1,0.0,1653,3,0,1.0,0,10,0
SUBJ_NER_012,13,routine_recall,1,0.0,1668,2,0,1.0,0,11,0
SUBJ_NER_012,14,object_memory,1,1.0,2473,0,0,1.0,0,12,0
SUBJ_NER_012,15,reminiscence,1,0.0,2527,2,1,1.0,0,13,0
SUBJ_NER_012,16,memory_match,1,0.0,2136,1,0,1.0,0,14,0
SUBJ_NER_012,17,pattern_recognition,1,0.0,2733,2,0,1.0,0,15,0
SUBJ_NER_012,18,routine_recall,1,1.0,1791,0,0,1.0,0,16,0
SUBJ_NER_012,19,object_memory,1,1.0,2199,0,0,1.0,0,17,0
SUBJ_NER_012,20,reminiscence,1,0.0,2570,1,0,1.0,0,18,0
SUBJ_NER_012,21,memory_match,1,1.0,2009,0,0,1.0,0,19,0
SUBJ_NER_012,22,pattern_recognition,1,1.0,1796,0,0,1.0,0,20,0
SUBJ_NER_012,23,routine_recall,1,0.0,3331,2,0,1.0,0,21,0
SUBJ_NER_012,24,object_memory,1,1.0,1894,0,0,1.0,0,22,0
SUBJ_NER_012,25,reminiscence,1,0.0,1736,1,1,1.0,0,23,0
SUBJ_NER_012,26,memory_match,1,1.0,2271,0,0,1.0,0,24,0
SUBJ_NER_012,27,pattern_recognition,1,1.0,1886,0,0,1.0,0,25,0
SUBJ_NER_012,28,routine_recall,1,0.0,2435,3,0,1.0,0,26,0
SUBJ_NER_012,29,object_memory,1,1.0,2311,0,0,1.0,0,27,0
SUBJ_NER_012,30,reminiscence,1,0.0,2596,3,0,1.0,0,28,0
SUBJ_NER_012,31,memory_match,1,0.0,3614,2,0,1.0,0,29,0
SUBJ_NER_012,32,pattern_recognition,1,1.0,2429,0,0,1.0,0,30,0
SUBJ_NER_012,33,routine_recall,1,0.0,1819,2,0,1.0,0,31,0
SUBJ_NER_012,34,object_memory,1,1.0,2516,0,0,1.0,0,32,0
SUBJ_NER_012,35,reminiscence,1,0.0,3926,2,0,1.0,0,33,0
SUBJ_NER_012,36,memory_match,1,1.0,2227,0,0,1.0,0,34,0
SUBJ_NER_012,37,pattern_recognition,1,1.0,2163,0,0,1.0,0,35,0
SUBJ_NER_012,38,routine_recall,1,1.0,2886,0,0,1.0,0,36,0
SUBJ_NER_012,39,object_memory,1,1.0,1328,0,0,1.0,0,37,0
SUBJ_NER_012,40,reminiscence,1,0.0,2680,1,0,1.0,0,38,0
SUBJ_NER_012,41,memory_match,1,1.0,1645,0,0,1.0,0,39,0
SUBJ_NER_012,42,pattern_recognition,1,0.0,1777,1,2,1.0,0,40,0
SUBJ_NER_012,43,routine_recall,1,1.0,2437,0,0,1.0,0,41,0
SUBJ_NER_012,44,object_memory,1,0.0,1681,1,2,1.0,0,42,0
SUBJ_NER_012,45,reminiscence,1,0.0,3325,1,1,1.0,0,43,0
SUBJ_NER_012,46,memory_match,1,0.0,2850,1,1,1.0,0,44,0
SUBJ_NER_012,47,pattern_recognition,1,0.0,4328,1,1,1.0,0,45,0
SUBJ_NER_012,48,routine_recall,1,1.0,2504,0,0,1.0,0,46,0
SUBJ_NER_012,49,object_memory,1,1.0,1249,0,0,1.0,0,47,0
SUBJ_NER_012,50,reminiscence,1,0.0,2401,1,0,1.0,0,48,0
SUBJ_NER_012,51,memory_match,1,0.0,2227,2,0,1.0,0,49,0
SUBJ_NER_012,52,pattern_recognition,1,0.0,3125,1,0,1.0,0,50,0
SUBJ_NER_012,53,routine_recall,1,0.0,3437,1,0,1.0,0,51,0
SUBJ_NER_012,54,object_memory,1,1.0,2304,0,0,1.0,0,52,0
SUBJ_NER_012,55,reminiscence,1,1.0,2048,0,0,1.0,0,53,0
SUBJ_NER_012,56,memory_match,1,1.0,2111,0,0,1.0,0,54,0
SUBJ_NER_012,57,pattern_recognition,1,1.0,1186,0,0,1.0,0,55,0
SUBJ_NER_012,58,routine_recall,1,0.0,2938,2,0,1.0,0,56,0
SUBJ_NER_012,59,object_memory,1,1.0,2168,0,0,1.0,0,57,0
SUBJ_NER_012,60,reminiscence,1,0.0,2160,1,0,0.8,0,58,0
SUBJ_NER_013,1,memory_match,1,0.0,2626,1,1,1.0,0,1,0
SUBJ_NER_013,2,pattern_recognition,1,1.0,2122,0,0,1.0,1,0,1
SUBJ_NER_013,3,routine_recall,1,0.0,2143,2,0,1.0,0,1,0
SUBJ_NER_013,4,object_memory,1,1.0,2813,0,0,1.0,1,0,1
SUBJ_NER_013,5,reminiscence,1,1.0,2703,0,0,1.0,2,0,2
SUBJ_NER_013,6,memory_match,2,1.0,2014,0,0,1.0,3,0,2
SUBJ_NER_013,7,pattern_recognition,3,0.0,3845,1,0,1.0,0,1,0
SUBJ_NER_013,8,routine_recall,2,0.0,2713,3,0,1.0,0,2,0
SUBJ_NER_013,9,object_memory,1,1.0,1557,0,0,1.0,0,3,0
SUBJ_NER_013,10,reminiscence,1,0.0,3285,1,0,1.0,0,4,0
SUBJ_NER_013,11,memory_match,1,1.0,1928,0,0,1.0,0,5,0
SUBJ_NER_013,12,pattern_recognition,1,1.0,1896,0,0,1.0,0,6,0
SUBJ_NER_013,13,routine_recall,1,1.0,2736,0,0,1.0,0,7,0
SUBJ_NER_013,14,object_memory,1,1.0,2536,0,0,1.0,0,8,0
SUBJ_NER_013,15,reminiscence,1,1.0,2441,0,0,1.0,0,9,0
SUBJ_NER_013,16,memory_match,1,1.0,1680,0,0,1.0,0,10,0
SUBJ_NER_013,17,pattern_recognition,1,1.0,1887,0,0,1.0,0,11,0
SUBJ_NER_013,18,routine_recall,1,1.0,2347,0,0,1.0,0,12,0
SUBJ_NER_013,19,object_memory,1,1.0,1774,0,0,1.0,0,13,0
SUBJ_NER_013,20,reminiscence,1,0.0,1624,1,0,1.0,0,14,0
SUBJ_NER_013,21,memory_match,1,1.0,1764,0,0,1.0,0,15,0
SUBJ_NER_013,22,pattern_recognition,1,1.0,1725,0,0,1.0,0,16,0
SUBJ_NER_013,23,routine_recall,1,1.0,1767,0,0,1.0,0,17,0
SUBJ_NER_013,24,object_memory,1,1.0,1291,0,0,1.0,0,18,0
SUBJ_NER_013,25,reminiscence,1,0.0,2233,3,0,1.0,0,19,0
SUBJ_NER_013,26,memory_match,1,1.0,1480,0,0,1.0,0,20,0
SUBJ_NER_013,27,pattern_recognition,1,1.0,1836,0,0,1.0,0,21,0
SUBJ_NER_013,28,routine_recall,1,1.0,1825,0,0,1.0,0,22,0
SUBJ_NER_013,29,object_memory,1,1.0,1941,0,0,1.0,0,23,0
SUBJ_NER_013,30,reminiscence,1,1.0,2208,0,0,1.0,0,24,0
SUBJ_NER_013,31,memory_match,1,1.0,1509,0,0,1.0,0,25,0
SUBJ_NER_013,32,pattern_recognition,1,1.0,2508,0,0,1.0,0,26,0
SUBJ_NER_013,33,routine_recall,1,1.0,1839,0,0,1.0,0,27,0
SUBJ_NER_013,34,object_memory,1,1.0,2007,0,0,1.0,0,28,0
SUBJ_NER_013,35,reminiscence,1,1.0,1912,0,0,1.0,0,29,0
SUBJ_NER_013,36,memory_match,1,1.0,1951,0,0,1.0,0,30,0
SUBJ_NER_013,37,pattern_recognition,1,1.0,2038,0,0,1.0,0,31,0
SUBJ_NER_013,38,routine_recall,1,0.0,2052,1,1,1.0,0,32,0
SUBJ_NER_013,39,object_memory,1,0.0,2997,1,1,1.0,0,33,0
SUBJ_NER_013,40,reminiscence,1,0.0,1951,1,0,1.0,0,34,0
SUBJ_NER_013,41,memory_match,1,1.0,2023,0,0,1.0,0,35,0
SUBJ_NER_013,42,pattern_recognition,1,1.0,1474,0,0,1.0,0,36,0
SUBJ_NER_013,43,routine_recall,1,0.0,1998,1,1,1.0,0,37,0
SUBJ_NER_013,44,object_memory,1,0.0,1931,2,0,1.0,0,38,0
SUBJ_NER_013,45,reminiscence,1,1.0,1572,0,0,1.0,0,39,0
SUBJ_NER_013,46,memory_match,1,1.0,1913,0,0,1.0,0,40,0
SUBJ_NER_013,47,pattern_recognition,1,0.0,2678,1,0,1.0,0,41,0
SUBJ_NER_013,48,routine_recall,1,1.0,2304,0,0,1.0,0,42,0
SUBJ_NER_013,49,object_memory,1,1.0,2166,0,0,1.0,0,43,0
SUBJ_NER_013,50,reminiscence,1,1.0,2203,0,0,1.0,0,44,0
SUBJ_NER_013,51,memory_match,1,1.0,1719,0,0,1.0,0,45,0
SUBJ_NER_013,52,pattern_recognition,1,1.0,1924,0,0,1.0,0,46,0
SUBJ_NER_013,53,routine_recall,1,1.0,2279,0,0,1.0,0,47,0
SUBJ_NER_013,54,object_memory,1,1.0,1519,0,0,1.0,0,48,0
SUBJ_NER_013,55,reminiscence,1,1.0,2013,0,0,1.0,0,49,0
SUBJ_NER_013,56,memory_match,1,1.0,2130,0,0,1.0,0,50,0
SUBJ_NER_013,57,pattern_recognition,1,1.0,1903,0,0,1.0,0,51,0
SUBJ_NER_013,58,routine_recall,1,1.0,1840,0,0,1.0,0,52,0
SUBJ_NER_013,59,object_memory,1,1.0,2042,0,0,1.0,0,53,0
SUBJ_NER_013,60,reminiscence,1,1.0,2206,0,0,1.0,0,54,0
SUBJ_NER_014,1,memory_match,1,1.0,1815,0,0,1.0,1,0,1
SUBJ_NER_014,2,pattern_recognition,1,1.0,3224,0,0,1.0,2,0,2
SUBJ_NER_014,3,routine_recall,2,0.0,2896,1,2,1.0,0,1,0
SUBJ_NER_014,4,object_memory,1,1.0,1645,0,0,1.0,1,0,1
SUBJ_NER_014,5,reminiscence,1,0.0,2724,1,1,1.0,0,1,0
SUBJ_NER_014,6,memory_match,1,1.0,2338,0,0,1.0,1,0,1
SUBJ_NER_014,7,pattern_recognition,1,1.0,2154,0,0,1.0,2,0,2
SUBJ_NER_014,8,routine_recall,2,0.0,3706,2,2,1.0,0,1,0
SUBJ_NER_014,9,object_memory,1,1.0,2024,0,0,1.0,1,0,1
SUBJ_NER_014,10,reminiscence,1,0.0,2662,1,2,1.0,0,1,0
SUBJ_NER_014,11,memory_match,1,1.0,2561,0,0,1.0,1,0,1
SUBJ_NER_014,12,pattern_recognition,1,1.0,2398,0,0,1.0,2,0,2
SUBJ_NER_014,13,routine_recall,2,1.0,2848,0,0,1.0,3,0,2
SUBJ_NER_014,14,object_memory,3,1.0,3087,0,0,1.0,4,0,2
SUBJ_NER_014,15,reminiscence,4,1.0,2962,0,0,1.0,5,0,2
SUBJ_NER_014,16,memory_match,5,1.0,3541,0,0,1.0,6,0,1
SUBJ_NER_014,17,pattern_recognition,5,0.0,3980,3,0,1.0,0,1,0
SUBJ_NER_014,18,routine_recall,4,1.0,2578,0,0,1.0,1,0,1
SUBJ_NER_014,19,object_memory,4,0.0,3548,1,1,1.0,0,1,0
SUBJ_NER_014,20,reminiscence,3,1.0,2861,0,0,1.0,1,0,1
SUBJ_NER_014,21,memory_match,3,0.0,2943,2,0,1.0,0,1,0
SUBJ_NER_014,22,pattern_recognition,2,1.0,3053,0,0,1.0,1,0,1
SUBJ_NER_014,23,routine_recall,2,0.0,3965,1,1,1.0,0,1,0
SUBJ_NER_014,24,object_memory,1,0.0,1771,1,0,1.0,0,2,0
SUBJ_NER_014,25,reminiscence,1,1.0,2600,0,0,1.0,0,3,0
SUBJ_NER_014,26,memory_match,1,1.0,2298,0,0,1.0,0,4,0
SUBJ_NER_014,27,pattern_recognition,1,1.0,1974,0,0,1.0,0,5,0
SUBJ_NER_014,28,routine_recall,1,1.0,3208,0,0,1.0,0,6,0
SUBJ_NER_014,29,object_memory,1,1.0,2197,0,0,1.0,0,7,0
SUBJ_NER_014,30,reminiscence,1,1.0,1728,0,0,1.0,0,8,0
SUBJ_NER_014,31,memory_match,1,1.0,2180,0,0,1.0,0,9,0
SUBJ_NER_014,32,pattern_recognition,1,1.0,2292,0,0,1.0,0,10,0
SUBJ_NER_014,33,routine_recall,1,1.0,2584,0,0,1.0,0,11,0
SUBJ_NER_014,34,object_memory,1,1.0,2429,0,0,1.0,0,12,0
SUBJ_NER_014,35,reminiscence,1,1.0,2839,0,0,1.0,0,13,0
SUBJ_NER_014,36,memory_match,1,1.0,1922,0,0,1.0,0,14,0
SUBJ_NER_014,37,pattern_recognition,1,1.0,1977,0,0,1.0,0,15,0
SUBJ_NER_014,38,routine_recall,1,1.0,2248,0,0,1.0,0,16,0
SUBJ_NER_014,39,object_memory,1,0.0,2061,1,0,1.0,0,17,0
SUBJ_NER_014,40,reminiscence,1,1.0,2640,0,0,1.0,0,18,0
SUBJ_NER_014,41,memory_match,1,0.0,3597,1,0,1.0,0,19,0
SUBJ_NER_014,42,pattern_recognition,1,0.0,2321,1,0,1.0,0,20,0
SUBJ_NER_014,43,routine_recall,1,0.0,2787,2,0,1.0,0,21,0
SUBJ_NER_014,44,object_memory,1,1.0,2663,0,0,1.0,0,22,0
SUBJ_NER_014,45,reminiscence,1,0.0,3560,1,0,1.0,0,23,0
SUBJ_NER_014,46,memory_match,1,1.0,2342,0,0,1.0,0,24,0
SUBJ_NER_014,47,pattern_recognition,1,1.0,3139,0,0,1.0,0,25,0
SUBJ_NER_014,48,routine_recall,1,1.0,2405,0,0,1.0,0,26,0
SUBJ_NER_014,49,object_memory,1,1.0,2000,0,0,1.0,0,27,0
SUBJ_NER_014,50,reminiscence,1,1.0,2679,0,0,1.0,0,28,0
SUBJ_NER_014,51,memory_match,1,1.0,3106,0,0,1.0,0,29,0
SUBJ_NER_014,52,pattern_recognition,1,0.0,3235,2,0,1.0,0,30,0
SUBJ_NER_014,53,routine_recall,1,1.0,2536,0,0,1.0,0,31,0
SUBJ_NER_014,54,object_memory,1,1.0,2499,0,0,1.0,0,32,0
SUBJ_NER_014,55,reminiscence,1,0.0,3164,2,0,1.0,0,33,0
SUBJ_NER_014,56,memory_match,1,1.0,2675,0,0,1.0,0,34,0
SUBJ_NER_014,57,pattern_recognition,1,1.0,2218,0,0,1.0,0,35,0
SUBJ_NER_014,58,routine_recall,1,1.0,2535,0,0,1.0,0,36,0
SUBJ_NER_014,59,object_memory,1,1.0,3268,0,0,1.0,0,37,0
SUBJ_NER_014,60,reminiscence,1,1.0,2663,0,0,0.5,0,38,0
SUBJ_NER_015,1,memory_match,1,1.0,2030,0,0,1.0,1,0,1
SUBJ_NER_015,2,pattern_recognition,1,1.0,3364,0,0,1.0,2,0,2
SUBJ_NER_015,3,routine_recall,2,0.0,2504,1,0,1.0,0,1,0
SUBJ_NER_015,4,object_memory,1,0.0,2121,1,1,1.0,0,2,0
SUBJ_NER_015,5,reminiscence,1,1.0,2318,0,0,1.0,0,3,0
SUBJ_NER_015,6,memory_match,1,1.0,1965,0,0,1.0,0,4,0
SUBJ_NER_015,7,pattern_recognition,1,0.0,1955,3,1,1.0,0,5,0
SUBJ_NER_015,8,routine_recall,1,1.0,1912,0,0,1.0,0,6,0
SUBJ_NER_015,9,object_memory,1,1.0,2449,0,0,1.0,0,7,0
SUBJ_NER_015,10,reminiscence,1,1.0,1452,0,0,1.0,0,8,0
SUBJ_NER_015,11,memory_match,1,0.0,3012,1,0,1.0,0,9,0
SUBJ_NER_015,12,pattern_recognition,1,0.0,2631,1,0,1.0,0,10,0
SUBJ_NER_015,13,routine_recall,1,0.0,1933,1,0,1.0,0,11,0
SUBJ_NER_015,14,object_memory,1,1.0,1887,0,0,1.0,0,12,0
SUBJ_NER_015,15,reminiscence,1,1.0,2219,0,0,1.0,0,13,0
SUBJ_NER_015,16,memory_match,1,0.0,2863,1,0,1.0,0,14,0
SUBJ_NER_015,17,pattern_recognition,1,1.0,2145,0,0,1.0,0,15,0
SUBJ_NER_015,18,routine_recall,1,1.0,1882,0,0,1.0,0,16,0
SUBJ_NER_015,19,object_memory,1,1.0,2366,0,0,1.0,0,17,0
SUBJ_NER_015,20,reminiscence,1,1.0,2361,0,0,1.0,0,18,0
SUBJ_NER_015,21,memory_match,1,1.0,2732,0,0,1.0,0,19,0
SUBJ_NER_015,22,pattern_recognition,1,0.0,2479,2,1,1.0,0,20,0
SUBJ_NER_015,23,routine_recall,1,0.0,1736,2,0,1.0,0,21,0
SUBJ_NER_015,24,object_memory,1,1.0,1746,0,0,1.0,0,22,0
SUBJ_NER_015,25,reminiscence,1,1.0,2413,0,0,1.0,0,23,0
SUBJ_NER_015,26,memory_match,1,0.0,2777,1,1,1.0,0,24,0
SUBJ_NER_015,27,pattern_recognition,1,1.0,2331,0,0,1.0,0,25,0
SUBJ_NER_015,28,routine_recall,1,1.0,2026,0,0,1.0,0,26,0
SUBJ_NER_015,29,object_memory,1,0.0,3070,2,0,1.0,0,27,0
SUBJ_NER_015,30,reminiscence,1,1.0,2067,0,0,1.0,0,28,0
SUBJ_NER_015,31,memory_match,1,1.0,1974,0,0,1.0,0,29,0
SUBJ_NER_015,32,pattern_recognition,1,1.0,2242,0,0,1.0,0,30,0
SUBJ_NER_015,33,routine_recall,1,0.0,2487,2,1,1.0,0,31,0
SUBJ_NER_015,34,object_memory,1,1.0,2452,0,0,1.0,0,32,0
SUBJ_NER_015,35,reminiscence,1,1.0,2661,0,0,1.0,0,33,0
SUBJ_NER_015,36,memory_match,1,1.0,1856,0,0,1.0,0,34,0
SUBJ_NER_015,37,pattern_recognition,1,1.0,2013,0,0,1.0,0,35,0
SUBJ_NER_015,38,routine_recall,1,1.0,2226,0,0,1.0,0,36,0
SUBJ_NER_015,39,object_memory,1,1.0,2214,0,0,1.0,0,37,0
SUBJ_NER_015,40,reminiscence,1,1.0,2057,0,0,1.0,0,38,0
SUBJ_NER_015,41,memory_match,1,0.0,3715,3,1,1.0,0,39,0
SUBJ_NER_015,42,pattern_recognition,1,1.0,2706,0,0,1.0,0,40,0
SUBJ_NER_015,43,routine_recall,1,1.0,2129,0,0,1.0,0,41,0
SUBJ_NER_015,44,object_memory,1,1.0,1744,0,0,1.0,0,42,0
SUBJ_NER_015,45,reminiscence,1,0.0,2625,2,0,1.0,0,43,0
SUBJ_NER_015,46,memory_match,1,1.0,2294,0,0,1.0,0,44,0
SUBJ_NER_015,47,pattern_recognition,1,1.0,2169,0,0,1.0,0,45,0
SUBJ_NER_015,48,routine_recall,1,1.0,2636,0,0,1.0,0,46,0
SUBJ_NER_015,49,object_memory,1,1.0,4335,0,0,1.0,0,47,0
SUBJ_NER_015,50,reminiscence,1,1.0,2186,0,0,1.0,0,48,0
SUBJ_NER_015,51,memory_match,1,1.0,2009,0,0,1.0,0,49,0
SUBJ_NER_015,52,pattern_recognition,1,1.0,2235,0,0,1.0,0,50,0
SUBJ_NER_015,53,routine_recall,1,1.0,2358,0,0,1.0,0,51,0
SUBJ_NER_015,54,object_memory,1,1.0,1827,0,0,1.0,0,52,0
SUBJ_NER_015,55,reminiscence,1,0.0,1951,2,1,1.0,0,53,0
SUBJ_NER_015,56,memory_match,1,0.0,1831,1,1,1.0,0,54,0
SUBJ_NER_015,57,pattern_recognition,1,1.0,2738,0,0,1.0,0,55,0
SUBJ_NER_015,58,routine_recall,1,1.0,2674,0,0,1.0,0,56,0
SUBJ_NER_015,59,object_memory,1,1.0,2577,0,0,0.8,0,57,0
SUBJ_NER_015,60,reminiscence,1,1.0,1669,0,0,0.8,0,58,0
SUBJ_NER_016,1,memory_match,1,1.0,2321,0,0,1.0,1,0,1
SUBJ_NER_016,2,pattern_recognition,1,1.0,1901,0,0,1.0,2,0,2
SUBJ_NER_016,3,routine_recall,2,0.0,3820,1,1,1.0,0,1,0
SUBJ_NER_016,4,object_memory,1,1.0,2432,0,0,1.0,1,0,1
SUBJ_NER_016,5,reminiscence,1,0.0,1765,2,0,1.0,0,1,0
SUBJ_NER_016,6,memory_match,1,0.0,1822,1,1,1.0,0,2,0
SUBJ_NER_016,7,pattern_recognition,1,0.0,1962,1,1,1.0,0,3,0
SUBJ_NER_016,8,routine_recall,1,1.0,2167,0,0,1.0,0,4,0
SUBJ_NER_016,9,object_memory,1,0.0,2703,1,0,1.0,0,5,0
SUBJ_NER_016,10,reminiscence,1,1.0,2507,0,0,1.0,0,6,0
SUBJ_NER_016,11,memory_match,1,0.0,2134,1,0,1.0,0,7,0
SUBJ_NER_016,12,pattern_recognition,1,1.0,1821,0,0,1.0,0,8,0
SUBJ_NER_016,13,routine_recall,1,1.0,1973,0,0,1.0,0,9,0
SUBJ_NER_016,14,object_memory,1,0.0,2385,1,0,1.0,0,10,0
SUBJ_NER_016,15,reminiscence,1,0.0,2205,2,0,1.0,0,11,0
SUBJ_NER_016,16,memory_match,1,1.0,2131,0,0,1.0,0,12,0
SUBJ_NER_016,17,pattern_recognition,1,0.0,2787,1,0,1.0,0,13,0
SUBJ_NER_016,18,routine_recall,1,0.0,2573,1,0,1.0,0,14,0
SUBJ_NER_016,19,object_memory,1,0.0,2220,1,0,1.0,0,15,0
SUBJ_NER_016,20,reminiscence,1,0.0,2300,1,0,1.0,0,16,0
SUBJ_NER_016,21,memory_match,1,1.0,1851,0,0,1.0,0,17,0
SUBJ_NER_016,22,pattern_recognition,1,0.0,2826,1,0,1.0,0,18,0
SUBJ_NER_016,23,routine_recall,1,0.0,2415,1,1,1.0,0,19,0
SUBJ_NER_016,24,object_memory,1,0.0,1730,1,0,1.0,0,20,0
SUBJ_NER_016,25,reminiscence,1,0.0,2788,2,0,1.0,0,21,0
SUBJ_NER_016,26,memory_match,1,1.0,2249,0,0,1.0,0,22,0
SUBJ_NER_016,27,pattern_recognition,1,0.0,2060,1,0,1.0,0,23,0
SUBJ_NER_016,28,routine_recall,1,0.0,3436,1,0,1.0,0,24,0
SUBJ_NER_016,29,object_memory,1,0.0,2607,2,0,1.0,0,25,0
SUBJ_NER_016,30,reminiscence,1,0.0,2361,3,1,1.0,0,26,0
SUBJ_NER_016,31,memory_match,1,1.0,1555,0,0,1.0,0,27,0
SUBJ_NER_016,32,pattern_recognition,1,0.0,2092,1,0,1.0,0,28,0
SUBJ_NER_016,33,routine_recall,1,0.0,2115,1,0,1.0,0,29,0
SUBJ_NER_016,34,object_memory,1,0.0,3009,1,0,1.0,0,30,0
SUBJ_NER_016,35,reminiscence,1,0.0,1752,2,0,1.0,0,31,0
SUBJ_NER_016,36,memory_match,1,0.0,2532,1,0,1.0,0,32,0
SUBJ_NER_016,37,pattern_recognition,1,1.0,1724,0,0,1.0,0,33,0
SUBJ_NER_016,38,routine_recall,1,0.0,2518,1,0,1.0,0,34,0
SUBJ_NER_016,39,object_memory,1,0.0,2436,1,0,1.0,0,35,0
SUBJ_NER_016,40,reminiscence,1,0.0,1712,1,0,1.0,0,36,0
SUBJ_NER_016,41,memory_match,1,0.0,2490,1,0,1.0,0,37,0
SUBJ_NER_016,42,pattern_recognition,1,0.0,2098,1,1,1.0,0,38,0
SUBJ_NER_016,43,routine_recall,1,1.0,2414,0,0,1.0,0,39,0
SUBJ_NER_016,44,object_memory,1,0.0,2995,2,0,1.0,0,40,0
SUBJ_NER_016,45,reminiscence,1,1.0,2461,0,0,1.0,0,41,0
SUBJ_NER_016,46,memory_match,1,1.0,1932,0,0,1.0,0,42,0
SUBJ_NER_016,47,pattern_recognition,1,0.0,2785,1,0,1.0,0,43,0
SUBJ_NER_016,48,routine_recall,1,0.0,2231,2,1,1.0,0,44,0
SUBJ_NER_016,49,object_memory,1,0.0,2097,2,2,1.0,0,45,0
SUBJ_NER_016,50,reminiscence,1,0.0,1918,1,1,1.0,0,46,0
SUBJ_NER_016,51,memory_match,1,0.0,2386,3,1,1.0,0,47,0
SUBJ_NER_016,52,pattern_recognition,1,0.0,3004,2,0,1.0,0,48,0
SUBJ_NER_016,53,routine_recall,1,1.0,2082,0,0,1.0,0,49,0
SUBJ_NER_016,54,object_memory,1,0.0,2717,1,0,1.0,0,50,0
SUBJ_NER_016,55,reminiscence,1,1.0,2410,0,0,1.0,0,51,0
SUBJ_NER_016,56,memory_match,1,1.0,2015,0,0,1.0,0,52,0
SUBJ_NER_016,57,pattern_recognition,1,0.0,3250,1,0,1.0,0,53,0
SUBJ_NER_016,58,routine_recall,1,0.0,2635,1,1,1.0,0,54,0
SUBJ_NER_016,59,object_memory,1,0.0,1784,2,0,1.0,0,55,0
SUBJ_NER_016,60,reminiscence,1,0.0,2415,1,1,1.0,0,56,0
SUBJ_NER_017,1,memory_match,1,1.0,3162,0,0,1.0,1,0,1
SUBJ_NER_017,2,pattern_recognition,1,0.0,3294,1,1,1.0,0,1,0
SUBJ_NER_017,3,routine_recall,1,1.0,3289,0,0,1.0,1,0,1
SUBJ_NER_017,4,object_memory,1,1.0,3412,0,0,1.0,2,0,2
SUBJ_NER_017,5,reminiscence,2,1.0,4119,0,0,1.0,3,0,1
SUBJ_NER_017,6,memory_match,2,1.0,3721,0,0,1.0,4,0,1
SUBJ_NER_017,7,pattern_recognition,2,1.0,3362,0,0,1.0,5,0,2
SUBJ_NER_017,8,routine_recall,3,0.0,4752,1,0,1.0,0,1,0
SUBJ_NER_017,9,object_memory,2,1.0,4127,0,0,1.0,1,0,1
SUBJ_NER_017,10,reminiscence,2,0.0,4612,1,0,1.0,0,1,0
SUBJ_NER_017,11,memory_match,1,0.0,4490,3,0,1.0,0,2,0
SUBJ_NER_017,12,pattern_recognition,1,0.0,3405,1,0,1.0,0,3,0
SUBJ_NER_017,13,routine_recall,1,1.0,2777,0,0,1.0,0,4,0
SUBJ_NER_017,14,object_memory,1,1.0,3157,0,0,1.0,0,5,0
SUBJ_NER_017,15,reminiscence,1,1.0,3538,0,0,1.0,0,6,0
SUBJ_NER_017,16,memory_match,1,1.0,3052,0,0,1.0,0,7,0
SUBJ_NER_017,17,pattern_recognition,1,1.0,3157,0,0,1.0,0,8,0
SUBJ_NER_017,18,routine_recall,1,1.0,3098,0,0,1.0,0,9,0
SUBJ_NER_017,19,object_memory,1,1.0,3834,0,0,1.0,0,10,0
SUBJ_NER_017,20,reminiscence,1,1.0,3715,0,0,1.0,0,11,0
SUBJ_NER_017,21,memory_match,1,1.0,3038,0,0,1.0,0,12,0
SUBJ_NER_017,22,pattern_recognition,1,1.0,3645,0,0,1.0,0,13,0
SUBJ_NER_017,23,routine_recall,1,1.0,3298,0,0,1.0,0,14,0
SUBJ_NER_017,24,object_memory,1,1.0,2842,0,0,1.0,0,15,0
SUBJ_NER_017,25,reminiscence,1,1.0,2868,0,0,1.0,0,16,0
SUBJ_NER_017,26,memory_match,1,1.0,3441,0,0,1.0,0,17,0
SUBJ_NER_017,27,pattern_recognition,1,0.0,3573,2,0,1.0,0,18,0
SUBJ_NER_017,28,routine_recall,1,1.0,5198,0,0,1.0,0,19,0
SUBJ_NER_017,29,object_memory,1,1.0,4241,0,0,1.0,0,20,0
SUBJ_NER_017,30,reminiscence,1,0.0,2929,1,1,1.0,0,21,0
SUBJ_NER_017,31,memory_match,1,1.0,5500,0,0,1.0,0,22,0
SUBJ_NER_017,32,pattern_recognition,1,0.0,4033,1,0,1.0,0,23,0
SUBJ_NER_017,33,routine_recall,1,1.0,2530,0,0,1.0,0,24,0
SUBJ_NER_017,34,object_memory,1,0.0,3289,1,0,1.0,0,25,0
SUBJ_NER_017,35,reminiscence,1,1.0,4374,0,0,1.0,0,26,0
SUBJ_NER_017,36,memory_match,1,1.0,4958,0,0,1.0,0,27,0
SUBJ_NER_017,37,pattern_recognition,1,1.0,3605,0,0,1.0,0,28,0
SUBJ_NER_017,38,routine_recall,1,1.0,4267,0,0,1.0,0,29,0
SUBJ_NER_017,39,object_memory,1,1.0,4746,0,0,1.0,0,30,0
SUBJ_NER_017,40,reminiscence,1,1.0,2283,0,0,1.0,0,31,0
SUBJ_NER_017,41,memory_match,1,0.0,4457,3,1,1.0,0,32,0
SUBJ_NER_017,42,pattern_recognition,1,0.0,4058,1,0,1.0,0,33,0
SUBJ_NER_017,43,routine_recall,1,1.0,4323,0,0,1.0,0,34,0
SUBJ_NER_017,44,object_memory,1,1.0,2918,0,0,1.0,0,35,0
SUBJ_NER_017,45,reminiscence,1,1.0,2445,0,0,1.0,0,36,0
SUBJ_NER_017,46,memory_match,1,0.0,2898,1,1,1.0,0,37,0
SUBJ_NER_017,47,pattern_recognition,1,0.0,4343,1,0,1.0,0,38,0
SUBJ_NER_017,48,routine_recall,1,1.0,3204,0,0,1.0,0,39,0
SUBJ_NER_017,49,object_memory,1,1.0,2801,0,0,1.0,0,40,0
SUBJ_NER_017,50,reminiscence,1,1.0,3687,0,0,1.0,0,41,0
SUBJ_NER_017,51,memory_match,1,0.0,2524,1,1,1.0,0,42,0
SUBJ_NER_017,52,pattern_recognition,1,0.0,2808,1,0,1.0,0,43,0
SUBJ_NER_017,53,routine_recall,1,1.0,3622,0,0,1.0,0,44,0
SUBJ_NER_017,54,object_memory,1,1.0,3772,0,0,1.0,0,45,0
SUBJ_NER_017,55,reminiscence,1,0.0,5859,1,0,0.5,0,46,0
SUBJ_NER_017,56,memory_match,1,1.0,2637,0,0,1.0,0,47,0
SUBJ_NER_017,57,pattern_recognition,1,1.0,3722,0,0,1.0,0,48,0
SUBJ_NER_017,58,routine_recall,1,0.0,3459,1,0,1.0,0,49,0
SUBJ_NER_017,59,object_memory,1,0.0,3663,1,0,1.0,0,50,0
SUBJ_NER_017,60,reminiscence,1,0.0,3749,2,0,0.8,0,51,0
SUBJ_NER_018,1,memory_match,1,1.0,1806,0,0,1.0,1,0,1
SUBJ_NER_018,2,pattern_recognition,1,0.0,1858,2,0,1.0,0,1,0
SUBJ_NER_018,3,routine_recall,1,1.0,1454,0,0,1.0,1,0,1
SUBJ_NER_018,4,object_memory,1,1.0,1247,0,0,1.0,2,0,2
SUBJ_NER_018,5,reminiscence,2,0.0,1969,1,0,1.0,0,1,0
SUBJ_NER_018,6,memory_match,1,0.0,1361,2,2,1.0,0,2,0
SUBJ_NER_018,7,pattern_recognition,1,0.0,2054,1,0,1.0,0,3,0
SUBJ_NER_018,8,routine_recall,1,0.0,2384,2,0,1.0,0,4,0
SUBJ_NER_018,9,object_memory,1,0.0,1531,2,0,1.0,0,5,0
SUBJ_NER_018,10,reminiscence,1,0.0,1875,1,0,1.0,0,6,0
SUBJ_NER_018,11,memory_match,1,1.0,1170,0,0,1.0,0,7,0
SUBJ_NER_018,12,pattern_recognition,1,1.0,1189,0,0,1.0,0,8,0
SUBJ_NER_018,13,routine_recall,1,1.0,1148,0,0,1.0,0,9,0
SUBJ_NER_018,14,object_memory,1,1.0,1617,0,0,1.0,0,10,0
SUBJ_NER_018,15,reminiscence,1,1.0,876,0,0,1.0,0,11,0
SUBJ_NER_018,16,memory_match,1,1.0,1991,0,0,1.0,0,12,0
SUBJ_NER_018,17,pattern_recognition,1,1.0,1762,0,0,1.0,0,13,0
SUBJ_NER_018,18,routine_recall,1,0.0,1735,1,0,1.0,0,14,0
SUBJ_NER_018,19,object_memory,1,0.0,2707,2,0,1.0,0,15,0
SUBJ_NER_018,20,reminiscence,1,1.0,1380,0,0,1.0,0,16,0
SUBJ_NER_018,21,memory_match,1,1.0,1596,0,0,1.0,0,17,0
SUBJ_NER_018,22,pattern_recognition,1,1.0,2400,0,0,1.0,0,18,0
SUBJ_NER_018,23,routine_recall,1,1.0,1497,0,0,1.0,0,19,0
SUBJ_NER_018,24,object_memory,1,0.0,1757,1,1,1.0,0,20,0
SUBJ_NER_018,25,reminiscence,1,1.0,1099,0,0,1.0,0,21,0
SUBJ_NER_018,26,memory_match,1,0.0,1910,2,1,1.0,0,22,0
SUBJ_NER_018,27,pattern_recognition,1,0.0,1597,1,0,1.0,0,23,0
SUBJ_NER_018,28,routine_recall,1,1.0,1240,0,0,1.0,0,24,0
SUBJ_NER_018,29,object_memory,1,1.0,1691,0,0,1.0,0,25,0
SUBJ_NER_018,30,reminiscence,1,1.0,944,0,0,1.0,0,26,0
SUBJ_NER_018,31,memory_match,1,1.0,1179,0,0,1.0,0,27,0
SUBJ_NER_018,32,pattern_recognition,1,1.0,1281,0,0,1.0,0,28,0
SUBJ_NER_018,33,routine_recall,1,1.0,695,0,0,1.0,0,29,0
SUBJ_NER_018,34,object_memory,1,1.0,1044,0,0,1.0,0,30,0
SUBJ_NER_018,35,reminiscence,1,0.0,1615,2,0,1.0,0,31,0
SUBJ_NER_018,36,memory_match,1,1.0,1413,0,0,1.0,0,32,0
SUBJ_NER_018,37,pattern_recognition,1,1.0,1535,0,0,1.0,0,33,0
SUBJ_NER_018,38,routine_recall,1,1.0,1158,0,0,1.0,0,34,0
SUBJ_NER_018,39,object_memory,1,1.0,1222,0,0,1.0,0,35,0
SUBJ_NER_018,40,reminiscence,1,0.0,1455,1,0,1.0,0,36,0
SUBJ_NER_018,41,memory_match,1,0.0,1456,1,1,1.0,0,37,0
SUBJ_NER_018,42,pattern_recognition,1,1.0,1304,0,0,1.0,0,38,0
SUBJ_NER_018,43,routine_recall,1,1.0,2216,0,0,1.0,0,39,0
SUBJ_NER_018,44,object_memory,1,0.0,1182,2,0,1.0,0,40,0
SUBJ_NER_018,45,reminiscence,1,0.0,1289,1,0,1.0,0,41,0
SUBJ_NER_018,46,memory_match,1,0.0,1548,1,0,1.0,0,42,0
SUBJ_NER_018,47,pattern_recognition,1,1.0,1561,0,0,1.0,0,43,0
SUBJ_NER_018,48,routine_recall,1,0.0,1771,1,1,1.0,0,44,0
SUBJ_NER_018,49,object_memory,1,1.0,1032,0,0,1.0,0,45,0
SUBJ_NER_018,50,reminiscence,1,0.0,1668,2,0,1.0,0,46,0
SUBJ_NER_018,51,memory_match,1,0.0,2270,1,0,1.0,0,47,0
SUBJ_NER_018,52,pattern_recognition,1,0.0,1654,2,1,1.0,0,48,0
SUBJ_NER_018,53,routine_recall,1,1.0,2071,0,0,1.0,0,49,0
SUBJ_NER_018,54,object_memory,1,1.0,1698,0,0,1.0,0,50,0
SUBJ_NER_018,55,reminiscence,1,1.0,1242,0,0,1.0,0,51,0
SUBJ_NER_018,56,memory_match,1,0.0,1460,1,0,1.0,0,52,0
SUBJ_NER_018,57,pattern_recognition,1,1.0,969,0,0,1.0,0,53,0
SUBJ_NER_018,58,routine_recall,1,0.0,2144,1,0,0.5,0,54,0
SUBJ_NER_018,59,object_memory,1,1.0,1397,0,0,1.0,0,55,0
SUBJ_NER_018,60,reminiscence,1,0.0,1573,1,0,1.0,0,56,0
SUBJ_NER_019,1,memory_match,1,0.0,3445,2,0,1.0,0,1,0
SUBJ_NER_019,2,pattern_recognition,1,1.0,2829,0,0,1.0,1,0,1
SUBJ_NER_019,3,routine_recall,1,0.0,3935,3,0,1.0,0,1,0
SUBJ_NER_019,4,object_memory,1,0.0,2178,1,0,1.0,0,2,0
SUBJ_NER_019,5,reminiscence,1,0.0,3992,2,0,1.0,0,3,0
SUBJ_NER_019,6,memory_match,1,1.0,2651,0,0,1.0,0,4,0
SUBJ_NER_019,7,pattern_recognition,1,0.0,2922,1,2,1.0,0,5,0
SUBJ_NER_019,8,routine_recall,1,0.0,3467,1,0,1.0,0,6,0
SUBJ_NER_019,9,object_memory,1,0.0,4261,1,0,1.0,0,7,0
SUBJ_NER_019,10,reminiscence,1,1.0,2446,0,0,1.0,0,8,0
SUBJ_NER_019,11,memory_match,1,0.0,2869,2,0,1.0,0,9,0
SUBJ_NER_019,12,pattern_recognition,1,0.0,2816,1,0,1.0,0,10,0
SUBJ_NER_019,13,routine_recall,1,1.0,1521,0,0,1.0,0,11,0
SUBJ_NER_019,14,object_memory,1,0.0,3747,1,2,1.0,0,12,0
SUBJ_NER_019,15,reminiscence,1,0.0,3028,2,0,1.0,0,13,0
SUBJ_NER_019,16,memory_match,1,1.0,3707,0,0,1.0,0,14,0
SUBJ_NER_019,17,pattern_recognition,1,0.0,2366,2,0,1.0,0,15,0
SUBJ_NER_019,18,routine_recall,1,0.0,2712,1,0,1.0,0,16,0
SUBJ_NER_019,19,object_memory,1,0.0,3138,1,1,1.0,0,17,0
SUBJ_NER_019,20,reminiscence,1,0.0,2527,1,0,1.0,0,18,0
SUBJ_NER_019,21,memory_match,1,0.0,2914,1,0,1.0,0,19,0
SUBJ_NER_019,22,pattern_recognition,1,0.0,2890,2,1,1.0,0,20,0
SUBJ_NER_019,23,routine_recall,1,0.0,3476,2,1,1.0,0,21,0
SUBJ_NER_019,24,object_memory,1,0.0,4462,1,1,1.0,0,22,0
SUBJ_NER_019,25,reminiscence,1,0.0,2533,2,0,1.0,0,23,0
SUBJ_NER_019,26,memory_match,1,0.0,2848,1,0,1.0,0,24,0
SUBJ_NER_019,27,pattern_recognition,1,1.0,3404,0,0,1.0,0,25,0
SUBJ_NER_019,28,routine_recall,1,1.0,2632,0,0,1.0,0,26,0
SUBJ_NER_019,29,object_memory,1,0.0,2430,1,1,1.0,0,27,0
SUBJ_NER_019,30,reminiscence,1,0.0,2559,1,0,1.0,0,28,0
SUBJ_NER_019,31,memory_match,1,0.0,3301,3,1,1.0,0,29,0
SUBJ_NER_019,32,pattern_recognition,1,1.0,2223,0,0,1.0,0,30,0
SUBJ_NER_019,33,routine_recall,1,0.0,3587,1,0,1.0,0,31,0
SUBJ_NER_019,34,object_memory,1,0.0,3545,1,0,1.0,0,32,0
SUBJ_NER_019,35,reminiscence,1,0.0,2693,1,0,1.0,0,33,0
SUBJ_NER_019,36,memory_match,1,0.0,2731,1,0,1.0,0,34,0
SUBJ_NER_019,37,pattern_recognition,1,0.0,3406,1,1,1.0,0,35,0
SUBJ_NER_019,38,routine_recall,1,1.0,2429,0,0,1.0,0,36,0
SUBJ_NER_019,39,object_memory,1,1.0,2739,0,0,1.0,0,37,0
SUBJ_NER_019,40,reminiscence,1,0.0,3476,2,0,1.0,0,38,0
SUBJ_NER_019,41,memory_match,1,0.0,5173,1,1,1.0,0,39,0
SUBJ_NER_019,42,pattern_recognition,1,0.0,3507,2,0,1.0,0,40,0
SUBJ_NER_019,43,routine_recall,1,0.0,3914,3,1,1.0,0,41,0
SUBJ_NER_019,44,object_memory,1,0.0,3580,1,0,1.0,0,42,0
SUBJ_NER_019,45,reminiscence,1,1.0,3284,0,0,1.0,0,43,0
SUBJ_NER_019,46,memory_match,1,0.0,4089,2,0,1.0,0,44,0
SUBJ_NER_019,47,pattern_recognition,1,0.0,3009,2,1,1.0,0,45,0
SUBJ_NER_019,48,routine_recall,1,0.0,5316,1,1,1.0,0,46,0
SUBJ_NER_019,49,object_memory,1,0.0,5311,1,0,1.0,0,47,0
SUBJ_NER_019,50,reminiscence,1,0.0,2948,3,2,1.0,0,48,0
SUBJ_NER_019,51,memory_match,1,1.0,2521,0,0,1.0,0,49,0
SUBJ_NER_019,52,pattern_recognition,1,1.0,3141,0,0,1.0,0,50,0
SUBJ_NER_019,53,routine_recall,1,0.0,3904,1,0,1.0,0,51,0
SUBJ_NER_019,54,object_memory,1,0.0,2783,2,0,1.0,0,52,0
SUBJ_NER_019,55,reminiscence,1,0.0,2316,1,1,1.0,0,53,0
SUBJ_NER_019,56,memory_match,1,0.0,3657,1,0,1.0,0,54,0
SUBJ_NER_019,57,pattern_recognition,1,1.0,2646,0,0,1.0,0,55,0
SUBJ_NER_019,58,routine_recall,1,0.0,4700,3,0,1.0,0,56,0
SUBJ_NER_019,59,object_memory,1,0.0,2737,1,1,1.0,0,57,0
SUBJ_NER_019,60,reminiscence,1,1.0,3218,0,0,1.0,0,58,0
SUBJ_NER_020,1,memory_match,1,1.0,2734,0,0,1.0,1,0,1
SUBJ_NER_020,2,pattern_recognition,1,0.0,3027,1,0,1.0,0,1,0
SUBJ_NER_020,3,routine_recall,1,1.0,4978,0,0,1.0,1,0,1
SUBJ_NER_020,4,object_memory,1,0.0,3448,1,1,1.0,0,1,0
SUBJ_NER_020,5,reminiscence,1,1.0,2446,0,0,1.0,1,0,1
SUBJ_NER_020,6,memory_match,1,1.0,2555,0,0,1.0,2,0,2
SUBJ_NER_020,7,pattern_recognition,2,1.0,2537,0,0,1.0,3,0,2
SUBJ_NER_020,8,routine_recall,3,1.0,2791,0,0,1.0,4,0,2
SUBJ_NER_020,9,object_memory,4,1.0,2987,0,0,1.0,5,0,2
SUBJ_NER_020,10,reminiscence,5,1.0,3907,0,0,1.0,6,0,1
SUBJ_NER_020,11,memory_match,5,0.0,3494,1,0,1.0,0,1,0
SUBJ_NER_020,12,pattern_recognition,4,0.0,4054,1,1,1.0,0,2,0
SUBJ_NER_020,13,routine_recall,3,1.0,3972,0,0,1.0,0,3,0
SUBJ_NER_020,14,object_memory,2,0.0,4025,1,0,1.0,0,4,0
SUBJ_NER_020,15,reminiscence,1,1.0,3705,0,0,1.0,0,5,0
SUBJ_NER_020,16,memory_match,1,1.0,1519,0,0,1.0,0,6,0
SUBJ_NER_020,17,pattern_recognition,1,0.0,2830,2,0,1.0,0,7,0
SUBJ_NER_020,18,routine_recall,1,0.0,3165,1,0,1.0,0,8,0
SUBJ_NER_020,19,object_memory,1,0.0,3023,3,0,1.0,0,9,0
SUBJ_NER_020,20,reminiscence,1,1.0,2547,0,0,1.0,0,10,0
SUBJ_NER_020,21,memory_match,1,0.0,3422,1,0,1.0,0,11,0
SUBJ_NER_020,22,pattern_recognition,1,1.0,2955,0,0,1.0,0,12,0
SUBJ_NER_020,23,routine_recall,1,0.0,2994,2,0,1.0,0,13,0
SUBJ_NER_020,24,object_memory,1,1.0,1947,0,0,1.0,0,14,0
SUBJ_NER_020,25,reminiscence,1,1.0,2306,0,0,1.0,0,15,0
SUBJ_NER_020,26,memory_match,1,1.0,1396,0,0,1.0,0,16,0
SUBJ_NER_020,27,pattern_recognition,1,1.0,2829,0,0,1.0,0,17,0
SUBJ_NER_020,28,routine_recall,1,1.0,1933,0,0,1.0,0,18,0
SUBJ_NER_020,29,object_memory,1,0.0,2842,2,0,1.0,0,19,0
SUBJ_NER_020,30,reminiscence,1,0.0,2491,1,0,1.0,0,20,0
SUBJ_NER_020,31,memory_match,1,0.0,2324,1,1,1.0,0,21,0
SUBJ_NER_020,32,pattern_recognition,1,0.0,1923,2,1,1.0,0,22,0
SUBJ_NER_020,33,routine_recall,1,0.0,3313,2,0,1.0,0,23,0
SUBJ_NER_020,34,object_memory,1,1.0,3106,0,0,1.0,0,24,0
SUBJ_NER_020,35,reminiscence,1,1.0,1709,0,0,1.0,0,25,0
SUBJ_NER_020,36,memory_match,1,0.0,2000,3,0,1.0,0,26,0
SUBJ_NER_020,37,pattern_recognition,1,1.0,1878,0,0,1.0,0,27,0
SUBJ_NER_020,38,routine_recall,1,1.0,3537,0,0,1.0,0,28,0
SUBJ_NER_020,39,object_memory,1,1.0,2130,0,0,1.0,0,29,0
SUBJ_NER_020,40,reminiscence,1,1.0,2274,0,0,1.0,0,30,0
SUBJ_NER_020,41,memory_match,1,0.0,3736,1,0,1.0,0,31,0
SUBJ_NER_020,42,pattern_recognition,1,1.0,2467,0,0,1.0,0,32,0
SUBJ_NER_020,43,routine_recall,1,1.0,1865,0,0,1.0,0,33,0
SUBJ_NER_020,44,object_memory,1,1.0,2174,0,0,1.0,0,34,0
SUBJ_NER_020,45,reminiscence,1,1.0,3192,0,0,1.0,0,35,0
SUBJ_NER_020,46,memory_match,1,1.0,2185,0,0,1.0,0,36,0
SUBJ_NER_020,47,pattern_recognition,1,0.0,2906,1,0,1.0,0,37,0
SUBJ_NER_020,48,routine_recall,1,0.0,4430,2,1,1.0,0,38,0
SUBJ_NER_020,49,object_memory,1,1.0,2618,0,0,1.0,0,39,0
SUBJ_NER_020,50,reminiscence,1,0.0,2494,2,0,1.0,0,40,0
SUBJ_NER_020,51,memory_match,1,0.0,2784,1,0,1.0,0,41,0
SUBJ_NER_020,52,pattern_recognition,1,0.0,3981,2,1,1.0,0,42,0
SUBJ_NER_020,53,routine_recall,1,1.0,3829,0,0,1.0,0,43,0
SUBJ_NER_020,54,object_memory,1,0.0,4575,1,0,1.0,0,44,0
SUBJ_NER_020,55,reminiscence,1,1.0,1831,0,0,1.0,0,45,0
SUBJ_NER_020,56,memory_match,1,1.0,2301,0,0,1.0,0,46,0
SUBJ_NER_020,57,pattern_recognition,1,1.0,3099,0,0,1.0,0,47,0
SUBJ_NER_020,58,routine_recall,1,1.0,1864,0,0,1.0,0,48,0
SUBJ_NER_020,59,object_memory,1,0.0,3848,2,0,1.0,0,49,0
SUBJ_NER_020,60,reminiscence,1,1.0,3180,0,0,1.0,0,50,0
SUBJ_NER_021,1,memory_match,1,0.0,2866,2,0,1.0,0,1,0
SUBJ_NER_021,2,pattern_recognition,1,1.0,2124,0,0,1.0,1,0,1
SUBJ_NER_021,3,routine_recall,1,1.0,2673,0,0,1.0,2,0,2
SUBJ_NER_021,4,object_memory,2,1.0,2206,0,0,1.0,3,0,2
SUBJ_NER_021,5,reminiscence,3,0.0,3094,2,0,1.0,0,1,0
SUBJ_NER_021,6,memory_match,2,0.0,3167,1,0,1.0,0,2,0
SUBJ_NER_021,7,pattern_recognition,1,1.0,1786,0,0,1.0,0,3,0
SUBJ_NER_021,8,routine_recall,1,0.0,2483,2,0,1.0,0,4,0
SUBJ_NER_021,9,object_memory,1,0.0,1796,1,0,1.0,0,5,0
SUBJ_NER_021,10,reminiscence,1,0.0,3571,1,0,1.0,0,6,0
SUBJ_NER_021,11,memory_match,1,1.0,2097,0,0,1.0,0,7,0
SUBJ_NER_021,12,pattern_recognition,1,0.0,3363,1,0,1.0,0,8,0
SUBJ_NER_021,13,routine_recall,1,0.0,2901,1,0,1.0,0,9,0
SUBJ_NER_021,14,object_memory,1,1.0,1983,0,0,1.0,0,10,0
SUBJ_NER_021,15,reminiscence,1,0.0,3013,2,2,1.0,0,11,0
SUBJ_NER_021,16,memory_match,1,1.0,2251,0,0,1.0,0,12,0
SUBJ_NER_021,17,pattern_recognition,1,1.0,2012,0,0,1.0,0,13,0
SUBJ_NER_021,18,routine_recall,1,0.0,2721,3,0,1.0,0,14,0
SUBJ_NER_021,19,object_memory,1,1.0,3202,0,0,1.0,0,15,0
SUBJ_NER_021,20,reminiscence,1,0.0,2323,1,0,1.0,0,16,0
SUBJ_NER_021,21,memory_match,1,1.0,1497,0,0,1.0,0,17,0
SUBJ_NER_021,22,pattern_recognition,1,1.0,1840,0,0,1.0,0,18,0
SUBJ_NER_021,23,routine_recall,1,0.0,3007,2,0,1.0,0,19,0
SUBJ_NER_021,24,object_memory,1,0.0,2080,2,0,1.0,0,20,0
SUBJ_NER_021,25,reminiscence,1,0.0,3168,1,1,1.0,0,21,0
SUBJ_NER_021,26,memory_match,1,0.0,2098,1,0,1.0,0,22,0
SUBJ_NER_021,27,pattern_recognition,1,1.0,2033,0,0,1.0,0,23,0
SUBJ_NER_021,28,routine_recall,1,0.0,2951,1,0,1.0,0,24,0
SUBJ_NER_021,29,object_memory,1,1.0,1695,0,0,1.0,0,25,0
SUBJ_NER_021,30,reminiscence,1,1.0,1720,0,0,1.0,0,26,0
SUBJ_NER_021,31,memory_match,1,0.0,2588,1,0,1.0,0,27,0
SUBJ_NER_021,32,pattern_recognition,1,1.0,2179,0,0,1.0,0,28,0
SUBJ_NER_021,33,routine_recall,1,0.0,2091,2,0,1.0,0,29,0
SUBJ_NER_021,34,object_memory,1,1.0,2589,0,0,1.0,0,30,0
SUBJ_NER_021,35,reminiscence,1,1.0,1370,0,0,1.0,0,31,0
SUBJ_NER_021,36,memory_match,1,0.0,2474,1,0,1.0,0,32,0
SUBJ_NER_021,37,pattern_recognition,1,0.0,2028,1,0,1.0,0,33,0
SUBJ_NER_021,38,routine_recall,1,1.0,1900,0,0,1.0,0,34,0
SUBJ_NER_021,39,object_memory,1,1.0,2315,0,0,1.0,0,35,0
SUBJ_NER_021,40,reminiscence,1,1.0,2230,0,0,1.0,0,36,0
SUBJ_NER_021,41,memory_match,1,0.0,2656,1,0,1.0,0,37,0
SUBJ_NER_021,42,pattern_recognition,1,1.0,1673,0,0,1.0,0,38,0
SUBJ_NER_021,43,routine_recall,1,0.0,3008,2,0,1.0,0,39,0
SUBJ_NER_021,44,object_memory,1,1.0,1740,0,0,1.0,0,40,0
SUBJ_NER_021,45,reminiscence,1,1.0,3490,0,0,1.0,0,41,0
SUBJ_NER_021,46,memory_match,1,0.0,3076,2,0,1.0,0,42,0
SUBJ_NER_021,47,pattern_recognition,1,0.0,2633,1,0,1.0,0,43,0
SUBJ_NER_021,48,routine_recall,1,1.0,2301,0,0,1.0,0,44,0
SUBJ_NER_021,49,object_memory,1,0.0,3551,1,2,1.0,0,45,0
SUBJ_NER_021,50,reminiscence,1,0.0,2810,1,1,1.0,0,46,0
SUBJ_NER_021,51,memory_match,1,1.0,1975,0,0,1.0,0,47,0
SUBJ_NER_021,52,pattern_recognition,1,0.0,2366,2,0,1.0,0,48,0
SUBJ_NER_021,53,routine_recall,1,1.0,2233,0,0,1.0,0,49,0
SUBJ_NER_021,54,object_memory,1,0.0,2928,2,0,1.0,0,50,0
SUBJ_NER_021,55,reminiscence,1,0.0,2621,2,0,1.0,0,51,0
SUBJ_NER_021,56,memory_match,1,0.0,2377,2,0,1.0,0,52,0
SUBJ_NER_021,57,pattern_recognition,1,1.0,3360,0,0,1.0,0,53,0
SUBJ_NER_021,58,routine_recall,1,0.0,2852,1,1,0.8,0,54,0
SUBJ_NER_021,59,object_memory,1,1.0,2752,0,0,1.0,0,55,0
SUBJ_NER_021,60,reminiscence,1,0.0,1743,2,0,0.8,0,56,0
SUBJ_NER_022,1,memory_match,1,1.0,1108,0,0,1.0,1,0,1
SUBJ_NER_022,2,pattern_recognition,1,0.0,2992,2,1,1.0,0,1,0
SUBJ_NER_022,3,routine_recall,1,1.0,1701,0,0,1.0,1,0,1
SUBJ_NER_022,4,object_memory,1,1.0,1830,0,0,1.0,2,0,2
SUBJ_NER_022,5,reminiscence,2,0.0,2196,1,0,1.0,0,1,0
SUBJ_NER_022,6,memory_match,1,1.0,1220,0,0,1.0,1,0,1
SUBJ_NER_022,7,pattern_recognition,1,1.0,3189,0,0,1.0,2,0,2
SUBJ_NER_022,8,routine_recall,2,1.0,1738,0,0,1.0,3,0,2
SUBJ_NER_022,9,object_memory,3,0.0,3062,1,1,1.0,0,1,0
SUBJ_NER_022,10,reminiscence,2,0.0,2004,1,0,1.0,0,2,0
SUBJ_NER_022,11,memory_match,1,0.0,1739,1,0,1.0,0,3,0
SUBJ_NER_022,12,pattern_recognition,1,1.0,1530,0,0,1.0,0,4,0
SUBJ_NER_022,13,routine_recall,1,1.0,1789,0,0,1.0,0,5,0
SUBJ_NER_022,14,object_memory,1,1.0,1695,0,0,1.0,0,6,0
SUBJ_NER_022,15,reminiscence,1,1.0,1712,0,0,1.0,0,7,0
SUBJ_NER_022,16,memory_match,1,0.0,2470,3,0,1.0,0,8,0
SUBJ_NER_022,17,pattern_recognition,1,0.0,1983,3,1,1.0,0,9,0
SUBJ_NER_022,18,routine_recall,1,0.0,2040,2,0,1.0,0,10,0
SUBJ_NER_022,19,object_memory,1,1.0,1691,0,0,1.0,0,11,0
SUBJ_NER_022,20,reminiscence,1,0.0,2322,2,0,1.0,0,12,0
SUBJ_NER_022,21,memory_match,1,1.0,1483,0,0,1.0,0,13,0
SUBJ_NER_022,22,pattern_recognition,1,0.0,1913,3,0,1.0,0,14,0
SUBJ_NER_022,23,routine_recall,1,0.0,2695,1,1,1.0,0,15,0
SUBJ_NER_022,24,object_memory,1,1.0,1306,0,0,1.0,0,16,0
SUBJ_NER_022,25,reminiscence,1,0.0,2255,1,1,1.0,0,17,0
SUBJ_NER_022,26,memory_match,1,0.0,2379,2,0,1.0,0,18,0
SUBJ_NER_022,27,pattern_recognition,1,1.0,2372,0,0,1.0,0,19,0
SUBJ_NER_022,28,routine_recall,1,1.0,2121,0,0,1.0,0,20,0
SUBJ_NER_022,29,object_memory,1,0.0,2345,1,1,1.0,0,21,0
SUBJ_NER_022,30,reminiscence,1,1.0,1422,0,0,1.0,0,22,0
SUBJ_NER_022,31,memory_match,1,0.0,2316,1,0,1.0,0,23,0
SUBJ_NER_022,32,pattern_recognition,1,0.0,1773,1,0,1.0,0,24,0
SUBJ_NER_022,33,routine_recall,1,0.0,1960,1,0,1.0,0,25,0
SUBJ_NER_022,34,object_memory,1,0.0,2213,1,0,1.0,0,26,0
SUBJ_NER_022,35,reminiscence,1,0.0,2993,2,2,1.0,0,27,0
SUBJ_NER_022,36,memory_match,1,0.0,1559,2,0,1.0,0,28,0
SUBJ_NER_022,37,pattern_recognition,1,1.0,1509,0,0,1.0,0,29,0
SUBJ_NER_022,38,routine_recall,1,0.0,1691,1,0,1.0,0,30,0
SUBJ_NER_022,39,object_memory,1,1.0,1969,0,0,1.0,0,31,0
SUBJ_NER_022,40,reminiscence,1,1.0,2119,0,0,1.0,0,32,0
SUBJ_NER_022,41,memory_match,1,0.0,2165,2,0,1.0,0,33,0
SUBJ_NER_022,42,pattern_recognition,1,1.0,2135,0,0,1.0,0,34,0
SUBJ_NER_022,43,routine_recall,1,1.0,1826,0,0,1.0,0,35,0
SUBJ_NER_022,44,object_memory,1,0.0,2221,1,1,1.0,0,36,0
SUBJ_NER_022,45,reminiscence,1,1.0,1751,0,0,1.0,0,37,0
SUBJ_NER_022,46,memory_match,1,1.0,1709,0,0,1.0,0,38,0
SUBJ_NER_022,47,pattern_recognition,1,0.0,1861,3,0,1.0,0,39,0
SUBJ_NER_022,48,routine_recall,1,1.0,1895,0,0,1.0,0,40,0
SUBJ_NER_022,49,object_memory,1,1.0,2570,0,0,1.0,0,41,0
SUBJ_NER_022,50,reminiscence,1,0.0,2460,1,0,1.0,0,42,0
SUBJ_NER_022,51,memory_match,1,0.0,2416,2,0,1.0,0,43,0
SUBJ_NER_022,52,pattern_recognition,1,0.0,1324,1,1,1.0,0,44,0
SUBJ_NER_022,53,routine_recall,1,0.0,2171,1,0,1.0,0,45,0
SUBJ_NER_022,54,object_memory,1,0.0,2254,1,0,1.0,0,46,0
SUBJ_NER_022,55,reminiscence,1,1.0,1415,0,0,1.0,0,47,0
SUBJ_NER_022,56,memory_match,1,0.0,2062,1,0,1.0,0,48,0
SUBJ_NER_022,57,pattern_recognition,1,1.0,1467,0,0,1.0,0,49,0
SUBJ_NER_022,58,routine_recall,1,1.0,1799,0,0,1.0,0,50,0
SUBJ_NER_022,59,object_memory,1,0.0,1705,1,1,1.0,0,51,0
SUBJ_NER_022,60,reminiscence,1,0.0,2087,2,1,1.0,0,52,0
SUBJ_NER_023,1,memory_match,1,1.0,1040,0,0,1.0,1,0,1
SUBJ_NER_023,2,pattern_recognition,1,0.0,1007,3,0,1.0,0,1,0
SUBJ_NER_023,3,routine_recall,1,1.0,1123,0,0,1.0,1,0,1
SUBJ_NER_023,4,object_memory,1,1.0,1056,0,0,1.0,2,0,2
SUBJ_NER_023,5,reminiscence,2,1.0,730,0,0,1.0,3,0,2
SUBJ_NER_023,6,memory_match,3,1.0,1224,0,0,1.0,4,0,2
SUBJ_NER_023,7,pattern_recognition,4,0.0,1176,1,0,1.0,0,1,0
SUBJ_NER_023,8,routine_recall,3,1.0,1199,0,0,1.0,1,0,1
SUBJ_NER_023,9,object_memory,3,0.0,1600,1,0,1.0,0,1,0
SUBJ_NER_023,10,reminiscence,2,1.0,844,0,0,1.0,1,0,1
SUBJ_NER_023,11,memory_match,2,0.0,1405,1,0,1.0,0,1,0
SUBJ_NER_023,12,pattern_recognition,1,0.0,1151,1,0,1.0,0,2,0
SUBJ_NER_023,13,routine_recall,1,1.0,787,0,0,1.0,0,3,0
SUBJ_NER_023,14,object_memory,1,0.0,1310,3,2,1.0,0,4,0
SUBJ_NER_023,15,reminiscence,1,1.0,1063,0,0,1.0,0,5,0
SUBJ_NER_023,16,memory_match,1,1.0,1049,0,0,1.0,0,6,0
SUBJ_NER_023,17,pattern_recognition,1,0.0,1510,3,1,1.0,0,7,0
SUBJ_NER_023,18,routine_recall,1,1.0,1070,0,0,1.0,0,8,0
SUBJ_NER_023,19,object_memory,1,0.0,1312,3,1,1.0,0,9,0
SUBJ_NER_023,20,reminiscence,1,1.0,1928,0,0,1.0,0,10,0
SUBJ_NER_023,21,memory_match,1,1.0,1300,0,0,1.0,0,11,0
SUBJ_NER_023,22,pattern_recognition,1,0.0,1178,2,0,1.0,0,12,0
SUBJ_NER_023,23,routine_recall,1,1.0,873,0,0,1.0,0,13,0
SUBJ_NER_023,24,object_memory,1,0.0,705,1,0,1.0,0,14,0
SUBJ_NER_023,25,reminiscence,1,1.0,1094,0,0,1.0,0,15,0
SUBJ_NER_023,26,memory_match,1,1.0,949,0,0,1.0,0,16,0
SUBJ_NER_023,27,pattern_recognition,1,0.0,1397,3,0,1.0,0,17,0
SUBJ_NER_023,28,routine_recall,1,0.0,901,2,1,1.0,0,18,0
SUBJ_NER_023,29,object_memory,1,0.0,961,2,0,1.0,0,19,0
SUBJ_NER_023,30,reminiscence,1,1.0,1021,0,0,1.0,0,20,0
SUBJ_NER_023,31,memory_match,1,0.0,1054,1,1,1.0,0,21,0
SUBJ_NER_023,32,pattern_recognition,1,1.0,992,0,0,1.0,0,22,0
SUBJ_NER_023,33,routine_recall,1,0.0,1520,2,0,1.0,0,23,0
SUBJ_NER_023,34,object_memory,1,0.0,1125,1,1,1.0,0,24,0
SUBJ_NER_023,35,reminiscence,1,1.0,1135,0,0,1.0,0,25,0
SUBJ_NER_023,36,memory_match,1,0.0,1505,1,0,1.0,0,26,0
SUBJ_NER_023,37,pattern_recognition,1,0.0,972,1,0,1.0,0,27,0
SUBJ_NER_023,38,routine_recall,1,0.0,1294,2,0,1.0,0,28,0
SUBJ_NER_023,39,object_memory,1,0.0,1280,1,0,1.0,0,29,0
SUBJ_NER_023,40,reminiscence,1,1.0,917,0,0,1.0,0,30,0
SUBJ_NER_023,41,memory_match,1,1.0,1117,0,0,1.0,0,31,0
SUBJ_NER_023,42,pattern_recognition,1,0.0,1479,1,0,1.0,0,32,0
SUBJ_NER_023,43,routine_recall,1,0.0,900,3,0,1.0,0,33,0
SUBJ_NER_023,44,object_memory,1,1.0,1115,0,0,1.0,0,34,0
SUBJ_NER_023,45,reminiscence,1,1.0,1294,0,0,1.0,0,35,0
SUBJ_NER_023,46,memory_match,1,0.0,1142,1,0,1.0,0,36,0
SUBJ_NER_023,47,pattern_recognition,1,1.0,647,0,0,1.0,0,37,0
SUBJ_NER_023,48,routine_recall,1,1.0,951,0,0,1.0,0,38,0
SUBJ_NER_023,49,object_memory,1,1.0,1290,0,0,1.0,0,39,0
SUBJ_NER_023,50,reminiscence,1,0.0,1151,2,0,1.0,0,40,0
SUBJ_NER_023,51,memory_match,1,0.0,1233,1,0,1.0,0,41,0
SUBJ_NER_023,52,pattern_recognition,1,0.0,644,1,0,1.0,0,42,0
SUBJ_NER_023,53,routine_recall,1,0.0,830,1,1,1.0,0,43,0
SUBJ_NER_023,54,object_memory,1,0.0,944,1,0,1.0,0,44,0
SUBJ_NER_023,55,reminiscence,1,0.0,870,2,0,0.8,0,45,0
SUBJ_NER_023,56,memory_match,1,0.0,1006,2,0,1.0,0,46,0
SUBJ_NER_023,57,pattern_recognition,1,1.0,983,0,0,1.0,0,47,0
SUBJ_NER_023,58,routine_recall,1,1.0,871,0,0,1.0,0,48,0
SUBJ_NER_023,59,object_memory,1,0.0,1654,1,0,1.0,0,49,0
SUBJ_NER_023,60,reminiscence,1,0.0,1011,1,1,1.0,0,50,0
SUBJ_NER_024,1,memory_match,1,0.0,2939,2,0,1.0,0,1,0
SUBJ_NER_024,2,pattern_recognition,1,0.0,1539,1,0,1.0,0,2,0
SUBJ_NER_024,3,routine_recall,1,0.0,2208,1,0,1.0,0,3,0
SUBJ_NER_024,4,object_memory,1,1.0,1595,0,0,1.0,0,4,0
SUBJ_NER_024,5,reminiscence,1,1.0,1129,0,0,1.0,0,5,0
SUBJ_NER_024,6,memory_match,1,0.0,2837,1,0,1.0,0,6,0
SUBJ_NER_024,7,pattern_recognition,1,0.0,2035,2,1,1.0,0,7,0
SUBJ_NER_024,8,routine_recall,1,0.0,2204,1,0,1.0,0,8,0
SUBJ_NER_024,9,object_memory,1,1.0,1131,0,0,1.0,0,9,0
SUBJ_NER_024,10,reminiscence,1,0.0,2304,2,0,1.0,0,10,0
SUBJ_NER_024,11,memory_match,1,1.0,1663,0,0,1.0,0,11,0
SUBJ_NER_024,12,pattern_recognition,1,0.0,1472,2,0,1.0,0,12,0
SUBJ_NER_024,13,routine_recall,1,0.0,2099,1,0,1.0,0,13,0
SUBJ_NER_024,14,object_memory,1,1.0,1448,0,0,1.0,0,14,0
SUBJ_NER_024,15,reminiscence,1,0.0,1721,1,0,1.0,0,15,0
SUBJ_NER_024,16,memory_match,1,1.0,1341,0,0,1.0,0,16,0
SUBJ_NER_024,17,pattern_recognition,1,1.0,1858,0,0,1.0,0,17,0
SUBJ_NER_024,18,routine_recall,1,1.0,1459,0,0,1.0,0,18,0
SUBJ_NER_024,19,object_memory,1,0.0,1754,2,1,1.0,0,19,0
SUBJ_NER_024,20,reminiscence,1,0.0,2021,1,1,1.0,0,20,0
SUBJ_NER_024,21,memory_match,1,1.0,1722,0,0,1.0,0,21,0
SUBJ_NER_024,22,pattern_recognition,1,0.0,1468,1,0,1.0,0,22,0
SUBJ_NER_024,23,routine_recall,1,1.0,1440,0,0,1.0,0,23,0
SUBJ_NER_024,24,object_memory,1,0.0,2829,1,1,1.0,0,24,0
SUBJ_NER_024,25,reminiscence,1,0.0,1919,2,0,1.0,0,25,0
SUBJ_NER_024,26,memory_match,1,0.0,2217,1,0,1.0,0,26,0
SUBJ_NER_024,27,pattern_recognition,1,1.0,1261,0,0,1.0,0,27,0
SUBJ_NER_024,28,routine_recall,1,0.0,1417,1,0,1.0,0,28,0
SUBJ_NER_024,29,object_memory,1,0.0,1865,1,1,1.0,0,29,0
SUBJ_NER_024,30,reminiscence,1,0.0,2095,3,1,1.0,0,30,0
SUBJ_NER_024,31,memory_match,1,1.0,1901,0,0,1.0,0,31,0
SUBJ_NER_024,32,pattern_recognition,1,0.0,1208,1,0,1.0,0,32,0
SUBJ_NER_024,33,routine_recall,1,1.0,1648,0,0,1.0,0,33,0
SUBJ_NER_024,34,object_memory,1,0.0,1433,2,1,1.0,0,34,0
SUBJ_NER_024,35,reminiscence,1,0.0,1219,1,1,1.0,0,35,0
SUBJ_NER_024,36,memory_match,1,0.0,2388,1,0,1.0,0,36,0
SUBJ_NER_024,37,pattern_recognition,1,0.0,2092,3,1,1.0,0,37,0
SUBJ_NER_024,38,routine_recall,1,1.0,1871,0,0,1.0,0,38,0
SUBJ_NER_024,39,object_memory,1,0.0,2416,1,0,1.0,0,39,0
SUBJ_NER_024,40,reminiscence,1,0.0,1678,3,0,1.0,0,40,0
SUBJ_NER_024,41,memory_match,1,1.0,1390,0,0,1.0,0,41,0
SUBJ_NER_024,42,pattern_recognition,1,0.0,1499,1,0,1.0,0,42,0
SUBJ_NER_024,43,routine_recall,1,0.0,2203,1,0,1.0,0,43,0
SUBJ_NER_024,44,object_memory,1,0.0,2142,1,1,1.0,0,44,0
SUBJ_NER_024,45,reminiscence,1,0.0,1987,1,1,1.0,0,45,0
SUBJ_NER_024,46,memory_match,1,0.0,1744,1,0,1.0,0,46,0
SUBJ_NER_024,47,pattern_recognition,1,1.0,1594,0,0,1.0,0,47,0
SUBJ_NER_024,48,routine_recall,1,0.0,2113,1,0,1.0,0,48,0
SUBJ_NER_024,49,object_memory,1,0.0,1347,1,0,1.0,0,49,0
SUBJ_NER_024,50,reminiscence,1,0.0,2284,1,0,1.0,0,50,0
SUBJ_NER_024,51,memory_match,1,0.0,1786,3,0,1.0,0,51,0
SUBJ_NER_024,52,pattern_recognition,1,0.0,1666,1,1,1.0,0,52,0
SUBJ_NER_024,53,routine_recall,1,0.0,1601,2,0,1.0,0,53,0
SUBJ_NER_024,54,object_memory,1,0.0,1339,1,0,1.0,0,54,0
SUBJ_NER_024,55,reminiscence,1,0.0,2096,3,0,0.8,0,55,0
SUBJ_NER_024,56,memory_match,1,0.0,2168,2,0,1.0,0,56,0
SUBJ_NER_024,57,pattern_recognition,1,1.0,2114,0,0,1.0,0,57,0
SUBJ_NER_024,58,routine_recall,1,0.0,1912,3,1,1.0,0,58,0
SUBJ_NER_024,59,object_memory,1,0.0,1758,1,0,1.0,0,59,0
SUBJ_NER_024,60,reminiscence,1,0.0,2101,1,0,1.0,0,60,0
SUBJ_NER_025,1,memory_match,1,0.0,2329,1,0,1.0,0,1,0
SUBJ_NER_025,2,pattern_recognition,1,1.0,2158,0,0,1.0,1,0,1
SUBJ_NER_025,3,routine_recall,1,1.0,2291,0,0,1.0,2,0,2
SUBJ_NER_025,4,object_memory,2,0.0,1785,1,0,1.0,0,1,0
SUBJ_NER_025,5,reminiscence,1,1.0,1845,0,0,1.0,1,0,1
SUBJ_NER_025,6,memory_match,1,1.0,2032,0,0,1.0,2,0,2
SUBJ_NER_025,7,pattern_recognition,2,0.0,2140,1,0,1.0,0,1,0
SUBJ_NER_025,8,routine_recall,1,0.0,1629,3,1,1.0,0,2,0
SUBJ_NER_025,9,object_memory,1,1.0,1647,0,0,1.0,0,3,0
SUBJ_NER_025,10,reminiscence,1,1.0,1955,0,0,1.0,0,4,0
SUBJ_NER_025,11,memory_match,1,0.0,2314,1,0,1.0,0,5,0
SUBJ_NER_025,12,pattern_recognition,1,1.0,1262,0,0,1.0,0,6,0
SUBJ_NER_025,13,routine_recall,1,0.0,2071,2,0,1.0,0,7,0
SUBJ_NER_025,14,object_memory,1,1.0,1775,0,0,1.0,0,8,0
SUBJ_NER_025,15,reminiscence,1,0.0,1529,1,1,1.0,0,9,0
SUBJ_NER_025,16,memory_match,1,0.0,1516,1,1,1.0,0,10,0
SUBJ_NER_025,17,pattern_recognition,1,0.0,1506,2,0,1.0,0,11,0
SUBJ_NER_025,18,routine_recall,1,1.0,1110,0,0,1.0,0,12,0
SUBJ_NER_025,19,object_memory,1,1.0,1792,0,0,1.0,0,13,0
SUBJ_NER_025,20,reminiscence,1,0.0,2070,1,0,1.0,0,14,0
SUBJ_NER_025,21,memory_match,1,1.0,1584,0,0,1.0,0,15,0
SUBJ_NER_025,22,pattern_recognition,1,0.0,1860,1,1,1.0,0,16,0
SUBJ_NER_025,23,routine_recall,1,1.0,1679,0,0,1.0,0,17,0
SUBJ_NER_025,24,object_memory,1,0.0,2158,3,0,1.0,0,18,0
SUBJ_NER_025,25,reminiscence,1,0.0,1956,2,0,1.0,0,19,0
SUBJ_NER_025,26,memory_match,1,0.0,1884,1,1,1.0,0,20,0
SUBJ_NER_025,27,pattern_recognition,1,1.0,1681,0,0,1.0,0,21,0
SUBJ_NER_025,28,routine_recall,1,0.0,1976,1,0,1.0,0,22,0
SUBJ_NER_025,29,object_memory,1,1.0,1266,0,0,1.0,0,23,0
SUBJ_NER_025,30,reminiscence,1,1.0,1426,0,0,1.0,0,24,0
SUBJ_NER_025,31,memory_match,1,1.0,1925,0,0,1.0,0,25,0
SUBJ_NER_025,32,pattern_recognition,1,1.0,994,0,0,1.0,0,26,0
SUBJ_NER_025,33,routine_recall,1,1.0,1681,0,0,1.0,0,27,0
SUBJ_NER_025,34,object_memory,1,1.0,1359,0,0,1.0,0,28,0
SUBJ_NER_025,35,reminiscence,1,1.0,1737,0,0,1.0,0,29,0
SUBJ_NER_025,36,memory_match,1,1.0,1901,0,0,1.0,0,30,0
SUBJ_NER_025,37,pattern_recognition,1,0.0,2141,2,0,1.0,0,31,0
SUBJ_NER_025,38,routine_recall,1,1.0,1856,0,0,1.0,0,32,0
SUBJ_NER_025,39,object_memory,1,1.0,1820,0,0,1.0,0,33,0
SUBJ_NER_025,40,reminiscence,1,0.0,1997,1,0,1.0,0,34,0
SUBJ_NER_025,41,memory_match,1,0.0,2437,3,1,1.0,0,35,0
SUBJ_NER_025,42,pattern_recognition,1,1.0,1757,0,0,1.0,0,36,0
SUBJ_NER_025,43,routine_recall,1,0.0,2271,2,0,1.0,0,37,0
SUBJ_NER_025,44,object_memory,1,1.0,1324,0,0,1.0,0,38,0
SUBJ_NER_025,45,reminiscence,1,0.0,1971,3,0,1.0,0,39,0
SUBJ_NER_025,46,memory_match,1,1.0,1517,0,0,1.0,0,40,0
SUBJ_NER_025,47,pattern_recognition,1,1.0,1877,0,0,1.0,0,41,0
SUBJ_NER_025,48,routine_recall,1,1.0,1313,0,0,1.0,0,42,0
SUBJ_NER_025,49,object_memory,1,0.0,2910,2,0,1.0,0,43,0
SUBJ_NER_025,50,reminiscence,1,0.0,1821,3,0,1.0,0,44,0
SUBJ_NER_025,51,memory_match,1,1.0,1530,0,0,1.0,0,45,0
SUBJ_NER_025,52,pattern_recognition,1,1.0,1722,0,0,1.0,0,46,0
SUBJ_NER_025,53,routine_recall,1,1.0,1676,0,0,1.0,0,47,0
SUBJ_NER_025,54,object_memory,1,0.0,1774,2,0,1.0,0,48,0
SUBJ_NER_025,55,reminiscence,1,0.0,2387,1,0,1.0,0,49,0
SUBJ_NER_025,56,memory_match,1,1.0,970,0,0,1.0,0,50,0
SUBJ_NER_025,57,pattern_recognition,1,0.0,2158,1,0,1.0,0,51,0
SUBJ_NER_025,58,routine_recall,1,1.0,1158,0,0,0.8,0,52,0
SUBJ_NER_025,59,object_memory,1,0.0,1320,1,1,1.0,0,53,0
SUBJ_NER_025,60,reminiscence,1,1.0,1945,0,0,1.0,0,54,0
SUBJ_NER_026,1,memory_match,1,1.0,1888,0,0,1.0,1,0,1
SUBJ_NER_026,2,pattern_recognition,1,0.0,2603,1,1,1.0,0,1,0
SUBJ_NER_026,3,routine_recall,1,0.0,2251,1,1,1.0,0,2,0
SUBJ_NER_026,4,object_memory,1,1.0,2539,0,0,1.0,0,3,0
SUBJ_NER_026,5,reminiscence,1,1.0,1871,0,0,1.0,0,4,0
SUBJ_NER_026,6,memory_match,1,0.0,3037,2,0,1.0,0,5,0
SUBJ_NER_026,7,pattern_recognition,1,0.0,2404,1,0,1.0,0,6,0
SUBJ_NER_026,8,routine_recall,1,1.0,1965,0,0,1.0,0,7,0
SUBJ_NER_026,9,object_memory,1,1.0,2740,0,0,1.0,0,8,0
SUBJ_NER_026,10,reminiscence,1,1.0,2485,0,0,1.0,0,9,0
SUBJ_NER_026,11,memory_match,1,1.0,1973,0,0,1.0,0,10,0
SUBJ_NER_026,12,pattern_recognition,1,1.0,2340,0,0,1.0,0,11,0
SUBJ_NER_026,13,routine_recall,1,0.0,2667,2,0,1.0,0,12,0
SUBJ_NER_026,14,object_memory,1,1.0,1970,0,0,1.0,0,13,0
SUBJ_NER_026,15,reminiscence,1,0.0,2588,1,0,1.0,0,14,0
SUBJ_NER_026,16,memory_match,1,1.0,3675,0,0,1.0,0,15,0
SUBJ_NER_026,17,pattern_recognition,1,0.0,3127,2,0,1.0,0,16,0
SUBJ_NER_026,18,routine_recall,1,0.0,2882,1,0,1.0,0,17,0
SUBJ_NER_026,19,object_memory,1,0.0,2454,2,1,1.0,0,18,0
SUBJ_NER_026,20,reminiscence,1,1.0,1641,0,0,1.0,0,19,0
SUBJ_NER_026,21,memory_match,1,1.0,1677,0,0,1.0,0,20,0
SUBJ_NER_026,22,pattern_recognition,1,1.0,2478,0,0,1.0,0,21,0
SUBJ_NER_026,23,routine_recall,1,0.0,3155,1,0,1.0,0,22,0
SUBJ_NER_026,24,object_memory,1,1.0,2138,0,0,1.0,0,23,0
SUBJ_NER_026,25,reminiscence,1,1.0,2627,0,0,1.0,0,24,0
SUBJ_NER_026,26,memory_match,1,1.0,2832,0,0,1.0,0,25,0
SUBJ_NER_026,27,pattern_recognition,1,1.0,2612,0,0,1.0,0,26,0
SUBJ_NER_026,28,routine_recall,1,1.0,1619,0,0,1.0,0,27,0
SUBJ_NER_026,29,object_memory,1,1.0,2759,0,0,1.0,0,28,0
SUBJ_NER_026,30,reminiscence,1,1.0,2051,0,0,1.0,0,29,0
SUBJ_NER_026,31,memory_match,1,1.0,2778,0,0,1.0,0,30,0
SUBJ_NER_026,32,pattern_recognition,1,1.0,2307,0,0,1.0,0,31,0
SUBJ_NER_026,33,routine_recall,1,1.0,1850,0,0,1.0,0,32,0
SUBJ_NER_026,34,object_memory,1,1.0,1664,0,0,1.0,0,33,0
SUBJ_NER_026,35,reminiscence,1,1.0,1967,0,0,1.0,0,34,0
SUBJ_NER_026,36,memory_match,1,1.0,2286,0,0,1.0,0,35,0
SUBJ_NER_026,37,pattern_recognition,1,1.0,2280,0,0,1.0,0,36,0
SUBJ_NER_026,38,routine_recall,1,0.0,2704,2,0,1.0,0,37,0
SUBJ_NER_026,39,object_memory,1,1.0,1952,0,0,1.0,0,38,0
SUBJ_NER_026,40,reminiscence,1,1.0,1700,0,0,1.0,0,39,0
SUBJ_NER_026,41,memory_match,1,1.0,1977,0,0,1.0,0,40,0
SUBJ_NER_026,42,pattern_recognition,1,1.0,1497,0,0,1.0,0,41,0
SUBJ_NER_026,43,routine_recall,1,1.0,2993,0,0,1.0,0,42,0
SUBJ_NER_026,44,object_memory,1,1.0,2342,0,0,1.0,0,43,0
SUBJ_NER_026,45,reminiscence,1,0.0,2104,1,0,1.0,0,44,0
SUBJ_NER_026,46,memory_match,1,1.0,2872,0,0,1.0,0,45,0
SUBJ_NER_026,47,pattern_recognition,1,1.0,1986,0,0,1.0,0,46,0
SUBJ_NER_026,48,routine_recall,1,0.0,2413,1,0,1.0,0,47,0
SUBJ_NER_026,49,object_memory,1,0.0,1938,1,0,1.0,0,48,0
SUBJ_NER_026,50,reminiscence,1,0.0,2623,1,0,1.0,0,49,0
SUBJ_NER_026,51,memory_match,1,1.0,2286,0,0,1.0,0,50,0
SUBJ_NER_026,52,pattern_recognition,1,0.0,2547,1,1,1.0,0,51,0
SUBJ_NER_026,53,routine_recall,1,1.0,1998,0,0,1.0,0,52,0
SUBJ_NER_026,54,object_memory,1,1.0,1473,0,0,1.0,0,53,0
SUBJ_NER_026,55,reminiscence,1,0.0,2048,2,0,1.0,0,54,0
SUBJ_NER_026,56,memory_match,1,0.0,2131,1,0,0.8,0,55,0
SUBJ_NER_026,57,pattern_recognition,1,0.0,2697,1,0,1.0,0,56,0
SUBJ_NER_026,58,routine_recall,1,1.0,3308,0,0,0.8,0,57,0
SUBJ_NER_026,59,object_memory,1,0.0,2238,3,0,1.0,0,58,0
SUBJ_NER_026,60,reminiscence,1,1.0,1391,0,0,0.5,0,59,0
SUBJ_NER_027,1,memory_match,1,0.0,3364,3,0,1.0,0,1,0
SUBJ_NER_027,2,pattern_recognition,1,0.0,3466,1,0,1.0,0,2,0
SUBJ_NER_027,3,routine_recall,1,0.0,2916,1,1,1.0,0,3,0
SUBJ_NER_027,4,object_memory,1,0.0,3482,1,0,1.0,0,4,0
SUBJ_NER_027,5,reminiscence,1,1.0,2600,0,0,1.0,0,5,0
SUBJ_NER_027,6,memory_match,1,0.0,3839,1,0,1.0,0,6,0
SUBJ_NER_027,7,pattern_recognition,1,0.0,3277,2,0,1.0,0,7,0
SUBJ_NER_027,8,routine_recall,1,1.0,3209,0,0,1.0,0,8,0
SUBJ_NER_027,9,object_memory,1,0.0,4566,1,0,1.0,0,9,0
SUBJ_NER_027,10,reminiscence,1,1.0,2878,0,0,1.0,0,10,0
SUBJ_NER_027,11,memory_match,1,0.0,5206,3,0,1.0,0,11,0
SUBJ_NER_027,12,pattern_recognition,1,0.0,4373,1,0,1.0,0,12,0
SUBJ_NER_027,13,routine_recall,1,0.0,4278,2,1,1.0,0,13,0
SUBJ_NER_027,14,object_memory,1,0.0,3205,1,0,1.0,0,14,0
SUBJ_NER_027,15,reminiscence,1,0.0,2333,2,0,1.0,0,15,0
SUBJ_NER_027,16,memory_match,1,1.0,2764,0,0,1.0,0,16,0
SUBJ_NER_027,17,pattern_recognition,1,1.0,3562,0,0,1.0,0,17,0
SUBJ_NER_027,18,routine_recall,1,1.0,2288,0,0,1.0,0,18,0
SUBJ_NER_027,19,object_memory,1,0.0,4123,1,0,1.0,0,19,0
SUBJ_NER_027,20,reminiscence,1,0.0,3440,1,0,1.0,0,20,0
SUBJ_NER_027,21,memory_match,1,1.0,2759,0,0,1.0,0,21,0
SUBJ_NER_027,22,pattern_recognition,1,0.0,3930,2,0,1.0,0,22,0
SUBJ_NER_027,23,routine_recall,1,0.0,4431,1,2,1.0,0,23,0
SUBJ_NER_027,24,object_memory,1,0.0,3643,3,2,1.0,0,24,0
SUBJ_NER_027,25,reminiscence,1,0.0,3817,3,1,1.0,0,25,0
SUBJ_NER_027,26,memory_match,1,0.0,4121,3,2,1.0,0,26,0
SUBJ_NER_027,27,pattern_recognition,1,0.0,3126,1,0,1.0,0,27,0
SUBJ_NER_027,28,routine_recall,1,0.0,5000,1,0,1.0,0,28,0
SUBJ_NER_027,29,object_memory,1,0.0,3948,1,0,1.0,0,29,0
SUBJ_NER_027,30,reminiscence,1,0.0,2923,1,1,1.0,0,30,0
SUBJ_NER_027,31,memory_match,1,0.0,3308,1,0,1.0,0,31,0
SUBJ_NER_027,32,pattern_recognition,1,0.0,5090,1,0,1.0,0,32,0
SUBJ_NER_027,33,routine_recall,1,1.0,3350,0,0,1.0,0,33,0
SUBJ_NER_027,34,object_memory,1,0.0,4264,2,0,1.0,0,34,0
SUBJ_NER_027,35,reminiscence,1,0.0,3119,3,0,1.0,0,35,0
SUBJ_NER_027,36,memory_match,1,1.0,2026,0,0,1.0,0,36,0
SUBJ_NER_027,37,pattern_recognition,1,0.0,3984,2,1,1.0,0,37,0
SUBJ_NER_027,38,routine_recall,1,1.0,2679,0,0,1.0,0,38,0
SUBJ_NER_027,39,object_memory,1,0.0,3388,1,0,1.0,0,39,0
SUBJ_NER_027,40,reminiscence,1,0.0,2898,1,0,1.0,0,40,0
SUBJ_NER_027,41,memory_match,1,0.0,4119,1,0,1.0,0,41,0
SUBJ_NER_027,42,pattern_recognition,1,0.0,3386,1,0,1.0,0,42,0
SUBJ_NER_027,43,routine_recall,1,0.0,2956,2,1,1.0,0,43,0
SUBJ_NER_027,44,object_memory,1,1.0,2851,0,0,1.0,0,44,0
SUBJ_NER_027,45,reminiscence,1,0.0,3484,3,0,1.0,0,45,0
SUBJ_NER_027,46,memory_match,1,0.0,3126,2,0,1.0,0,46,0
SUBJ_NER_027,47,pattern_recognition,1,0.0,4178,1,0,1.0,0,47,0
SUBJ_NER_027,48,routine_recall,1,0.0,3689,2,0,1.0,0,48,0
SUBJ_NER_027,49,object_memory,1,0.0,4172,1,0,1.0,0,49,0
SUBJ_NER_027,50,reminiscence,1,1.0,2251,0,0,1.0,0,50,0
SUBJ_NER_027,51,memory_match,1,0.0,3302,2,0,1.0,0,51,0
SUBJ_NER_027,52,pattern_recognition,1,1.0,2207,0,0,1.0,0,52,0
SUBJ_NER_027,53,routine_recall,1,0.0,3377,1,1,1.0,0,53,0
SUBJ_NER_027,54,object_memory,1,0.0,3447,1,0,1.0,0,54,0
SUBJ_NER_027,55,reminiscence,1,0.0,3420,1,0,0.8,0,55,0
SUBJ_NER_027,56,memory_match,1,0.0,4045,2,0,1.0,0,56,0
SUBJ_NER_027,57,pattern_recognition,1,1.0,2581,0,0,0.8,0,57,0
SUBJ_NER_027,58,routine_recall,1,0.0,4401,1,0,1.0,0,58,0
SUBJ_NER_027,59,object_memory,1,0.0,4341,2,0,1.0,0,59,0
SUBJ_NER_027,60,reminiscence,1,0.0,2368,1,0,1.0,0,60,0
SUBJ_NER_028,1,memory_match,1,1.0,2549,0,0,1.0,1,0,1
SUBJ_NER_028,2,pattern_recognition,1,1.0,2643,0,0,1.0,2,0,2
SUBJ_NER_028,3,routine_recall,2,0.0,2619,2,0,1.0,0,1,0
SUBJ_NER_028,4,object_memory,1,1.0,3103,0,0,1.0,1,0,1
SUBJ_NER_028,5,reminiscence,1,1.0,1663,0,0,1.0,2,0,2
SUBJ_NER_028,6,memory_match,2,1.0,3195,0,0,1.0,3,0,2
SUBJ_NER_028,7,pattern_recognition,3,1.0,4446,0,0,1.0,4,0,1
SUBJ_NER_028,8,routine_recall,3,1.0,3954,0,0,1.0,5,0,1
SUBJ_NER_028,9,object_memory,3,1.0,2741,0,0,1.0,6,0,2
SUBJ_NER_028,10,reminiscence,4,0.0,3625,1,0,1.0,0,1,0
SUBJ_NER_028,11,memory_match,3,1.0,3243,0,0,1.0,1,0,1
SUBJ_NER_028,12,pattern_recognition,3,1.0,2643,0,0,1.0,2,0,2
SUBJ_NER_028,13,routine_recall,4,1.0,4005,0,0,1.0,3,0,1
SUBJ_NER_028,14,object_memory,4,1.0,4151,0,0,1.0,4,0,1
SUBJ_NER_028,15,reminiscence,4,1.0,4383,0,0,1.0,5,0,1
SUBJ_NER_028,16,memory_match,4,0.0,3950,1,0,1.0,0,1,0
SUBJ_NER_028,17,pattern_recognition,3,0.0,5553,1,0,1.0,0,2,0
SUBJ_NER_028,18,routine_recall,2,0.0,3978,1,0,1.0,0,3,0
SUBJ_NER_028,19,object_memory,1,1.0,3885,0,0,1.0,0,4,0
SUBJ_NER_028,20,reminiscence,1,1.0,2247,0,0,1.0,0,5,0
SUBJ_NER_028,21,memory_match,1,0.0,4921,1,1,1.0,0,6,0
SUBJ_NER_028,22,pattern_recognition,1,1.0,3135,0,0,1.0,0,7,0
SUBJ_NER_028,23,routine_recall,1,1.0,2095,0,0,1.0,0,8,0
SUBJ_NER_028,24,object_memory,1,1.0,1772,0,0,1.0,0,9,0
SUBJ_NER_028,25,reminiscence,1,1.0,2233,0,0,1.0,0,10,0
SUBJ_NER_028,26,memory_match,1,0.0,4072,1,0,1.0,0,11,0
SUBJ_NER_028,27,pattern_recognition,1,1.0,3122,0,0,1.0,0,12,0
SUBJ_NER_028,28,routine_recall,1,1.0,3417,0,0,1.0,0,13,0
SUBJ_NER_028,29,object_memory,1,1.0,2527,0,0,1.0,0,14,0
SUBJ_NER_028,30,reminiscence,1,1.0,2695,0,0,1.0,0,15,0
SUBJ_NER_028,31,memory_match,1,1.0,3017,0,0,1.0,0,16,0
SUBJ_NER_028,32,pattern_recognition,1,0.0,2737,2,0,1.0,0,17,0
SUBJ_NER_028,33,routine_recall,1,0.0,3580,2,0,1.0,0,18,0
SUBJ_NER_028,34,object_memory,1,0.0,2950,1,0,1.0,0,19,0
SUBJ_NER_028,35,reminiscence,1,1.0,2281,0,0,1.0,0,20,0
SUBJ_NER_028,36,memory_match,1,1.0,2741,0,0,1.0,0,21,0
SUBJ_NER_028,37,pattern_recognition,1,0.0,2769,1,0,1.0,0,22,0
SUBJ_NER_028,38,routine_recall,1,1.0,3237,0,0,1.0,0,23,0
SUBJ_NER_028,39,object_memory,1,0.0,2207,1,0,1.0,0,24,0
SUBJ_NER_028,40,reminiscence,1,0.0,4176,3,1,1.0,0,25,0
SUBJ_NER_028,41,memory_match,1,1.0,3248,0,0,1.0,0,26,0
SUBJ_NER_028,42,pattern_recognition,1,1.0,3265,0,0,1.0,0,27,0
SUBJ_NER_028,43,routine_recall,1,1.0,4072,0,0,1.0,0,28,0
SUBJ_NER_028,44,object_memory,1,1.0,2294,0,0,1.0,0,29,0
SUBJ_NER_028,45,reminiscence,1,0.0,4953,2,0,1.0,0,30,0
SUBJ_NER_028,46,memory_match,1,1.0,3156,0,0,1.0,0,31,0
SUBJ_NER_028,47,pattern_recognition,1,0.0,3863,1,2,1.0,0,32,0
SUBJ_NER_028,48,routine_recall,1,1.0,2028,0,0,1.0,0,33,0
SUBJ_NER_028,49,object_memory,1,0.0,2884,1,1,1.0,0,34,0
SUBJ_NER_028,50,reminiscence,1,1.0,3447,0,0,1.0,0,35,0
SUBJ_NER_028,51,memory_match,1,0.0,2646,1,0,1.0,0,36,0
SUBJ_NER_028,52,pattern_recognition,1,0.0,3960,2,0,1.0,0,37,0
SUBJ_NER_028,53,routine_recall,1,1.0,2722,0,0,1.0,0,38,0
SUBJ_NER_028,54,object_memory,1,0.0,3009,1,2,1.0,0,39,0
SUBJ_NER_028,55,reminiscence,1,1.0,2022,0,0,1.0,0,40,0
SUBJ_NER_028,56,memory_match,1,0.0,2903,1,0,1.0,0,41,0
SUBJ_NER_028,57,pattern_recognition,1,0.0,3940,1,1,1.0,0,42,0
SUBJ_NER_028,58,routine_recall,1,1.0,3008,0,0,1.0,0,43,0
SUBJ_NER_028,59,object_memory,1,1.0,2275,0,0,0.8,0,44,0
SUBJ_NER_028,60,reminiscence,1,1.0,2594,0,0,1.0,0,45,0
SUBJ_NER_029,1,memory_match,1,0.0,2837,1,2,1.0,0,1,0
SUBJ_NER_029,2,pattern_recognition,1,0.0,3562,1,1,1.0,0,2,0
SUBJ_NER_029,3,routine_recall,1,1.0,2472,0,0,1.0,0,3,0
SUBJ_NER_029,4,object_memory,1,0.0,3332,3,1,1.0,0,4,0
SUBJ_NER_029,5,reminiscence,1,0.0,3135,1,1,1.0,0,5,0
SUBJ_NER_029,6,memory_match,1,0.0,2449,1,0,1.0,0,6,0
SUBJ_NER_029,7,pattern_recognition,1,0.0,3754,2,0,1.0,0,7,0
SUBJ_NER_029,8,routine_recall,1,0.0,3459,3,0,1.0,0,8,0
SUBJ_NER_029,9,object_memory,1,0.0,2883,1,0,1.0,0,9,0
SUBJ_NER_029,10,reminiscence,1,1.0,2649,0,0,1.0,0,10,0
SUBJ_NER_029,11,memory_match,1,0.0,3531,1,0,1.0,0,11,0
SUBJ_NER_029,12,pattern_recognition,1,0.0,3871,1,1,1.0,0,12,0
SUBJ_NER_029,13,routine_recall,1,1.0,2931,0,0,1.0,0,13,0
SUBJ_NER_029,14,object_memory,1,0.0,2583,3,1,1.0,0,14,0
SUBJ_NER_029,15,reminiscence,1,1.0,2301,0,0,1.0,0,15,0
SUBJ_NER_029,16,memory_match,1,0.0,3510,1,0,1.0,0,16,0
SUBJ_NER_029,17,pattern_recognition,1,0.0,2646,1,1,1.0,0,17,0
SUBJ_NER_029,18,routine_recall,1,0.0,3916,2,0,1.0,0,18,0
SUBJ_NER_029,19,object_memory,1,0.0,4072,1,0,1.0,0,19,0
SUBJ_NER_029,20,reminiscence,1,0.0,3311,1,1,1.0,0,20,0
SUBJ_NER_029,21,memory_match,1,0.0,3520,1,0,1.0,0,21,0
SUBJ_NER_029,22,pattern_recognition,1,0.0,3090,1,0,1.0,0,22,0
SUBJ_NER_029,23,routine_recall,1,0.0,3783,1,0,1.0,0,23,0
SUBJ_NER_029,24,object_memory,1,0.0,2836,1,1,1.0,0,24,0
SUBJ_NER_029,25,reminiscence,1,0.0,2800,3,0,1.0,0,25,0
SUBJ_NER_029,26,memory_match,1,1.0,4082,0,0,1.0,0,26,0
SUBJ_NER_029,27,pattern_recognition,1,0.0,4240,3,0,1.0,0,27,0
SUBJ_NER_029,28,routine_recall,1,0.0,2599,1,0,1.0,0,28,0
SUBJ_NER_029,29,object_memory,1,0.0,2717,1,0,1.0,0,29,0
SUBJ_NER_029,30,reminiscence,1,1.0,2218,0,0,1.0,0,30,0
SUBJ_NER_029,31,memory_match,1,0.0,5375,1,2,1.0,0,31,0
SUBJ_NER_029,32,pattern_recognition,1,0.0,2604,1,2,1.0,0,32,0
SUBJ_NER_029,33,routine_recall,1,0.0,2532,1,0,1.0,0,33,0
SUBJ_NER_029,34,object_memory,1,0.0,2739,1,0,1.0,0,34,0
SUBJ_NER_029,35,reminiscence,1,0.0,4731,3,1,1.0,0,35,0
SUBJ_NER_029,36,memory_match,1,0.0,3508,1,0,1.0,0,36,0
SUBJ_NER_029,37,pattern_recognition,1,0.0,3293,2,0,1.0,0,37,0
SUBJ_NER_029,38,routine_recall,1,0.0,2918,1,1,1.0,0,38,0
SUBJ_NER_029,39,object_memory,1,0.0,3459,2,2,1.0,0,39,0
SUBJ_NER_029,40,reminiscence,1,0.0,3122,2,0,1.0,0,40,0
SUBJ_NER_029,41,memory_match,1,0.0,3460,1,0,1.0,0,41,0
SUBJ_NER_029,42,pattern_recognition,1,0.0,2249,1,1,1.0,0,42,0
SUBJ_NER_029,43,routine_recall,1,0.0,2793,3,0,1.0,0,43,0
SUBJ_NER_029,44,object_memory,1,0.0,2516,1,0,1.0,0,44,0
SUBJ_NER_029,45,reminiscence,1,0.0,3136,1,0,1.0,0,45,0
SUBJ_NER_029,46,memory_match,1,0.0,2864,2,1,1.0,0,46,0
SUBJ_NER_029,47,pattern_recognition,1,0.0,3290,2,0,1.0,0,47,0
SUBJ_NER_029,48,routine_recall,1,0.0,3067,2,0,1.0,0,48,0
SUBJ_NER_029,49,object_memory,1,0.0,3542,1,0,1.0,0,49,0
SUBJ_NER_029,50,reminiscence,1,0.0,3259,3,0,1.0,0,50,0
SUBJ_NER_029,51,memory_match,1,0.0,3095,1,0,1.0,0,51,0
SUBJ_NER_029,52,pattern_recognition,1,0.0,2422,1,0,1.0,0,52,0
SUBJ_NER_029,53,routine_recall,1,0.0,2605,2,0,1.0,0,53,0
SUBJ_NER_029,54,object_memory,1,0.0,3121,2,0,1.0,0,54,0
SUBJ_NER_029,55,reminiscence,1,0.0,3260,1,0,1.0,0,55,0
SUBJ_NER_029,56,memory_match,1,0.0,2469,2,2,0.5,0,56,0
SUBJ_NER_029,57,pattern_recognition,1,0.0,2089,2,0,1.0,0,57,0
SUBJ_NER_029,58,routine_recall,1,0.0,3112,1,1,1.0,0,58,0
SUBJ_NER_029,59,object_memory,1,0.0,2654,1,0,1.0,0,59,0
SUBJ_NER_029,60,reminiscence,1,0.0,3630,1,0,1.0,0,60,0
SUBJ_NER_030,1,memory_match,1,0.0,2592,1,0,1.0,0,1,0
SUBJ_NER_030,2,pattern_recognition,1,0.0,2860,1,0,1.0,0,2,0
SUBJ_NER_030,3,routine_recall,1,0.0,1477,1,0,1.0,0,3,0
SUBJ_NER_030,4,object_memory,1,1.0,2426,0,0,1.0,0,4,0
SUBJ_NER_030,5,reminiscence,1,0.0,2501,1,0,1.0,0,5,0
SUBJ_NER_030,6,memory_match,1,1.0,1463,0,0,1.0,0,6,0
SUBJ_NER_030,7,pattern_recognition,1,0.0,2166,1,0,1.0,0,7,0
SUBJ_NER_030,8,routine_recall,1,1.0,3063,0,0,1.0,0,8,0
SUBJ_NER_030,9,object_memory,1,1.0,1402,0,0,1.0,0,9,0
SUBJ_NER_030,10,reminiscence,1,1.0,1626,0,0,1.0,0,10,0
SUBJ_NER_030,11,memory_match,1,1.0,2275,0,0,1.0,0,11,0
SUBJ_NER_030,12,pattern_recognition,1,0.0,1912,1,2,1.0,0,12,0
SUBJ_NER_030,13,routine_recall,1,0.0,2335,1,0,1.0,0,13,0
SUBJ_NER_030,14,object_memory,1,1.0,1708,0,0,1.0,0,14,0
SUBJ_NER_030,15,reminiscence,1,0.0,2087,1,0,1.0,0,15,0
SUBJ_NER_030,16,memory_match,1,0.0,3338,2,0,1.0,0,16,0
SUBJ_NER_030,17,pattern_recognition,1,0.0,2662,3,0,1.0,0,17,0
SUBJ_NER_030,18,routine_recall,1,1.0,1777,0,0,1.0,0,18,0
SUBJ_NER_030,19,object_memory,1,1.0,1851,0,0,1.0,0,19,0
SUBJ_NER_030,20,reminiscence,1,1.0,2376,0,0,1.0,0,20,0
SUBJ_NER_030,21,memory_match,1,0.0,2365,3,0,1.0,0,21,0
SUBJ_NER_030,22,pattern_recognition,1,0.0,1681,2,0,1.0,0,22,0
SUBJ_NER_030,23,routine_recall,1,1.0,1801,0,0,1.0,0,23,0
SUBJ_NER_030,24,object_memory,1,0.0,1667,1,0,1.0,0,24,0
SUBJ_NER_030,25,reminiscence,1,1.0,1754,0,0,1.0,0,25,0
SUBJ_NER_030,26,memory_match,1,0.0,2149,3,0,1.0,0,26,0
SUBJ_NER_030,27,pattern_recognition,1,1.0,1978,0,0,1.0,0,27,0
SUBJ_NER_030,28,routine_recall,1,1.0,2163,0,0,1.0,0,28,0
SUBJ_NER_030,29,object_memory,1,0.0,1929,2,0,1.0,0,29,0
SUBJ_NER_030,30,reminiscence,1,1.0,2103,0,0,1.0,0,30,0
SUBJ_NER_030,31,memory_match,1,0.0,2560,3,2,1.0,0,31,0
SUBJ_NER_030,32,pattern_recognition,1,1.0,2197,0,0,1.0,0,32,0
SUBJ_NER_030,33,routine_recall,1,1.0,1648,0,0,1.0,0,33,0
SUBJ_NER_030,34,object_memory,1,1.0,1498,0,0,1.0,0,34,0
SUBJ_NER_030,35,reminiscence,1,0.0,2205,1,0,1.0,0,35,0
SUBJ_NER_030,36,memory_match,1,0.0,2287,1,0,1.0,0,36,0
SUBJ_NER_030,37,pattern_recognition,1,1.0,2436,0,0,1.0,0,37,0
SUBJ_NER_030,38,routine_recall,1,0.0,1860,1,0,1.0,0,38,0
SUBJ_NER_030,39,object_memory,1,1.0,2485,0,0,1.0,0,39,0
SUBJ_NER_030,40,reminiscence,1,0.0,1912,1,0,1.0,0,40,0
SUBJ_NER_030,41,memory_match,1,1.0,1581,0,0,1.0,0,41,0
SUBJ_NER_030,42,pattern_recognition,1,1.0,1526,0,0,1.0,0,42,0
SUBJ_NER_030,43,routine_recall,1,0.0,1543,1,0,1.0,0,43,0
SUBJ_NER_030,44,object_memory,1,1.0,1898,0,0,1.0,0,44,0
SUBJ_NER_030,45,reminiscence,1,1.0,1989,0,0,1.0,0,45,0
SUBJ_NER_030,46,memory_match,1,0.0,2582,1,0,1.0,0,46,0
SUBJ_NER_030,47,pattern_recognition,1,1.0,1767,0,0,1.0,0,47,0
SUBJ_NER_030,48,routine_recall,1,1.0,2260,0,0,1.0,0,48,0
SUBJ_NER_030,49,object_memory,1,0.0,2316,2,2,1.0,0,49,0
SUBJ_NER_030,50,reminiscence,1,0.0,2039,3,1,1.0,0,50,0
SUBJ_NER_030,51,memory_match,1,0.0,2402,1,0,1.0,0,51,0
SUBJ_NER_030,52,pattern_recognition,1,0.0,2255,1,0,1.0,0,52,0
SUBJ_NER_030,53,routine_recall,1,1.0,2133,0,0,1.0,0,53,0
SUBJ_NER_030,54,object_memory,1,1.0,1400,0,0,1.0,0,54,0
SUBJ_NER_030,55,reminiscence,1,1.0,1617,0,0,1.0,0,55,0
SUBJ_NER_030,56,memory_match,1,0.0,2123,1,0,1.0,0,56,0
SUBJ_NER_030,57,pattern_recognition,1,1.0,2095,0,0,1.0,0,57,0
SUBJ_NER_030,58,routine_recall,1,1.0,1734,0,0,0.8,0,58,0
SUBJ_NER_030,59,object_memory,1,1.0,1489,0,0,1.0,0,59,0
SUBJ_NER_030,60,reminiscence,1,1.0,1791,0,0,1.0,0,60,0
SUBJ_NER_031,1,memory_match,1,1.0,1563,0,0,1.0,1,0,1
SUBJ_NER_031,2,pattern_recognition,1,0.0,2332,1,1,1.0,0,1,0
SUBJ_NER_031,3,routine_recall,1,0.0,1970,1,0,1.0,0,2,0
SUBJ_NER_031,4,object_memory,1,0.0,2185,1,1,1.0,0,3,0
SUBJ_NER_031,5,reminiscence,1,1.0,2003,0,0,1.0,0,4,0
SUBJ_NER_031,6,memory_match,1,1.0,1164,0,0,1.0,0,5,0
SUBJ_NER_031,7,pattern_recognition,1,1.0,2287,0,0,1.0,0,6,0
SUBJ_NER_031,8,routine_recall,1,1.0,1870,0,0,1.0,0,7,0
SUBJ_NER_031,9,object_memory,1,1.0,1790,0,0,1.0,0,8,0
SUBJ_NER_031,10,reminiscence,1,1.0,1362,0,0,1.0,0,9,0
SUBJ_NER_031,11,memory_match,1,1.0,2134,0,0,1.0,0,10,0
SUBJ_NER_031,12,pattern_recognition,1,1.0,1216,0,0,1.0,0,11,0
SUBJ_NER_031,13,routine_recall,1,1.0,1883,0,0,1.0,0,12,0
SUBJ_NER_031,14,object_memory,1,1.0,1146,0,0,1.0,0,13,0
SUBJ_NER_031,15,reminiscence,1,1.0,1921,0,0,1.0,0,14,0
SUBJ_NER_031,16,memory_match,1,0.0,2064,1,2,1.0,0,15,0
SUBJ_NER_031,17,pattern_recognition,1,1.0,1609,0,0,1.0,0,16,0
SUBJ_NER_031,18,routine_recall,1,1.0,1656,0,0,1.0,0,17,0
SUBJ_NER_031,19,object_memory,1,1.0,1431,0,0,1.0,0,18,0
SUBJ_NER_031,20,reminiscence,1,1.0,2231,0,0,1.0,0,19,0
SUBJ_NER_031,21,memory_match,1,1.0,1481,0,0,1.0,0,20,0
SUBJ_NER_031,22,pattern_recognition,1,1.0,1119,0,0,1.0,0,21,0
SUBJ_NER_031,23,routine_recall,1,1.0,1324,0,0,1.0,0,22,0
SUBJ_NER_031,24,object_memory,1,1.0,1884,0,0,1.0,0,23,0
SUBJ_NER_031,25,reminiscence,1,1.0,1327,0,0,1.0,0,24,0
SUBJ_NER_031,26,memory_match,1,1.0,1348,0,0,1.0,0,25,0
SUBJ_NER_031,27,pattern_recognition,1,1.0,2655,0,0,1.0,0,26,0
SUBJ_NER_031,28,routine_recall,1,1.0,1564,0,0,1.0,0,27,0
SUBJ_NER_031,29,object_memory,1,0.0,2043,1,1,1.0,0,28,0
SUBJ_NER_031,30,reminiscence,1,1.0,2151,0,0,1.0,0,29,0
SUBJ_NER_031,31,memory_match,1,1.0,1671,0,0,1.0,0,30,0
SUBJ_NER_031,32,pattern_recognition,1,1.0,1610,0,0,1.0,0,31,0
SUBJ_NER_031,33,routine_recall,1,0.0,2291,2,1,1.0,0,32,0
SUBJ_NER_031,34,object_memory,1,1.0,1318,0,0,1.0,0,33,0
SUBJ_NER_031,35,reminiscence,1,1.0,1806,0,0,1.0,0,34,0
SUBJ_NER_031,36,memory_match,1,0.0,2684,2,0,1.0,0,35,0
SUBJ_NER_031,37,pattern_recognition,1,1.0,2001,0,0,1.0,0,36,0
SUBJ_NER_031,38,routine_recall,1,0.0,1541,2,1,1.0,0,37,0
SUBJ_NER_031,39,object_memory,1,0.0,1273,1,0,1.0,0,38,0
SUBJ_NER_031,40,reminiscence,1,0.0,1854,1,0,1.0,0,39,0
SUBJ_NER_031,41,memory_match,1,1.0,1783,0,0,1.0,0,40,0
SUBJ_NER_031,42,pattern_recognition,1,1.0,1477,0,0,1.0,0,41,0
SUBJ_NER_031,43,routine_recall,1,0.0,2324,1,0,1.0,0,42,0
SUBJ_NER_031,44,object_memory,1,1.0,1467,0,0,1.0,0,43,0
SUBJ_NER_031,45,reminiscence,1,0.0,1320,2,0,1.0,0,44,0
SUBJ_NER_031,46,memory_match,1,1.0,1831,0,0,1.0,0,45,0
SUBJ_NER_031,47,pattern_recognition,1,0.0,2579,2,0,1.0,0,46,0
SUBJ_NER_031,48,routine_recall,1,1.0,1801,0,0,1.0,0,47,0
SUBJ_NER_031,49,object_memory,1,1.0,2066,0,0,1.0,0,48,0
SUBJ_NER_031,50,reminiscence,1,0.0,1927,1,0,1.0,0,49,0
SUBJ_NER_031,51,memory_match,1,0.0,1768,2,0,1.0,0,50,0
SUBJ_NER_031,52,pattern_recognition,1,1.0,1385,0,0,1.0,0,51,0
SUBJ_NER_031,53,routine_recall,1,1.0,1519,0,0,1.0,0,52,0
SUBJ_NER_031,54,object_memory,1,1.0,1800,0,0,1.0,0,53,0
SUBJ_NER_031,55,reminiscence,1,1.0,2359,0,0,1.0,0,54,0
SUBJ_NER_031,56,memory_match,1,0.0,1776,3,0,1.0,0,55,0
SUBJ_NER_031,57,pattern_recognition,1,1.0,2057,0,0,1.0,0,56,0
SUBJ_NER_031,58,routine_recall,1,1.0,1695,0,0,0.5,0,57,0
SUBJ_NER_031,59,object_memory,1,1.0,1461,0,0,0.8,0,58,0
SUBJ_NER_031,60,reminiscence,1,1.0,1549,0,0,1.0,0,59,0
SUBJ_NER_032,1,memory_match,1,1.0,1735,0,0,1.0,1,0,1
SUBJ_NER_032,2,pattern_recognition,1,1.0,2212,0,0,1.0,2,0,2
SUBJ_NER_032,3,routine_recall,2,1.0,2286,0,0,1.0,3,0,2
SUBJ_NER_032,4,object_memory,3,1.0,4272,0,0,1.0,4,0,1
SUBJ_NER_032,5,reminiscence,3,1.0,2746,0,0,1.0,5,0,2
SUBJ_NER_032,6,memory_match,4,0.0,2721,1,0,1.0,0,1,0
SUBJ_NER_032,7,pattern_recognition,3,1.0,2749,0,0,1.0,1,0,1
SUBJ_NER_032,8,routine_recall,3,0.0,4041,1,0,1.0,0,1,0
SUBJ_NER_032,9,object_memory,2,0.0,2450,1,0,1.0,0,2,0
SUBJ_NER_032,10,reminiscence,1,1.0,2222,0,0,1.0,0,3,0
SUBJ_NER_032,11,memory_match,1,1.0,1777,0,0,1.0,0,4,0
SUBJ_NER_032,12,pattern_recognition,1,0.0,2527,1,0,1.0,0,5,0
SUBJ_NER_032,13,routine_recall,1,0.0,2565,1,0,1.0,0,6,0
SUBJ_NER_032,14,object_memory,1,1.0,1677,0,0,1.0,0,7,0
SUBJ_NER_032,15,reminiscence,1,1.0,2242,0,0,1.0,0,8,0
SUBJ_NER_032,16,memory_match,1,1.0,2236,0,0,1.0,0,9,0
SUBJ_NER_032,17,pattern_recognition,1,1.0,1962,0,0,1.0,0,10,0
SUBJ_NER_032,18,routine_recall,1,1.0,2114,0,0,1.0,0,11,0
SUBJ_NER_032,19,object_memory,1,1.0,2479,0,0,1.0,0,12,0
SUBJ_NER_032,20,reminiscence,1,1.0,3039,0,0,1.0,0,13,0
SUBJ_NER_032,21,memory_match,1,1.0,1887,0,0,1.0,0,14,0
SUBJ_NER_032,22,pattern_recognition,1,1.0,1871,0,0,1.0,0,15,0
SUBJ_NER_032,23,routine_recall,1,1.0,1745,0,0,1.0,0,16,0
SUBJ_NER_032,24,object_memory,1,1.0,1637,0,0,1.0,0,17,0
SUBJ_NER_032,25,reminiscence,1,1.0,1804,0,0,1.0,0,18,0
SUBJ_NER_032,26,memory_match,1,1.0,2359,0,0,1.0,0,19,0
SUBJ_NER_032,27,pattern_recognition,1,1.0,2714,0,0,1.0,0,20,0
SUBJ_NER_032,28,routine_recall,1,1.0,1854,0,0,1.0,0,21,0
SUBJ_NER_032,29,object_memory,1,1.0,2505,0,0,1.0,0,22,0
SUBJ_NER_032,30,reminiscence,1,0.0,2930,2,0,1.0,0,23,0
SUBJ_NER_032,31,memory_match,1,1.0,2484,0,0,1.0,0,24,0
SUBJ_NER_032,32,pattern_recognition,1,1.0,1924,0,0,1.0,0,25,0
SUBJ_NER_032,33,routine_recall,1,1.0,2250,0,0,1.0,0,26,0
SUBJ_NER_032,34,object_memory,1,0.0,2428,1,0,1.0,0,27,0
SUBJ_NER_032,35,reminiscence,1,1.0,1952,0,0,1.0,0,28,0
SUBJ_NER_032,36,memory_match,1,1.0,2150,0,0,1.0,0,29,0
SUBJ_NER_032,37,pattern_recognition,1,1.0,1914,0,0,1.0,0,30,0
SUBJ_NER_032,38,routine_recall,1,1.0,2533,0,0,1.0,0,31,0
SUBJ_NER_032,39,object_memory,1,1.0,2354,0,0,1.0,0,32,0
SUBJ_NER_032,40,reminiscence,1,1.0,2589,0,0,1.0,0,33,0
SUBJ_NER_032,41,memory_match,1,1.0,2316,0,0,1.0,0,34,0
SUBJ_NER_032,42,pattern_recognition,1,0.0,3852,1,0,1.0,0,35,0
SUBJ_NER_032,43,routine_recall,1,0.0,3394,1,0,1.0,0,36,0
SUBJ_NER_032,44,object_memory,1,0.0,2447,1,0,1.0,0,37,0
SUBJ_NER_032,45,reminiscence,1,0.0,2601,1,0,1.0,0,38,0
SUBJ_NER_032,46,memory_match,1,1.0,2559,0,0,1.0,0,39,0
SUBJ_NER_032,47,pattern_recognition,1,0.0,1775,1,0,1.0,0,40,0
SUBJ_NER_032,48,routine_recall,1,1.0,1511,0,0,1.0,0,41,0
SUBJ_NER_032,49,object_memory,1,1.0,2511,0,0,1.0,0,42,0
SUBJ_NER_032,50,reminiscence,1,0.0,3266,2,1,1.0,0,43,0
SUBJ_NER_032,51,memory_match,1,1.0,2059,0,0,1.0,0,44,0
SUBJ_NER_032,52,pattern_recognition,1,1.0,2202,0,0,1.0,0,45,0
SUBJ_NER_032,53,routine_recall,1,1.0,1572,0,0,1.0,0,46,0
SUBJ_NER_032,54,object_memory,1,1.0,2239,0,0,1.0,0,47,0
SUBJ_NER_032,55,reminiscence,1,1.0,2162,0,0,0.8,0,48,0
SUBJ_NER_032,56,memory_match,1,1.0,1610,0,0,1.0,0,49,0
SUBJ_NER_032,57,pattern_recognition,1,1.0,2054,0,0,1.0,0,50,0
SUBJ_NER_032,58,routine_recall,1,1.0,2517,0,0,1.0,0,51,0
SUBJ_NER_032,59,object_memory,1,1.0,2316,0,0,1.0,0,52,0
SUBJ_NER_032,60,reminiscence,1,1.0,2640,0,0,1.0,0,53,0
SUBJ_NER_033,1,memory_match,1,0.0,2534,1,0,1.0,0,1,0
SUBJ_NER_033,2,pattern_recognition,1,0.0,3290,1,0,1.0,0,2,0
SUBJ_NER_033,3,routine_recall,1,0.0,2720,2,1,1.0,0,3,0
SUBJ_NER_033,4,object_memory,1,0.0,1530,1,0,1.0,0,4,0
SUBJ_NER_033,5,reminiscence,1,0.0,2698,1,0,1.0,0,5,0
SUBJ_NER_033,6,memory_match,1,1.0,1811,0,0,1.0,0,6,0
SUBJ_NER_033,7,pattern_recognition,1,1.0,1993,0,0,1.0,0,7,0
SUBJ_NER_033,8,routine_recall,1,0.0,3284,1,0,1.0,0,8,0
SUBJ_NER_033,9,object_memory,1,0.0,2386,2,0,1.0,0,9,0
SUBJ_NER_033,10,reminiscence,1,1.0,1935,0,0,1.0,0,10,0
SUBJ_NER_033,11,memory_match,1,1.0,1721,0,0,1.0,0,11,0
SUBJ_NER_033,12,pattern_recognition,1,0.0,1902,1,0,1.0,0,12,0
SUBJ_NER_033,13,routine_recall,1,0.0,1755,1,1,1.0,0,13,0
SUBJ_NER_033,14,object_memory,1,1.0,1918,0,0,1.0,0,14,0
SUBJ_NER_033,15,reminiscence,1,0.0,1726,2,0,1.0,0,15,0
SUBJ_NER_033,16,memory_match,1,1.0,1677,0,0,1.0,0,16,0
SUBJ_NER_033,17,pattern_recognition,1,0.0,1677,3,0,1.0,0,17,0
SUBJ_NER_033,18,routine_recall,1,0.0,1199,2,1,1.0,0,18,0
SUBJ_NER_033,19,object_memory,1,0.0,2075,1,0,1.0,0,19,0
SUBJ_NER_033,20,reminiscence,1,0.0,2292,1,0,1.0,0,20,0
SUBJ_NER_033,21,memory_match,1,1.0,1432,0,0,1.0,0,21,0
SUBJ_NER_033,22,pattern_recognition,1,0.0,2530,3,0,1.0,0,22,0
SUBJ_NER_033,23,routine_recall,1,1.0,1737,0,0,1.0,0,23,0
SUBJ_NER_033,24,object_memory,1,0.0,2799,1,0,1.0,0,24,0
SUBJ_NER_033,25,reminiscence,1,1.0,1504,0,0,1.0,0,25,0
SUBJ_NER_033,26,memory_match,1,0.0,2727,1,0,1.0,0,26,0
SUBJ_NER_033,27,pattern_recognition,1,0.0,2520,1,0,1.0,0,27,0
SUBJ_NER_033,28,routine_recall,1,0.0,2188,3,0,1.0,0,28,0
SUBJ_NER_033,29,object_memory,1,0.0,1681,3,0,1.0,0,29,0
SUBJ_NER_033,30,reminiscence,1,1.0,1335,0,0,1.0,0,30,0
SUBJ_NER_033,31,memory_match,1,1.0,1213,0,0,1.0,0,31,0
SUBJ_NER_033,32,pattern_recognition,1,0.0,2628,1,1,1.0,0,32,0
SUBJ_NER_033,33,routine_recall,1,1.0,1634,0,0,1.0,0,33,0
SUBJ_NER_033,34,object_memory,1,0.0,2461,1,0,1.0,0,34,0
SUBJ_NER_033,35,reminiscence,1,0.0,2159,2,0,1.0,0,35,0
SUBJ_NER_033,36,memory_match,1,0.0,1812,2,0,1.0,0,36,0
SUBJ_NER_033,37,pattern_recognition,1,1.0,1832,0,0,1.0,0,37,0
SUBJ_NER_033,38,routine_recall,1,0.0,1859,1,1,1.0,0,38,0
SUBJ_NER_033,39,object_memory,1,1.0,1696,0,0,1.0,0,39,0
SUBJ_NER_033,40,reminiscence,1,0.0,1570,1,0,1.0,0,40,0
SUBJ_NER_033,41,memory_match,1,0.0,2351,1,0,1.0,0,41,0
SUBJ_NER_033,42,pattern_recognition,1,0.0,2057,2,0,1.0,0,42,0
SUBJ_NER_033,43,routine_recall,1,1.0,2229,0,0,1.0,0,43,0
SUBJ_NER_033,44,object_memory,1,0.0,1740,1,0,1.0,0,44,0
SUBJ_NER_033,45,reminiscence,1,0.0,2221,1,0,1.0,0,45,0
SUBJ_NER_033,46,memory_match,1,0.0,2841,1,1,1.0,0,46,0
SUBJ_NER_033,47,pattern_recognition,1,0.0,2394,1,1,1.0,0,47,0
SUBJ_NER_033,48,routine_recall,1,0.0,2067,1,0,1.0,0,48,0
SUBJ_NER_033,49,object_memory,1,0.0,2192,1,0,1.0,0,49,0
SUBJ_NER_033,50,reminiscence,1,0.0,2244,1,0,1.0,0,50,0
SUBJ_NER_033,51,memory_match,1,1.0,1392,0,0,1.0,0,51,0
SUBJ_NER_033,52,pattern_recognition,1,1.0,1794,0,0,1.0,0,52,0
SUBJ_NER_033,53,routine_recall,1,0.0,2357,1,1,1.0,0,53,0
SUBJ_NER_033,54,object_memory,1,1.0,1946,0,0,1.0,0,54,0
SUBJ_NER_033,55,reminiscence,1,1.0,1665,0,0,1.0,0,55,0
SUBJ_NER_033,56,memory_match,1,1.0,2105,0,0,1.0,0,56,0
SUBJ_NER_033,57,pattern_recognition,1,0.0,2831,1,0,0.8,0,57,0
SUBJ_NER_033,58,routine_recall,1,1.0,2336,0,0,1.0,0,58,0
SUBJ_NER_033,59,object_memory,1,0.0,2268,1,0,1.0,0,59,0
SUBJ_NER_033,60,reminiscence,1,0.0,1406,1,0,1.0,0,60,0
SUBJ_NER_034,1,memory_match,1,0.0,2648,3,0,1.0,0,1,0
SUBJ_NER_034,2,pattern_recognition,1,1.0,1723,0,0,1.0,1,0,1
SUBJ_NER_034,3,routine_recall,1,1.0,1919,0,0,1.0,2,0,2
SUBJ_NER_034,4,object_memory,2,0.0,2235,1,0,1.0,0,1,0
SUBJ_NER_034,5,reminiscence,1,1.0,1827,0,0,1.0,1,0,1
SUBJ_NER_034,6,memory_match,1,1.0,1937,0,0,1.0,2,0,2
SUBJ_NER_034,7,pattern_recognition,2,1.0,2657,0,0,1.0,3,0,2
SUBJ_NER_034,8,routine_recall,3,1.0,2377,0,0,1.0,4,0,2
SUBJ_NER_034,9,object_memory,4,0.0,4561,2,2,1.0,0,1,0
SUBJ_NER_034,10,reminiscence,3,0.0,3075,1,0,1.0,0,2,0
SUBJ_NER_034,11,memory_match,2,0.0,2615,2,0,1.0,0,3,0
SUBJ_NER_034,12,pattern_recognition,1,0.0,2916,2,1,1.0,0,4,0
SUBJ_NER_034,13,routine_recall,1,0.0,2164,1,0,1.0,0,5,0
SUBJ_NER_034,14,object_memory,1,1.0,1871,0,0,1.0,0,6,0
SUBJ_NER_034,15,reminiscence,1,0.0,1896,1,0,1.0,0,7,0
SUBJ_NER_034,16,memory_match,1,1.0,2355,0,0,1.0,0,8,0
SUBJ_NER_034,17,pattern_recognition,1,1.0,2450,0,0,1.0,0,9,0
SUBJ_NER_034,18,routine_recall,1,1.0,2058,0,0,1.0,0,10,0
SUBJ_NER_034,19,object_memory,1,1.0,2553,0,0,1.0,0,11,0
SUBJ_NER_034,20,reminiscence,1,0.0,2762,2,0,1.0,0,12,0
SUBJ_NER_034,21,memory_match,1,0.0,2695,1,0,1.0,0,13,0
SUBJ_NER_034,22,pattern_recognition,1,1.0,1726,0,0,1.0,0,14,0
SUBJ_NER_034,23,routine_recall,1,0.0,2741,1,0,1.0,0,15,0
SUBJ_NER_034,24,object_memory,1,1.0,1979,0,0,1.0,0,16,0
SUBJ_NER_034,25,reminiscence,1,1.0,2515,0,0,1.0,0,17,0
SUBJ_NER_034,26,memory_match,1,1.0,2089,0,0,1.0,0,18,0
SUBJ_NER_034,27,pattern_recognition,1,0.0,1670,1,1,1.0,0,19,0
SUBJ_NER_034,28,routine_recall,1,0.0,2389,2,0,1.0,0,20,0
SUBJ_NER_034,29,object_memory,1,1.0,2595,0,0,1.0,0,21,0
SUBJ_NER_034,30,reminiscence,1,0.0,2247,1,0,1.0,0,22,0
SUBJ_NER_034,31,memory_match,1,0.0,2751,1,0,1.0,0,23,0
SUBJ_NER_034,32,pattern_recognition,1,0.0,2635,1,0,1.0,0,24,0
SUBJ_NER_034,33,routine_recall,1,0.0,2228,2,0,1.0,0,25,0
SUBJ_NER_034,34,object_memory,1,0.0,2317,1,0,1.0,0,26,0
SUBJ_NER_034,35,reminiscence,1,0.0,2471,3,1,1.0,0,27,0
SUBJ_NER_034,36,memory_match,1,1.0,1808,0,0,1.0,0,28,0
SUBJ_NER_034,37,pattern_recognition,1,1.0,1666,0,0,1.0,0,29,0
SUBJ_NER_034,38,routine_recall,1,1.0,2447,0,0,1.0,0,30,0
SUBJ_NER_034,39,object_memory,1,0.0,2944,1,1,1.0,0,31,0
SUBJ_NER_034,40,reminiscence,1,1.0,1872,0,0,1.0,0,32,0
SUBJ_NER_034,41,memory_match,1,1.0,1960,0,0,1.0,0,33,0
SUBJ_NER_034,42,pattern_recognition,1,1.0,1396,0,0,1.0,0,34,0
SUBJ_NER_034,43,routine_recall,1,0.0,2878,2,0,1.0,0,35,0
SUBJ_NER_034,44,object_memory,1,1.0,1346,0,0,1.0,0,36,0
SUBJ_NER_034,45,reminiscence,1,0.0,2799,1,0,1.0,0,37,0
SUBJ_NER_034,46,memory_match,1,0.0,1658,1,1,1.0,0,38,0
SUBJ_NER_034,47,pattern_recognition,1,0.0,2587,3,1,1.0,0,39,0
SUBJ_NER_034,48,routine_recall,1,0.0,1734,1,1,1.0,0,40,0
SUBJ_NER_034,49,object_memory,1,1.0,1998,0,0,1.0,0,41,0
SUBJ_NER_034,50,reminiscence,1,0.0,2484,1,0,1.0,0,42,0
SUBJ_NER_034,51,memory_match,1,1.0,2240,0,0,1.0,0,43,0
SUBJ_NER_034,52,pattern_recognition,1,0.0,3595,1,0,1.0,0,44,0
SUBJ_NER_034,53,routine_recall,1,0.0,2458,1,0,1.0,0,45,0
SUBJ_NER_034,54,object_memory,1,0.0,1714,1,1,1.0,0,46,0
SUBJ_NER_034,55,reminiscence,1,1.0,1611,0,0,1.0,0,47,0
SUBJ_NER_034,56,memory_match,1,0.0,1769,1,1,1.0,0,48,0
SUBJ_NER_034,57,pattern_recognition,1,0.0,2073,1,0,1.0,0,49,0
SUBJ_NER_034,58,routine_recall,1,1.0,2453,0,0,1.0,0,50,0
SUBJ_NER_034,59,object_memory,1,0.0,2119,1,0,1.0,0,51,0
SUBJ_NER_034,60,reminiscence,1,0.0,2035,2,0,1.0,0,52,0
SUBJ_NER_035,1,memory_match,1,1.0,2190,0,0,1.0,1,0,1
SUBJ_NER_035,2,pattern_recognition,1,1.0,1917,0,0,1.0,2,0,2
SUBJ_NER_035,3,routine_recall,2,0.0,3108,1,1,1.0,0,1,0
SUBJ_NER_035,4,object_memory,1,0.0,2450,1,1,1.0,0,2,0
SUBJ_NER_035,5,reminiscence,1,1.0,2248,0,0,1.0,0,3,0
SUBJ_NER_035,6,memory_match,1,0.0,2721,2,0,1.0,0,4,0
SUBJ_NER_035,7,pattern_recognition,1,1.0,2019,0,0,1.0,0,5,0
SUBJ_NER_035,8,routine_recall,1,1.0,2285,0,0,1.0,0,6,0
SUBJ_NER_035,9,object_memory,1,0.0,2483,2,2,1.0,0,7,0
SUBJ_NER_035,10,reminiscence,1,1.0,1898,0,0,1.0,0,8,0
SUBJ_NER_035,11,memory_match,1,1.0,2437,0,0,1.0,0,9,0
SUBJ_NER_035,12,pattern_recognition,1,1.0,1646,0,0,1.0,0,10,0
SUBJ_NER_035,13,routine_recall,1,1.0,2280,0,0,1.0,0,11,0
SUBJ_NER_035,14,object_memory,1,0.0,2427,1,0,1.0,0,12,0
SUBJ_NER_035,15,reminiscence,1,1.0,2343,0,0,1.0,0,13,0
SUBJ_NER_035,16,memory_match,1,1.0,3159,0,0,1.0,0,14,0
SUBJ_NER_035,17,pattern_recognition,1,0.0,1935,1,0,1.0,0,15,0
SUBJ_NER_035,18,routine_recall,1,1.0,1761,0,0,1.0,0,16,0
SUBJ_NER_035,19,object_memory,1,1.0,2768,0,0,1.0,0,17,0
SUBJ_NER_035,20,reminiscence,1,1.0,2505,0,0,1.0,0,18,0
SUBJ_NER_035,21,memory_match,1,0.0,2856,1,0,1.0,0,19,0
SUBJ_NER_035,22,pattern_recognition,1,0.0,2668,2,0,1.0,0,20,0
SUBJ_NER_035,23,routine_recall,1,0.0,2427,2,0,1.0,0,21,0
SUBJ_NER_035,24,object_memory,1,1.0,2562,0,0,1.0,0,22,0
SUBJ_NER_035,25,reminiscence,1,1.0,2246,0,0,1.0,0,23,0
SUBJ_NER_035,26,memory_match,1,1.0,2446,0,0,1.0,0,24,0
SUBJ_NER_035,27,pattern_recognition,1,0.0,3044,1,0,1.0,0,25,0
SUBJ_NER_035,28,routine_recall,1,1.0,2316,0,0,1.0,0,26,0
SUBJ_NER_035,29,object_memory,1,1.0,1971,0,0,1.0,0,27,0
SUBJ_NER_035,30,reminiscence,1,1.0,1672,0,0,1.0,0,28,0
SUBJ_NER_035,31,memory_match,1,1.0,2664,0,0,1.0,0,29,0
SUBJ_NER_035,32,pattern_recognition,1,1.0,3274,0,0,1.0,0,30,0
SUBJ_NER_035,33,routine_recall,1,1.0,3505,0,0,1.0,0,31,0
SUBJ_NER_035,34,object_memory,1,1.0,1537,0,0,1.0,0,32,0
SUBJ_NER_035,35,reminiscence,1,1.0,1454,0,0,1.0,0,33,0
SUBJ_NER_035,36,memory_match,1,1.0,2152,0,0,1.0,0,34,0
SUBJ_NER_035,37,pattern_recognition,1,1.0,2080,0,0,1.0,0,35,0
SUBJ_NER_035,38,routine_recall,1,1.0,1997,0,0,1.0,0,36,0
SUBJ_NER_035,39,object_memory,1,1.0,2726,0,0,1.0,0,37,0
SUBJ_NER_035,40,reminiscence,1,1.0,1345,0,0,1.0,0,38,0
SUBJ_NER_035,41,memory_match,1,1.0,2683,0,0,1.0,0,39,0
SUBJ_NER_035,42,pattern_recognition,1,0.0,2725,3,0,1.0,0,40,0
SUBJ_NER_035,43,routine_recall,1,1.0,1768,0,0,1.0,0,41,0
SUBJ_NER_035,44,object_memory,1,1.0,2281,0,0,1.0,0,42,0
SUBJ_NER_035,45,reminiscence,1,1.0,2470,0,0,1.0,0,43,0
SUBJ_NER_035,46,memory_match,1,1.0,3161,0,0,1.0,0,44,0
SUBJ_NER_035,47,pattern_recognition,1,1.0,3785,0,0,1.0,0,45,0
SUBJ_NER_035,48,routine_recall,1,1.0,1646,0,0,1.0,0,46,0
SUBJ_NER_035,49,object_memory,1,0.0,4463,3,1,1.0,0,47,0
SUBJ_NER_035,50,reminiscence,1,1.0,2493,0,0,1.0,0,48,0
SUBJ_NER_035,51,memory_match,1,0.0,3611,1,0,1.0,0,49,0
SUBJ_NER_035,52,pattern_recognition,1,1.0,2760,0,0,1.0,0,50,0
SUBJ_NER_035,53,routine_recall,1,1.0,2469,0,0,1.0,0,51,0
SUBJ_NER_035,54,object_memory,1,1.0,1473,0,0,1.0,0,52,0
SUBJ_NER_035,55,reminiscence,1,1.0,2873,0,0,1.0,0,53,0
SUBJ_NER_035,56,memory_match,1,1.0,2425,0,0,1.0,0,54,0
SUBJ_NER_035,57,pattern_recognition,1,1.0,2347,0,0,1.0,0,55,0
SUBJ_NER_035,58,routine_recall,1,0.0,2873,3,0,1.0,0,56,0
SUBJ_NER_035,59,object_memory,1,1.0,1573,0,0,1.0,0,57,0
SUBJ_NER_035,60,reminiscence,1,1.0,1696,0,0,1.0,0,58,0
SUBJ_NER_036,1,memory_match,1,1.0,1477,0,0,1.0,1,0,1
SUBJ_NER_036,2,pattern_recognition,1,0.0,1817,1,0,1.0,0,1,0
SUBJ_NER_036,3,routine_recall,1,0.0,2153,1,0,1.0,0,2,0
SUBJ_NER_036,4,object_memory,1,0.0,1933,1,0,1.0,0,3,0
SUBJ_NER_036,5,reminiscence,1,0.0,1469,2,1,1.0,0,4,0
SUBJ_NER_036,6,memory_match,1,0.0,2899,2,0,1.0,0,5,0
SUBJ_NER_036,7,pattern_recognition,1,1.0,820,0,0,1.0,0,6,0
SUBJ_NER_036,8,routine_recall,1,0.0,1710,2,0,1.0,0,7,0
SUBJ_NER_036,9,object_memory,1,1.0,1835,0,0,1.0,0,8,0
SUBJ_NER_036,10,reminiscence,1,0.0,1872,1,1,1.0,0,9,0
SUBJ_NER_036,11,memory_match,1,0.0,2072,1,0,1.0,0,10,0
SUBJ_NER_036,12,pattern_recognition,1,0.0,2166,1,1,1.0,0,11,0
SUBJ_NER_036,13,routine_recall,1,1.0,1595,0,0,1.0,0,12,0
SUBJ_NER_036,14,object_memory,1,1.0,1571,0,0,1.0,0,13,0
SUBJ_NER_036,15,reminiscence,1,1.0,1420,0,0,1.0,0,14,0
SUBJ_NER_036,16,memory_match,1,1.0,1186,0,0,1.0,0,15,0
SUBJ_NER_036,17,pattern_recognition,1,0.0,2325,1,0,1.0,0,16,0
SUBJ_NER_036,18,routine_recall,1,0.0,1972,1,1,1.0,0,17,0
SUBJ_NER_036,19,object_memory,1,0.0,2423,1,0,1.0,0,18,0
SUBJ_NER_036,20,reminiscence,1,0.0,1115,2,0,1.0,0,19,0
SUBJ_NER_036,21,memory_match,1,1.0,1662,0,0,1.0,0,20,0
SUBJ_NER_036,22,pattern_recognition,1,0.0,1336,1,1,1.0,0,21,0
SUBJ_NER_036,23,routine_recall,1,0.0,1666,3,0,1.0,0,22,0
SUBJ_NER_036,24,object_memory,1,1.0,1286,0,0,1.0,0,23,0
SUBJ_NER_036,25,reminiscence,1,1.0,2122,0,0,1.0,0,24,0
SUBJ_NER_036,26,memory_match,1,0.0,2733,1,0,1.0,0,25,0
SUBJ_NER_036,27,pattern_recognition,1,0.0,1622,1,0,1.0,0,26,0
SUBJ_NER_036,28,routine_recall,1,0.0,2399,1,0,1.0,0,27,0
SUBJ_NER_036,29,object_memory,1,0.0,1742,2,0,1.0,0,28,0
SUBJ_NER_036,30,reminiscence,1,1.0,1335,0,0,1.0,0,29,0
SUBJ_NER_036,31,memory_match,1,1.0,1386,0,0,1.0,0,30,0
SUBJ_NER_036,32,pattern_recognition,1,1.0,1624,0,0,1.0,0,31,0
SUBJ_NER_036,33,routine_recall,1,1.0,1613,0,0,1.0,0,32,0
SUBJ_NER_036,34,object_memory,1,0.0,2106,1,1,1.0,0,33,0
SUBJ_NER_036,35,reminiscence,1,0.0,2315,2,0,1.0,0,34,0
SUBJ_NER_036,36,memory_match,1,0.0,1693,1,0,1.0,0,35,0
SUBJ_NER_036,37,pattern_recognition,1,1.0,1532,0,0,1.0,0,36,0
SUBJ_NER_036,38,routine_recall,1,1.0,1428,0,0,1.0,0,37,0
SUBJ_NER_036,39,object_memory,1,1.0,1819,0,0,1.0,0,38,0
SUBJ_NER_036,40,reminiscence,1,1.0,1551,0,0,1.0,0,39,0
SUBJ_NER_036,41,memory_match,1,1.0,1901,0,0,1.0,0,40,0
SUBJ_NER_036,42,pattern_recognition,1,0.0,1747,2,0,1.0,0,41,0
SUBJ_NER_036,43,routine_recall,1,0.0,2509,1,0,1.0,0,42,0
SUBJ_NER_036,44,object_memory,1,0.0,2638,1,0,1.0,0,43,0
SUBJ_NER_036,45,reminiscence,1,1.0,2349,0,0,1.0,0,44,0
SUBJ_NER_036,46,memory_match,1,0.0,2088,1,0,1.0,0,45,0
SUBJ_NER_036,47,pattern_recognition,1,0.0,3119,2,2,1.0,0,46,0
SUBJ_NER_036,48,routine_recall,1,0.0,2227,3,2,1.0,0,47,0
SUBJ_NER_036,49,object_memory,1,0.0,1477,1,0,1.0,0,48,0
SUBJ_NER_036,50,reminiscence,1,0.0,2364,2,0,1.0,0,49,0
SUBJ_NER_036,51,memory_match,1,1.0,1481,0,0,1.0,0,50,0
SUBJ_NER_036,52,pattern_recognition,1,1.0,1863,0,0,1.0,0,51,0
SUBJ_NER_036,53,routine_recall,1,1.0,1679,0,0,1.0,0,52,0
SUBJ_NER_036,54,object_memory,1,0.0,1807,2,0,1.0,0,53,0
SUBJ_NER_036,55,reminiscence,1,1.0,1831,0,0,1.0,0,54,0
SUBJ_NER_036,56,memory_match,1,1.0,1469,0,0,1.0,0,55,0
SUBJ_NER_036,57,pattern_recognition,1,0.0,2105,1,1,1.0,0,56,0
SUBJ_NER_036,58,routine_recall,1,0.0,2137,2,0,1.0,0,57,0
SUBJ_NER_036,59,object_memory,1,0.0,1705,1,0,1.0,0,58,0
SUBJ_NER_036,60,reminiscence,1,1.0,1529,0,0,1.0,0,59,0
SUBJ_NER_037,1,memory_match,1,0.0,1206,2,0,1.0,0,1,0
SUBJ_NER_037,2,pattern_recognition,1,1.0,885,0,0,1.0,1,0,1
SUBJ_NER_037,3,routine_recall,1,0.0,1495,1,1,1.0,0,1,0
SUBJ_NER_037,4,object_memory,1,0.0,1413,1,0,1.0,0,2,0
SUBJ_NER_037,5,reminiscence,1,1.0,857,0,0,1.0,0,3,0
SUBJ_NER_037,6,memory_match,1,1.0,1040,0,0,1.0,0,4,0
SUBJ_NER_037,7,pattern_recognition,1,0.0,1765,1,0,1.0,0,5,0
SUBJ_NER_037,8,routine_recall,1,1.0,1312,0,0,1.0,0,6,0
SUBJ_NER_037,9,object_memory,1,1.0,1365,0,0,1.0,0,7,0
SUBJ_NER_037,10,reminiscence,1,0.0,1443,1,0,1.0,0,8,0
SUBJ_NER_037,11,memory_match,1,1.0,1778,0,0,1.0,0,9,0
SUBJ_NER_037,12,pattern_recognition,1,0.0,1464,1,0,1.0,0,10,0
SUBJ_NER_037,13,routine_recall,1,1.0,869,0,0,1.0,0,11,0
SUBJ_NER_037,14,object_memory,1,0.0,1232,1,0,1.0,0,12,0
SUBJ_NER_037,15,reminiscence,1,1.0,1047,0,0,1.0,0,13,0
SUBJ_NER_037,16,memory_match,1,1.0,1402,0,0,1.0,0,14,0
SUBJ_NER_037,17,pattern_recognition,1,0.0,878,2,0,1.0,0,15,0
SUBJ_NER_037,18,routine_recall,1,0.0,1670,1,0,1.0,0,16,0
SUBJ_NER_037,19,object_memory,1,0.0,1867,1,0,1.0,0,17,0
SUBJ_NER_037,20,reminiscence,1,1.0,961,0,0,1.0,0,18,0
SUBJ_NER_037,21,memory_match,1,1.0,1077,0,0,1.0,0,19,0
SUBJ_NER_037,22,pattern_recognition,1,1.0,1286,0,0,1.0,0,20,0
SUBJ_NER_037,23,routine_recall,1,1.0,1368,0,0,1.0,0,21,0
SUBJ_NER_037,24,object_memory,1,0.0,1564,1,1,1.0,0,22,0
SUBJ_NER_037,25,reminiscence,1,1.0,1124,0,0,1.0,0,23,0
SUBJ_NER_037,26,memory_match,1,1.0,1319,0,0,1.0,0,24,0
SUBJ_NER_037,27,pattern_recognition,1,0.0,1258,1,0,1.0,0,25,0
SUBJ_NER_037,28,routine_recall,1,1.0,1338,0,0,1.0,0,26,0
SUBJ_NER_037,29,object_memory,1,0.0,1373,3,0,1.0,0,27,0
SUBJ_NER_037,30,reminiscence,1,0.0,1178,2,0,1.0,0,28,0
SUBJ_NER_037,31,memory_match,1,1.0,1108,0,0,1.0,0,29,0
SUBJ_NER_037,32,pattern_recognition,1,0.0,1216,1,0,1.0,0,30,0
SUBJ_NER_037,33,routine_recall,1,1.0,1124,0,0,1.0,0,31,0
SUBJ_NER_037,34,object_memory,1,0.0,1242,2,0,1.0,0,32,0
SUBJ_NER_037,35,reminiscence,1,0.0,1566,1,1,1.0,0,33,0
SUBJ_NER_037,36,memory_match,1,1.0,1200,0,0,1.0,0,34,0
SUBJ_NER_037,37,pattern_recognition,1,0.0,2150,1,0,1.0,0,35,0
SUBJ_NER_037,38,routine_recall,1,0.0,1287,1,1,1.0,0,36,0
SUBJ_NER_037,39,object_memory,1,1.0,1356,0,0,1.0,0,37,0
SUBJ_NER_037,40,reminiscence,1,1.0,898,0,0,1.0,0,38,0
SUBJ_NER_037,41,memory_match,1,0.0,1506,1,1,1.0,0,39,0
SUBJ_NER_037,42,pattern_recognition,1,0.0,1337,2,1,1.0,0,40,0
SUBJ_NER_037,43,routine_recall,1,1.0,1098,0,0,1.0,0,41,0
SUBJ_NER_037,44,object_memory,1,1.0,1242,0,0,1.0,0,42,0
SUBJ_NER_037,45,reminiscence,1,0.0,1545,2,0,1.0,0,43,0
SUBJ_NER_037,46,memory_match,1,1.0,1487,0,0,1.0,0,44,0
SUBJ_NER_037,47,pattern_recognition,1,1.0,926,0,0,1.0,0,45,0
SUBJ_NER_037,48,routine_recall,1,0.0,1303,1,0,1.0,0,46,0
SUBJ_NER_037,49,object_memory,1,1.0,822,0,0,1.0,0,47,0
SUBJ_NER_037,50,reminiscence,1,0.0,1740,2,0,1.0,0,48,0
SUBJ_NER_037,51,memory_match,1,0.0,1212,2,0,1.0,0,49,0
SUBJ_NER_037,52,pattern_recognition,1,0.0,1291,1,0,1.0,0,50,0
SUBJ_NER_037,53,routine_recall,1,1.0,1575,0,0,1.0,0,51,0
SUBJ_NER_037,54,object_memory,1,0.0,1572,1,0,1.0,0,52,0
SUBJ_NER_037,55,reminiscence,1,0.0,1251,1,0,1.0,0,53,0
SUBJ_NER_037,56,memory_match,1,1.0,1500,0,0,1.0,0,54,0
SUBJ_NER_037,57,pattern_recognition,1,0.0,1445,1,2,1.0,0,55,0
SUBJ_NER_037,58,routine_recall,1,0.0,1210,2,1,1.0,0,56,0
SUBJ_NER_037,59,object_memory,1,1.0,1159,0,0,1.0,0,57,0
SUBJ_NER_037,60,reminiscence,1,0.0,1497,1,1,1.0,0,58,0
SUBJ_NER_038,1,memory_match,1,0.0,2726,2,0,1.0,0,1,0
SUBJ_NER_038,2,pattern_recognition,1,1.0,2797,0,0,1.0,1,0,1
SUBJ_NER_038,3,routine_recall,1,1.0,2604,0,0,1.0,2,0,2
SUBJ_NER_038,4,object_memory,2,1.0,3139,0,0,1.0,3,0,2
SUBJ_NER_038,5,reminiscence,3,0.0,2104,2,0,1.0,0,1,0
SUBJ_NER_038,6,memory_match,2,0.0,3123,1,1,1.0,0,2,0
SUBJ_NER_038,7,pattern_recognition,1,0.0,2545,2,1,1.0,0,3,0
SUBJ_NER_038,8,routine_recall,1,0.0,1753,2,0,1.0,0,4,0
SUBJ_NER_038,9,object_memory,1,1.0,1841,0,0,1.0,0,5,0
SUBJ_NER_038,10,reminiscence,1,0.0,2079,2,1,1.0,0,6,0
SUBJ_NER_038,11,memory_match,1,0.0,3189,1,0,1.0,0,7,0
SUBJ_NER_038,12,pattern_recognition,1,0.0,3790,1,0,1.0,0,8,0
SUBJ_NER_038,13,routine_recall,1,1.0,3165,0,0,1.0,0,9,0
SUBJ_NER_038,14,object_memory,1,0.0,3168,2,0,1.0,0,10,0
SUBJ_NER_038,15,reminiscence,1,0.0,2682,1,0,1.0,0,11,0
SUBJ_NER_038,16,memory_match,1,0.0,2070,2,1,1.0,0,12,0
SUBJ_NER_038,17,pattern_recognition,1,0.0,3298,1,0,1.0,0,13,0
SUBJ_NER_038,18,routine_recall,1,0.0,3031,3,0,1.0,0,14,0
SUBJ_NER_038,19,object_memory,1,1.0,2257,0,0,1.0,0,15,0
SUBJ_NER_038,20,reminiscence,1,0.0,2717,1,0,1.0,0,16,0
SUBJ_NER_038,21,memory_match,1,0.0,2875,1,1,1.0,0,17,0
SUBJ_NER_038,22,pattern_recognition,1,0.0,3115,2,1,1.0,0,18,0
SUBJ_NER_038,23,routine_recall,1,1.0,1796,0,0,1.0,0,19,0
SUBJ_NER_038,24,object_memory,1,1.0,2805,0,0,1.0,0,20,0
SUBJ_NER_038,25,reminiscence,1,0.0,2617,2,0,1.0,0,21,0
SUBJ_NER_038,26,memory_match,1,1.0,2561,0,0,1.0,0,22,0
SUBJ_NER_038,27,pattern_recognition,1,0.0,2495,1,0,1.0,0,23,0
SUBJ_NER_038,28,routine_recall,1,0.0,3608,1,0,1.0,0,24,0
SUBJ_NER_038,29,object_memory,1,0.0,3745,1,0,1.0,0,25,0
SUBJ_NER_038,30,reminiscence,1,1.0,2720,0,0,1.0,0,26,0
SUBJ_NER_038,31,memory_match,1,0.0,4718,2,0,1.0,0,27,0
SUBJ_NER_038,32,pattern_recognition,1,1.0,2489,0,0,1.0,0,28,0
SUBJ_NER_038,33,routine_recall,1,1.0,3031,0,0,1.0,0,29,0
SUBJ_NER_038,34,object_memory,1,0.0,3495,2,0,1.0,0,30,0
SUBJ_NER_038,35,reminiscence,1,1.0,3427,0,0,1.0,0,31,0
SUBJ_NER_038,36,memory_match,1,0.0,3185,1,2,1.0,0,32,0
SUBJ_NER_038,37,pattern_recognition,1,0.0,2799,2,0,1.0,0,33,0
SUBJ_NER_038,38,routine_recall,1,0.0,2511,2,0,1.0,0,34,0
SUBJ_NER_038,39,object_memory,1,1.0,1684,0,0,1.0,0,35,0
SUBJ_NER_038,40,reminiscence,1,0.0,2667,1,0,1.0,0,36,0
SUBJ_NER_038,41,memory_match,1,0.0,3016,2,0,1.0,0,37,0
SUBJ_NER_038,42,pattern_recognition,1,1.0,2908,0,0,1.0,0,38,0
SUBJ_NER_038,43,routine_recall,1,1.0,2067,0,0,1.0,0,39,0
SUBJ_NER_038,44,object_memory,1,0.0,4275,3,1,1.0,0,40,0
SUBJ_NER_038,45,reminiscence,1,1.0,1938,0,0,1.0,0,41,0
SUBJ_NER_038,46,memory_match,1,1.0,2434,0,0,1.0,0,42,0
SUBJ_NER_038,47,pattern_recognition,1,1.0,3109,0,0,1.0,0,43,0
SUBJ_NER_038,48,routine_recall,1,0.0,2460,1,0,1.0,0,44,0
SUBJ_NER_038,49,object_memory,1,0.0,1882,1,0,1.0,0,45,0
SUBJ_NER_038,50,reminiscence,1,0.0,2949,1,0,1.0,0,46,0
SUBJ_NER_038,51,memory_match,1,1.0,4093,0,0,1.0,0,47,0
SUBJ_NER_038,52,pattern_recognition,1,1.0,2200,0,0,1.0,0,48,0
SUBJ_NER_038,53,routine_recall,1,1.0,2503,0,0,1.0,0,49,0
SUBJ_NER_038,54,object_memory,1,0.0,2776,2,0,1.0,0,50,0
SUBJ_NER_038,55,reminiscence,1,0.0,2854,1,0,1.0,0,51,0
SUBJ_NER_038,56,memory_match,1,0.0,2486,3,0,1.0,0,52,0
SUBJ_NER_038,57,pattern_recognition,1,1.0,1945,0,0,1.0,0,53,0
SUBJ_NER_038,58,routine_recall,1,0.0,2376,1,0,0.5,0,54,0
SUBJ_NER_038,59,object_memory,1,0.0,2460,2,0,1.0,0,55,0
SUBJ_NER_038,60,reminiscence,1,1.0,3074,0,0,1.0,0,56,0
SUBJ_NER_039,1,memory_match,1,1.0,1586,0,0,1.0,1,0,1
SUBJ_NER_039,2,pattern_recognition,1,1.0,1401,0,0,1.0,2,0,2
SUBJ_NER_039,3,routine_recall,2,1.0,1665,0,0,1.0,3,0,2
SUBJ_NER_039,4,object_memory,3,0.0,1477,1,0,1.0,0,1,0
SUBJ_NER_039,5,reminiscence,2,1.0,1372,0,0,1.0,1,0,1
SUBJ_NER_039,6,memory_match,2,1.0,1516,0,0,1.0,2,0,2
SUBJ_NER_039,7,pattern_recognition,3,0.0,2359,1,0,1.0,0,1,0
SUBJ_NER_039,8,routine_recall,2,0.0,2433,1,0,1.0,0,2,0
SUBJ_NER_039,9,object_memory,1,1.0,1167,0,0,1.0,0,3,0
SUBJ_NER_039,10,reminiscence,1,1.0,1306,0,0,1.0,0,4,0
SUBJ_NER_039,11,memory_match,1,0.0,1784,1,0,1.0,0,5,0
SUBJ_NER_039,12,pattern_recognition,1,0.0,1350,1,0,1.0,0,6,0
SUBJ_NER_039,13,routine_recall,1,1.0,919,0,0,1.0,0,7,0
SUBJ_NER_039,14,object_memory,1,1.0,1008,0,0,1.0,0,8,0
SUBJ_NER_039,15,reminiscence,1,1.0,1362,0,0,1.0,0,9,0
SUBJ_NER_039,16,memory_match,1,1.0,1216,0,0,1.0,0,10,0
SUBJ_NER_039,17,pattern_recognition,1,0.0,1112,1,0,1.0,0,11,0
SUBJ_NER_039,18,routine_recall,1,0.0,2067,1,1,1.0,0,12,0
SUBJ_NER_039,19,object_memory,1,0.0,1123,1,0,1.0,0,13,0
SUBJ_NER_039,20,reminiscence,1,1.0,1096,0,0,1.0,0,14,0
SUBJ_NER_039,21,memory_match,1,1.0,1365,0,0,1.0,0,15,0
SUBJ_NER_039,22,pattern_recognition,1,1.0,1675,0,0,1.0,0,16,0
SUBJ_NER_039,23,routine_recall,1,1.0,1130,0,0,1.0,0,17,0
SUBJ_NER_039,24,object_memory,1,1.0,1691,0,0,1.0,0,18,0
SUBJ_NER_039,25,reminiscence,1,1.0,1185,0,0,1.0,0,19,0
SUBJ_NER_039,26,memory_match,1,1.0,906,0,0,1.0,0,20,0
SUBJ_NER_039,27,pattern_recognition,1,1.0,1594,0,0,1.0,0,21,0
SUBJ_NER_039,28,routine_recall,1,1.0,2078,0,0,1.0,0,22,0
SUBJ_NER_039,29,object_memory,1,1.0,1461,0,0,1.0,0,23,0
SUBJ_NER_039,30,reminiscence,1,1.0,1076,0,0,1.0,0,24,0
SUBJ_NER_039,31,memory_match,1,0.0,1697,2,0,1.0,0,25,0
SUBJ_NER_039,32,pattern_recognition,1,0.0,1097,1,0,1.0,0,26,0
SUBJ_NER_039,33,routine_recall,1,0.0,1739,3,0,1.0,0,27,0
SUBJ_NER_039,34,object_memory,1,1.0,1604,0,0,1.0,0,28,0
SUBJ_NER_039,35,reminiscence,1,0.0,1470,1,1,1.0,0,29,0
SUBJ_NER_039,36,memory_match,1,0.0,1918,1,0,1.0,0,30,0
SUBJ_NER_039,37,pattern_recognition,1,1.0,1726,0,0,1.0,0,31,0
SUBJ_NER_039,38,routine_recall,1,0.0,1548,1,0,1.0,0,32,0
SUBJ_NER_039,39,object_memory,1,1.0,1409,0,0,1.0,0,33,0
SUBJ_NER_039,40,reminiscence,1,1.0,1329,0,0,1.0,0,34,0
SUBJ_NER_039,41,memory_match,1,0.0,1518,1,0,1.0,0,35,0
SUBJ_NER_039,42,pattern_recognition,1,1.0,1196,0,0,1.0,0,36,0
SUBJ_NER_039,43,routine_recall,1,1.0,1651,0,0,1.0,0,37,0
SUBJ_NER_039,44,object_memory,1,1.0,1236,0,0,1.0,0,38,0
SUBJ_NER_039,45,reminiscence,1,1.0,1444,0,0,1.0,0,39,0
SUBJ_NER_039,46,memory_match,1,1.0,1476,0,0,1.0,0,40,0
SUBJ_NER_039,47,pattern_recognition,1,1.0,1378,0,0,1.0,0,41,0
SUBJ_NER_039,48,routine_recall,1,0.0,1368,1,0,1.0,0,42,0
SUBJ_NER_039,49,object_memory,1,0.0,1718,2,0,1.0,0,43,0
SUBJ_NER_039,50,reminiscence,1,1.0,1311,0,0,1.0,0,44,0
SUBJ_NER_039,51,memory_match,1,1.0,1242,0,0,1.0,0,45,0
SUBJ_NER_039,52,pattern_recognition,1,1.0,1071,0,0,1.0,0,46,0
SUBJ_NER_039,53,routine_recall,1,1.0,1234,0,0,1.0,0,47,0
SUBJ_NER_039,54,object_memory,1,1.0,1324,0,0,1.0,0,48,0
SUBJ_NER_039,55,reminiscence,1,1.0,1275,0,0,0.8,0,49,0
SUBJ_NER_039,56,memory_match,1,1.0,1276,0,0,0.8,0,50,0
SUBJ_NER_039,57,pattern_recognition,1,1.0,1238,0,0,1.0,0,51,0
SUBJ_NER_039,58,routine_recall,1,0.0,1359,1,0,0.8,0,52,0
SUBJ_NER_039,59,object_memory,1,1.0,1543,0,0,0.8,0,53,0
SUBJ_NER_039,60,reminiscence,1,0.0,2176,1,0,1.0,0,54,0
SUBJ_NER_040,1,memory_match,1,1.0,1765,0,0,1.0,1,0,1
SUBJ_NER_040,2,pattern_recognition,1,1.0,1405,0,0,1.0,2,0,2
SUBJ_NER_040,3,routine_recall,2,1.0,1964,0,0,1.0,3,0,2
SUBJ_NER_040,4,object_memory,3,0.0,1794,1,0,1.0,0,1,0
SUBJ_NER_040,5,reminiscence,2,0.0,1853,1,0,1.0,0,2,0
SUBJ_NER_040,6,memory_match,1,1.0,1718,0,0,1.0,0,3,0
SUBJ_NER_040,7,pattern_recognition,1,1.0,1347,0,0,1.0,0,4,0
SUBJ_NER_040,8,routine_recall,1,0.0,1518,2,0,1.0,0,5,0
SUBJ_NER_040,9,object_memory,1,0.0,2131,1,2,1.0,0,6,0
SUBJ_NER_040,10,reminiscence,1,1.0,1504,0,0,1.0,0,7,0
SUBJ_NER_040,11,memory_match,1,1.0,1160,0,0,1.0,0,8,0
SUBJ_NER_040,12,pattern_recognition,1,0.0,1976,2,0,1.0,0,9,0
SUBJ_NER_040,13,routine_recall,1,1.0,1925,0,0,1.0,0,10,0
SUBJ_NER_040,14,object_memory,1,0.0,1512,1,2,1.0,0,11,0
SUBJ_NER_040,15,reminiscence,1,0.0,1926,3,0,1.0,0,12,0
SUBJ_NER_040,16,memory_match,1,0.0,1306,3,0,1.0,0,13,0
SUBJ_NER_040,17,pattern_recognition,1,1.0,1412,0,0,1.0,0,14,0
SUBJ_NER_040,18,routine_recall,1,0.0,1598,1,2,1.0,0,15,0
SUBJ_NER_040,19,object_memory,1,0.0,1827,2,0,1.0,0,16,0
SUBJ_NER_040,20,reminiscence,1,1.0,1649,0,0,1.0,0,17,0
SUBJ_NER_040,21,memory_match,1,1.0,1727,0,0,1.0,0,18,0
SUBJ_NER_040,22,pattern_recognition,1,0.0,1406,1,0,1.0,0,19,0
SUBJ_NER_040,23,routine_recall,1,0.0,1935,1,0,1.0,0,20,0
SUBJ_NER_040,24,object_memory,1,1.0,1071,0,0,1.0,0,21,0
SUBJ_NER_040,25,reminiscence,1,0.0,2741,2,1,1.0,0,22,0
SUBJ_NER_040,26,memory_match,1,1.0,1170,0,0,1.0,0,23,0
SUBJ_NER_040,27,pattern_recognition,1,1.0,1329,0,0,1.0,0,24,0
SUBJ_NER_040,28,routine_recall,1,1.0,1385,0,0,1.0,0,25,0
SUBJ_NER_040,29,object_memory,1,0.0,1513,2,0,1.0,0,26,0
SUBJ_NER_040,30,reminiscence,1,0.0,1478,2,1,1.0,0,27,0
SUBJ_NER_040,31,memory_match,1,0.0,1638,2,0,1.0,0,28,0
SUBJ_NER_040,32,pattern_recognition,1,0.0,1861,2,0,1.0,0,29,0
SUBJ_NER_040,33,routine_recall,1,1.0,1293,0,0,1.0,0,30,0
SUBJ_NER_040,34,object_memory,1,1.0,1554,0,0,1.0,0,31,0
SUBJ_NER_040,35,reminiscence,1,1.0,1232,0,0,1.0,0,32,0
SUBJ_NER_040,36,memory_match,1,1.0,1505,0,0,1.0,0,33,0
SUBJ_NER_040,37,pattern_recognition,1,0.0,1635,2,0,1.0,0,34,0
SUBJ_NER_040,38,routine_recall,1,0.0,1858,2,1,1.0,0,35,0
SUBJ_NER_040,39,object_memory,1,1.0,1599,0,0,1.0,0,36,0
SUBJ_NER_040,40,reminiscence,1,0.0,1609,1,1,1.0,0,37,0
SUBJ_NER_040,41,memory_match,1,1.0,1191,0,0,1.0,0,38,0
SUBJ_NER_040,42,pattern_recognition,1,0.0,1367,1,1,1.0,0,39,0
SUBJ_NER_040,43,routine_recall,1,0.0,1659,1,0,1.0,0,40,0
SUBJ_NER_040,44,object_memory,1,0.0,1288,1,0,1.0,0,41,0
SUBJ_NER_040,45,reminiscence,1,0.0,1867,1,1,1.0,0,42,0
SUBJ_NER_040,46,memory_match,1,0.0,2726,2,0,1.0,0,43,0
SUBJ_NER_040,47,pattern_recognition,1,0.0,2704,1,0,1.0,0,44,0
SUBJ_NER_040,48,routine_recall,1,1.0,1245,0,0,1.0,0,45,0
SUBJ_NER_040,49,object_memory,1,0.0,2173,2,1,1.0,0,46,0
SUBJ_NER_040,50,reminiscence,1,0.0,2089,2,1,1.0,0,47,0
SUBJ_NER_040,51,memory_match,1,0.0,1504,1,0,1.0,0,48,0
SUBJ_NER_040,52,pattern_recognition,1,0.0,1419,1,0,1.0,0,49,0
SUBJ_NER_040,53,routine_recall,1,0.0,1477,1,0,1.0,0,50,0
SUBJ_NER_040,54,object_memory,1,0.0,1782,1,2,1.0,0,51,0
SUBJ_NER_040,55,reminiscence,1,1.0,1150,0,0,1.0,0,52,0
SUBJ_NER_040,56,memory_match,1,0.0,1892,3,0,0.8,0,53,0
SUBJ_NER_040,57,pattern_recognition,1,1.0,1706,0,0,1.0,0,54,0
SUBJ_NER_040,58,routine_recall,1,0.0,2212,2,0,0.8,0,55,0
SUBJ_NER_040,59,object_memory,1,1.0,1708,0,0,1.0,0,56,0
SUBJ_NER_040,60,reminiscence,1,1.0,1199,0,0,1.0,0,57,0
SUBJ_NER_041,1,memory_match,1,0.0,1877,2,0,1.0,0,1,0
SUBJ_NER_041,2,pattern_recognition,1,1.0,1497,0,0,1.0,1,0,1
SUBJ_NER_041,3,routine_recall,1,0.0,1946,2,1,1.0,0,1,0
SUBJ_NER_041,4,object_memory,1,1.0,2029,0,0,1.0,1,0,1
SUBJ_NER_041,5,reminiscence,1,1.0,2212,0,0,1.0,2,0,2
SUBJ_NER_041,6,memory_match,2,1.0,1824,0,0,1.0,3,0,2
SUBJ_NER_041,7,pattern_recognition,3,0.0,1993,2,0,1.0,0,1,0
SUBJ_NER_041,8,routine_recall,2,0.0,1986,1,0,1.0,0,2,0
SUBJ_NER_041,9,object_memory,1,0.0,2163,1,0,1.0,0,3,0
SUBJ_NER_041,10,reminiscence,1,0.0,1914,1,0,1.0,0,4,0
SUBJ_NER_041,11,memory_match,1,1.0,2042,0,0,1.0,0,5,0
SUBJ_NER_041,12,pattern_recognition,1,0.0,2538,2,0,1.0,0,6,0
SUBJ_NER_041,13,routine_recall,1,0.0,2852,2,0,1.0,0,7,0
SUBJ_NER_041,14,object_memory,1,0.0,2644,2,0,1.0,0,8,0
SUBJ_NER_041,15,reminiscence,1,1.0,1494,0,0,1.0,0,9,0
SUBJ_NER_041,16,memory_match,1,1.0,1895,0,0,1.0,0,10,0
SUBJ_NER_041,17,pattern_recognition,1,0.0,2472,1,1,1.0,0,11,0
SUBJ_NER_041,18,routine_recall,1,0.0,2292,2,0,1.0,0,12,0
SUBJ_NER_041,19,object_memory,1,0.0,2559,1,1,1.0,0,13,0
SUBJ_NER_041,20,reminiscence,1,1.0,1952,0,0,1.0,0,14,0
SUBJ_NER_041,21,memory_match,1,0.0,2414,1,0,1.0,0,15,0
SUBJ_NER_041,22,pattern_recognition,1,1.0,1626,0,0,1.0,0,16,0
SUBJ_NER_041,23,routine_recall,1,0.0,2565,2,0,1.0,0,17,0
SUBJ_NER_041,24,object_memory,1,1.0,2098,0,0,1.0,0,18,0
SUBJ_NER_041,25,reminiscence,1,0.0,2517,3,0,1.0,0,19,0
SUBJ_NER_041,26,memory_match,1,0.0,3480,3,1,1.0,0,20,0
SUBJ_NER_041,27,pattern_recognition,1,1.0,2007,0,0,1.0,0,21,0
SUBJ_NER_041,28,routine_recall,1,0.0,3061,1,0,1.0,0,22,0
SUBJ_NER_041,29,object_memory,1,1.0,1562,0,0,1.0,0,23,0
SUBJ_NER_041,30,reminiscence,1,1.0,1599,0,0,1.0,0,24,0
SUBJ_NER_041,31,memory_match,1,0.0,2049,2,0,1.0,0,25,0
SUBJ_NER_041,32,pattern_recognition,1,0.0,1634,3,1,1.0,0,26,0
SUBJ_NER_041,33,routine_recall,1,0.0,2002,1,0,1.0,0,27,0
SUBJ_NER_041,34,object_memory,1,1.0,1468,0,0,1.0,0,28,0
SUBJ_NER_041,35,reminiscence,1,0.0,2233,2,0,1.0,0,29,0
SUBJ_NER_041,36,memory_match,1,0.0,2460,2,0,1.0,0,30,0
SUBJ_NER_041,37,pattern_recognition,1,1.0,1438,0,0,1.0,0,31,0
SUBJ_NER_041,38,routine_recall,1,1.0,1572,0,0,1.0,0,32,0
SUBJ_NER_041,39,object_memory,1,1.0,1757,0,0,1.0,0,33,0
SUBJ_NER_041,40,reminiscence,1,0.0,2377,1,0,1.0,0,34,0
SUBJ_NER_041,41,memory_match,1,0.0,2650,3,0,1.0,0,35,0
SUBJ_NER_041,42,pattern_recognition,1,0.0,1792,1,0,1.0,0,36,0
SUBJ_NER_041,43,routine_recall,1,1.0,1937,0,0,1.0,0,37,0
SUBJ_NER_041,44,object_memory,1,1.0,1601,0,0,1.0,0,38,0
SUBJ_NER_041,45,reminiscence,1,0.0,2097,1,0,1.0,0,39,0
SUBJ_NER_041,46,memory_match,1,0.0,1958,1,0,1.0,0,40,0
SUBJ_NER_041,47,pattern_recognition,1,0.0,3433,2,1,1.0,0,41,0
SUBJ_NER_041,48,routine_recall,1,0.0,2901,2,2,1.0,0,42,0
SUBJ_NER_041,49,object_memory,1,1.0,1946,0,0,1.0,0,43,0
SUBJ_NER_041,50,reminiscence,1,0.0,2491,1,0,1.0,0,44,0
SUBJ_NER_041,51,memory_match,1,1.0,1747,0,0,1.0,0,45,0
SUBJ_NER_041,52,pattern_recognition,1,0.0,2497,1,0,1.0,0,46,0
SUBJ_NER_041,53,routine_recall,1,0.0,1530,2,0,1.0,0,47,0
SUBJ_NER_041,54,object_memory,1,1.0,1858,0,0,1.0,0,48,0
SUBJ_NER_041,55,reminiscence,1,0.0,1599,2,0,1.0,0,49,0
SUBJ_NER_041,56,memory_match,1,0.0,2508,1,0,1.0,0,50,0
SUBJ_NER_041,57,pattern_recognition,1,0.0,2020,2,0,1.0,0,51,0
SUBJ_NER_041,58,routine_recall,1,0.0,1767,1,0,1.0,0,52,0
SUBJ_NER_041,59,object_memory,1,0.0,2115,3,0,1.0,0,53,0
SUBJ_NER_041,60,reminiscence,1,0.0,2468,2,0,1.0,0,54,0
SUBJ_NER_042,1,memory_match,1,1.0,2390,0,0,1.0,1,0,1
SUBJ_NER_042,2,pattern_recognition,1,0.0,3746,1,1,1.0,0,1,0
SUBJ_NER_042,3,routine_recall,1,1.0,2286,0,0,1.0,1,0,1
SUBJ_NER_042,4,object_memory,1,1.0,2303,0,0,1.0,2,0,2
SUBJ_NER_042,5,reminiscence,2,1.0,3658,0,0,1.0,3,0,1
SUBJ_NER_042,6,memory_match,2,0.0,4295,3,1,1.0,0,1,0
SUBJ_NER_042,7,pattern_recognition,1,0.0,3026,1,0,1.0,0,2,0
SUBJ_NER_042,8,routine_recall,1,1.0,2326,0,0,1.0,0,3,0
SUBJ_NER_042,9,object_memory,1,1.0,2251,0,0,1.0,0,4,0
SUBJ_NER_042,10,reminiscence,1,0.0,2259,1,0,1.0,0,5,0
SUBJ_NER_042,11,memory_match,1,1.0,2321,0,0,1.0,0,6,0
SUBJ_NER_042,12,pattern_recognition,1,1.0,2430,0,0,1.0,0,7,0
SUBJ_NER_042,13,routine_recall,1,0.0,2365,1,0,1.0,0,8,0
SUBJ_NER_042,14,object_memory,1,1.0,2440,0,0,1.0,0,9,0
SUBJ_NER_042,15,reminiscence,1,0.0,2950,3,0,1.0,0,10,0
SUBJ_NER_042,16,memory_match,1,1.0,3868,0,0,1.0,0,11,0
SUBJ_NER_042,17,pattern_recognition,1,1.0,2212,0,0,1.0,0,12,0
SUBJ_NER_042,18,routine_recall,1,1.0,2372,0,0,1.0,0,13,0
SUBJ_NER_042,19,object_memory,1,1.0,1963,0,0,1.0,0,14,0
SUBJ_NER_042,20,reminiscence,1,1.0,2263,0,0,1.0,0,15,0
SUBJ_NER_042,21,memory_match,1,0.0,3538,1,0,1.0,0,16,0
SUBJ_NER_042,22,pattern_recognition,1,1.0,3013,0,0,1.0,0,17,0
SUBJ_NER_042,23,routine_recall,1,1.0,2975,0,0,1.0,0,18,0
SUBJ_NER_042,24,object_memory,1,0.0,3060,1,0,1.0,0,19,0
SUBJ_NER_042,25,reminiscence,1,1.0,2009,0,0,1.0,0,20,0
SUBJ_NER_042,26,memory_match,1,1.0,2330,0,0,1.0,0,21,0
SUBJ_NER_042,27,pattern_recognition,1,1.0,3569,0,0,1.0,0,22,0
SUBJ_NER_042,28,routine_recall,1,1.0,2060,0,0,1.0,0,23,0
SUBJ_NER_042,29,object_memory,1,1.0,2733,0,0,1.0,0,24,0
SUBJ_NER_042,30,reminiscence,1,1.0,1964,0,0,1.0,0,25,0
SUBJ_NER_042,31,memory_match,1,1.0,1878,0,0,1.0,0,26,0
SUBJ_NER_042,32,pattern_recognition,1,1.0,2529,0,0,1.0,0,27,0
SUBJ_NER_042,33,routine_recall,1,0.0,2638,2,0,1.0,0,28,0
SUBJ_NER_042,34,object_memory,1,1.0,2281,0,0,1.0,0,29,0
SUBJ_NER_042,35,reminiscence,1,1.0,3233,0,0,1.0,0,30,0
SUBJ_NER_042,36,memory_match,1,1.0,2856,0,0,1.0,0,31,0
SUBJ_NER_042,37,pattern_recognition,1,1.0,2120,0,0,1.0,0,32,0
SUBJ_NER_042,38,routine_recall,1,1.0,2711,0,0,1.0,0,33,0
SUBJ_NER_042,39,object_memory,1,1.0,2465,0,0,1.0,0,34,0
SUBJ_NER_042,40,reminiscence,1,1.0,2903,0,0,1.0,0,35,0
SUBJ_NER_042,41,memory_match,1,1.0,2555,0,0,1.0,0,36,0
SUBJ_NER_042,42,pattern_recognition,1,0.0,2014,1,0,1.0,0,37,0
SUBJ_NER_042,43,routine_recall,1,1.0,2770,0,0,1.0,0,38,0
SUBJ_NER_042,44,object_memory,1,1.0,2436,0,0,1.0,0,39,0
SUBJ_NER_042,45,reminiscence,1,1.0,2216,0,0,1.0,0,40,0
SUBJ_NER_042,46,memory_match,1,1.0,1937,0,0,1.0,0,41,0
SUBJ_NER_042,47,pattern_recognition,1,0.0,3034,1,0,1.0,0,42,0
SUBJ_NER_042,48,routine_recall,1,0.0,2895,1,0,1.0,0,43,0
SUBJ_NER_042,49,object_memory,1,1.0,1683,0,0,1.0,0,44,0
SUBJ_NER_042,50,reminiscence,1,1.0,3691,0,0,1.0,0,45,0
SUBJ_NER_042,51,memory_match,1,0.0,3116,1,0,1.0,0,46,0
SUBJ_NER_042,52,pattern_recognition,1,0.0,2483,2,0,1.0,0,47,0
SUBJ_NER_042,53,routine_recall,1,0.0,2163,1,0,1.0,0,48,0
SUBJ_NER_042,54,object_memory,1,1.0,2224,0,0,1.0,0,49,0
SUBJ_NER_042,55,reminiscence,1,1.0,2374,0,0,1.0,0,50,0
SUBJ_NER_042,56,memory_match,1,1.0,2126,0,0,1.0,0,51,0
SUBJ_NER_042,57,pattern_recognition,1,0.0,2136,3,0,1.0,0,52,0
SUBJ_NER_042,58,routine_recall,1,1.0,2239,0,0,0.8,0,53,0
SUBJ_NER_042,59,object_memory,1,1.0,1485,0,0,1.0,0,54,0
SUBJ_NER_042,60,reminiscence,1,1.0,1976,0,0,1.0,0,55,0
SUBJ_NER_043,1,memory_match,1,0.0,2892,1,0,1.0,0,1,0
SUBJ_NER_043,2,pattern_recognition,1,1.0,1674,0,0,1.0,1,0,1
SUBJ_NER_043,3,routine_recall,1,0.0,2596,1,0,1.0,0,1,0
SUBJ_NER_043,4,object_memory,1,1.0,2456,0,0,1.0,1,0,1
SUBJ_NER_043,5,reminiscence,1,0.0,2145,2,2,1.0,0,1,0
SUBJ_NER_043,6,memory_match,1,1.0,2847,0,0,1.0,1,0,1
SUBJ_NER_043,7,pattern_recognition,1,0.0,2289,2,0,1.0,0,1,0
SUBJ_NER_043,8,routine_recall,1,0.0,2440,3,0,1.0,0,2,0
SUBJ_NER_043,9,object_memory,1,0.0,2283,2,0,1.0,0,3,0
SUBJ_NER_043,10,reminiscence,1,0.0,2014,3,0,1.0,0,4,0
SUBJ_NER_043,11,memory_match,1,0.0,2728,1,0,1.0,0,5,0
SUBJ_NER_043,12,pattern_recognition,1,1.0,2103,0,0,1.0,0,6,0
SUBJ_NER_043,13,routine_recall,1,0.0,2006,1,0,1.0,0,7,0
SUBJ_NER_043,14,object_memory,1,1.0,3276,0,0,1.0,0,8,0
SUBJ_NER_043,15,reminiscence,1,0.0,2379,1,0,1.0,0,9,0
SUBJ_NER_043,16,memory_match,1,0.0,2862,2,0,1.0,0,10,0
SUBJ_NER_043,17,pattern_recognition,1,1.0,2565,0,0,1.0,0,11,0
SUBJ_NER_043,18,routine_recall,1,0.0,3009,2,0,1.0,0,12,0
SUBJ_NER_043,19,object_memory,1,1.0,2226,0,0,1.0,0,13,0
SUBJ_NER_043,20,reminiscence,1,0.0,2598,1,0,1.0,0,14,0
SUBJ_NER_043,21,memory_match,1,0.0,2484,2,0,1.0,0,15,0
SUBJ_NER_043,22,pattern_recognition,1,0.0,2975,1,0,1.0,0,16,0
SUBJ_NER_043,23,routine_recall,1,0.0,1795,1,0,1.0,0,17,0
SUBJ_NER_043,24,object_memory,1,0.0,3026,1,1,1.0,0,18,0
SUBJ_NER_043,25,reminiscence,1,0.0,2554,2,0,1.0,0,19,0
SUBJ_NER_043,26,memory_match,1,0.0,2817,2,0,1.0,0,20,0
SUBJ_NER_043,27,pattern_recognition,1,0.0,2390,1,0,1.0,0,21,0
SUBJ_NER_043,28,routine_recall,1,0.0,2404,1,0,1.0,0,22,0
SUBJ_NER_043,29,object_memory,1,0.0,2964,2,0,1.0,0,23,0
SUBJ_NER_043,30,reminiscence,1,0.0,2274,2,0,1.0,0,24,0
SUBJ_NER_043,31,memory_match,1,1.0,2002,0,0,1.0,0,25,0
SUBJ_NER_043,32,pattern_recognition,1,0.0,2988,2,0,1.0,0,26,0
SUBJ_NER_043,33,routine_recall,1,0.0,1989,1,0,1.0,0,27,0
SUBJ_NER_043,34,object_memory,1,0.0,2586,1,0,1.0,0,28,0
SUBJ_NER_043,35,reminiscence,1,0.0,2074,2,0,1.0,0,29,0
SUBJ_NER_043,36,memory_match,1,1.0,2338,0,0,1.0,0,30,0
SUBJ_NER_043,37,pattern_recognition,1,0.0,3172,1,0,1.0,0,31,0
SUBJ_NER_043,38,routine_recall,1,0.0,3089,1,0,1.0,0,32,0
SUBJ_NER_043,39,object_memory,1,1.0,2449,0,0,1.0,0,33,0
SUBJ_NER_043,40,reminiscence,1,0.0,2306,1,0,1.0,0,34,0
SUBJ_NER_043,41,memory_match,1,0.0,2651,1,0,1.0,0,35,0
SUBJ_NER_043,42,pattern_recognition,1,0.0,2869,2,0,1.0,0,36,0
SUBJ_NER_043,43,routine_recall,1,0.0,1707,2,0,1.0,0,37,0
SUBJ_NER_043,44,object_memory,1,0.0,3648,1,0,1.0,0,38,0
SUBJ_NER_043,45,reminiscence,1,0.0,2723,2,0,1.0,0,39,0
SUBJ_NER_043,46,memory_match,1,1.0,2349,0,0,1.0,0,40,0
SUBJ_NER_043,47,pattern_recognition,1,0.0,3334,1,1,1.0,0,41,0
SUBJ_NER_043,48,routine_recall,1,0.0,2327,1,0,1.0,0,42,0
SUBJ_NER_043,49,object_memory,1,1.0,2116,0,0,1.0,0,43,0
SUBJ_NER_043,50,reminiscence,1,0.0,2287,1,0,1.0,0,44,0
SUBJ_NER_043,51,memory_match,1,0.0,2959,1,0,1.0,0,45,0
SUBJ_NER_043,52,pattern_recognition,1,0.0,2087,1,0,1.0,0,46,0
SUBJ_NER_043,53,routine_recall,1,0.0,3190,1,0,1.0,0,47,0
SUBJ_NER_043,54,object_memory,1,0.0,3040,1,0,1.0,0,48,0
SUBJ_NER_043,55,reminiscence,1,0.0,2254,1,0,1.0,0,49,0
SUBJ_NER_043,56,memory_match,1,0.0,2013,2,0,1.0,0,50,0
SUBJ_NER_043,57,pattern_recognition,1,0.0,2248,2,0,1.0,0,51,0
SUBJ_NER_043,58,routine_recall,1,0.0,4232,1,0,1.0,0,52,0
SUBJ_NER_043,59,object_memory,1,1.0,2437,0,0,1.0,0,53,0
SUBJ_NER_043,60,reminiscence,1,0.0,2845,1,0,1.0,0,54,0
SUBJ_NER_044,1,memory_match,1,1.0,1506,0,0,1.0,1,0,1
SUBJ_NER_044,2,pattern_recognition,1,1.0,1506,0,0,1.0,2,0,2
SUBJ_NER_044,3,routine_recall,2,1.0,1874,0,0,1.0,3,0,2
SUBJ_NER_044,4,object_memory,3,0.0,2286,1,1,1.0,0,1,0
SUBJ_NER_044,5,reminiscence,2,1.0,1795,0,0,1.0,1,0,1
SUBJ_NER_044,6,memory_match,2,1.0,2073,0,0,1.0,2,0,2
SUBJ_NER_044,7,pattern_recognition,3,0.0,2576,1,0,1.0,0,1,0
SUBJ_NER_044,8,routine_recall,2,1.0,3132,0,0,1.0,1,0,1
SUBJ_NER_044,9,object_memory,2,1.0,1656,0,0,1.0,2,0,2
SUBJ_NER_044,10,reminiscence,3,1.0,2318,0,0,1.0,3,0,2
SUBJ_NER_044,11,memory_match,4,1.0,2125,0,0,1.0,4,0,2
SUBJ_NER_044,12,pattern_recognition,5,0.0,3035,1,0,1.0,0,1,0
SUBJ_NER_044,13,routine_recall,4,1.0,2420,0,0,1.0,1,0,1
SUBJ_NER_044,14,object_memory,4,0.0,2788,3,0,1.0,0,1,0
SUBJ_NER_044,15,reminiscence,3,1.0,2182,0,0,1.0,1,0,1
SUBJ_NER_044,16,memory_match,3,0.0,2511,2,0,1.0,0,1,0
SUBJ_NER_044,17,pattern_recognition,2,0.0,1360,1,0,1.0,0,2,0
SUBJ_NER_044,18,routine_recall,1,0.0,1568,2,0,1.0,0,3,0
SUBJ_NER_044,19,object_memory,1,0.0,1678,3,0,1.0,0,4,0
SUBJ_NER_044,20,reminiscence,1,1.0,1157,0,0,1.0,0,5,0
SUBJ_NER_044,21,memory_match,1,0.0,2318,1,0,1.0,0,6,0
SUBJ_NER_044,22,pattern_recognition,1,1.0,1498,0,0,1.0,0,7,0
SUBJ_NER_044,23,routine_recall,1,1.0,2180,0,0,1.0,0,8,0
SUBJ_NER_044,24,object_memory,1,1.0,1261,0,0,1.0,0,9,0
SUBJ_NER_044,25,reminiscence,1,1.0,1599,0,0,1.0,0,10,0
SUBJ_NER_044,26,memory_match,1,0.0,2047,1,0,1.0,0,11,0
SUBJ_NER_044,27,pattern_recognition,1,1.0,1463,0,0,1.0,0,12,0
SUBJ_NER_044,28,routine_recall,1,1.0,1656,0,0,1.0,0,13,0
SUBJ_NER_044,29,object_memory,1,1.0,2586,0,0,1.0,0,14,0
SUBJ_NER_044,30,reminiscence,1,0.0,1690,3,1,1.0,0,15,0
SUBJ_NER_044,31,memory_match,1,1.0,1813,0,0,1.0,0,16,0
SUBJ_NER_044,32,pattern_recognition,1,1.0,2703,0,0,1.0,0,17,0
SUBJ_NER_044,33,routine_recall,1,1.0,1614,0,0,1.0,0,18,0
SUBJ_NER_044,34,object_memory,1,1.0,1409,0,0,1.0,0,19,0
SUBJ_NER_044,35,reminiscence,1,1.0,2000,0,0,1.0,0,20,0
SUBJ_NER_044,36,memory_match,1,0.0,2389,2,0,1.0,0,21,0
SUBJ_NER_044,37,pattern_recognition,1,1.0,2091,0,0,1.0,0,22,0
SUBJ_NER_044,38,routine_recall,1,0.0,1516,2,2,1.0,0,23,0
SUBJ_NER_044,39,object_memory,1,1.0,1814,0,0,1.0,0,24,0
SUBJ_NER_044,40,reminiscence,1,1.0,1804,0,0,1.0,0,25,0
SUBJ_NER_044,41,memory_match,1,1.0,909,0,0,1.0,0,26,0
SUBJ_NER_044,42,pattern_recognition,1,0.0,1838,1,0,1.0,0,27,0
SUBJ_NER_044,43,routine_recall,1,1.0,1489,0,0,1.0,0,28,0
SUBJ_NER_044,44,object_memory,1,1.0,1561,0,0,1.0,0,29,0
SUBJ_NER_044,45,reminiscence,1,1.0,1337,0,0,1.0,0,30,0
SUBJ_NER_044,46,memory_match,1,1.0,2072,0,0,1.0,0,31,0
SUBJ_NER_044,47,pattern_recognition,1,1.0,1457,0,0,1.0,0,32,0
SUBJ_NER_044,48,routine_recall,1,1.0,1347,0,0,1.0,0,33,0
SUBJ_NER_044,49,object_memory,1,0.0,2331,2,0,1.0,0,34,0
SUBJ_NER_044,50,reminiscence,1,1.0,1827,0,0,1.0,0,35,0
SUBJ_NER_044,51,memory_match,1,1.0,1216,0,0,1.0,0,36,0
SUBJ_NER_044,52,pattern_recognition,1,0.0,2066,3,1,1.0,0,37,0
SUBJ_NER_044,53,routine_recall,1,1.0,1784,0,0,1.0,0,38,0
SUBJ_NER_044,54,object_memory,1,1.0,2027,0,0,1.0,0,39,0
SUBJ_NER_044,55,reminiscence,1,1.0,1763,0,0,1.0,0,40,0
SUBJ_NER_044,56,memory_match,1,1.0,1332,0,0,1.0,0,41,0
SUBJ_NER_044,57,pattern_recognition,1,1.0,1697,0,0,1.0,0,42,0
SUBJ_NER_044,58,routine_recall,1,1.0,1582,0,0,1.0,0,43,0
SUBJ_NER_044,59,object_memory,1,0.0,2008,1,0,1.0,0,44,0
SUBJ_NER_044,60,reminiscence,1,1.0,1988,0,0,1.0,0,45,0
SUBJ_NER_045,1,memory_match,1,0.0,1729,1,0,1.0,0,1,0
SUBJ_NER_045,2,pattern_recognition,1,0.0,3176,2,2,1.0,0,2,0
SUBJ_NER_045,3,routine_recall,1,0.0,1512,2,0,1.0,0,3,0
SUBJ_NER_045,4,object_memory,1,0.0,1955,1,0,1.0,0,4,0
SUBJ_NER_045,5,reminiscence,1,0.0,1674,1,0,1.0,0,5,0
SUBJ_NER_045,6,memory_match,1,0.0,2070,3,0,1.0,0,6,0
SUBJ_NER_045,7,pattern_recognition,1,1.0,1951,0,0,1.0,0,7,0
SUBJ_NER_045,8,routine_recall,1,0.0,1489,3,0,1.0,0,8,0
SUBJ_NER_045,9,object_memory,1,0.0,1818,2,0,1.0,0,9,0
SUBJ_NER_045,10,reminiscence,1,0.0,1993,2,0,1.0,0,10,0
SUBJ_NER_045,11,memory_match,1,0.0,1961,2,0,1.0,0,11,0
SUBJ_NER_045,12,pattern_recognition,1,0.0,2095,1,0,1.0,0,12,0
SUBJ_NER_045,13,routine_recall,1,0.0,1242,1,0,1.0,0,13,0
SUBJ_NER_045,14,object_memory,1,0.0,2558,2,1,1.0,0,14,0
SUBJ_NER_045,15,reminiscence,1,0.0,1831,1,0,1.0,0,15,0
SUBJ_NER_045,16,memory_match,1,0.0,1158,3,0,1.0,0,16,0
SUBJ_NER_045,17,pattern_recognition,1,1.0,1172,0,0,1.0,0,17,0
SUBJ_NER_045,18,routine_recall,1,0.0,1862,1,0,1.0,0,18,0
SUBJ_NER_045,19,object_memory,1,1.0,1196,0,0,1.0,0,19,0
SUBJ_NER_045,20,reminiscence,1,1.0,948,0,0,1.0,0,20,0
SUBJ_NER_045,21,memory_match,1,0.0,1992,1,0,1.0,0,21,0
SUBJ_NER_045,22,pattern_recognition,1,1.0,1951,0,0,1.0,0,22,0
SUBJ_NER_045,23,routine_recall,1,0.0,2151,2,0,1.0,0,23,0
SUBJ_NER_045,24,object_memory,1,1.0,1970,0,0,1.0,0,24,0
SUBJ_NER_045,25,reminiscence,1,1.0,1379,0,0,1.0,0,25,0
SUBJ_NER_045,26,memory_match,1,0.0,1922,1,1,1.0,0,26,0
SUBJ_NER_045,27,pattern_recognition,1,1.0,1706,0,0,1.0,0,27,0
SUBJ_NER_045,28,routine_recall,1,0.0,1679,2,0,1.0,0,28,0
SUBJ_NER_045,29,object_memory,1,0.0,1712,2,0,1.0,0,29,0
SUBJ_NER_045,30,reminiscence,1,0.0,1380,1,1,1.0,0,30,0
SUBJ_NER_045,31,memory_match,1,0.0,1620,2,2,1.0,0,31,0
SUBJ_NER_045,32,pattern_recognition,1,0.0,1362,2,1,1.0,0,32,0
SUBJ_NER_045,33,routine_recall,1,0.0,2728,1,0,1.0,0,33,0
SUBJ_NER_045,34,object_memory,1,0.0,1462,3,0,1.0,0,34,0
SUBJ_NER_045,35,reminiscence,1,0.0,1468,1,1,1.0,0,35,0
SUBJ_NER_045,36,memory_match,1,0.0,1336,1,1,1.0,0,36,0
SUBJ_NER_045,37,pattern_recognition,1,0.0,1957,1,0,1.0,0,37,0
SUBJ_NER_045,38,routine_recall,1,0.0,1776,3,2,1.0,0,38,0
SUBJ_NER_045,39,object_memory,1,1.0,1686,0,0,1.0,0,39,0
SUBJ_NER_045,40,reminiscence,1,0.0,1814,2,1,1.0,0,40,0
SUBJ_NER_045,41,memory_match,1,1.0,1495,0,0,1.0,0,41,0
SUBJ_NER_045,42,pattern_recognition,1,0.0,1588,1,0,1.0,0,42,0
SUBJ_NER_045,43,routine_recall,1,0.0,1613,1,0,1.0,0,43,0
SUBJ_NER_045,44,object_memory,1,1.0,1699,0,0,1.0,0,44,0
SUBJ_NER_045,45,reminiscence,1,0.0,1837,2,0,1.0,0,45,0
SUBJ_NER_045,46,memory_match,1,0.0,1911,1,0,1.0,0,46,0
SUBJ_NER_045,47,pattern_recognition,1,1.0,1904,0,0,1.0,0,47,0
SUBJ_NER_045,48,routine_recall,1,0.0,1679,2,0,1.0,0,48,0
SUBJ_NER_045,49,object_memory,1,0.0,1948,3,1,1.0,0,49,0
SUBJ_NER_045,50,reminiscence,1,0.0,1821,2,0,1.0,0,50,0
SUBJ_NER_045,51,memory_match,1,1.0,1211,0,0,1.0,0,51,0
SUBJ_NER_045,52,pattern_recognition,1,1.0,1096,0,0,1.0,0,52,0
SUBJ_NER_045,53,routine_recall,1,1.0,1528,0,0,1.0,0,53,0
SUBJ_NER_045,54,object_memory,1,0.0,2093,3,0,1.0,0,54,0
SUBJ_NER_045,55,reminiscence,1,1.0,1842,0,0,1.0,0,55,0
SUBJ_NER_045,56,memory_match,1,0.0,1220,2,0,1.0,0,56,0
SUBJ_NER_045,57,pattern_recognition,1,0.0,2280,2,0,1.0,0,57,0
SUBJ_NER_045,58,routine_recall,1,0.0,1575,1,0,1.0,0,58,0
SUBJ_NER_045,59,object_memory,1,0.0,1636,1,0,1.0,0,59,0
SUBJ_NER_045,60,reminiscence,1,0.0,1744,1,1,0.5,0,60,0
SUBJ_NER_046,1,memory_match,1,0.0,2000,2,0,1.0,0,1,0
SUBJ_NER_046,2,pattern_recognition,1,0.0,2769,3,1,1.0,0,2,0
SUBJ_NER_046,3,routine_recall,1,1.0,2524,0,0,1.0,0,3,0
SUBJ_NER_046,4,object_memory,1,1.0,1595,0,0,1.0,0,4,0
SUBJ_NER_046,5,reminiscence,1,1.0,1787,0,0,1.0,0,5,0
SUBJ_NER_046,6,memory_match,1,0.0,1747,1,0,1.0,0,6,0
SUBJ_NER_046,7,pattern_recognition,1,1.0,2047,0,0,1.0,0,7,0
SUBJ_NER_046,8,routine_recall,1,0.0,2449,1,0,1.0,0,8,0
SUBJ_NER_046,9,object_memory,1,0.0,3299,1,0,1.0,0,9,0
SUBJ_NER_046,10,reminiscence,1,0.0,4125,1,0,1.0,0,10,0
SUBJ_NER_046,11,memory_match,1,0.0,2366,1,0,1.0,0,11,0
SUBJ_NER_046,12,pattern_recognition,1,1.0,2382,0,0,1.0,0,12,0
SUBJ_NER_046,13,routine_recall,1,0.0,2664,1,0,1.0,0,13,0
SUBJ_NER_046,14,object_memory,1,0.0,3633,1,0,1.0,0,14,0
SUBJ_NER_046,15,reminiscence,1,1.0,2260,0,0,1.0,0,15,0
SUBJ_NER_046,16,memory_match,1,0.0,2125,2,0,1.0,0,16,0
SUBJ_NER_046,17,pattern_recognition,1,1.0,2013,0,0,1.0,0,17,0
SUBJ_NER_046,18,routine_recall,1,1.0,1847,0,0,1.0,0,18,0
SUBJ_NER_046,19,object_memory,1,1.0,1957,0,0,1.0,0,19,0
SUBJ_NER_046,20,reminiscence,1,1.0,2186,0,0,1.0,0,20,0
SUBJ_NER_046,21,memory_match,1,0.0,3081,3,0,1.0,0,21,0
SUBJ_NER_046,22,pattern_recognition,1,0.0,3097,1,0,1.0,0,22,0
SUBJ_NER_046,23,routine_recall,1,1.0,1708,0,0,1.0,0,23,0
SUBJ_NER_046,24,object_memory,1,1.0,2678,0,0,1.0,0,24,0
SUBJ_NER_046,25,reminiscence,1,0.0,1590,1,0,1.0,0,25,0
SUBJ_NER_046,26,memory_match,1,0.0,3067,2,0,1.0,0,26,0
SUBJ_NER_046,27,pattern_recognition,1,0.0,2419,2,0,1.0,0,27,0
SUBJ_NER_046,28,routine_recall,1,1.0,2328,0,0,1.0,0,28,0
SUBJ_NER_046,29,object_memory,1,0.0,1856,2,0,1.0,0,29,0
SUBJ_NER_046,30,reminiscence,1,0.0,2195,1,0,1.0,0,30,0
SUBJ_NER_046,31,memory_match,1,0.0,2833,1,0,1.0,0,31,0
SUBJ_NER_046,32,pattern_recognition,1,0.0,4229,2,2,1.0,0,32,0
SUBJ_NER_046,33,routine_recall,1,0.0,3113,1,0,1.0,0,33,0
SUBJ_NER_046,34,object_memory,1,0.0,2025,2,0,1.0,0,34,0
SUBJ_NER_046,35,reminiscence,1,1.0,1363,0,0,1.0,0,35,0
SUBJ_NER_046,36,memory_match,1,0.0,2908,1,1,1.0,0,36,0
SUBJ_NER_046,37,pattern_recognition,1,0.0,2840,2,0,1.0,0,37,0
SUBJ_NER_046,38,routine_recall,1,0.0,2798,1,0,1.0,0,38,0
SUBJ_NER_046,39,object_memory,1,0.0,2292,1,1,1.0,0,39,0
SUBJ_NER_046,40,reminiscence,1,1.0,2290,0,0,1.0,0,40,0
SUBJ_NER_046,41,memory_match,1,1.0,2809,0,0,1.0,0,41,0
SUBJ_NER_046,42,pattern_recognition,1,1.0,2089,0,0,1.0,0,42,0
SUBJ_NER_046,43,routine_recall,1,0.0,3202,3,0,1.0,0,43,0
SUBJ_NER_046,44,object_memory,1,0.0,2132,1,0,1.0,0,44,0
SUBJ_NER_046,45,reminiscence,1,0.0,2122,2,0,1.0,0,45,0
SUBJ_NER_046,46,memory_match,1,0.0,3712,1,0,1.0,0,46,0
SUBJ_NER_046,47,pattern_recognition,1,0.0,3352,2,0,1.0,0,47,0
SUBJ_NER_046,48,routine_recall,1,0.0,1990,2,0,1.0,0,48,0
SUBJ_NER_046,49,object_memory,1,0.0,2659,1,0,1.0,0,49,0
SUBJ_NER_046,50,reminiscence,1,1.0,2015,0,0,1.0,0,50,0
SUBJ_NER_046,51,memory_match,1,1.0,1559,0,0,1.0,0,51,0
SUBJ_NER_046,52,pattern_recognition,1,1.0,1914,0,0,1.0,0,52,0
SUBJ_NER_046,53,routine_recall,1,0.0,2763,2,0,1.0,0,53,0
SUBJ_NER_046,54,object_memory,1,0.0,2554,2,0,1.0,0,54,0
SUBJ_NER_046,55,reminiscence,1,0.0,2827,1,0,0.5,0,55,0
SUBJ_NER_046,56,memory_match,1,1.0,1763,0,0,1.0,0,56,0
SUBJ_NER_046,57,pattern_recognition,1,1.0,2043,0,0,1.0,0,57,0
SUBJ_NER_046,58,routine_recall,1,1.0,2601,0,0,1.0,0,58,0
SUBJ_NER_046,59,object_memory,1,0.0,2698,2,0,1.0,0,59,0
SUBJ_NER_046,60,reminiscence,1,0.0,2214,1,1,0.8,0,60,0
SUBJ_NER_047,1,memory_match,1,0.0,2879,1,0,1.0,0,1,0
SUBJ_NER_047,2,pattern_recognition,1,1.0,1912,0,0,1.0,1,0,1
SUBJ_NER_047,3,routine_recall,1,0.0,2030,1,1,1.0,0,1,0
SUBJ_NER_047,4,object_memory,1,0.0,2491,1,0,1.0,0,2,0
SUBJ_NER_047,5,reminiscence,1,1.0,1589,0,0,1.0,0,3,0
SUBJ_NER_047,6,memory_match,1,1.0,1808,0,0,1.0,0,4,0
SUBJ_NER_047,7,pattern_recognition,1,1.0,2440,0,0,1.0,0,5,0
SUBJ_NER_047,8,routine_recall,1,1.0,2202,0,0,1.0,0,6,0
SUBJ_NER_047,9,object_memory,1,0.0,2323,1,0,1.0,0,7,0
SUBJ_NER_047,10,reminiscence,1,0.0,2029,3,2,1.0,0,8,0
SUBJ_NER_047,11,memory_match,1,1.0,2130,0,0,1.0,0,9,0
SUBJ_NER_047,12,pattern_recognition,1,1.0,1255,0,0,1.0,0,10,0
SUBJ_NER_047,13,routine_recall,1,0.0,3457,1,0,1.0,0,11,0
SUBJ_NER_047,14,object_memory,1,1.0,1758,0,0,1.0,0,12,0
SUBJ_NER_047,15,reminiscence,1,1.0,1858,0,0,1.0,0,13,0
SUBJ_NER_047,16,memory_match,1,0.0,2746,1,0,1.0,0,14,0
SUBJ_NER_047,17,pattern_recognition,1,1.0,1712,0,0,1.0,0,15,0
SUBJ_NER_047,18,routine_recall,1,1.0,1367,0,0,1.0,0,16,0
SUBJ_NER_047,19,object_memory,1,0.0,2404,1,0,1.0,0,17,0
SUBJ_NER_047,20,reminiscence,1,1.0,1863,0,0,1.0,0,18,0
SUBJ_NER_047,21,memory_match,1,1.0,2285,0,0,1.0,0,19,0
SUBJ_NER_047,22,pattern_recognition,1,0.0,2148,2,0,1.0,0,20,0
SUBJ_NER_047,23,routine_recall,1,1.0,1353,0,0,1.0,0,21,0
SUBJ_NER_047,24,object_memory,1,1.0,1702,0,0,1.0,0,22,0
SUBJ_NER_047,25,reminiscence,1,1.0,2277,0,0,1.0,0,23,0
SUBJ_NER_047,26,memory_match,1,0.0,2944,1,0,1.0,0,24,0
SUBJ_NER_047,27,pattern_recognition,1,1.0,963,0,0,1.0,0,25,0
SUBJ_NER_047,28,routine_recall,1,0.0,2551,2,0,1.0,0,26,0
SUBJ_NER_047,29,object_memory,1,0.0,2359,2,0,1.0,0,27,0
SUBJ_NER_047,30,reminiscence,1,1.0,2455,0,0,1.0,0,28,0
SUBJ_NER_047,31,memory_match,1,1.0,1251,0,0,1.0,0,29,0
SUBJ_NER_047,32,pattern_recognition,1,1.0,1471,0,0,1.0,0,30,0
SUBJ_NER_047,33,routine_recall,1,0.0,2695,2,0,1.0,0,31,0
SUBJ_NER_047,34,object_memory,1,1.0,1706,0,0,1.0,0,32,0
SUBJ_NER_047,35,reminiscence,1,1.0,2039,0,0,1.0,0,33,0
SUBJ_NER_047,36,memory_match,1,1.0,1891,0,0,1.0,0,34,0
SUBJ_NER_047,37,pattern_recognition,1,1.0,1950,0,0,1.0,0,35,0
SUBJ_NER_047,38,routine_recall,1,1.0,1311,0,0,1.0,0,36,0
SUBJ_NER_047,39,object_memory,1,0.0,1871,2,0,1.0,0,37,0
SUBJ_NER_047,40,reminiscence,1,0.0,2103,2,0,1.0,0,38,0
SUBJ_NER_047,41,memory_match,1,0.0,2343,1,0,1.0,0,39,0
SUBJ_NER_047,42,pattern_recognition,1,1.0,1988,0,0,1.0,0,40,0
SUBJ_NER_047,43,routine_recall,1,0.0,2522,2,0,1.0,0,41,0
SUBJ_NER_047,44,object_memory,1,1.0,2288,0,0,1.0,0,42,0
SUBJ_NER_047,45,reminiscence,1,1.0,1519,0,0,1.0,0,43,0
SUBJ_NER_047,46,memory_match,1,0.0,3156,1,0,1.0,0,44,0
SUBJ_NER_047,47,pattern_recognition,1,0.0,2658,2,1,1.0,0,45,0
SUBJ_NER_047,48,routine_recall,1,1.0,2138,0,0,1.0,0,46,0
SUBJ_NER_047,49,object_memory,1,0.0,2460,1,0,1.0,0,47,0
SUBJ_NER_047,50,reminiscence,1,0.0,1387,3,2,1.0,0,48,0
SUBJ_NER_047,51,memory_match,1,0.0,2157,2,0,1.0,0,49,0
SUBJ_NER_047,52,pattern_recognition,1,0.0,2668,3,0,1.0,0,50,0
SUBJ_NER_047,53,routine_recall,1,0.0,2067,1,0,1.0,0,51,0
SUBJ_NER_047,54,object_memory,1,0.0,2767,2,0,1.0,0,52,0
SUBJ_NER_047,55,reminiscence,1,0.0,1640,2,1,1.0,0,53,0
SUBJ_NER_047,56,memory_match,1,1.0,2984,0,0,1.0,0,54,0
SUBJ_NER_047,57,pattern_recognition,1,0.0,2826,1,0,1.0,0,55,0
SUBJ_NER_047,58,routine_recall,1,1.0,1672,0,0,1.0,0,56,0
SUBJ_NER_047,59,object_memory,1,0.0,2136,1,0,1.0,0,57,0
SUBJ_NER_047,60,reminiscence,1,0.0,2396,1,0,0.5,0,58,0
SUBJ_NER_048,1,memory_match,1,0.0,2260,1,0,1.0,0,1,0
SUBJ_NER_048,2,pattern_recognition,1,0.0,2486,1,2,1.0,0,2,0
SUBJ_NER_048,3,routine_recall,1,0.0,2156,3,0,1.0,0,3,0
SUBJ_NER_048,4,object_memory,1,0.0,1857,1,0,1.0,0,4,0
SUBJ_NER_048,5,reminiscence,1,0.0,2547,1,0,1.0,0,5,0
SUBJ_NER_048,6,memory_match,1,0.0,2704,1,0,1.0,0,6,0
SUBJ_NER_048,7,pattern_recognition,1,0.0,1877,1,0,1.0,0,7,0
SUBJ_NER_048,8,routine_recall,1,0.0,3233,2,0,1.0,0,8,0
SUBJ_NER_048,9,object_memory,1,0.0,2067,3,0,1.0,0,9,0
SUBJ_NER_048,10,reminiscence,1,1.0,1967,0,0,1.0,0,10,0
SUBJ_NER_048,11,memory_match,1,0.0,2447,3,0,1.0,0,11,0
SUBJ_NER_048,12,pattern_recognition,1,0.0,2766,1,0,1.0,0,12,0
SUBJ_NER_048,13,routine_recall,1,1.0,1638,0,0,1.0,0,13,0
SUBJ_NER_048,14,object_memory,1,0.0,2146,3,2,1.0,0,14,0
SUBJ_NER_048,15,reminiscence,1,0.0,2424,1,0,1.0,0,15,0
SUBJ_NER_048,16,memory_match,1,0.0,1947,3,0,1.0,0,16,0
SUBJ_NER_048,17,pattern_recognition,1,0.0,1764,2,0,1.0,0,17,0
SUBJ_NER_048,18,routine_recall,1,0.0,1574,1,0,1.0,0,18,0
SUBJ_NER_048,19,object_memory,1,0.0,2387,1,0,1.0,0,19,0
SUBJ_NER_048,20,reminiscence,1,0.0,1859,2,0,1.0,0,20,0
SUBJ_NER_048,21,memory_match,1,0.0,2174,1,0,1.0,0,21,0
SUBJ_NER_048,22,pattern_recognition,1,0.0,2638,1,0,1.0,0,22,0
SUBJ_NER_048,23,routine_recall,1,0.0,3058,2,2,1.0,0,23,0
SUBJ_NER_048,24,object_memory,1,1.0,1951,0,0,1.0,0,24,0
SUBJ_NER_048,25,reminiscence,1,0.0,3001,1,0,1.0,0,25,0
SUBJ_NER_048,26,memory_match,1,1.0,1316,0,0,1.0,0,26,0
SUBJ_NER_048,27,pattern_recognition,1,0.0,1957,1,1,1.0,0,27,0
SUBJ_NER_048,28,routine_recall,1,0.0,2907,1,1,1.0,0,28,0
SUBJ_NER_048,29,object_memory,1,0.0,2409,3,1,1.0,0,29,0
SUBJ_NER_048,30,reminiscence,1,0.0,3283,2,0,1.0,0,30,0
SUBJ_NER_048,31,memory_match,1,0.0,2590,1,0,1.0,0,31,0
SUBJ_NER_048,32,pattern_recognition,1,0.0,2125,1,0,1.0,0,32,0
SUBJ_NER_048,33,routine_recall,1,0.0,1782,1,0,1.0,0,33,0
SUBJ_NER_048,34,object_memory,1,0.0,2978,1,0,1.0,0,34,0
SUBJ_NER_048,35,reminiscence,1,0.0,2260,1,2,1.0,0,35,0
SUBJ_NER_048,36,memory_match,1,0.0,1851,1,0,1.0,0,36,0
SUBJ_NER_048,37,pattern_recognition,1,0.0,1763,2,0,1.0,0,37,0
SUBJ_NER_048,38,routine_recall,1,0.0,2564,1,0,1.0,0,38,0
SUBJ_NER_048,39,object_memory,1,0.0,2088,1,0,1.0,0,39,0
SUBJ_NER_048,40,reminiscence,1,0.0,2087,1,1,1.0,0,40,0
SUBJ_NER_048,41,memory_match,1,0.0,2829,1,0,1.0,0,41,0
SUBJ_NER_048,42,pattern_recognition,1,0.0,1649,2,0,1.0,0,42,0
SUBJ_NER_048,43,routine_recall,1,1.0,1979,0,0,1.0,0,43,0
SUBJ_NER_048,44,object_memory,1,0.0,2044,1,0,1.0,0,44,0
SUBJ_NER_048,45,reminiscence,1,0.0,2394,2,1,1.0,0,45,0
SUBJ_NER_048,46,memory_match,1,0.0,3129,1,0,1.0,0,46,0
SUBJ_NER_048,47,pattern_recognition,1,0.0,3236,3,1,1.0,0,47,0
SUBJ_NER_048,48,routine_recall,1,0.0,2350,1,0,1.0,0,48,0
SUBJ_NER_048,49,object_memory,1,0.0,3696,1,0,1.0,0,49,0
SUBJ_NER_048,50,reminiscence,1,1.0,1884,0,0,1.0,0,50,0
SUBJ_NER_048,51,memory_match,1,0.0,2452,1,0,1.0,0,51,0
SUBJ_NER_048,52,pattern_recognition,1,0.0,2057,1,0,1.0,0,52,0
SUBJ_NER_048,53,routine_recall,1,0.0,1978,1,0,1.0,0,53,0
SUBJ_NER_048,54,object_memory,1,1.0,1853,0,0,1.0,0,54,0
SUBJ_NER_048,55,reminiscence,1,0.0,2259,3,0,0.8,0,55,0
SUBJ_NER_048,56,memory_match,1,0.0,2104,2,0,0.5,0,56,0
SUBJ_NER_048,57,pattern_recognition,1,1.0,2347,0,0,0.8,0,57,0
SUBJ_NER_048,58,routine_recall,1,1.0,1810,0,0,1.0,0,58,0
SUBJ_NER_048,59,object_memory,1,0.0,2887,3,0,1.0,0,59,0
SUBJ_NER_048,60,reminiscence,1,0.0,2487,1,0,1.0,0,60,0
SUBJ_NER_049,1,memory_match,1,0.0,3177,1,1,1.0,0,1,0
SUBJ_NER_049,2,pattern_recognition,1,0.0,2344,1,0,1.0,0,2,0
SUBJ_NER_049,3,routine_recall,1,0.0,3099,2,0,1.0,0,3,0
SUBJ_NER_049,4,object_memory,1,1.0,2072,0,0,1.0,0,4,0
SUBJ_NER_049,5,reminiscence,1,1.0,2602,0,0,1.0,0,5,0
SUBJ_NER_049,6,memory_match,1,0.0,3131,1,1,1.0,0,6,0
SUBJ_NER_049,7,pattern_recognition,1,0.0,2478,1,0,1.0,0,7,0
SUBJ_NER_049,8,routine_recall,1,0.0,3079,2,0,1.0,0,8,0
SUBJ_NER_049,9,object_memory,1,1.0,1435,0,0,1.0,0,9,0
SUBJ_NER_049,10,reminiscence,1,1.0,2634,0,0,1.0,0,10,0
SUBJ_NER_049,11,memory_match,1,0.0,2464,1,0,1.0,0,11,0
SUBJ_NER_049,12,pattern_recognition,1,1.0,2175,0,0,1.0,0,12,0
SUBJ_NER_049,13,routine_recall,1,0.0,2472,1,0,1.0,0,13,0
SUBJ_NER_049,14,object_memory,1,0.0,3103,3,2,1.0,0,14,0
SUBJ_NER_049,15,reminiscence,1,0.0,3756,1,0,1.0,0,15,0
SUBJ_NER_049,16,memory_match,1,1.0,2437,0,0,1.0,0,16,0
SUBJ_NER_049,17,pattern_recognition,1,0.0,2820,1,0,1.0,0,17,0
SUBJ_NER_049,18,routine_recall,1,0.0,3276,3,0,1.0,0,18,0
SUBJ_NER_049,19,object_memory,1,0.0,2557,2,0,1.0,0,19,0
SUBJ_NER_049,20,reminiscence,1,0.0,2537,1,0,1.0,0,20,0
SUBJ_NER_049,21,memory_match,1,1.0,2227,0,0,1.0,0,21,0
SUBJ_NER_049,22,pattern_recognition,1,1.0,2571,0,0,1.0,0,22,0
SUBJ_NER_049,23,routine_recall,1,1.0,3025,0,0,1.0,0,23,0
SUBJ_NER_049,24,object_memory,1,0.0,2764,1,1,1.0,0,24,0
SUBJ_NER_049,25,reminiscence,1,1.0,2347,0,0,1.0,0,25,0
SUBJ_NER_049,26,memory_match,1,1.0,3935,0,0,1.0,0,26,0
SUBJ_NER_049,27,pattern_recognition,1,1.0,2516,0,0,1.0,0,27,0
SUBJ_NER_049,28,routine_recall,1,0.0,3963,2,1,1.0,0,28,0
SUBJ_NER_049,29,object_memory,1,0.0,1985,1,0,1.0,0,29,0
SUBJ_NER_049,30,reminiscence,1,1.0,2248,0,0,1.0,0,30,0
SUBJ_NER_049,31,memory_match,1,0.0,2884,1,0,1.0,0,31,0
SUBJ_NER_049,32,pattern_recognition,1,0.0,2489,2,0,1.0,0,32,0
SUBJ_NER_049,33,routine_recall,1,1.0,2399,0,0,1.0,0,33,0
SUBJ_NER_049,34,object_memory,1,1.0,2794,0,0,1.0,0,34,0
SUBJ_NER_049,35,reminiscence,1,1.0,2115,0,0,1.0,0,35,0
SUBJ_NER_049,36,memory_match,1,0.0,2633,2,1,1.0,0,36,0
SUBJ_NER_049,37,pattern_recognition,1,0.0,3025,3,0,1.0,0,37,0
SUBJ_NER_049,38,routine_recall,1,1.0,1643,0,0,1.0,0,38,0
SUBJ_NER_049,39,object_memory,1,0.0,3319,2,0,1.0,0,39,0
SUBJ_NER_049,40,reminiscence,1,0.0,2402,1,0,1.0,0,40,0
SUBJ_NER_049,41,memory_match,1,0.0,3079,1,2,1.0,0,41,0
SUBJ_NER_049,42,pattern_recognition,1,0.0,1961,1,0,1.0,0,42,0
SUBJ_NER_049,43,routine_recall,1,0.0,2757,2,0,1.0,0,43,0
SUBJ_NER_049,44,object_memory,1,1.0,2186,0,0,1.0,0,44,0
SUBJ_NER_049,45,reminiscence,1,0.0,1790,2,0,1.0,0,45,0
SUBJ_NER_049,46,memory_match,1,0.0,2850,3,0,1.0,0,46,0
SUBJ_NER_049,47,pattern_recognition,1,0.0,2933,1,0,1.0,0,47,0
SUBJ_NER_049,48,routine_recall,1,0.0,3234,1,0,1.0,0,48,0
SUBJ_NER_049,49,object_memory,1,0.0,2619,2,0,1.0,0,49,0
SUBJ_NER_049,50,reminiscence,1,0.0,4046,1,0,1.0,0,50,0
SUBJ_NER_049,51,memory_match,1,0.0,2698,1,0,1.0,0,51,0
SUBJ_NER_049,52,pattern_recognition,1,0.0,3907,1,0,1.0,0,52,0
SUBJ_NER_049,53,routine_recall,1,0.0,2389,2,0,1.0,0,53,0
SUBJ_NER_049,54,object_memory,1,0.0,2966,1,0,1.0,0,54,0
SUBJ_NER_049,55,reminiscence,1,0.0,3269,1,0,1.0,0,55,0
SUBJ_NER_049,56,memory_match,1,0.0,2323,2,1,1.0,0,56,0
SUBJ_NER_049,57,pattern_recognition,1,0.0,3501,2,0,1.0,0,57,0
SUBJ_NER_049,58,routine_recall,1,0.0,2845,2,0,1.0,0,58,0
SUBJ_NER_049,59,object_memory,1,0.0,4390,1,0,1.0,0,59,0
SUBJ_NER_049,60,reminiscence,1,1.0,2237,0,0,1.0,0,60,0
SUBJ_NER_050,1,memory_match,1,1.0,2005,0,0,1.0,1,0,1
SUBJ_NER_050,2,pattern_recognition,1,1.0,1923,0,0,1.0,2,0,2
SUBJ_NER_050,3,routine_recall,2,0.0,2996,1,0,1.0,0,1,0
SUBJ_NER_050,4,object_memory,1,0.0,2738,2,0,1.0,0,2,0
SUBJ_NER_050,5,reminiscence,1,1.0,2416,0,0,1.0,0,3,0
SUBJ_NER_050,6,memory_match,1,0.0,2996,2,0,1.0,0,4,0
SUBJ_NER_050,7,pattern_recognition,1,0.0,3353,1,0,1.0,0,5,0
SUBJ_NER_050,8,routine_recall,1,0.0,2309,1,0,1.0,0,6,0
SUBJ_NER_050,9,object_memory,1,0.0,2598,1,0,1.0,0,7,0
SUBJ_NER_050,10,reminiscence,1,1.0,2864,0,0,1.0,0,8,0
SUBJ_NER_050,11,memory_match,1,0.0,2727,2,0,1.0,0,9,0
SUBJ_NER_050,12,pattern_recognition,1,0.0,3937,1,0,1.0,0,10,0
SUBJ_NER_050,13,routine_recall,1,1.0,1831,0,0,1.0,0,11,0
SUBJ_NER_050,14,object_memory,1,1.0,2668,0,0,1.0,0,12,0
SUBJ_NER_050,15,reminiscence,1,0.0,2926,3,1,1.0,0,13,0
SUBJ_NER_050,16,memory_match,1,1.0,2044,0,0,1.0,0,14,0
SUBJ_NER_050,17,pattern_recognition,1,1.0,1280,0,0,1.0,0,15,0
SUBJ_NER_050,18,routine_recall,1,0.0,3038,2,0,1.0,0,16,0
SUBJ_NER_050,19,object_memory,1,0.0,2869,1,0,1.0,0,17,0
SUBJ_NER_050,20,reminiscence,1,1.0,2161,0,0,1.0,0,18,0
SUBJ_NER_050,21,memory_match,1,0.0,2175,1,1,1.0,0,19,0
SUBJ_NER_050,22,pattern_recognition,1,1.0,2513,0,0,1.0,0,20,0
SUBJ_NER_050,23,routine_recall,1,0.0,3495,1,0,1.0,0,21,0
SUBJ_NER_050,24,object_memory,1,0.0,2419,1,0,1.0,0,22,0
SUBJ_NER_050,25,reminiscence,1,1.0,3095,0,0,1.0,0,23,0
SUBJ_NER_050,26,memory_match,1,1.0,2406,0,0,1.0,0,24,0
SUBJ_NER_050,27,pattern_recognition,1,1.0,1672,0,0,1.0,0,25,0
SUBJ_NER_050,28,routine_recall,1,0.0,4002,2,0,1.0,0,26,0
SUBJ_NER_050,29,object_memory,1,1.0,2799,0,0,1.0,0,27,0
SUBJ_NER_050,30,reminiscence,1,0.0,2521,1,0,1.0,0,28,0
SUBJ_NER_050,31,memory_match,1,0.0,3090,1,0,1.0,0,29,0
SUBJ_NER_050,32,pattern_recognition,1,0.0,2836,1,0,1.0,0,30,0
SUBJ_NER_050,33,routine_recall,1,0.0,2784,2,0,1.0,0,31,0
SUBJ_NER_050,34,object_memory,1,0.0,4141,1,0,1.0,0,32,0
SUBJ_NER_050,35,reminiscence,1,1.0,2954,0,0,1.0,0,33,0
SUBJ_NER_050,36,memory_match,1,0.0,4082,1,1,1.0,0,34,0
SUBJ_NER_050,37,pattern_recognition,1,1.0,2231,0,0,1.0,0,35,0
SUBJ_NER_050,38,routine_recall,1,1.0,1851,0,0,1.0,0,36,0
SUBJ_NER_050,39,object_memory,1,0.0,3330,1,0,1.0,0,37,0
SUBJ_NER_050,40,reminiscence,1,1.0,2128,0,0,1.0,0,38,0
SUBJ_NER_050,41,memory_match,1,0.0,2631,1,0,1.0,0,39,0
SUBJ_NER_050,42,pattern_recognition,1,1.0,2420,0,0,1.0,0,40,0
SUBJ_NER_050,43,routine_recall,1,0.0,2308,3,0,1.0,0,41,0
SUBJ_NER_050,44,object_memory,1,0.0,2883,2,0,1.0,0,42,0
SUBJ_NER_050,45,reminiscence,1,1.0,2450,0,0,1.0,0,43,0
SUBJ_NER_050,46,memory_match,1,1.0,1810,0,0,1.0,0,44,0
SUBJ_NER_050,47,pattern_recognition,1,1.0,2653,0,0,1.0,0,45,0
SUBJ_NER_050,48,routine_recall,1,0.0,2647,2,0,1.0,0,46,0
SUBJ_NER_050,49,object_memory,1,1.0,2407,0,0,1.0,0,47,0
SUBJ_NER_050,50,reminiscence,1,1.0,2958,0,0,1.0,0,48,0
SUBJ_NER_050,51,memory_match,1,0.0,3114,2,0,1.0,0,49,0
SUBJ_NER_050,52,pattern_recognition,1,1.0,2085,0,0,1.0,0,50,0
SUBJ_NER_050,53,routine_recall,1,1.0,3169,0,0,1.0,0,51,0
SUBJ_NER_050,54,object_memory,1,1.0,2714,0,0,1.0,0,52,0
SUBJ_NER_050,55,reminiscence,1,0.0,2782,1,0,1.0,0,53,0
SUBJ_NER_050,56,memory_match,1,1.0,2524,0,0,1.0,0,54,0
SUBJ_NER_050,57,pattern_recognition,1,1.0,3361,0,0,0.8,0,55,0
SUBJ_NER_050,58,routine_recall,1,1.0,3111,0,0,1.0,0,56,0
SUBJ_NER_050,59,object_memory,1,1.0,2339,0,0,1.0,0,57,0
SUBJ_NER_050,60,reminiscence,1,1.0,2832,0,0,1.0,0,58,0
SUBJ_NER_051,1,memory_match,1,0.0,3156,1,0,1.0,0,1,0
SUBJ_NER_051,2,pattern_recognition,1,1.0,2275,0,0,1.0,1,0,1
SUBJ_NER_051,3,routine_recall,1,0.0,2941,2,0,1.0,0,1,0
SUBJ_NER_051,4,object_memory,1,0.0,4328,1,0,1.0,0,2,0
SUBJ_NER_051,5,reminiscence,1,1.0,2202,0,0,1.0,0,3,0
SUBJ_NER_051,6,memory_match,1,1.0,2874,0,0,1.0,0,4,0
SUBJ_NER_051,7,pattern_recognition,1,0.0,3631,1,0,1.0,0,5,0
SUBJ_NER_051,8,routine_recall,1,1.0,2329,0,0,1.0,0,6,0
SUBJ_NER_051,9,object_memory,1,0.0,3093,2,0,1.0,0,7,0
SUBJ_NER_051,10,reminiscence,1,0.0,2208,1,0,1.0,0,8,0
SUBJ_NER_051,11,memory_match,1,0.0,3229,1,1,1.0,0,9,0
SUBJ_NER_051,12,pattern_recognition,1,0.0,2544,2,1,1.0,0,10,0
SUBJ_NER_051,13,routine_recall,1,0.0,2729,1,0,1.0,0,11,0
SUBJ_NER_051,14,object_memory,1,0.0,3521,1,0,1.0,0,12,0
SUBJ_NER_051,15,reminiscence,1,1.0,1616,0,0,1.0,0,13,0
SUBJ_NER_051,16,memory_match,1,0.0,3721,1,0,1.0,0,14,0
SUBJ_NER_051,17,pattern_recognition,1,0.0,2928,1,0,1.0,0,15,0
SUBJ_NER_051,18,routine_recall,1,1.0,2887,0,0,1.0,0,16,0
SUBJ_NER_051,19,object_memory,1,0.0,2986,3,0,1.0,0,17,0
SUBJ_NER_051,20,reminiscence,1,0.0,3870,2,0,1.0,0,18,0
SUBJ_NER_051,21,memory_match,1,1.0,2644,0,0,1.0,0,19,0
SUBJ_NER_051,22,pattern_recognition,1,0.0,3960,1,1,1.0,0,20,0
SUBJ_NER_051,23,routine_recall,1,0.0,2351,1,0,1.0,0,21,0
SUBJ_NER_051,24,object_memory,1,1.0,2893,0,0,1.0,0,22,0
SUBJ_NER_051,25,reminiscence,1,0.0,3110,1,1,1.0,0,23,0
SUBJ_NER_051,26,memory_match,1,0.0,3987,2,2,1.0,0,24,0
SUBJ_NER_051,27,pattern_recognition,1,1.0,2410,0,0,1.0,0,25,0
SUBJ_NER_051,28,routine_recall,1,1.0,3337,0,0,1.0,0,26,0
SUBJ_NER_051,29,object_memory,1,1.0,2557,0,0,1.0,0,27,0
SUBJ_NER_051,30,reminiscence,1,0.0,2874,2,0,1.0,0,28,0
SUBJ_NER_051,31,memory_match,1,0.0,3611,1,0,1.0,0,29,0
SUBJ_NER_051,32,pattern_recognition,1,1.0,2914,0,0,1.0,0,30,0
SUBJ_NER_051,33,routine_recall,1,0.0,4267,1,0,1.0,0,31,0
SUBJ_NER_051,34,object_memory,1,0.0,4092,1,1,1.0,0,32,0
SUBJ_NER_051,35,reminiscence,1,1.0,3693,0,0,1.0,0,33,0
SUBJ_NER_051,36,memory_match,1,0.0,3107,2,0,1.0,0,34,0
SUBJ_NER_051,37,pattern_recognition,1,0.0,2981,1,1,1.0,0,35,0
SUBJ_NER_051,38,routine_recall,1,0.0,3203,3,0,1.0,0,36,0
SUBJ_NER_051,39,object_memory,1,0.0,2948,1,0,1.0,0,37,0
SUBJ_NER_051,40,reminiscence,1,0.0,3221,1,0,1.0,0,38,0
SUBJ_NER_051,41,memory_match,1,0.0,3575,1,1,1.0,0,39,0
SUBJ_NER_051,42,pattern_recognition,1,0.0,3758,1,0,1.0,0,40,0
SUBJ_NER_051,43,routine_recall,1,0.0,3451,1,0,1.0,0,41,0
SUBJ_NER_051,44,object_memory,1,0.0,3000,1,2,1.0,0,42,0
SUBJ_NER_051,45,reminiscence,1,0.0,1979,1,1,1.0,0,43,0
SUBJ_NER_051,46,memory_match,1,0.0,4021,1,0,1.0,0,44,0
SUBJ_NER_051,47,pattern_recognition,1,0.0,2935,1,0,1.0,0,45,0
SUBJ_NER_051,48,routine_recall,1,0.0,2859,1,1,1.0,0,46,0
SUBJ_NER_051,49,object_memory,1,1.0,3136,0,0,1.0,0,47,0
SUBJ_NER_051,50,reminiscence,1,0.0,3677,1,0,1.0,0,48,0
SUBJ_NER_051,51,memory_match,1,0.0,2762,1,0,1.0,0,49,0
SUBJ_NER_051,52,pattern_recognition,1,0.0,3817,2,0,1.0,0,50,0
SUBJ_NER_051,53,routine_recall,1,0.0,2892,1,0,1.0,0,51,0
SUBJ_NER_051,54,object_memory,1,0.0,3314,1,0,1.0,0,52,0
SUBJ_NER_051,55,reminiscence,1,0.0,2902,1,0,0.8,0,53,0
SUBJ_NER_051,56,memory_match,1,0.0,3292,2,0,1.0,0,54,0
SUBJ_NER_051,57,pattern_recognition,1,0.0,3892,3,0,1.0,0,55,0
SUBJ_NER_051,58,routine_recall,1,0.0,3227,1,0,1.0,0,56,0
SUBJ_NER_051,59,object_memory,1,0.0,2976,1,0,1.0,0,57,0
SUBJ_NER_051,60,reminiscence,1,0.0,3951,1,2,0.5,0,58,0
SUBJ_NER_052,1,memory_match,1,0.0,3646,2,0,1.0,0,1,0
SUBJ_NER_052,2,pattern_recognition,1,1.0,2711,0,0,1.0,1,0,1
SUBJ_NER_052,3,routine_recall,1,1.0,2441,0,0,1.0,2,0,2
SUBJ_NER_052,4,object_memory,2,1.0,1929,0,0,1.0,3,0,2
SUBJ_NER_052,5,reminiscence,3,0.0,3250,1,0,1.0,0,1,0
SUBJ_NER_052,6,memory_match,2,1.0,2262,0,0,1.0,1,0,1
SUBJ_NER_052,7,pattern_recognition,2,1.0,2115,0,0,1.0,2,0,2
SUBJ_NER_052,8,routine_recall,3,0.0,4599,1,2,1.0,0,1,0
SUBJ_NER_052,9,object_memory,2,0.0,2642,1,0,1.0,0,2,0
SUBJ_NER_052,10,reminiscence,1,1.0,2055,0,0,1.0,0,3,0
SUBJ_NER_052,11,memory_match,1,1.0,2326,0,0,1.0,0,4,0
SUBJ_NER_052,12,pattern_recognition,1,0.0,2262,1,0,1.0,0,5,0
SUBJ_NER_052,13,routine_recall,1,0.0,2470,2,0,1.0,0,6,0
SUBJ_NER_052,14,object_memory,1,1.0,2321,0,0,1.0,0,7,0
SUBJ_NER_052,15,reminiscence,1,0.0,2876,1,1,1.0,0,8,0
SUBJ_NER_052,16,memory_match,1,0.0,3050,1,0,1.0,0,9,0
SUBJ_NER_052,17,pattern_recognition,1,0.0,3157,2,0,1.0,0,10,0
SUBJ_NER_052,18,routine_recall,1,0.0,2794,2,0,1.0,0,11,0
SUBJ_NER_052,19,object_memory,1,0.0,2322,1,0,1.0,0,12,0
SUBJ_NER_052,20,reminiscence,1,0.0,2154,2,1,1.0,0,13,0
SUBJ_NER_052,21,memory_match,1,0.0,2788,2,0,1.0,0,14,0
SUBJ_NER_052,22,pattern_recognition,1,1.0,1886,0,0,1.0,0,15,0
SUBJ_NER_052,23,routine_recall,1,0.0,2520,1,0,1.0,0,16,0
SUBJ_NER_052,24,object_memory,1,0.0,2497,1,0,1.0,0,17,0
SUBJ_NER_052,25,reminiscence,1,1.0,2527,0,0,1.0,0,18,0
SUBJ_NER_052,26,memory_match,1,1.0,1357,0,0,1.0,0,19,0
SUBJ_NER_052,27,pattern_recognition,1,1.0,2804,0,0,1.0,0,20,0
SUBJ_NER_052,28,routine_recall,1,1.0,2257,0,0,1.0,0,21,0
SUBJ_NER_052,29,object_memory,1,1.0,2082,0,0,1.0,0,22,0
SUBJ_NER_052,30,reminiscence,1,1.0,1553,0,0,1.0,0,23,0
SUBJ_NER_052,31,memory_match,1,0.0,2678,1,0,1.0,0,24,0
SUBJ_NER_052,32,pattern_recognition,1,1.0,2063,0,0,1.0,0,25,0
SUBJ_NER_052,33,routine_recall,1,0.0,3533,1,0,1.0,0,26,0
SUBJ_NER_052,34,object_memory,1,0.0,3176,2,1,1.0,0,27,0
SUBJ_NER_052,35,reminiscence,1,0.0,2922,1,0,1.0,0,28,0
SUBJ_NER_052,36,memory_match,1,1.0,1860,0,0,1.0,0,29,0
SUBJ_NER_052,37,pattern_recognition,1,0.0,3030,1,0,1.0,0,30,0
SUBJ_NER_052,38,routine_recall,1,1.0,2965,0,0,1.0,0,31,0
SUBJ_NER_052,39,object_memory,1,0.0,2434,1,0,1.0,0,32,0
SUBJ_NER_052,40,reminiscence,1,1.0,3805,0,0,1.0,0,33,0
SUBJ_NER_052,41,memory_match,1,0.0,3018,1,0,1.0,0,34,0
SUBJ_NER_052,42,pattern_recognition,1,1.0,1490,0,0,1.0,0,35,0
SUBJ_NER_052,43,routine_recall,1,1.0,2380,0,0,1.0,0,36,0
SUBJ_NER_052,44,object_memory,1,0.0,2197,1,0,1.0,0,37,0
SUBJ_NER_052,45,reminiscence,1,0.0,2557,3,0,1.0,0,38,0
SUBJ_NER_052,46,memory_match,1,0.0,3265,2,0,1.0,0,39,0
SUBJ_NER_052,47,pattern_recognition,1,1.0,2612,0,0,1.0,0,40,0
SUBJ_NER_052,48,routine_recall,1,0.0,2012,1,0,1.0,0,41,0
SUBJ_NER_052,49,object_memory,1,0.0,2376,1,0,1.0,0,42,0
SUBJ_NER_052,50,reminiscence,1,0.0,2938,1,0,1.0,0,43,0
SUBJ_NER_052,51,memory_match,1,1.0,2234,0,0,1.0,0,44,0
SUBJ_NER_052,52,pattern_recognition,1,0.0,2614,1,0,1.0,0,45,0
SUBJ_NER_052,53,routine_recall,1,0.0,3617,2,0,1.0,0,46,0
SUBJ_NER_052,54,object_memory,1,0.0,2560,3,0,1.0,0,47,0
SUBJ_NER_052,55,reminiscence,1,1.0,1868,0,0,0.8,0,48,0
SUBJ_NER_052,56,memory_match,1,0.0,2971,2,0,1.0,0,49,0
SUBJ_NER_052,57,pattern_recognition,1,0.0,2305,2,0,1.0,0,50,0
SUBJ_NER_052,58,routine_recall,1,0.0,2513,1,0,1.0,0,51,0
SUBJ_NER_052,59,object_memory,1,0.0,2757,1,1,1.0,0,52,0
SUBJ_NER_052,60,reminiscence,1,0.0,2132,1,0,1.0,0,53,0
SUBJ_NER_053,1,memory_match,1,1.0,2232,0,0,1.0,1,0,1
SUBJ_NER_053,2,pattern_recognition,1,1.0,1621,0,0,1.0,2,0,2
SUBJ_NER_053,3,routine_recall,2,1.0,1327,0,0,1.0,3,0,2
SUBJ_NER_053,4,object_memory,3,0.0,2570,1,0,1.0,0,1,0
SUBJ_NER_053,5,reminiscence,2,0.0,2312,1,0,1.0,0,2,0
SUBJ_NER_053,6,memory_match,1,1.0,1994,0,0,1.0,0,3,0
SUBJ_NER_053,7,pattern_recognition,1,1.0,2683,0,0,1.0,0,4,0
SUBJ_NER_053,8,routine_recall,1,1.0,1451,0,0,1.0,0,5,0
SUBJ_NER_053,9,object_memory,1,1.0,1503,0,0,1.0,0,6,0
SUBJ_NER_053,10,reminiscence,1,0.0,1908,1,1,1.0,0,7,0
SUBJ_NER_053,11,memory_match,1,1.0,1966,0,0,1.0,0,8,0
SUBJ_NER_053,12,pattern_recognition,1,1.0,1725,0,0,1.0,0,9,0
SUBJ_NER_053,13,routine_recall,1,1.0,2421,0,0,1.0,0,10,0
SUBJ_NER_053,14,object_memory,1,0.0,2541,2,0,1.0,0,11,0
SUBJ_NER_053,15,reminiscence,1,1.0,2941,0,0,1.0,0,12,0
SUBJ_NER_053,16,memory_match,1,0.0,2673,2,0,1.0,0,13,0
SUBJ_NER_053,17,pattern_recognition,1,0.0,2716,2,0,1.0,0,14,0
SUBJ_NER_053,18,routine_recall,1,1.0,1312,0,0,1.0,0,15,0
SUBJ_NER_053,19,object_memory,1,0.0,2362,2,0,1.0,0,16,0
SUBJ_NER_053,20,reminiscence,1,1.0,2310,0,0,1.0,0,17,0
SUBJ_NER_053,21,memory_match,1,1.0,1651,0,0,1.0,0,18,0
SUBJ_NER_053,22,pattern_recognition,1,1.0,2091,0,0,1.0,0,19,0
SUBJ_NER_053,23,routine_recall,1,1.0,1779,0,0,1.0,0,20,0
SUBJ_NER_053,24,object_memory,1,1.0,1593,0,0,1.0,0,21,0
SUBJ_NER_053,25,reminiscence,1,1.0,1524,0,0,1.0,0,22,0
SUBJ_NER_053,26,memory_match,1,0.0,2034,2,0,1.0,0,23,0
SUBJ_NER_053,27,pattern_recognition,1,0.0,1985,3,0,1.0,0,24,0
SUBJ_NER_053,28,routine_recall,1,1.0,1726,0,0,1.0,0,25,0
SUBJ_NER_053,29,object_memory,1,1.0,1730,0,0,1.0,0,26,0
SUBJ_NER_053,30,reminiscence,1,1.0,1553,0,0,1.0,0,27,0
SUBJ_NER_053,31,memory_match,1,0.0,1998,2,0,1.0,0,28,0
SUBJ_NER_053,32,pattern_recognition,1,1.0,1467,0,0,1.0,0,29,0
SUBJ_NER_053,33,routine_recall,1,1.0,1318,0,0,1.0,0,30,0
SUBJ_NER_053,34,object_memory,1,1.0,1979,0,0,1.0,0,31,0
SUBJ_NER_053,35,reminiscence,1,0.0,2950,2,0,1.0,0,32,0
SUBJ_NER_053,36,memory_match,1,0.0,2055,2,1,1.0,0,33,0
SUBJ_NER_053,37,pattern_recognition,1,1.0,1815,0,0,1.0,0,34,0
SUBJ_NER_053,38,routine_recall,1,0.0,1867,2,0,1.0,0,35,0
SUBJ_NER_053,39,object_memory,1,0.0,1531,3,0,1.0,0,36,0
SUBJ_NER_053,40,reminiscence,1,0.0,2312,1,0,1.0,0,37,0
SUBJ_NER_053,41,memory_match,1,1.0,2399,0,0,1.0,0,38,0
SUBJ_NER_053,42,pattern_recognition,1,0.0,2160,2,0,1.0,0,39,0
SUBJ_NER_053,43,routine_recall,1,0.0,1662,3,2,1.0,0,40,0
SUBJ_NER_053,44,object_memory,1,0.0,1920,2,0,1.0,0,41,0
SUBJ_NER_053,45,reminiscence,1,0.0,2089,2,0,1.0,0,42,0
SUBJ_NER_053,46,memory_match,1,0.0,2230,2,0,1.0,0,43,0
SUBJ_NER_053,47,pattern_recognition,1,0.0,2047,3,1,1.0,0,44,0
SUBJ_NER_053,48,routine_recall,1,1.0,1544,0,0,1.0,0,45,0
SUBJ_NER_053,49,object_memory,1,0.0,2443,1,2,1.0,0,46,0
SUBJ_NER_053,50,reminiscence,1,0.0,1852,1,0,1.0,0,47,0
SUBJ_NER_053,51,memory_match,1,1.0,1481,0,0,1.0,0,48,0
SUBJ_NER_053,52,pattern_recognition,1,1.0,1552,0,0,1.0,0,49,0
SUBJ_NER_053,53,routine_recall,1,1.0,2122,0,0,1.0,0,50,0
SUBJ_NER_053,54,object_memory,1,1.0,1734,0,0,1.0,0,51,0
SUBJ_NER_053,55,reminiscence,1,1.0,2196,0,0,1.0,0,52,0
SUBJ_NER_053,56,memory_match,1,0.0,1944,1,0,1.0,0,53,0
SUBJ_NER_053,57,pattern_recognition,1,1.0,1520,0,0,1.0,0,54,0
SUBJ_NER_053,58,routine_recall,1,1.0,1503,0,0,1.0,0,55,0
SUBJ_NER_053,59,object_memory,1,0.0,2375,2,0,1.0,0,56,0
SUBJ_NER_053,60,reminiscence,1,0.0,2726,3,1,1.0,0,57,0
SUBJ_NER_054,1,memory_match,1,1.0,1854,0,0,1.0,1,0,1
SUBJ_NER_054,2,pattern_recognition,1,1.0,1589,0,0,1.0,2,0,2
SUBJ_NER_054,3,routine_recall,2,0.0,2581,1,0,1.0,0,1,0
SUBJ_NER_054,4,object_memory,1,1.0,2103,0,0,1.0,1,0,1
SUBJ_NER_054,5,reminiscence,1,1.0,2092,0,0,1.0,2,0,2
SUBJ_NER_054,6,memory_match,2,0.0,1922,1,1,1.0,0,1,0
SUBJ_NER_054,7,pattern_recognition,1,1.0,1783,0,0,1.0,1,0,1
SUBJ_NER_054,8,routine_recall,1,1.0,1457,0,0,1.0,2,0,2
SUBJ_NER_054,9,object_memory,2,0.0,2352,1,0,1.0,0,1,0
SUBJ_NER_054,10,reminiscence,1,0.0,1766,1,1,1.0,0,2,0
SUBJ_NER_054,11,memory_match,1,1.0,1658,0,0,1.0,0,3,0
SUBJ_NER_054,12,pattern_recognition,1,1.0,1977,0,0,1.0,0,4,0
SUBJ_NER_054,13,routine_recall,1,1.0,2171,0,0,1.0,0,5,0
SUBJ_NER_054,14,object_memory,1,0.0,2623,1,0,1.0,0,6,0
SUBJ_NER_054,15,reminiscence,1,0.0,2491,1,0,1.0,0,7,0
SUBJ_NER_054,16,memory_match,1,0.0,2602,3,1,1.0,0,8,0
SUBJ_NER_054,17,pattern_recognition,1,1.0,2350,0,0,1.0,0,9,0
SUBJ_NER_054,18,routine_recall,1,1.0,2138,0,0,1.0,0,10,0
SUBJ_NER_054,19,object_memory,1,1.0,2627,0,0,1.0,0,11,0
SUBJ_NER_054,20,reminiscence,1,0.0,2303,1,1,1.0,0,12,0
SUBJ_NER_054,21,memory_match,1,1.0,1991,0,0,1.0,0,13,0
SUBJ_NER_054,22,pattern_recognition,1,1.0,1921,0,0,1.0,0,14,0
SUBJ_NER_054,23,routine_recall,1,1.0,1635,0,0,1.0,0,15,0
SUBJ_NER_054,24,object_memory,1,1.0,1968,0,0,1.0,0,16,0
SUBJ_NER_054,25,reminiscence,1,1.0,1797,0,0,1.0,0,17,0
SUBJ_NER_054,26,memory_match,1,0.0,2383,1,0,1.0,0,18,0
SUBJ_NER_054,27,pattern_recognition,1,1.0,1718,0,0,1.0,0,19,0
SUBJ_NER_054,28,routine_recall,1,1.0,2559,0,0,1.0,0,20,0
SUBJ_NER_054,29,object_memory,1,1.0,1843,0,0,1.0,0,21,0
SUBJ_NER_054,30,reminiscence,1,0.0,2354,2,0,1.0,0,22,0
SUBJ_NER_054,31,memory_match,1,0.0,2458,2,0,1.0,0,23,0
SUBJ_NER_054,32,pattern_recognition,1,1.0,2006,0,0,1.0,0,24,0
SUBJ_NER_054,33,routine_recall,1,0.0,2161,1,0,1.0,0,25,0
SUBJ_NER_054,34,object_memory,1,1.0,1814,0,0,1.0,0,26,0
SUBJ_NER_054,35,reminiscence,1,0.0,2342,1,1,1.0,0,27,0
SUBJ_NER_054,36,memory_match,1,1.0,1558,0,0,1.0,0,28,0
SUBJ_NER_054,37,pattern_recognition,1,0.0,2706,1,0,1.0,0,29,0
SUBJ_NER_054,38,routine_recall,1,0.0,2325,1,0,1.0,0,30,0
SUBJ_NER_054,39,object_memory,1,1.0,2254,0,0,1.0,0,31,0
SUBJ_NER_054,40,reminiscence,1,1.0,1582,0,0,1.0,0,32,0
SUBJ_NER_054,41,memory_match,1,1.0,2419,0,0,1.0,0,33,0
SUBJ_NER_054,42,pattern_recognition,1,1.0,2083,0,0,1.0,0,34,0
SUBJ_NER_054,43,routine_recall,1,0.0,3638,1,1,1.0,0,35,0
SUBJ_NER_054,44,object_memory,1,1.0,1391,0,0,1.0,0,36,0
SUBJ_NER_054,45,reminiscence,1,0.0,2121,1,0,1.0,0,37,0
SUBJ_NER_054,46,memory_match,1,1.0,2379,0,0,1.0,0,38,0
SUBJ_NER_054,47,pattern_recognition,1,1.0,1690,0,0,1.0,0,39,0
SUBJ_NER_054,48,routine_recall,1,1.0,1933,0,0,1.0,0,40,0
SUBJ_NER_054,49,object_memory,1,0.0,2601,2,0,1.0,0,41,0
SUBJ_NER_054,50,reminiscence,1,1.0,2451,0,0,1.0,0,42,0
SUBJ_NER_054,51,memory_match,1,0.0,2570,2,0,1.0,0,43,0
SUBJ_NER_054,52,pattern_recognition,1,0.0,1914,2,0,1.0,0,44,0
SUBJ_NER_054,53,routine_recall,1,1.0,2098,0,0,1.0,0,45,0
SUBJ_NER_054,54,object_memory,1,1.0,1659,0,0,1.0,0,46,0
SUBJ_NER_054,55,reminiscence,1,1.0,1995,0,0,1.0,0,47,0
SUBJ_NER_054,56,memory_match,1,1.0,2215,0,0,1.0,0,48,0
SUBJ_NER_054,57,pattern_recognition,1,1.0,1588,0,0,0.5,0,49,0
SUBJ_NER_054,58,routine_recall,1,1.0,2111,0,0,1.0,0,50,0
SUBJ_NER_054,59,object_memory,1,0.0,1812,2,0,0.5,0,51,0
SUBJ_NER_054,60,reminiscence,1,0.0,2045,1,0,1.0,0,52,0
SUBJ_NER_055,1,memory_match,1,1.0,1782,0,0,1.0,1,0,1
SUBJ_NER_055,2,pattern_recognition,1,0.0,1960,3,1,1.0,0,1,0
SUBJ_NER_055,3,routine_recall,1,0.0,2092,2,1,1.0,0,2,0
SUBJ_NER_055,4,object_memory,1,0.0,1953,1,0,1.0,0,3,0
SUBJ_NER_055,5,reminiscence,1,0.0,1907,1,2,1.0,0,4,0
SUBJ_NER_055,6,memory_match,1,0.0,2479,1,0,1.0,0,5,0
SUBJ_NER_055,7,pattern_recognition,1,0.0,2709,1,2,1.0,0,6,0
SUBJ_NER_055,8,routine_recall,1,0.0,2454,1,0,1.0,0,7,0
SUBJ_NER_055,9,object_memory,1,1.0,1347,0,0,1.0,0,8,0
SUBJ_NER_055,10,reminiscence,1,0.0,2935,2,2,1.0,0,9,0
SUBJ_NER_055,11,memory_match,1,1.0,1824,0,0,1.0,0,10,0
SUBJ_NER_055,12,pattern_recognition,1,0.0,2460,1,0,1.0,0,11,0
SUBJ_NER_055,13,routine_recall,1,0.0,1883,2,0,1.0,0,12,0
SUBJ_NER_055,14,object_memory,1,0.0,2302,1,0,1.0,0,13,0
SUBJ_NER_055,15,reminiscence,1,1.0,1548,0,0,1.0,0,14,0
SUBJ_NER_055,16,memory_match,1,0.0,2284,1,0,1.0,0,15,0
SUBJ_NER_055,17,pattern_recognition,1,0.0,2504,2,1,1.0,0,16,0
SUBJ_NER_055,18,routine_recall,1,0.0,2456,1,0,1.0,0,17,0
SUBJ_NER_055,19,object_memory,1,0.0,2459,1,0,1.0,0,18,0
SUBJ_NER_055,20,reminiscence,1,0.0,2367,2,1,1.0,0,19,0
SUBJ_NER_055,21,memory_match,1,0.0,1832,1,1,1.0,0,20,0
SUBJ_NER_055,22,pattern_recognition,1,0.0,2084,2,0,1.0,0,21,0
SUBJ_NER_055,23,routine_recall,1,0.0,2507,1,0,1.0,0,22,0
SUBJ_NER_055,24,object_memory,1,0.0,2580,1,0,1.0,0,23,0
SUBJ_NER_055,25,reminiscence,1,0.0,2104,1,0,1.0,0,24,0
SUBJ_NER_055,26,memory_match,1,0.0,1612,3,0,1.0,0,25,0
SUBJ_NER_055,27,pattern_recognition,1,0.0,1577,1,0,1.0,0,26,0
SUBJ_NER_055,28,routine_recall,1,0.0,2325,1,1,1.0,0,27,0
SUBJ_NER_055,29,object_memory,1,0.0,2227,1,0,1.0,0,28,0
SUBJ_NER_055,30,reminiscence,1,0.0,1897,3,0,1.0,0,29,0
SUBJ_NER_055,31,memory_match,1,1.0,1285,0,0,1.0,0,30,0
SUBJ_NER_055,32,pattern_recognition,1,1.0,1501,0,0,1.0,0,31,0
SUBJ_NER_055,33,routine_recall,1,0.0,1705,1,0,1.0,0,32,0
SUBJ_NER_055,34,object_memory,1,0.0,2109,2,2,1.0,0,33,0
SUBJ_NER_055,35,reminiscence,1,0.0,2030,1,0,1.0,0,34,0
SUBJ_NER_055,36,memory_match,1,1.0,2099,0,0,1.0,0,35,0
SUBJ_NER_055,37,pattern_recognition,1,0.0,1644,1,0,1.0,0,36,0
SUBJ_NER_055,38,routine_recall,1,0.0,2196,1,0,1.0,0,37,0
SUBJ_NER_055,39,object_memory,1,0.0,2254,1,0,1.0,0,38,0
SUBJ_NER_055,40,reminiscence,1,0.0,2047,1,0,1.0,0,39,0
SUBJ_NER_055,41,memory_match,1,0.0,2069,2,0,1.0,0,40,0
SUBJ_NER_055,42,pattern_recognition,1,0.0,2145,1,0,1.0,0,41,0
SUBJ_NER_055,43,routine_recall,1,0.0,1505,1,0,1.0,0,42,0
SUBJ_NER_055,44,object_memory,1,0.0,2048,3,0,1.0,0,43,0
SUBJ_NER_055,45,reminiscence,1,0.0,1440,1,0,1.0,0,44,0
SUBJ_NER_055,46,memory_match,1,0.0,1998,1,0,1.0,0,45,0
SUBJ_NER_055,47,pattern_recognition,1,0.0,1393,1,0,1.0,0,46,0
SUBJ_NER_055,48,routine_recall,1,0.0,1810,2,0,1.0,0,47,0
SUBJ_NER_055,49,object_memory,1,0.0,1986,1,0,1.0,0,48,0
SUBJ_NER_055,50,reminiscence,1,0.0,1968,2,0,1.0,0,49,0
SUBJ_NER_055,51,memory_match,1,0.0,1534,1,0,1.0,0,50,0
SUBJ_NER_055,52,pattern_recognition,1,0.0,1450,1,0,1.0,0,51,0
SUBJ_NER_055,53,routine_recall,1,0.0,1610,1,0,1.0,0,52,0
SUBJ_NER_055,54,object_memory,1,0.0,2158,1,0,1.0,0,53,0
SUBJ_NER_055,55,reminiscence,1,0.0,2398,1,0,1.0,0,54,0
SUBJ_NER_055,56,memory_match,1,0.0,2110,1,0,1.0,0,55,0
SUBJ_NER_055,57,pattern_recognition,1,0.0,2056,1,0,1.0,0,56,0
SUBJ_NER_055,58,routine_recall,1,1.0,2250,0,0,1.0,0,57,0
SUBJ_NER_055,59,object_memory,1,0.0,1544,1,0,1.0,0,58,0
SUBJ_NER_055,60,reminiscence,1,0.0,2005,2,0,1.0,0,59,0
SUBJ_NER_056,1,memory_match,1,0.0,2225,2,0,1.0,0,1,0
SUBJ_NER_056,2,pattern_recognition,1,1.0,1801,0,0,1.0,1,0,1
SUBJ_NER_056,3,routine_recall,1,1.0,1851,0,0,1.0,2,0,2
SUBJ_NER_056,4,object_memory,2,0.0,2276,2,0,1.0,0,1,0
SUBJ_NER_056,5,reminiscence,1,1.0,1631,0,0,1.0,1,0,1
SUBJ_NER_056,6,memory_match,1,1.0,1993,0,0,1.0,2,0,2
SUBJ_NER_056,7,pattern_recognition,2,0.0,2814,1,0,1.0,0,1,0
SUBJ_NER_056,8,routine_recall,1,0.0,2202,3,1,1.0,0,2,0
SUBJ_NER_056,9,object_memory,1,0.0,3049,1,0,1.0,0,3,0
SUBJ_NER_056,10,reminiscence,1,1.0,1864,0,0,1.0,0,4,0
SUBJ_NER_056,11,memory_match,1,0.0,1829,1,0,1.0,0,5,0
SUBJ_NER_056,12,pattern_recognition,1,0.0,2228,2,0,1.0,0,6,0
SUBJ_NER_056,13,routine_recall,1,1.0,1939,0,0,1.0,0,7,0
SUBJ_NER_056,14,object_memory,1,1.0,2239,0,0,1.0,0,8,0
SUBJ_NER_056,15,reminiscence,1,1.0,2876,0,0,1.0,0,9,0
SUBJ_NER_056,16,memory_match,1,0.0,2386,2,1,1.0,0,10,0
SUBJ_NER_056,17,pattern_recognition,1,1.0,1648,0,0,1.0,0,11,0
SUBJ_NER_056,18,routine_recall,1,1.0,1723,0,0,1.0,0,12,0
SUBJ_NER_056,19,object_memory,1,0.0,1897,3,0,1.0,0,13,0
SUBJ_NER_056,20,reminiscence,1,1.0,1352,0,0,1.0,0,14,0
SUBJ_NER_056,21,memory_match,1,1.0,2258,0,0,1.0,0,15,0
SUBJ_NER_056,22,pattern_recognition,1,1.0,1834,0,0,1.0,0,16,0
SUBJ_NER_056,23,routine_recall,1,1.0,2605,0,0,1.0,0,17,0
SUBJ_NER_056,24,object_memory,1,0.0,2393,3,0,1.0,0,18,0
SUBJ_NER_056,25,reminiscence,1,1.0,2777,0,0,1.0,0,19,0
SUBJ_NER_056,26,memory_match,1,1.0,2716,0,0,1.0,0,20,0
SUBJ_NER_056,27,pattern_recognition,1,1.0,1732,0,0,1.0,0,21,0
SUBJ_NER_056,28,routine_recall,1,1.0,1898,0,0,1.0,0,22,0
SUBJ_NER_056,29,object_memory,1,1.0,1702,0,0,1.0,0,23,0
SUBJ_NER_056,30,reminiscence,1,1.0,2349,0,0,1.0,0,24,0
SUBJ_NER_056,31,memory_match,1,1.0,1976,0,0,1.0,0,25,0
SUBJ_NER_056,32,pattern_recognition,1,1.0,2122,0,0,1.0,0,26,0
SUBJ_NER_056,33,routine_recall,1,0.0,3259,1,0,1.0,0,27,0
SUBJ_NER_056,34,object_memory,1,0.0,1781,2,0,1.0,0,28,0
SUBJ_NER_056,35,reminiscence,1,1.0,2873,0,0,1.0,0,29,0
SUBJ_NER_056,36,memory_match,1,1.0,1507,0,0,1.0,0,30,0
SUBJ_NER_056,37,pattern_recognition,1,1.0,2156,0,0,1.0,0,31,0
SUBJ_NER_056,38,routine_recall,1,1.0,2816,0,0,1.0,0,32,0
SUBJ_NER_056,39,object_memory,1,1.0,1923,0,0,1.0,0,33,0
SUBJ_NER_056,40,reminiscence,1,0.0,2701,2,0,1.0,0,34,0
SUBJ_NER_056,41,memory_match,1,1.0,1713,0,0,1.0,0,35,0
SUBJ_NER_056,42,pattern_recognition,1,1.0,2164,0,0,1.0,0,36,0
SUBJ_NER_056,43,routine_recall,1,1.0,2602,0,0,1.0,0,37,0
SUBJ_NER_056,44,object_memory,1,0.0,2205,1,0,1.0,0,38,0
SUBJ_NER_056,45,reminiscence,1,1.0,1815,0,0,1.0,0,39,0
SUBJ_NER_056,46,memory_match,1,0.0,2260,1,0,1.0,0,40,0
SUBJ_NER_056,47,pattern_recognition,1,1.0,2218,0,0,1.0,0,41,0
SUBJ_NER_056,48,routine_recall,1,1.0,2079,0,0,1.0,0,42,0
SUBJ_NER_056,49,object_memory,1,1.0,1936,0,0,1.0,0,43,0
SUBJ_NER_056,50,reminiscence,1,1.0,1181,0,0,1.0,0,44,0
SUBJ_NER_056,51,memory_match,1,0.0,2876,1,0,1.0,0,45,0
SUBJ_NER_056,52,pattern_recognition,1,0.0,3187,2,0,1.0,0,46,0
SUBJ_NER_056,53,routine_recall,1,1.0,1773,0,0,1.0,0,47,0
SUBJ_NER_056,54,object_memory,1,1.0,2610,0,0,1.0,0,48,0
SUBJ_NER_056,55,reminiscence,1,0.0,2817,1,0,1.0,0,49,0
SUBJ_NER_056,56,memory_match,1,0.0,1692,1,0,1.0,0,50,0
SUBJ_NER_056,57,pattern_recognition,1,1.0,2400,0,0,1.0,0,51,0
SUBJ_NER_056,58,routine_recall,1,0.0,2353,1,0,1.0,0,52,0
SUBJ_NER_056,59,object_memory,1,1.0,1881,0,0,1.0,0,53,0
SUBJ_NER_056,60,reminiscence,1,1.0,1494,0,0,1.0,0,54,0
SUBJ_NER_057,1,memory_match,1,0.0,3433,2,0,1.0,0,1,0
SUBJ_NER_057,2,pattern_recognition,1,0.0,1996,1,0,1.0,0,2,0
SUBJ_NER_057,3,routine_recall,1,0.0,2944,1,0,1.0,0,3,0
SUBJ_NER_057,4,object_memory,1,0.0,3535,1,1,1.0,0,4,0
SUBJ_NER_057,5,reminiscence,1,0.0,2334,1,0,1.0,0,5,0
SUBJ_NER_057,6,memory_match,1,0.0,2759,1,0,1.0,0,6,0
SUBJ_NER_057,7,pattern_recognition,1,0.0,1820,3,1,1.0,0,7,0
SUBJ_NER_057,8,routine_recall,1,1.0,2237,0,0,1.0,0,8,0
SUBJ_NER_057,9,object_memory,1,0.0,3071,1,0,1.0,0,9,0
SUBJ_NER_057,10,reminiscence,1,0.0,3368,1,0,1.0,0,10,0
SUBJ_NER_057,11,memory_match,1,0.0,2674,2,0,1.0,0,11,0
SUBJ_NER_057,12,pattern_recognition,1,0.0,2462,2,0,1.0,0,12,0
SUBJ_NER_057,13,routine_recall,1,0.0,2146,1,0,1.0,0,13,0
SUBJ_NER_057,14,object_memory,1,0.0,3159,1,0,1.0,0,14,0
SUBJ_NER_057,15,reminiscence,1,1.0,1989,0,0,1.0,0,15,0
SUBJ_NER_057,16,memory_match,1,0.0,1792,2,0,1.0,0,16,0
SUBJ_NER_057,17,pattern_recognition,1,0.0,2170,1,0,1.0,0,17,0
SUBJ_NER_057,18,routine_recall,1,1.0,1517,0,0,1.0,0,18,0
SUBJ_NER_057,19,object_memory,1,0.0,1752,1,0,1.0,0,19,0
SUBJ_NER_057,20,reminiscence,1,0.0,2677,1,0,1.0,0,20,0
SUBJ_NER_057,21,memory_match,1,0.0,2261,2,0,1.0,0,21,0
SUBJ_NER_057,22,pattern_recognition,1,0.0,2386,2,0,1.0,0,22,0
SUBJ_NER_057,23,routine_recall,1,0.0,2079,2,0,1.0,0,23,0
SUBJ_NER_057,24,object_memory,1,0.0,2196,2,0,1.0,0,24,0
SUBJ_NER_057,25,reminiscence,1,0.0,2273,1,0,1.0,0,25,0
SUBJ_NER_057,26,memory_match,1,0.0,2862,1,0,1.0,0,26,0
SUBJ_NER_057,27,pattern_recognition,1,0.0,2003,1,0,1.0,0,27,0
SUBJ_NER_057,28,routine_recall,1,0.0,2773,1,0,1.0,0,28,0
SUBJ_NER_057,29,object_memory,1,0.0,2117,1,1,1.0,0,29,0
SUBJ_NER_057,30,reminiscence,1,0.0,2606,2,0,1.0,0,30,0
SUBJ_NER_057,31,memory_match,1,1.0,2172,0,0,1.0,0,31,0
SUBJ_NER_057,32,pattern_recognition,1,0.0,2832,1,0,1.0,0,32,0
SUBJ_NER_057,33,routine_recall,1,0.0,1948,1,0,1.0,0,33,0
SUBJ_NER_057,34,object_memory,1,0.0,1614,1,0,1.0,0,34,0
SUBJ_NER_057,35,reminiscence,1,0.0,3023,1,1,1.0,0,35,0
SUBJ_NER_057,36,memory_match,1,0.0,2822,1,0,1.0,0,36,0
SUBJ_NER_057,37,pattern_recognition,1,0.0,3097,1,1,1.0,0,37,0
SUBJ_NER_057,38,routine_recall,1,0.0,2289,2,1,1.0,0,38,0
SUBJ_NER_057,39,object_memory,1,0.0,1673,1,0,1.0,0,39,0
SUBJ_NER_057,40,reminiscence,1,1.0,1811,0,0,1.0,0,40,0
SUBJ_NER_057,41,memory_match,1,0.0,2395,1,1,1.0,0,41,0
SUBJ_NER_057,42,pattern_recognition,1,0.0,2573,1,2,1.0,0,42,0
SUBJ_NER_057,43,routine_recall,1,1.0,1989,0,0,1.0,0,43,0
SUBJ_NER_057,44,object_memory,1,0.0,3453,3,0,1.0,0,44,0
SUBJ_NER_057,45,reminiscence,1,0.0,2660,2,1,1.0,0,45,0
SUBJ_NER_057,46,memory_match,1,0.0,3040,1,0,1.0,0,46,0
SUBJ_NER_057,47,pattern_recognition,1,0.0,2835,3,0,1.0,0,47,0
SUBJ_NER_057,48,routine_recall,1,0.0,1528,2,0,1.0,0,48,0
SUBJ_NER_057,49,object_memory,1,0.0,2174,2,1,1.0,0,49,0
SUBJ_NER_057,50,reminiscence,1,0.0,2391,1,2,1.0,0,50,0
SUBJ_NER_057,51,memory_match,1,0.0,1748,2,1,1.0,0,51,0
SUBJ_NER_057,52,pattern_recognition,1,0.0,1698,1,0,1.0,0,52,0
SUBJ_NER_057,53,routine_recall,1,1.0,1690,0,0,1.0,0,53,0
SUBJ_NER_057,54,object_memory,1,0.0,2885,1,0,1.0,0,54,0
SUBJ_NER_057,55,reminiscence,1,0.0,1962,2,0,1.0,0,55,0
SUBJ_NER_057,56,memory_match,1,0.0,2802,2,0,1.0,0,56,0
SUBJ_NER_057,57,pattern_recognition,1,0.0,2904,1,0,1.0,0,57,0
SUBJ_NER_057,58,routine_recall,1,0.0,2482,3,0,1.0,0,58,0
SUBJ_NER_057,59,object_memory,1,0.0,2283,2,1,1.0,0,59,0
SUBJ_NER_057,60,reminiscence,1,0.0,1809,1,0,1.0,0,60,0
SUBJ_NER_058,1,memory_match,1,1.0,2755,0,0,1.0,1,0,1
SUBJ_NER_058,2,pattern_recognition,1,1.0,2561,0,0,1.0,2,0,2
SUBJ_NER_058,3,routine_recall,2,0.0,4934,2,1,1.0,0,1,0
SUBJ_NER_058,4,object_memory,1,1.0,3332,0,0,1.0,1,0,1
SUBJ_NER_058,5,reminiscence,1,0.0,2407,1,0,1.0,0,1,0
SUBJ_NER_058,6,memory_match,1,1.0,2704,0,0,1.0,1,0,1
SUBJ_NER_058,7,pattern_recognition,1,1.0,2590,0,0,1.0,2,0,2
SUBJ_NER_058,8,routine_recall,2,0.0,3927,1,0,1.0,0,1,0
SUBJ_NER_058,9,object_memory,1,1.0,2009,0,0,1.0,1,0,1
SUBJ_NER_058,10,reminiscence,1,0.0,2211,1,0,1.0,0,1,0
SUBJ_NER_058,11,memory_match,1,1.0,2238,0,0,1.0,1,0,1
SUBJ_NER_058,12,pattern_recognition,1,1.0,2137,0,0,1.0,2,0,2
SUBJ_NER_058,13,routine_recall,2,0.0,3475,3,0,1.0,0,1,0
SUBJ_NER_058,14,object_memory,1,1.0,2755,0,0,1.0,1,0,1
SUBJ_NER_058,15,reminiscence,1,1.0,3101,0,0,1.0,2,0,2
SUBJ_NER_058,16,memory_match,2,0.0,2058,1,0,1.0,0,1,0
SUBJ_NER_058,17,pattern_recognition,1,0.0,3981,1,0,1.0,0,2,0
SUBJ_NER_058,18,routine_recall,1,1.0,2817,0,0,1.0,0,3,0
SUBJ_NER_058,19,object_memory,1,1.0,2060,0,0,1.0,0,4,0
SUBJ_NER_058,20,reminiscence,1,0.0,2472,1,2,1.0,0,5,0
SUBJ_NER_058,21,memory_match,1,0.0,2804,1,0,1.0,0,6,0
SUBJ_NER_058,22,pattern_recognition,1,0.0,2833,1,0,1.0,0,7,0
SUBJ_NER_058,23,routine_recall,1,1.0,1969,0,0,1.0,0,8,0
SUBJ_NER_058,24,object_memory,1,1.0,1767,0,0,1.0,0,9,0
SUBJ_NER_058,25,reminiscence,1,1.0,3431,0,0,1.0,0,10,0
SUBJ_NER_058,26,memory_match,1,1.0,2175,0,0,1.0,0,11,0
SUBJ_NER_058,27,pattern_recognition,1,1.0,2639,0,0,1.0,0,12,0
SUBJ_NER_058,28,routine_recall,1,1.0,3018,0,0,1.0,0,13,0
SUBJ_NER_058,29,object_memory,1,1.0,1991,0,0,1.0,0,14,0
SUBJ_NER_058,30,reminiscence,1,1.0,2279,0,0,1.0,0,15,0
SUBJ_NER_058,31,memory_match,1,0.0,2974,2,1,1.0,0,16,0
SUBJ_NER_058,32,pattern_recognition,1,1.0,3305,0,0,1.0,0,17,0
SUBJ_NER_058,33,routine_recall,1,1.0,2964,0,0,1.0,0,18,0
SUBJ_NER_058,34,object_memory,1,0.0,2821,1,0,1.0,0,19,0
SUBJ_NER_058,35,reminiscence,1,1.0,2575,0,0,1.0,0,20,0
SUBJ_NER_058,36,memory_match,1,1.0,2316,0,0,1.0,0,21,0
SUBJ_NER_058,37,pattern_recognition,1,1.0,2895,0,0,1.0,0,22,0
SUBJ_NER_058,38,routine_recall,1,1.0,2692,0,0,1.0,0,23,0
SUBJ_NER_058,39,object_memory,1,1.0,3269,0,0,1.0,0,24,0
SUBJ_NER_058,40,reminiscence,1,0.0,2536,3,1,1.0,0,25,0
SUBJ_NER_058,41,memory_match,1,1.0,2779,0,0,1.0,0,26,0
SUBJ_NER_058,42,pattern_recognition,1,1.0,2090,0,0,1.0,0,27,0
SUBJ_NER_058,43,routine_recall,1,0.0,3158,2,0,1.0,0,28,0
SUBJ_NER_058,44,object_memory,1,1.0,2735,0,0,1.0,0,29,0
SUBJ_NER_058,45,reminiscence,1,1.0,2378,0,0,1.0,0,30,0
SUBJ_NER_058,46,memory_match,1,1.0,2819,0,0,1.0,0,31,0
SUBJ_NER_058,47,pattern_recognition,1,1.0,2215,0,0,1.0,0,32,0
SUBJ_NER_058,48,routine_recall,1,0.0,4769,1,0,1.0,0,33,0
SUBJ_NER_058,49,object_memory,1,1.0,3341,0,0,1.0,0,34,0
SUBJ_NER_058,50,reminiscence,1,1.0,2586,0,0,1.0,0,35,0
SUBJ_NER_058,51,memory_match,1,0.0,3063,2,1,1.0,0,36,0
SUBJ_NER_058,52,pattern_recognition,1,1.0,3240,0,0,1.0,0,37,0
SUBJ_NER_058,53,routine_recall,1,0.0,2578,2,1,1.0,0,38,0
SUBJ_NER_058,54,object_memory,1,1.0,2439,0,0,1.0,0,39,0
SUBJ_NER_058,55,reminiscence,1,1.0,2548,0,0,1.0,0,40,0
SUBJ_NER_058,56,memory_match,1,0.0,5319,1,0,1.0,0,41,0
SUBJ_NER_058,57,pattern_recognition,1,1.0,1967,0,0,1.0,0,42,0
SUBJ_NER_058,58,routine_recall,1,1.0,2574,0,0,1.0,0,43,0
SUBJ_NER_058,59,object_memory,1,0.0,2906,3,0,0.8,0,44,0
SUBJ_NER_058,60,reminiscence,1,0.0,2270,1,0,1.0,0,45,0
SUBJ_NER_059,1,memory_match,1,0.0,1885,1,0,1.0,0,1,0
SUBJ_NER_059,2,pattern_recognition,1,0.0,3218,2,0,1.0,0,2,0
SUBJ_NER_059,3,routine_recall,1,1.0,1932,0,0,1.0,0,3,0
SUBJ_NER_059,4,object_memory,1,0.0,2675,1,1,1.0,0,4,0
SUBJ_NER_059,5,reminiscence,1,1.0,1547,0,0,1.0,0,5,0
SUBJ_NER_059,6,memory_match,1,0.0,2243,1,0,1.0,0,6,0
SUBJ_NER_059,7,pattern_recognition,1,1.0,1931,0,0,1.0,0,7,0
SUBJ_NER_059,8,routine_recall,1,0.0,2064,2,0,1.0,0,8,0
SUBJ_NER_059,9,object_memory,1,1.0,1941,0,0,1.0,0,9,0
SUBJ_NER_059,10,reminiscence,1,0.0,2235,1,0,1.0,0,10,0
SUBJ_NER_059,11,memory_match,1,0.0,2579,2,0,1.0,0,11,0
SUBJ_NER_059,12,pattern_recognition,1,0.0,2791,1,0,1.0,0,12,0
SUBJ_NER_059,13,routine_recall,1,0.0,2135,2,0,1.0,0,13,0
SUBJ_NER_059,14,object_memory,1,0.0,2625,3,0,1.0,0,14,0
SUBJ_NER_059,15,reminiscence,1,0.0,1814,1,0,1.0,0,15,0
SUBJ_NER_059,16,memory_match,1,0.0,2539,1,1,1.0,0,16,0
SUBJ_NER_059,17,pattern_recognition,1,0.0,2001,1,0,1.0,0,17,0
SUBJ_NER_059,18,routine_recall,1,1.0,1447,0,0,1.0,0,18,0
SUBJ_NER_059,19,object_memory,1,0.0,2513,2,0,1.0,0,19,0
SUBJ_NER_059,20,reminiscence,1,0.0,2009,1,0,1.0,0,20,0
SUBJ_NER_059,21,memory_match,1,1.0,2355,0,0,1.0,0,21,0
SUBJ_NER_059,22,pattern_recognition,1,1.0,1879,0,0,1.0,0,22,0
SUBJ_NER_059,23,routine_recall,1,1.0,1881,0,0,1.0,0,23,0
SUBJ_NER_059,24,object_memory,1,1.0,2190,0,0,1.0,0,24,0
SUBJ_NER_059,25,reminiscence,1,1.0,2231,0,0,1.0,0,25,0
SUBJ_NER_059,26,memory_match,1,0.0,2219,1,0,1.0,0,26,0
SUBJ_NER_059,27,pattern_recognition,1,0.0,3300,3,2,1.0,0,27,0
SUBJ_NER_059,28,routine_recall,1,1.0,2022,0,0,1.0,0,28,0
SUBJ_NER_059,29,object_memory,1,1.0,2109,0,0,1.0,0,29,0
SUBJ_NER_059,30,reminiscence,1,1.0,1279,0,0,1.0,0,30,0
SUBJ_NER_059,31,memory_match,1,0.0,2948,1,0,1.0,0,31,0
SUBJ_NER_059,32,pattern_recognition,1,1.0,2111,0,0,1.0,0,32,0
SUBJ_NER_059,33,routine_recall,1,1.0,2511,0,0,1.0,0,33,0
SUBJ_NER_059,34,object_memory,1,1.0,1676,0,0,1.0,0,34,0
SUBJ_NER_059,35,reminiscence,1,0.0,1655,2,0,1.0,0,35,0
SUBJ_NER_059,36,memory_match,1,0.0,2376,2,1,1.0,0,36,0
SUBJ_NER_059,37,pattern_recognition,1,0.0,2586,2,0,1.0,0,37,0
SUBJ_NER_059,38,routine_recall,1,0.0,2817,2,0,1.0,0,38,0
SUBJ_NER_059,39,object_memory,1,1.0,1851,0,0,1.0,0,39,0
SUBJ_NER_059,40,reminiscence,1,1.0,2148,0,0,1.0,0,40,0
SUBJ_NER_059,41,memory_match,1,1.0,1650,0,0,1.0,0,41,0
SUBJ_NER_059,42,pattern_recognition,1,0.0,2014,2,0,1.0,0,42,0
SUBJ_NER_059,43,routine_recall,1,0.0,2912,2,0,1.0,0,43,0
SUBJ_NER_059,44,object_memory,1,1.0,2298,0,0,1.0,0,44,0
SUBJ_NER_059,45,reminiscence,1,0.0,3141,1,0,1.0,0,45,0
SUBJ_NER_059,46,memory_match,1,0.0,2358,2,0,1.0,0,46,0
SUBJ_NER_059,47,pattern_recognition,1,1.0,2146,0,0,1.0,0,47,0
SUBJ_NER_059,48,routine_recall,1,0.0,2064,2,0,1.0,0,48,0
SUBJ_NER_059,49,object_memory,1,0.0,2063,1,0,1.0,0,49,0
SUBJ_NER_059,50,reminiscence,1,0.0,1780,1,0,1.0,0,50,0
SUBJ_NER_059,51,memory_match,1,0.0,1965,2,1,1.0,0,51,0
SUBJ_NER_059,52,pattern_recognition,1,1.0,1992,0,0,1.0,0,52,0
SUBJ_NER_059,53,routine_recall,1,1.0,2189,0,0,1.0,0,53,0
SUBJ_NER_059,54,object_memory,1,1.0,1869,0,0,1.0,0,54,0
SUBJ_NER_059,55,reminiscence,1,1.0,2060,0,0,1.0,0,55,0
SUBJ_NER_059,56,memory_match,1,1.0,2052,0,0,1.0,0,56,0
SUBJ_NER_059,57,pattern_recognition,1,1.0,1910,0,0,0.8,0,57,0
SUBJ_NER_059,58,routine_recall,1,1.0,1953,0,0,1.0,0,58,0
SUBJ_NER_059,59,object_memory,1,1.0,2676,0,0,0.8,0,59,0
SUBJ_NER_059,60,reminiscence,1,1.0,1842,0,0,1.0,0,60,0
SUBJ_NER_060,1,memory_match,1,1.0,1543,0,0,1.0,1,0,1
SUBJ_NER_060,2,pattern_recognition,1,0.0,1149,2,1,1.0,0,1,0
SUBJ_NER_060,3,routine_recall,1,1.0,864,0,0,1.0,1,0,1
SUBJ_NER_060,4,object_memory,1,1.0,973,0,0,1.0,2,0,2
SUBJ_NER_060,5,reminiscence,2,0.0,2006,2,0,1.0,0,1,0
SUBJ_NER_060,6,memory_match,1,0.0,2128,3,1,1.0,0,2,0
SUBJ_NER_060,7,pattern_recognition,1,1.0,1052,0,0,1.0,0,3,0
SUBJ_NER_060,8,routine_recall,1,0.0,1348,1,0,1.0,0,4,0
SUBJ_NER_060,9,object_memory,1,0.0,1959,1,0,1.0,0,5,0
SUBJ_NER_060,10,reminiscence,1,0.0,2245,2,0,1.0,0,6,0
SUBJ_NER_060,11,memory_match,1,1.0,1180,0,0,1.0,0,7,0
SUBJ_NER_060,12,pattern_recognition,1,0.0,1604,1,0,1.0,0,8,0
SUBJ_NER_060,13,routine_recall,1,0.0,1891,1,0,1.0,0,9,0
SUBJ_NER_060,14,object_memory,1,0.0,1371,1,0,1.0,0,10,0
SUBJ_NER_060,15,reminiscence,1,0.0,1600,1,1,1.0,0,11,0
SUBJ_NER_060,16,memory_match,1,0.0,1410,2,0,1.0,0,12,0
SUBJ_NER_060,17,pattern_recognition,1,1.0,1503,0,0,1.0,0,13,0
SUBJ_NER_060,18,routine_recall,1,1.0,1087,0,0,1.0,0,14,0
SUBJ_NER_060,19,object_memory,1,0.0,1617,2,1,1.0,0,15,0
SUBJ_NER_060,20,reminiscence,1,0.0,1381,2,0,1.0,0,16,0
SUBJ_NER_060,21,memory_match,1,0.0,1765,1,0,1.0,0,17,0
SUBJ_NER_060,22,pattern_recognition,1,0.0,1869,1,1,1.0,0,18,0
SUBJ_NER_060,23,routine_recall,1,1.0,1175,0,0,1.0,0,19,0
SUBJ_NER_060,24,object_memory,1,1.0,1416,0,0,1.0,0,20,0
SUBJ_NER_060,25,reminiscence,1,1.0,1950,0,0,1.0,0,21,0
SUBJ_NER_060,26,memory_match,1,1.0,1407,0,0,1.0,0,22,0
SUBJ_NER_060,27,pattern_recognition,1,1.0,1956,0,0,1.0,0,23,0
SUBJ_NER_060,28,routine_recall,1,0.0,1699,1,0,1.0,0,24,0
SUBJ_NER_060,29,object_memory,1,1.0,1362,0,0,1.0,0,25,0
SUBJ_NER_060,30,reminiscence,1,0.0,1444,2,0,1.0,0,26,0
SUBJ_NER_060,31,memory_match,1,0.0,1770,1,1,1.0,0,27,0
SUBJ_NER_060,32,pattern_recognition,1,0.0,1922,1,0,1.0,0,28,0
SUBJ_NER_060,33,routine_recall,1,1.0,1405,0,0,1.0,0,29,0
SUBJ_NER_060,34,object_memory,1,0.0,3045,2,0,1.0,0,30,0
SUBJ_NER_060,35,reminiscence,1,1.0,1108,0,0,1.0,0,31,0
SUBJ_NER_060,36,memory_match,1,0.0,2603,1,0,1.0,0,32,0
SUBJ_NER_060,37,pattern_recognition,1,0.0,1018,1,0,1.0,0,33,0
SUBJ_NER_060,38,routine_recall,1,0.0,1541,1,0,1.0,0,34,0
SUBJ_NER_060,39,object_memory,1,0.0,1619,1,1,1.0,0,35,0
SUBJ_NER_060,40,reminiscence,1,0.0,1898,2,0,1.0,0,36,0
SUBJ_NER_060,41,memory_match,1,1.0,1558,0,0,1.0,0,37,0
SUBJ_NER_060,42,pattern_recognition,1,0.0,1549,2,0,1.0,0,38,0
SUBJ_NER_060,43,routine_recall,1,0.0,1314,3,1,1.0,0,39,0
SUBJ_NER_060,44,object_memory,1,0.0,2251,1,0,1.0,0,40,0
SUBJ_NER_060,45,reminiscence,1,0.0,1324,2,0,1.0,0,41,0
SUBJ_NER_060,46,memory_match,1,1.0,1222,0,0,1.0,0,42,0
SUBJ_NER_060,47,pattern_recognition,1,1.0,1221,0,0,1.0,0,43,0
SUBJ_NER_060,48,routine_recall,1,1.0,1124,0,0,1.0,0,44,0
SUBJ_NER_060,49,object_memory,1,1.0,1302,0,0,1.0,0,45,0
SUBJ_NER_060,50,reminiscence,1,1.0,1861,0,0,1.0,0,46,0
SUBJ_NER_060,51,memory_match,1,0.0,1492,1,0,1.0,0,47,0
SUBJ_NER_060,52,pattern_recognition,1,0.0,1969,1,0,1.0,0,48,0
SUBJ_NER_060,53,routine_recall,1,1.0,1310,0,0,1.0,0,49,0
SUBJ_NER_060,54,object_memory,1,0.0,1101,1,1,1.0,0,50,0
SUBJ_NER_060,55,reminiscence,1,1.0,1575,0,0,0.8,0,51,0
SUBJ_NER_060,56,memory_match,1,0.0,2036,2,0,1.0,0,52,0
SUBJ_NER_060,57,pattern_recognition,1,0.0,1572,1,0,1.0,0,53,0
SUBJ_NER_060,58,routine_recall,1,0.0,1447,1,0,1.0,0,54,0
SUBJ_NER_060,59,object_memory,1,0.0,1183,1,0,1.0,0,55,0
SUBJ_NER_060,60,reminiscence,1,0.0,1530,2,0,1.0,0,56,0
SUBJ_NER_061,1,memory_match,1,0.0,3004,1,0,1.0,0,1,0
SUBJ_NER_061,2,pattern_recognition,1,1.0,2861,0,0,1.0,1,0,1
SUBJ_NER_061,3,routine_recall,1,0.0,1959,1,0,1.0,0,1,0
SUBJ_NER_061,4,object_memory,1,0.0,2591,1,0,1.0,0,2,0
SUBJ_NER_061,5,reminiscence,1,0.0,2351,2,0,1.0,0,3,0
SUBJ_NER_061,6,memory_match,1,0.0,3353,2,1,1.0,0,4,0
SUBJ_NER_061,7,pattern_recognition,1,0.0,2378,1,2,1.0,0,5,0
SUBJ_NER_061,8,routine_recall,1,0.0,2070,1,0,1.0,0,6,0
SUBJ_NER_061,9,object_memory,1,1.0,2106,0,0,1.0,0,7,0
SUBJ_NER_061,10,reminiscence,1,0.0,2663,2,0,1.0,0,8,0
SUBJ_NER_061,11,memory_match,1,0.0,3557,2,0,1.0,0,9,0
SUBJ_NER_061,12,pattern_recognition,1,0.0,2716,1,0,1.0,0,10,0
SUBJ_NER_061,13,routine_recall,1,0.0,1966,1,0,1.0,0,11,0
SUBJ_NER_061,14,object_memory,1,0.0,2605,1,0,1.0,0,12,0
SUBJ_NER_061,15,reminiscence,1,0.0,3786,1,0,1.0,0,13,0
SUBJ_NER_061,16,memory_match,1,0.0,3455,1,0,1.0,0,14,0
SUBJ_NER_061,17,pattern_recognition,1,0.0,2615,2,0,1.0,0,15,0
SUBJ_NER_061,18,routine_recall,1,0.0,2994,2,1,1.0,0,16,0
SUBJ_NER_061,19,object_memory,1,1.0,1796,0,0,1.0,0,17,0
SUBJ_NER_061,20,reminiscence,1,0.0,2520,1,1,1.0,0,18,0
SUBJ_NER_061,21,memory_match,1,0.0,3458,1,0,1.0,0,19,0
SUBJ_NER_061,22,pattern_recognition,1,1.0,1529,0,0,1.0,0,20,0
SUBJ_NER_061,23,routine_recall,1,0.0,2598,3,1,1.0,0,21,0
SUBJ_NER_061,24,object_memory,1,0.0,2561,1,0,1.0,0,22,0
SUBJ_NER_061,25,reminiscence,1,0.0,2426,1,0,1.0,0,23,0
SUBJ_NER_061,26,memory_match,1,1.0,2284,0,0,1.0,0,24,0
SUBJ_NER_061,27,pattern_recognition,1,0.0,3230,1,1,1.0,0,25,0
SUBJ_NER_061,28,routine_recall,1,0.0,2659,1,0,1.0,0,26,0
SUBJ_NER_061,29,object_memory,1,0.0,3430,1,1,1.0,0,27,0
SUBJ_NER_061,30,reminiscence,1,0.0,3050,1,1,1.0,0,28,0
SUBJ_NER_061,31,memory_match,1,0.0,2683,1,2,1.0,0,29,0
SUBJ_NER_061,32,pattern_recognition,1,1.0,2668,0,0,1.0,0,30,0
SUBJ_NER_061,33,routine_recall,1,1.0,1801,0,0,1.0,0,31,0
SUBJ_NER_061,34,object_memory,1,0.0,2770,1,0,1.0,0,32,0
SUBJ_NER_061,35,reminiscence,1,0.0,2053,3,1,1.0,0,33,0
SUBJ_NER_061,36,memory_match,1,0.0,2002,2,1,1.0,0,34,0
SUBJ_NER_061,37,pattern_recognition,1,1.0,1705,0,0,1.0,0,35,0
SUBJ_NER_061,38,routine_recall,1,0.0,2189,1,0,1.0,0,36,0
SUBJ_NER_061,39,object_memory,1,0.0,3199,2,1,1.0,0,37,0
SUBJ_NER_061,40,reminiscence,1,0.0,3540,1,0,1.0,0,38,0
SUBJ_NER_061,41,memory_match,1,0.0,2089,2,0,1.0,0,39,0
SUBJ_NER_061,42,pattern_recognition,1,1.0,2555,0,0,1.0,0,40,0
SUBJ_NER_061,43,routine_recall,1,1.0,1559,0,0,1.0,0,41,0
SUBJ_NER_061,44,object_memory,1,0.0,2100,2,0,1.0,0,42,0
SUBJ_NER_061,45,reminiscence,1,0.0,3045,1,0,1.0,0,43,0
SUBJ_NER_061,46,memory_match,1,0.0,3008,1,1,1.0,0,44,0
SUBJ_NER_061,47,pattern_recognition,1,0.0,2833,3,0,1.0,0,45,0
SUBJ_NER_061,48,routine_recall,1,0.0,3338,1,0,1.0,0,46,0
SUBJ_NER_061,49,object_memory,1,0.0,3255,1,0,1.0,0,47,0
SUBJ_NER_061,50,reminiscence,1,0.0,2175,2,1,1.0,0,48,0
SUBJ_NER_061,51,memory_match,1,1.0,1525,0,0,1.0,0,49,0
SUBJ_NER_061,52,pattern_recognition,1,0.0,3396,3,1,1.0,0,50,0
SUBJ_NER_061,53,routine_recall,1,0.0,2273,2,0,1.0,0,51,0
SUBJ_NER_061,54,object_memory,1,1.0,1886,0,0,1.0,0,52,0
SUBJ_NER_061,55,reminiscence,1,0.0,4457,1,0,1.0,0,53,0
SUBJ_NER_061,56,memory_match,1,0.0,2578,3,0,0.5,0,54,0
SUBJ_NER_061,57,pattern_recognition,1,0.0,3093,1,0,0.8,0,55,0
SUBJ_NER_061,58,routine_recall,1,0.0,2360,2,0,0.8,0,56,0
SUBJ_NER_061,59,object_memory,1,0.0,2118,1,2,1.0,0,57,0
SUBJ_NER_061,60,reminiscence,1,0.0,2721,1,0,1.0,0,58,0
SUBJ_NER_062,1,memory_match,1,0.0,1400,2,2,1.0,0,1,0
SUBJ_NER_062,2,pattern_recognition,1,0.0,1564,3,1,1.0,0,2,0
SUBJ_NER_062,3,routine_recall,1,0.0,1300,1,1,1.0,0,3,0
SUBJ_NER_062,4,object_memory,1,0.0,1320,1,0,1.0,0,4,0
SUBJ_NER_062,5,reminiscence,1,0.0,1317,1,0,1.0,0,5,0
SUBJ_NER_062,6,memory_match,1,1.0,934,0,0,1.0,0,6,0
SUBJ_NER_062,7,pattern_recognition,1,0.0,1164,3,1,1.0,0,7,0
SUBJ_NER_062,8,routine_recall,1,1.0,1175,0,0,1.0,0,8,0
SUBJ_NER_062,9,object_memory,1,1.0,1401,0,0,1.0,0,9,0
SUBJ_NER_062,10,reminiscence,1,1.0,1249,0,0,1.0,0,10,0
SUBJ_NER_062,11,memory_match,1,1.0,1222,0,0,1.0,0,11,0
SUBJ_NER_062,12,pattern_recognition,1,1.0,884,0,0,1.0,0,12,0
SUBJ_NER_062,13,routine_recall,1,1.0,1286,0,0,1.0,0,13,0
SUBJ_NER_062,14,object_memory,1,0.0,1544,1,0,1.0,0,14,0
SUBJ_NER_062,15,reminiscence,1,1.0,1209,0,0,1.0,0,15,0
SUBJ_NER_062,16,memory_match,1,0.0,1480,3,1,1.0,0,16,0
SUBJ_NER_062,17,pattern_recognition,1,1.0,1045,0,0,1.0,0,17,0
SUBJ_NER_062,18,routine_recall,1,1.0,907,0,0,1.0,0,18,0
SUBJ_NER_062,19,object_memory,1,0.0,1810,1,0,1.0,0,19,0
SUBJ_NER_062,20,reminiscence,1,1.0,1048,0,0,1.0,0,20,0
SUBJ_NER_062,21,memory_match,1,1.0,810,0,0,1.0,0,21,0
SUBJ_NER_062,22,pattern_recognition,1,1.0,967,0,0,1.0,0,22,0
SUBJ_NER_062,23,routine_recall,1,1.0,878,0,0,1.0,0,23,0
SUBJ_NER_062,24,object_memory,1,1.0,1268,0,0,1.0,0,24,0
SUBJ_NER_062,25,reminiscence,1,0.0,1061,3,0,1.0,0,25,0
SUBJ_NER_062,26,memory_match,1,0.0,1152,1,0,1.0,0,26,0
SUBJ_NER_062,27,pattern_recognition,1,0.0,1258,3,2,1.0,0,27,0
SUBJ_NER_062,28,routine_recall,1,0.0,1477,1,0,1.0,0,28,0
SUBJ_NER_062,29,object_memory,1,1.0,1233,0,0,1.0,0,29,0
SUBJ_NER_062,30,reminiscence,1,0.0,1125,1,0,1.0,0,30,0
SUBJ_NER_062,31,memory_match,1,0.0,1195,1,0,1.0,0,31,0
SUBJ_NER_062,32,pattern_recognition,1,1.0,1012,0,0,1.0,0,32,0
SUBJ_NER_062,33,routine_recall,1,0.0,1205,1,0,1.0,0,33,0
SUBJ_NER_062,34,object_memory,1,0.0,1077,2,0,1.0,0,34,0
SUBJ_NER_062,35,reminiscence,1,1.0,1157,0,0,1.0,0,35,0
SUBJ_NER_062,36,memory_match,1,0.0,1478,2,0,1.0,0,36,0
SUBJ_NER_062,37,pattern_recognition,1,0.0,998,2,0,1.0,0,37,0
SUBJ_NER_062,38,routine_recall,1,1.0,1260,0,0,1.0,0,38,0
SUBJ_NER_062,39,object_memory,1,1.0,842,0,0,1.0,0,39,0
SUBJ_NER_062,40,reminiscence,1,1.0,1102,0,0,1.0,0,40,0
SUBJ_NER_062,41,memory_match,1,0.0,1226,2,0,1.0,0,41,0
SUBJ_NER_062,42,pattern_recognition,1,1.0,2029,0,0,1.0,0,42,0
SUBJ_NER_062,43,routine_recall,1,1.0,1001,0,0,1.0,0,43,0
SUBJ_NER_062,44,object_memory,1,1.0,676,0,0,1.0,0,44,0
SUBJ_NER_062,45,reminiscence,1,0.0,1472,1,0,1.0,0,45,0
SUBJ_NER_062,46,memory_match,1,0.0,1441,2,0,1.0,0,46,0
SUBJ_NER_062,47,pattern_recognition,1,1.0,974,0,0,1.0,0,47,0
SUBJ_NER_062,48,routine_recall,1,1.0,942,0,0,1.0,0,48,0
SUBJ_NER_062,49,object_memory,1,0.0,1585,1,0,1.0,0,49,0
SUBJ_NER_062,50,reminiscence,1,0.0,1077,1,0,1.0,0,50,0
SUBJ_NER_062,51,memory_match,1,1.0,1229,0,0,1.0,0,51,0
SUBJ_NER_062,52,pattern_recognition,1,0.0,1555,2,1,1.0,0,52,0
SUBJ_NER_062,53,routine_recall,1,0.0,1841,2,0,1.0,0,53,0
SUBJ_NER_062,54,object_memory,1,1.0,976,0,0,1.0,0,54,0
SUBJ_NER_062,55,reminiscence,1,0.0,1249,1,0,0.8,0,55,0
SUBJ_NER_062,56,memory_match,1,0.0,1343,2,0,0.8,0,56,0
SUBJ_NER_062,57,pattern_recognition,1,0.0,1428,2,1,1.0,0,57,0
SUBJ_NER_062,58,routine_recall,1,0.0,1460,3,0,1.0,0,58,0
SUBJ_NER_062,59,object_memory,1,0.0,1231,1,0,1.0,0,59,0
SUBJ_NER_062,60,reminiscence,1,1.0,1580,0,0,1.0,0,60,0
SUBJ_NER_063,1,memory_match,1,1.0,1518,0,0,1.0,1,0,1
SUBJ_NER_063,2,pattern_recognition,1,1.0,1632,0,0,1.0,2,0,2
SUBJ_NER_063,3,routine_recall,2,1.0,2055,0,0,1.0,3,0,2
SUBJ_NER_063,4,object_memory,3,0.0,2292,1,0,1.0,0,1,0
SUBJ_NER_063,5,reminiscence,2,0.0,1727,2,0,1.0,0,2,0
SUBJ_NER_063,6,memory_match,1,0.0,1475,1,0,1.0,0,3,0
SUBJ_NER_063,7,pattern_recognition,1,1.0,1433,0,0,1.0,0,4,0
SUBJ_NER_063,8,routine_recall,1,1.0,1884,0,0,1.0,0,5,0
SUBJ_NER_063,9,object_memory,1,0.0,1564,1,1,1.0,0,6,0
SUBJ_NER_063,10,reminiscence,1,1.0,1537,0,0,1.0,0,7,0
SUBJ_NER_063,11,memory_match,1,0.0,1686,1,0,1.0,0,8,0
SUBJ_NER_063,12,pattern_recognition,1,0.0,1718,2,0,1.0,0,9,0
SUBJ_NER_063,13,routine_recall,1,1.0,1525,0,0,1.0,0,10,0
SUBJ_NER_063,14,object_memory,1,1.0,1422,0,0,1.0,0,11,0
SUBJ_NER_063,15,reminiscence,1,0.0,1543,1,0,1.0,0,12,0
SUBJ_NER_063,16,memory_match,1,0.0,1691,1,0,1.0,0,13,0
SUBJ_NER_063,17,pattern_recognition,1,1.0,1526,0,0,1.0,0,14,0
SUBJ_NER_063,18,routine_recall,1,1.0,946,0,0,1.0,0,15,0
SUBJ_NER_063,19,object_memory,1,1.0,1278,0,0,1.0,0,16,0
SUBJ_NER_063,20,reminiscence,1,0.0,1737,1,1,1.0,0,17,0
SUBJ_NER_063,21,memory_match,1,1.0,1228,0,0,1.0,0,18,0
SUBJ_NER_063,22,pattern_recognition,1,1.0,1290,0,0,1.0,0,19,0
SUBJ_NER_063,23,routine_recall,1,1.0,1289,0,0,1.0,0,20,0
SUBJ_NER_063,24,object_memory,1,1.0,1075,0,0,1.0,0,21,0
SUBJ_NER_063,25,reminiscence,1,0.0,2143,3,0,1.0,0,22,0
SUBJ_NER_063,26,memory_match,1,0.0,1827,3,0,1.0,0,23,0
SUBJ_NER_063,27,pattern_recognition,1,1.0,1289,0,0,1.0,0,24,0
SUBJ_NER_063,28,routine_recall,1,0.0,2740,1,0,1.0,0,25,0
SUBJ_NER_063,29,object_memory,1,1.0,2162,0,0,1.0,0,26,0
SUBJ_NER_063,30,reminiscence,1,0.0,1614,2,2,1.0,0,27,0
SUBJ_NER_063,31,memory_match,1,0.0,3030,2,0,1.0,0,28,0
SUBJ_NER_063,32,pattern_recognition,1,0.0,2189,2,0,1.0,0,29,0
SUBJ_NER_063,33,routine_recall,1,1.0,1514,0,0,1.0,0,30,0
SUBJ_NER_063,34,object_memory,1,1.0,2076,0,0,1.0,0,31,0
SUBJ_NER_063,35,reminiscence,1,1.0,1608,0,0,1.0,0,32,0
SUBJ_NER_063,36,memory_match,1,1.0,1518,0,0,1.0,0,33,0
SUBJ_NER_063,37,pattern_recognition,1,0.0,1590,2,1,1.0,0,34,0
SUBJ_NER_063,38,routine_recall,1,0.0,1571,3,0,1.0,0,35,0
SUBJ_NER_063,39,object_memory,1,1.0,1127,0,0,1.0,0,36,0
SUBJ_NER_063,40,reminiscence,1,1.0,1444,0,0,1.0,0,37,0
SUBJ_NER_063,41,memory_match,1,0.0,1535,2,0,1.0,0,38,0
SUBJ_NER_063,42,pattern_recognition,1,0.0,1677,1,2,1.0,0,39,0
SUBJ_NER_063,43,routine_recall,1,1.0,1613,0,0,1.0,0,40,0
SUBJ_NER_063,44,object_memory,1,1.0,1397,0,0,1.0,0,41,0
SUBJ_NER_063,45,reminiscence,1,0.0,1894,2,1,1.0,0,42,0
SUBJ_NER_063,46,memory_match,1,0.0,1386,2,0,1.0,0,43,0
SUBJ_NER_063,47,pattern_recognition,1,0.0,1421,2,0,1.0,0,44,0
SUBJ_NER_063,48,routine_recall,1,1.0,1219,0,0,1.0,0,45,0
SUBJ_NER_063,49,object_memory,1,1.0,1764,0,0,1.0,0,46,0
SUBJ_NER_063,50,reminiscence,1,1.0,1376,0,0,1.0,0,47,0
SUBJ_NER_063,51,memory_match,1,1.0,1357,0,0,1.0,0,48,0
SUBJ_NER_063,52,pattern_recognition,1,0.0,2051,1,1,1.0,0,49,0
SUBJ_NER_063,53,routine_recall,1,0.0,1770,1,0,1.0,0,50,0
SUBJ_NER_063,54,object_memory,1,0.0,2001,2,0,1.0,0,51,0
SUBJ_NER_063,55,reminiscence,1,1.0,1448,0,0,1.0,0,52,0
SUBJ_NER_063,56,memory_match,1,1.0,2029,0,0,0.8,0,53,0
SUBJ_NER_063,57,pattern_recognition,1,0.0,1061,3,0,1.0,0,54,0
SUBJ_NER_063,58,routine_recall,1,1.0,1085,0,0,0.8,0,55,0
SUBJ_NER_063,59,object_memory,1,1.0,1289,0,0,1.0,0,56,0
SUBJ_NER_063,60,reminiscence,1,1.0,2156,0,0,1.0,0,57,0
SUBJ_NER_064,1,memory_match,1,0.0,4144,1,0,1.0,0,1,0
SUBJ_NER_064,2,pattern_recognition,1,1.0,5388,0,0,1.0,1,0,1
SUBJ_NER_064,3,routine_recall,1,1.0,3402,0,0,1.0,2,0,2
SUBJ_NER_064,4,object_memory,2,1.0,4557,0,0,1.0,3,0,1
SUBJ_NER_064,5,reminiscence,2,0.0,5606,2,1,1.0,0,1,0
SUBJ_NER_064,6,memory_match,1,0.0,2880,1,0,1.0,0,2,0
SUBJ_NER_064,7,pattern_recognition,1,1.0,2945,0,0,1.0,0,3,0
SUBJ_NER_064,8,routine_recall,1,1.0,3455,0,0,1.0,0,4,0
SUBJ_NER_064,9,object_memory,1,1.0,3180,0,0,1.0,0,5,0
SUBJ_NER_064,10,reminiscence,1,0.0,6321,2,0,1.0,0,6,0
SUBJ_NER_064,11,memory_match,1,0.0,4051,2,1,1.0,0,7,0
SUBJ_NER_064,12,pattern_recognition,1,0.0,4420,1,0,1.0,0,8,0
SUBJ_NER_064,13,routine_recall,1,0.0,5392,1,1,1.0,0,9,0
SUBJ_NER_064,14,object_memory,1,0.0,4126,2,0,1.0,0,10,0
SUBJ_NER_064,15,reminiscence,1,1.0,3401,0,0,1.0,0,11,0
SUBJ_NER_064,16,memory_match,1,0.0,4512,2,1,1.0,0,12,0
SUBJ_NER_064,17,pattern_recognition,1,0.0,3276,2,0,1.0,0,13,0
SUBJ_NER_064,18,routine_recall,1,1.0,3485,0,0,1.0,0,14,0
SUBJ_NER_064,19,object_memory,1,1.0,2993,0,0,1.0,0,15,0
SUBJ_NER_064,20,reminiscence,1,1.0,4477,0,0,1.0,0,16,0
SUBJ_NER_064,21,memory_match,1,0.0,4698,1,0,1.0,0,17,0
SUBJ_NER_064,22,pattern_recognition,1,1.0,5318,0,0,1.0,0,18,0
SUBJ_NER_064,23,routine_recall,1,1.0,3674,0,0,1.0,0,19,0
SUBJ_NER_064,24,object_memory,1,1.0,2925,0,0,1.0,0,20,0
SUBJ_NER_064,25,reminiscence,1,1.0,4063,0,0,1.0,0,21,0
SUBJ_NER_064,26,memory_match,1,0.0,5497,1,2,1.0,0,22,0
SUBJ_NER_064,27,pattern_recognition,1,1.0,2414,0,0,1.0,0,23,0
SUBJ_NER_064,28,routine_recall,1,1.0,2310,0,0,1.0,0,24,0
SUBJ_NER_064,29,object_memory,1,0.0,3221,3,1,1.0,0,25,0
SUBJ_NER_064,30,reminiscence,1,0.0,3384,1,0,1.0,0,26,0
SUBJ_NER_064,31,memory_match,1,1.0,3204,0,0,1.0,0,27,0
SUBJ_NER_064,32,pattern_recognition,1,1.0,4007,0,0,1.0,0,28,0
SUBJ_NER_064,33,routine_recall,1,1.0,5279,0,0,1.0,0,29,0
SUBJ_NER_064,34,object_memory,1,0.0,3514,1,0,1.0,0,30,0
SUBJ_NER_064,35,reminiscence,1,1.0,3745,0,0,1.0,0,31,0
SUBJ_NER_064,36,memory_match,1,1.0,3209,0,0,1.0,0,32,0
SUBJ_NER_064,37,pattern_recognition,1,1.0,3009,0,0,1.0,0,33,0
SUBJ_NER_064,38,routine_recall,1,1.0,2632,0,0,1.0,0,34,0
SUBJ_NER_064,39,object_memory,1,0.0,3910,2,0,1.0,0,35,0
SUBJ_NER_064,40,reminiscence,1,1.0,3202,0,0,1.0,0,36,0
SUBJ_NER_064,41,memory_match,1,0.0,3805,3,1,1.0,0,37,0
SUBJ_NER_064,42,pattern_recognition,1,0.0,5467,1,0,1.0,0,38,0
SUBJ_NER_064,43,routine_recall,1,0.0,4880,1,0,1.0,0,39,0
SUBJ_NER_064,44,object_memory,1,0.0,3710,3,0,1.0,0,40,0
SUBJ_NER_064,45,reminiscence,1,1.0,5827,0,0,1.0,0,41,0
SUBJ_NER_064,46,memory_match,1,0.0,4238,2,0,1.0,0,42,0
SUBJ_NER_064,47,pattern_recognition,1,0.0,5227,1,0,1.0,0,43,0
SUBJ_NER_064,48,routine_recall,1,0.0,4257,1,0,1.0,0,44,0
SUBJ_NER_064,49,object_memory,1,1.0,3027,0,0,1.0,0,45,0
SUBJ_NER_064,50,reminiscence,1,1.0,3169,0,0,1.0,0,46,0
SUBJ_NER_064,51,memory_match,1,1.0,4027,0,0,1.0,0,47,0
SUBJ_NER_064,52,pattern_recognition,1,0.0,3173,2,0,1.0,0,48,0
SUBJ_NER_064,53,routine_recall,1,1.0,3679,0,0,1.0,0,49,0
SUBJ_NER_064,54,object_memory,1,1.0,3726,0,0,1.0,0,50,0
SUBJ_NER_064,55,reminiscence,1,0.0,3440,1,0,1.0,0,51,0
SUBJ_NER_064,56,memory_match,1,1.0,3164,0,0,1.0,0,52,0
SUBJ_NER_064,57,pattern_recognition,1,1.0,4232,0,0,0.8,0,53,0
SUBJ_NER_064,58,routine_recall,1,1.0,3924,0,0,1.0,0,54,0
SUBJ_NER_064,59,object_memory,1,0.0,3378,1,0,1.0,0,55,0
SUBJ_NER_064,60,reminiscence,1,0.0,4546,1,0,1.0,0,56,0
SUBJ_NER_065,1,memory_match,1,0.0,2085,3,0,1.0,0,1,0
SUBJ_NER_065,2,pattern_recognition,1,0.0,2047,1,0,1.0,0,2,0
SUBJ_NER_065,3,routine_recall,1,1.0,1140,0,0,1.0,0,3,0
SUBJ_NER_065,4,object_memory,1,1.0,1662,0,0,1.0,0,4,0
SUBJ_NER_065,5,reminiscence,1,1.0,1594,0,0,1.0,0,5,0
SUBJ_NER_065,6,memory_match,1,0.0,1448,1,0,1.0,0,6,0
SUBJ_NER_065,7,pattern_recognition,1,0.0,2009,2,0,1.0,0,7,0
SUBJ_NER_065,8,routine_recall,1,1.0,1415,0,0,1.0,0,8,0
SUBJ_NER_065,9,object_memory,1,1.0,1652,0,0,1.0,0,9,0
SUBJ_NER_065,10,reminiscence,1,0.0,1643,1,0,1.0,0,10,0
SUBJ_NER_065,11,memory_match,1,0.0,1498,1,0,1.0,0,11,0
SUBJ_NER_065,12,pattern_recognition,1,1.0,1207,0,0,1.0,0,12,0
SUBJ_NER_065,13,routine_recall,1,0.0,2467,1,1,1.0,0,13,0
SUBJ_NER_065,14,object_memory,1,1.0,1611,0,0,1.0,0,14,0
SUBJ_NER_065,15,reminiscence,1,0.0,1984,1,0,1.0,0,15,0
SUBJ_NER_065,16,memory_match,1,0.0,1641,1,2,1.0,0,16,0
SUBJ_NER_065,17,pattern_recognition,1,0.0,1787,2,0,1.0,0,17,0
SUBJ_NER_065,18,routine_recall,1,1.0,1788,0,0,1.0,0,18,0
SUBJ_NER_065,19,object_memory,1,1.0,1149,0,0,1.0,0,19,0
SUBJ_NER_065,20,reminiscence,1,0.0,1739,2,0,1.0,0,20,0
SUBJ_NER_065,21,memory_match,1,1.0,1400,0,0,1.0,0,21,0
SUBJ_NER_065,22,pattern_recognition,1,0.0,1714,1,0,1.0,0,22,0
SUBJ_NER_065,23,routine_recall,1,1.0,1800,0,0,1.0,0,23,0
SUBJ_NER_065,24,object_memory,1,1.0,1206,0,0,1.0,0,24,0
SUBJ_NER_065,25,reminiscence,1,1.0,1533,0,0,1.0,0,25,0
SUBJ_NER_065,26,memory_match,1,1.0,1030,0,0,1.0,0,26,0
SUBJ_NER_065,27,pattern_recognition,1,0.0,1750,1,0,1.0,0,27,0
SUBJ_NER_065,28,routine_recall,1,1.0,1486,0,0,1.0,0,28,0
SUBJ_NER_065,29,object_memory,1,1.0,1162,0,0,1.0,0,29,0
SUBJ_NER_065,30,reminiscence,1,0.0,1609,1,0,1.0,0,30,0
SUBJ_NER_065,31,memory_match,1,1.0,1353,0,0,1.0,0,31,0
SUBJ_NER_065,32,pattern_recognition,1,1.0,1462,0,0,1.0,0,32,0
SUBJ_NER_065,33,routine_recall,1,0.0,1978,1,0,1.0,0,33,0
SUBJ_NER_065,34,object_memory,1,1.0,1711,0,0,1.0,0,34,0
SUBJ_NER_065,35,reminiscence,1,1.0,1904,0,0,1.0,0,35,0
SUBJ_NER_065,36,memory_match,1,1.0,1127,0,0,1.0,0,36,0
SUBJ_NER_065,37,pattern_recognition,1,1.0,1180,0,0,1.0,0,37,0
SUBJ_NER_065,38,routine_recall,1,0.0,2505,2,0,1.0,0,38,0
SUBJ_NER_065,39,object_memory,1,0.0,2188,1,2,1.0,0,39,0
SUBJ_NER_065,40,reminiscence,1,1.0,1456,0,0,1.0,0,40,0
SUBJ_NER_065,41,memory_match,1,1.0,1292,0,0,1.0,0,41,0
SUBJ_NER_065,42,pattern_recognition,1,1.0,1620,0,0,1.0,0,42,0
SUBJ_NER_065,43,routine_recall,1,0.0,1679,1,2,1.0,0,43,0
SUBJ_NER_065,44,object_memory,1,0.0,2045,2,0,1.0,0,44,0
SUBJ_NER_065,45,reminiscence,1,1.0,1358,0,0,1.0,0,45,0
SUBJ_NER_065,46,memory_match,1,0.0,1961,2,0,1.0,0,46,0
SUBJ_NER_065,47,pattern_recognition,1,1.0,1089,0,0,1.0,0,47,0
SUBJ_NER_065,48,routine_recall,1,0.0,1977,1,0,1.0,0,48,0
SUBJ_NER_065,49,object_memory,1,1.0,1966,0,0,1.0,0,49,0
SUBJ_NER_065,50,reminiscence,1,1.0,1674,0,0,1.0,0,50,0
SUBJ_NER_065,51,memory_match,1,1.0,1308,0,0,1.0,0,51,0
SUBJ_NER_065,52,pattern_recognition,1,0.0,1395,1,0,1.0,0,52,0
SUBJ_NER_065,53,routine_recall,1,1.0,2307,0,0,1.0,0,53,0
SUBJ_NER_065,54,object_memory,1,0.0,1740,1,0,1.0,0,54,0
SUBJ_NER_065,55,reminiscence,1,1.0,2007,0,0,1.0,0,55,0
SUBJ_NER_065,56,memory_match,1,1.0,1309,0,0,1.0,0,56,0
SUBJ_NER_065,57,pattern_recognition,1,1.0,1533,0,0,1.0,0,57,0
SUBJ_NER_065,58,routine_recall,1,1.0,1568,0,0,1.0,0,58,0
SUBJ_NER_065,59,object_memory,1,0.0,2268,2,1,1.0,0,59,0
SUBJ_NER_065,60,reminiscence,1,0.0,1876,1,0,0.8,0,60,0
SUBJ_NER_066,1,memory_match,1,0.0,4817,1,1,1.0,0,1,0
SUBJ_NER_066,2,pattern_recognition,1,0.0,3414,1,0,1.0,0,2,0
SUBJ_NER_066,3,routine_recall,1,1.0,3088,0,0,1.0,0,3,0
SUBJ_NER_066,4,object_memory,1,1.0,3573,0,0,1.0,0,4,0
SUBJ_NER_066,5,reminiscence,1,1.0,3737,0,0,1.0,0,5,0
SUBJ_NER_066,6,memory_match,1,1.0,2303,0,0,1.0,0,6,0
SUBJ_NER_066,7,pattern_recognition,1,1.0,2868,0,0,1.0,0,7,0
SUBJ_NER_066,8,routine_recall,1,0.0,4211,2,0,1.0,0,8,0
SUBJ_NER_066,9,object_memory,1,1.0,3641,0,0,1.0,0,9,0
SUBJ_NER_066,10,reminiscence,1,0.0,5177,1,0,1.0,0,10,0
SUBJ_NER_066,11,memory_match,1,0.0,3282,1,0,1.0,0,11,0
SUBJ_NER_066,12,pattern_recognition,1,1.0,3658,0,0,1.0,0,12,0
SUBJ_NER_066,13,routine_recall,1,1.0,3858,0,0,1.0,0,13,0
SUBJ_NER_066,14,object_memory,1,1.0,3153,0,0,1.0,0,14,0
SUBJ_NER_066,15,reminiscence,1,0.0,3250,1,0,1.0,0,15,0
SUBJ_NER_066,16,memory_match,1,0.0,5007,1,0,1.0,0,16,0
SUBJ_NER_066,17,pattern_recognition,1,0.0,3760,1,0,1.0,0,17,0
SUBJ_NER_066,18,routine_recall,1,1.0,2406,0,0,1.0,0,18,0
SUBJ_NER_066,19,object_memory,1,0.0,2953,1,0,1.0,0,19,0
SUBJ_NER_066,20,reminiscence,1,0.0,4221,3,1,1.0,0,20,0
SUBJ_NER_066,21,memory_match,1,1.0,4003,0,0,1.0,0,21,0
SUBJ_NER_066,22,pattern_recognition,1,1.0,4567,0,0,1.0,0,22,0
SUBJ_NER_066,23,routine_recall,1,0.0,4076,1,0,1.0,0,23,0
SUBJ_NER_066,24,object_memory,1,1.0,3731,0,0,1.0,0,24,0
SUBJ_NER_066,25,reminiscence,1,0.0,5220,1,0,1.0,0,25,0
SUBJ_NER_066,26,memory_match,1,0.0,4463,3,0,1.0,0,26,0
SUBJ_NER_066,27,pattern_recognition,1,1.0,3763,0,0,1.0,0,27,0
SUBJ_NER_066,28,routine_recall,1,1.0,3495,0,0,1.0,0,28,0
SUBJ_NER_066,29,object_memory,1,1.0,4954,0,0,1.0,0,29,0
SUBJ_NER_066,30,reminiscence,1,0.0,4137,1,0,1.0,0,30,0
SUBJ_NER_066,31,memory_match,1,1.0,2646,0,0,1.0,0,31,0
SUBJ_NER_066,32,pattern_recognition,1,0.0,4042,1,0,1.0,0,32,0
SUBJ_NER_066,33,routine_recall,1,0.0,4555,2,0,1.0,0,33,0
SUBJ_NER_066,34,object_memory,1,1.0,3486,0,0,1.0,0,34,0
SUBJ_NER_066,35,reminiscence,1,1.0,2637,0,0,1.0,0,35,0
SUBJ_NER_066,36,memory_match,1,1.0,3479,0,0,1.0,0,36,0
SUBJ_NER_066,37,pattern_recognition,1,0.0,3636,1,0,1.0,0,37,0
SUBJ_NER_066,38,routine_recall,1,0.0,3797,1,0,1.0,0,38,0
SUBJ_NER_066,39,object_memory,1,0.0,4998,1,0,1.0,0,39,0
SUBJ_NER_066,40,reminiscence,1,1.0,4216,0,0,1.0,0,40,0
SUBJ_NER_066,41,memory_match,1,0.0,5251,1,0,1.0,0,41,0
SUBJ_NER_066,42,pattern_recognition,1,1.0,2806,0,0,1.0,0,42,0
SUBJ_NER_066,43,routine_recall,1,1.0,4956,0,0,1.0,0,43,0
SUBJ_NER_066,44,object_memory,1,0.0,4237,1,0,1.0,0,44,0
SUBJ_NER_066,45,reminiscence,1,1.0,1987,0,0,1.0,0,45,0
SUBJ_NER_066,46,memory_match,1,0.0,5270,1,0,1.0,0,46,0
SUBJ_NER_066,47,pattern_recognition,1,0.0,5148,1,1,1.0,0,47,0
SUBJ_NER_066,48,routine_recall,1,0.0,4271,1,2,1.0,0,48,0
SUBJ_NER_066,49,object_memory,1,0.0,3921,1,0,1.0,0,49,0
SUBJ_NER_066,50,reminiscence,1,0.0,3680,1,0,1.0,0,50,0
SUBJ_NER_066,51,memory_match,1,1.0,4572,0,0,1.0,0,51,0
SUBJ_NER_066,52,pattern_recognition,1,1.0,3015,0,0,1.0,0,52,0
SUBJ_NER_066,53,routine_recall,1,1.0,2044,0,0,1.0,0,53,0
SUBJ_NER_066,54,object_memory,1,1.0,3224,0,0,1.0,0,54,0
SUBJ_NER_066,55,reminiscence,1,0.0,4099,2,1,1.0,0,55,0
SUBJ_NER_066,56,memory_match,1,1.0,3067,0,0,1.0,0,56,0
SUBJ_NER_066,57,pattern_recognition,1,1.0,4075,0,0,1.0,0,57,0
SUBJ_NER_066,58,routine_recall,1,1.0,3953,0,0,1.0,0,58,0
SUBJ_NER_066,59,object_memory,1,0.0,6156,1,1,1.0,0,59,0
SUBJ_NER_066,60,reminiscence,1,0.0,3787,1,1,1.0,0,60,0
SUBJ_NER_067,1,memory_match,1,0.0,2845,1,0,1.0,0,1,0
SUBJ_NER_067,2,pattern_recognition,1,0.0,1950,1,0,1.0,0,2,0
SUBJ_NER_067,3,routine_recall,1,1.0,2398,0,0,1.0,0,3,0
SUBJ_NER_067,4,object_memory,1,0.0,2849,2,0,1.0,0,4,0
SUBJ_NER_067,5,reminiscence,1,1.0,2804,0,0,1.0,0,5,0
SUBJ_NER_067,6,memory_match,1,1.0,1771,0,0,1.0,0,6,0
SUBJ_NER_067,7,pattern_recognition,1,0.0,2301,2,0,1.0,0,7,0
SUBJ_NER_067,8,routine_recall,1,0.0,2573,2,0,1.0,0,8,0
SUBJ_NER_067,9,object_memory,1,0.0,3031,1,0,1.0,0,9,0
SUBJ_NER_067,10,reminiscence,1,0.0,3279,3,1,1.0,0,10,0
SUBJ_NER_067,11,memory_match,1,1.0,2811,0,0,1.0,0,11,0
SUBJ_NER_067,12,pattern_recognition,1,0.0,3033,1,0,1.0,0,12,0
SUBJ_NER_067,13,routine_recall,1,1.0,3134,0,0,1.0,0,13,0
SUBJ_NER_067,14,object_memory,1,0.0,2841,2,1,1.0,0,14,0
SUBJ_NER_067,15,reminiscence,1,0.0,3362,1,0,1.0,0,15,0
SUBJ_NER_067,16,memory_match,1,0.0,2883,2,0,1.0,0,16,0
SUBJ_NER_067,17,pattern_recognition,1,1.0,2627,0,0,1.0,0,17,0
SUBJ_NER_067,18,routine_recall,1,1.0,3661,0,0,1.0,0,18,0
SUBJ_NER_067,19,object_memory,1,1.0,2129,0,0,1.0,0,19,0
SUBJ_NER_067,20,reminiscence,1,1.0,2549,0,0,1.0,0,20,0
SUBJ_NER_067,21,memory_match,1,1.0,3132,0,0,1.0,0,21,0
SUBJ_NER_067,22,pattern_recognition,1,1.0,2870,0,0,1.0,0,22,0
SUBJ_NER_067,23,routine_recall,1,0.0,1749,1,0,1.0,0,23,0
SUBJ_NER_067,24,object_memory,1,1.0,2469,0,0,1.0,0,24,0
SUBJ_NER_067,25,reminiscence,1,1.0,2537,0,0,1.0,0,25,0
SUBJ_NER_067,26,memory_match,1,1.0,1618,0,0,1.0,0,26,0
SUBJ_NER_067,27,pattern_recognition,1,0.0,2419,1,0,1.0,0,27,0
SUBJ_NER_067,28,routine_recall,1,1.0,2913,0,0,1.0,0,28,0
SUBJ_NER_067,29,object_memory,1,0.0,2298,1,0,1.0,0,29,0
SUBJ_NER_067,30,reminiscence,1,0.0,2779,1,0,1.0,0,30,0
SUBJ_NER_067,31,memory_match,1,1.0,1931,0,0,1.0,0,31,0
SUBJ_NER_067,32,pattern_recognition,1,0.0,2318,2,0,1.0,0,32,0
SUBJ_NER_067,33,routine_recall,1,0.0,2297,2,0,1.0,0,33,0
SUBJ_NER_067,34,object_memory,1,1.0,2321,0,0,1.0,0,34,0
SUBJ_NER_067,35,reminiscence,1,1.0,2149,0,0,1.0,0,35,0
SUBJ_NER_067,36,memory_match,1,0.0,3565,1,0,1.0,0,36,0
SUBJ_NER_067,37,pattern_recognition,1,0.0,3888,1,0,1.0,0,37,0
SUBJ_NER_067,38,routine_recall,1,1.0,2903,0,0,1.0,0,38,0
SUBJ_NER_067,39,object_memory,1,0.0,2685,1,1,1.0,0,39,0
SUBJ_NER_067,40,reminiscence,1,0.0,2389,1,0,1.0,0,40,0
SUBJ_NER_067,41,memory_match,1,0.0,2718,1,0,1.0,0,41,0
SUBJ_NER_067,42,pattern_recognition,1,1.0,1690,0,0,1.0,0,42,0
SUBJ_NER_067,43,routine_recall,1,0.0,2821,2,0,1.0,0,43,0
SUBJ_NER_067,44,object_memory,1,0.0,3560,1,1,1.0,0,44,0
SUBJ_NER_067,45,reminiscence,1,1.0,1299,0,0,1.0,0,45,0
SUBJ_NER_067,46,memory_match,1,0.0,2403,3,0,1.0,0,46,0
SUBJ_NER_067,47,pattern_recognition,1,0.0,2638,1,0,1.0,0,47,0
SUBJ_NER_067,48,routine_recall,1,0.0,2103,1,0,1.0,0,48,0
SUBJ_NER_067,49,object_memory,1,0.0,2802,1,1,1.0,0,49,0
SUBJ_NER_067,50,reminiscence,1,0.0,2673,3,0,1.0,0,50,0
SUBJ_NER_067,51,memory_match,1,1.0,2570,0,0,1.0,0,51,0
SUBJ_NER_067,52,pattern_recognition,1,0.0,2450,1,0,1.0,0,52,0
SUBJ_NER_067,53,routine_recall,1,0.0,3504,3,1,1.0,0,53,0
SUBJ_NER_067,54,object_memory,1,1.0,3216,0,0,1.0,0,54,0
SUBJ_NER_067,55,reminiscence,1,0.0,3134,2,0,1.0,0,55,0
SUBJ_NER_067,56,memory_match,1,0.0,2782,2,0,1.0,0,56,0
SUBJ_NER_067,57,pattern_recognition,1,0.0,3114,1,2,1.0,0,57,0
SUBJ_NER_067,58,routine_recall,1,0.0,3045,1,0,1.0,0,58,0
SUBJ_NER_067,59,object_memory,1,0.0,2700,1,0,1.0,0,59,0
SUBJ_NER_067,60,reminiscence,1,0.0,3572,1,0,1.0,0,60,0
SUBJ_NER_068,1,memory_match,1,0.0,1727,2,0,1.0,0,1,0
SUBJ_NER_068,2,pattern_recognition,1,1.0,1596,0,0,1.0,1,0,1
SUBJ_NER_068,3,routine_recall,1,1.0,1329,0,0,1.0,2,0,2
SUBJ_NER_068,4,object_memory,2,1.0,2788,0,0,1.0,3,0,2
SUBJ_NER_068,5,reminiscence,3,0.0,1670,1,0,1.0,0,1,0
SUBJ_NER_068,6,memory_match,2,1.0,2152,0,0,1.0,1,0,1
SUBJ_NER_068,7,pattern_recognition,2,1.0,1416,0,0,1.0,2,0,2
SUBJ_NER_068,8,routine_recall,3,1.0,1504,0,0,1.0,3,0,2
SUBJ_NER_068,9,object_memory,4,1.0,2491,0,0,1.0,4,0,2
SUBJ_NER_068,10,reminiscence,5,0.0,2303,1,0,1.0,0,1,0
SUBJ_NER_068,11,memory_match,4,0.0,2436,1,0,1.0,0,2,0
SUBJ_NER_068,12,pattern_recognition,3,1.0,3430,0,0,1.0,0,3,0
SUBJ_NER_068,13,routine_recall,2,0.0,2553,1,1,1.0,0,4,0
SUBJ_NER_068,14,object_memory,1,1.0,1784,0,0,1.0,0,5,0
SUBJ_NER_068,15,reminiscence,1,0.0,2561,2,0,1.0,0,6,0
SUBJ_NER_068,16,memory_match,1,1.0,1553,0,0,1.0,0,7,0
SUBJ_NER_068,17,pattern_recognition,1,1.0,2081,0,0,1.0,0,8,0
SUBJ_NER_068,18,routine_recall,1,1.0,1411,0,0,1.0,0,9,0
SUBJ_NER_068,19,object_memory,1,1.0,1384,0,0,1.0,0,10,0
SUBJ_NER_068,20,reminiscence,1,1.0,1577,0,0,1.0,0,11,0
SUBJ_NER_068,21,memory_match,1,1.0,1880,0,0,1.0,0,12,0
SUBJ_NER_068,22,pattern_recognition,1,1.0,1456,0,0,1.0,0,13,0
SUBJ_NER_068,23,routine_recall,1,1.0,1538,0,0,1.0,0,14,0
SUBJ_NER_068,24,object_memory,1,1.0,1471,0,0,1.0,0,15,0
SUBJ_NER_068,25,reminiscence,1,1.0,1747,0,0,1.0,0,16,0
SUBJ_NER_068,26,memory_match,1,1.0,2168,0,0,1.0,0,17,0
SUBJ_NER_068,27,pattern_recognition,1,1.0,1151,0,0,1.0,0,18,0
SUBJ_NER_068,28,routine_recall,1,1.0,1777,0,0,1.0,0,19,0
SUBJ_NER_068,29,object_memory,1,1.0,1042,0,0,1.0,0,20,0
SUBJ_NER_068,30,reminiscence,1,1.0,2779,0,0,1.0,0,21,0
SUBJ_NER_068,31,memory_match,1,1.0,1771,0,0,1.0,0,22,0
SUBJ_NER_068,32,pattern_recognition,1,1.0,1813,0,0,1.0,0,23,0
SUBJ_NER_068,33,routine_recall,1,1.0,1441,0,0,1.0,0,24,0
SUBJ_NER_068,34,object_memory,1,1.0,1668,0,0,1.0,0,25,0
SUBJ_NER_068,35,reminiscence,1,1.0,1446,0,0,1.0,0,26,0
SUBJ_NER_068,36,memory_match,1,1.0,1699,0,0,1.0,0,27,0
SUBJ_NER_068,37,pattern_recognition,1,1.0,1528,0,0,1.0,0,28,0
SUBJ_NER_068,38,routine_recall,1,1.0,2027,0,0,1.0,0,29,0
SUBJ_NER_068,39,object_memory,1,1.0,1549,0,0,1.0,0,30,0
SUBJ_NER_068,40,reminiscence,1,1.0,1591,0,0,1.0,0,31,0
SUBJ_NER_068,41,memory_match,1,1.0,1519,0,0,1.0,0,32,0
SUBJ_NER_068,42,pattern_recognition,1,1.0,1526,0,0,1.0,0,33,0
SUBJ_NER_068,43,routine_recall,1,0.0,1577,2,0,1.0,0,34,0
SUBJ_NER_068,44,object_memory,1,1.0,1329,0,0,1.0,0,35,0
SUBJ_NER_068,45,reminiscence,1,0.0,1466,1,1,1.0,0,36,0
SUBJ_NER_068,46,memory_match,1,1.0,1648,0,0,1.0,0,37,0
SUBJ_NER_068,47,pattern_recognition,1,1.0,1341,0,0,1.0,0,38,0
SUBJ_NER_068,48,routine_recall,1,0.0,1887,1,1,1.0,0,39,0
SUBJ_NER_068,49,object_memory,1,1.0,1909,0,0,1.0,0,40,0
SUBJ_NER_068,50,reminiscence,1,1.0,2269,0,0,1.0,0,41,0
SUBJ_NER_068,51,memory_match,1,1.0,1906,0,0,1.0,0,42,0
SUBJ_NER_068,52,pattern_recognition,1,1.0,973,0,0,1.0,0,43,0
SUBJ_NER_068,53,routine_recall,1,0.0,2861,2,0,1.0,0,44,0
SUBJ_NER_068,54,object_memory,1,1.0,1605,0,0,1.0,0,45,0
SUBJ_NER_068,55,reminiscence,1,1.0,1670,0,0,1.0,0,46,0
SUBJ_NER_068,56,memory_match,1,1.0,1728,0,0,1.0,0,47,0
SUBJ_NER_068,57,pattern_recognition,1,1.0,1116,0,0,1.0,0,48,0
SUBJ_NER_068,58,routine_recall,1,1.0,1988,0,0,1.0,0,49,0
SUBJ_NER_068,59,object_memory,1,1.0,1693,0,0,1.0,0,50,0
SUBJ_NER_068,60,reminiscence,1,0.0,1338,1,0,1.0,0,51,0
SUBJ_NER_069,1,memory_match,1,0.0,2058,1,0,1.0,0,1,0
SUBJ_NER_069,2,pattern_recognition,1,0.0,2168,1,0,1.0,0,2,0
SUBJ_NER_069,3,routine_recall,1,0.0,1413,1,2,1.0,0,3,0
SUBJ_NER_069,4,object_memory,1,0.0,1853,2,0,1.0,0,4,0
SUBJ_NER_069,5,reminiscence,1,1.0,1365,0,0,1.0,0,5,0
SUBJ_NER_069,6,memory_match,1,1.0,1377,0,0,1.0,0,6,0
SUBJ_NER_069,7,pattern_recognition,1,0.0,1785,2,1,1.0,0,7,0
SUBJ_NER_069,8,routine_recall,1,0.0,1827,1,0,1.0,0,8,0
SUBJ_NER_069,9,object_memory,1,0.0,1623,2,0,1.0,0,9,0
SUBJ_NER_069,10,reminiscence,1,0.0,1570,1,0,1.0,0,10,0
SUBJ_NER_069,11,memory_match,1,0.0,1233,1,1,1.0,0,11,0
SUBJ_NER_069,12,pattern_recognition,1,0.0,2048,2,0,1.0,0,12,0
SUBJ_NER_069,13,routine_recall,1,0.0,2098,1,1,1.0,0,13,0
SUBJ_NER_069,14,object_memory,1,0.0,1914,2,0,1.0,0,14,0
SUBJ_NER_069,15,reminiscence,1,0.0,1655,1,0,1.0,0,15,0
SUBJ_NER_069,16,memory_match,1,0.0,2526,1,0,1.0,0,16,0
SUBJ_NER_069,17,pattern_recognition,1,1.0,991,0,0,1.0,0,17,0
SUBJ_NER_069,18,routine_recall,1,1.0,1634,0,0,1.0,0,18,0
SUBJ_NER_069,19,object_memory,1,0.0,1929,1,1,1.0,0,19,0
SUBJ_NER_069,20,reminiscence,1,0.0,1900,2,2,1.0,0,20,0
SUBJ_NER_069,21,memory_match,1,0.0,1372,1,1,1.0,0,21,0
SUBJ_NER_069,22,pattern_recognition,1,0.0,1290,1,0,1.0,0,22,0
SUBJ_NER_069,23,routine_recall,1,0.0,2126,2,0,1.0,0,23,0
SUBJ_NER_069,24,object_memory,1,0.0,1424,2,1,1.0,0,24,0
SUBJ_NER_069,25,reminiscence,1,0.0,1495,3,0,1.0,0,25,0
SUBJ_NER_069,26,memory_match,1,0.0,1737,1,0,1.0,0,26,0
SUBJ_NER_069,27,pattern_recognition,1,0.0,1767,1,1,1.0,0,27,0
SUBJ_NER_069,28,routine_recall,1,1.0,1629,0,0,1.0,0,28,0
SUBJ_NER_069,29,object_memory,1,1.0,1576,0,0,1.0,0,29,0
SUBJ_NER_069,30,reminiscence,1,0.0,2082,2,0,1.0,0,30,0
SUBJ_NER_069,31,memory_match,1,0.0,2066,2,0,1.0,0,31,0
SUBJ_NER_069,32,pattern_recognition,1,0.0,2405,2,0,1.0,0,32,0
SUBJ_NER_069,33,routine_recall,1,0.0,2111,1,0,1.0,0,33,0
SUBJ_NER_069,34,object_memory,1,0.0,1686,2,0,1.0,0,34,0
SUBJ_NER_069,35,reminiscence,1,0.0,1677,1,0,1.0,0,35,0
SUBJ_NER_069,36,memory_match,1,0.0,1605,3,0,1.0,0,36,0
SUBJ_NER_069,37,pattern_recognition,1,1.0,1460,0,0,1.0,0,37,0
SUBJ_NER_069,38,routine_recall,1,0.0,2117,2,0,1.0,0,38,0
SUBJ_NER_069,39,object_memory,1,0.0,1747,2,0,1.0,0,39,0
SUBJ_NER_069,40,reminiscence,1,0.0,1465,2,0,1.0,0,40,0
SUBJ_NER_069,41,memory_match,1,0.0,1386,2,2,1.0,0,41,0
SUBJ_NER_069,42,pattern_recognition,1,0.0,2318,1,0,1.0,0,42,0
SUBJ_NER_069,43,routine_recall,1,0.0,1902,1,1,1.0,0,43,0
SUBJ_NER_069,44,object_memory,1,0.0,1218,2,0,1.0,0,44,0
SUBJ_NER_069,45,reminiscence,1,0.0,1937,1,0,1.0,0,45,0
SUBJ_NER_069,46,memory_match,1,0.0,1586,1,0,1.0,0,46,0
SUBJ_NER_069,47,pattern_recognition,1,0.0,1484,3,0,1.0,0,47,0
SUBJ_NER_069,48,routine_recall,1,0.0,1664,1,0,1.0,0,48,0
SUBJ_NER_069,49,object_memory,1,0.0,2772,2,0,1.0,0,49,0
SUBJ_NER_069,50,reminiscence,1,0.0,1802,2,1,1.0,0,50,0
SUBJ_NER_069,51,memory_match,1,0.0,2692,1,0,1.0,0,51,0
SUBJ_NER_069,52,pattern_recognition,1,0.0,1723,1,0,1.0,0,52,0
SUBJ_NER_069,53,routine_recall,1,1.0,1658,0,0,1.0,0,53,0
SUBJ_NER_069,54,object_memory,1,0.0,1560,1,0,1.0,0,54,0
SUBJ_NER_069,55,reminiscence,1,0.0,1449,1,1,1.0,0,55,0
SUBJ_NER_069,56,memory_match,1,0.0,1771,2,1,1.0,0,56,0
SUBJ_NER_069,57,pattern_recognition,1,0.0,1968,1,0,1.0,0,57,0
SUBJ_NER_069,58,routine_recall,1,0.0,2217,1,0,1.0,0,58,0
SUBJ_NER_069,59,object_memory,1,0.0,1409,1,0,1.0,0,59,0
SUBJ_NER_069,60,reminiscence,1,1.0,2077,0,0,1.0,0,60,0
SUBJ_NER_070,1,memory_match,1,1.0,1253,0,0,1.0,1,0,1
SUBJ_NER_070,2,pattern_recognition,1,1.0,1359,0,0,1.0,2,0,2
SUBJ_NER_070,3,routine_recall,2,0.0,2197,1,0,1.0,0,1,0
SUBJ_NER_070,4,object_memory,1,1.0,1606,0,0,1.0,1,0,1
SUBJ_NER_070,5,reminiscence,1,0.0,1706,1,1,1.0,0,1,0
SUBJ_NER_070,6,memory_match,1,0.0,1332,2,1,1.0,0,2,0
SUBJ_NER_070,7,pattern_recognition,1,1.0,1238,0,0,1.0,0,3,0
SUBJ_NER_070,8,routine_recall,1,1.0,1423,0,0,1.0,0,4,0
SUBJ_NER_070,9,object_memory,1,1.0,1459,0,0,1.0,0,5,0
SUBJ_NER_070,10,reminiscence,1,0.0,1584,2,1,1.0,0,6,0
SUBJ_NER_070,11,memory_match,1,0.0,1624,1,1,1.0,0,7,0
SUBJ_NER_070,12,pattern_recognition,1,1.0,1566,0,0,1.0,0,8,0
SUBJ_NER_070,13,routine_recall,1,1.0,1825,0,0,1.0,0,9,0
SUBJ_NER_070,14,object_memory,1,1.0,1428,0,0,1.0,0,10,0
SUBJ_NER_070,15,reminiscence,1,1.0,1136,0,0,1.0,0,11,0
SUBJ_NER_070,16,memory_match,1,1.0,1589,0,0,1.0,0,12,0
SUBJ_NER_070,17,pattern_recognition,1,1.0,2463,0,0,1.0,0,13,0
SUBJ_NER_070,18,routine_recall,1,0.0,1374,1,0,1.0,0,14,0
SUBJ_NER_070,19,object_memory,1,0.0,1844,1,0,1.0,0,15,0
SUBJ_NER_070,20,reminiscence,1,1.0,1920,0,0,1.0,0,16,0
SUBJ_NER_070,21,memory_match,1,0.0,1982,2,1,1.0,0,17,0
SUBJ_NER_070,22,pattern_recognition,1,1.0,1463,0,0,1.0,0,18,0
SUBJ_NER_070,23,routine_recall,1,1.0,2130,0,0,1.0,0,19,0
SUBJ_NER_070,24,object_memory,1,0.0,2148,1,0,1.0,0,20,0
SUBJ_NER_070,25,reminiscence,1,0.0,1885,1,0,1.0,0,21,0
SUBJ_NER_070,26,memory_match,1,0.0,1982,2,0,1.0,0,22,0
SUBJ_NER_070,27,pattern_recognition,1,0.0,2385,1,0,1.0,0,23,0
SUBJ_NER_070,28,routine_recall,1,0.0,1907,1,2,1.0,0,24,0
SUBJ_NER_070,29,object_memory,1,1.0,1259,0,0,1.0,0,25,0
SUBJ_NER_070,30,reminiscence,1,0.0,1369,1,1,1.0,0,26,0
SUBJ_NER_070,31,memory_match,1,0.0,1532,2,0,1.0,0,27,0
SUBJ_NER_070,32,pattern_recognition,1,1.0,1328,0,0,1.0,0,28,0
SUBJ_NER_070,33,routine_recall,1,0.0,2581,2,0,1.0,0,29,0
SUBJ_NER_070,34,object_memory,1,1.0,1526,0,0,1.0,0,30,0
SUBJ_NER_070,35,reminiscence,1,0.0,2357,2,0,1.0,0,31,0
SUBJ_NER_070,36,memory_match,1,1.0,1481,0,0,1.0,0,32,0
SUBJ_NER_070,37,pattern_recognition,1,0.0,2629,1,0,1.0,0,33,0
SUBJ_NER_070,38,routine_recall,1,0.0,1864,1,2,1.0,0,34,0
SUBJ_NER_070,39,object_memory,1,1.0,1463,0,0,1.0,0,35,0
SUBJ_NER_070,40,reminiscence,1,1.0,1212,0,0,1.0,0,36,0
SUBJ_NER_070,41,memory_match,1,0.0,1715,1,0,1.0,0,37,0
SUBJ_NER_070,42,pattern_recognition,1,0.0,2212,1,1,1.0,0,38,0
SUBJ_NER_070,43,routine_recall,1,0.0,1645,2,1,1.0,0,39,0
SUBJ_NER_070,44,object_memory,1,1.0,1645,0,0,1.0,0,40,0
SUBJ_NER_070,45,reminiscence,1,0.0,1692,1,0,1.0,0,41,0
SUBJ_NER_070,46,memory_match,1,0.0,2489,2,0,1.0,0,42,0
SUBJ_NER_070,47,pattern_recognition,1,0.0,1763,1,0,1.0,0,43,0
SUBJ_NER_070,48,routine_recall,1,1.0,1739,0,0,1.0,0,44,0
SUBJ_NER_070,49,object_memory,1,0.0,1919,3,0,1.0,0,45,0
SUBJ_NER_070,50,reminiscence,1,0.0,1834,2,0,1.0,0,46,0
SUBJ_NER_070,51,memory_match,1,0.0,2012,3,1,1.0,0,47,0
SUBJ_NER_070,52,pattern_recognition,1,1.0,1093,0,0,1.0,0,48,0
SUBJ_NER_070,53,routine_recall,1,1.0,1434,0,0,1.0,0,49,0
SUBJ_NER_070,54,object_memory,1,0.0,2019,3,0,1.0,0,50,0
SUBJ_NER_070,55,reminiscence,1,1.0,1765,0,0,1.0,0,51,0
SUBJ_NER_070,56,memory_match,1,1.0,1043,0,0,1.0,0,52,0
SUBJ_NER_070,57,pattern_recognition,1,1.0,1582,0,0,1.0,0,53,0
SUBJ_NER_070,58,routine_recall,1,1.0,1822,0,0,1.0,0,54,0
SUBJ_NER_070,59,object_memory,1,0.0,1522,2,1,1.0,0,55,0
SUBJ_NER_070,60,reminiscence,1,1.0,1670,0,0,0.5,0,56,0
SUBJ_NER_071,1,memory_match,1,0.0,1302,2,0,1.0,0,1,0
SUBJ_NER_071,2,pattern_recognition,1,0.0,1341,1,1,1.0,0,2,0
SUBJ_NER_071,3,routine_recall,1,0.0,1922,2,0,1.0,0,3,0
SUBJ_NER_071,4,object_memory,1,1.0,1238,0,0,1.0,0,4,0
SUBJ_NER_071,5,reminiscence,1,0.0,1860,1,0,1.0,0,5,0
SUBJ_NER_071,6,memory_match,1,1.0,1335,0,0,1.0,0,6,0
SUBJ_NER_071,7,pattern_recognition,1,0.0,1489,2,1,1.0,0,7,0
SUBJ_NER_071,8,routine_recall,1,0.0,1466,2,0,1.0,0,8,0
SUBJ_NER_071,9,object_memory,1,1.0,1868,0,0,1.0,0,9,0
SUBJ_NER_071,10,reminiscence,1,0.0,1866,2,0,1.0,0,10,0
SUBJ_NER_071,11,memory_match,1,0.0,1534,1,1,1.0,0,11,0
SUBJ_NER_071,12,pattern_recognition,1,1.0,1221,0,0,1.0,0,12,0
SUBJ_NER_071,13,routine_recall,1,1.0,1422,0,0,1.0,0,13,0
SUBJ_NER_071,14,object_memory,1,1.0,1555,0,0,1.0,0,14,0
SUBJ_NER_071,15,reminiscence,1,0.0,1939,3,1,1.0,0,15,0
SUBJ_NER_071,16,memory_match,1,1.0,1671,0,0,1.0,0,16,0
SUBJ_NER_071,17,pattern_recognition,1,0.0,2205,1,0,1.0,0,17,0
SUBJ_NER_071,18,routine_recall,1,0.0,2034,1,0,1.0,0,18,0
SUBJ_NER_071,19,object_memory,1,0.0,1743,2,0,1.0,0,19,0
SUBJ_NER_071,20,reminiscence,1,1.0,1541,0,0,1.0,0,20,0
SUBJ_NER_071,21,memory_match,1,1.0,1890,0,0,1.0,0,21,0
SUBJ_NER_071,22,pattern_recognition,1,1.0,1637,0,0,1.0,0,22,0
SUBJ_NER_071,23,routine_recall,1,1.0,1248,0,0,1.0,0,23,0
SUBJ_NER_071,24,object_memory,1,1.0,1974,0,0,1.0,0,24,0
SUBJ_NER_071,25,reminiscence,1,0.0,1150,1,0,1.0,0,25,0
SUBJ_NER_071,26,memory_match,1,0.0,1358,1,0,1.0,0,26,0
SUBJ_NER_071,27,pattern_recognition,1,0.0,1562,2,0,1.0,0,27,0
SUBJ_NER_071,28,routine_recall,1,1.0,1519,0,0,1.0,0,28,0
SUBJ_NER_071,29,object_memory,1,1.0,1071,0,0,1.0,0,29,0
SUBJ_NER_071,30,reminiscence,1,1.0,1414,0,0,1.0,0,30,0
SUBJ_NER_071,31,memory_match,1,1.0,1258,0,0,1.0,0,31,0
SUBJ_NER_071,32,pattern_recognition,1,1.0,1447,0,0,1.0,0,32,0
SUBJ_NER_071,33,routine_recall,1,1.0,1719,0,0,1.0,0,33,0
SUBJ_NER_071,34,object_memory,1,0.0,1535,1,0,1.0,0,34,0
SUBJ_NER_071,35,reminiscence,1,1.0,1014,0,0,1.0,0,35,0
SUBJ_NER_071,36,memory_match,1,0.0,1576,2,1,1.0,0,36,0
SUBJ_NER_071,37,pattern_recognition,1,0.0,1879,1,0,1.0,0,37,0
SUBJ_NER_071,38,routine_recall,1,1.0,1235,0,0,1.0,0,38,0
SUBJ_NER_071,39,object_memory,1,0.0,1064,2,2,1.0,0,39,0
SUBJ_NER_071,40,reminiscence,1,1.0,1473,0,0,1.0,0,40,0
SUBJ_NER_071,41,memory_match,1,1.0,1521,0,0,1.0,0,41,0
SUBJ_NER_071,42,pattern_recognition,1,1.0,1232,0,0,1.0,0,42,0
SUBJ_NER_071,43,routine_recall,1,0.0,1950,2,1,1.0,0,43,0
SUBJ_NER_071,44,object_memory,1,1.0,880,0,0,1.0,0,44,0
SUBJ_NER_071,45,reminiscence,1,1.0,1286,0,0,1.0,0,45,0
SUBJ_NER_071,46,memory_match,1,0.0,1569,2,0,1.0,0,46,0
SUBJ_NER_071,47,pattern_recognition,1,1.0,1194,0,0,1.0,0,47,0
SUBJ_NER_071,48,routine_recall,1,1.0,1358,0,0,1.0,0,48,0
SUBJ_NER_071,49,object_memory,1,0.0,2022,2,0,1.0,0,49,0
SUBJ_NER_071,50,reminiscence,1,1.0,772,0,0,1.0,0,50,0
SUBJ_NER_071,51,memory_match,1,0.0,1259,1,1,1.0,0,51,0
SUBJ_NER_071,52,pattern_recognition,1,1.0,1602,0,0,1.0,0,52,0
SUBJ_NER_071,53,routine_recall,1,0.0,1263,2,2,1.0,0,53,0
SUBJ_NER_071,54,object_memory,1,0.0,1388,3,0,1.0,0,54,0
SUBJ_NER_071,55,reminiscence,1,0.0,1797,1,0,1.0,0,55,0
SUBJ_NER_071,56,memory_match,1,1.0,1720,0,0,1.0,0,56,0
SUBJ_NER_071,57,pattern_recognition,1,1.0,1570,0,0,1.0,0,57,0
SUBJ_NER_071,58,routine_recall,1,0.0,1979,1,0,0.8,0,58,0
SUBJ_NER_071,59,object_memory,1,1.0,1455,0,0,1.0,0,59,0
SUBJ_NER_071,60,reminiscence,1,1.0,1419,0,0,0.8,0,60,0
SUBJ_NER_072,1,memory_match,1,0.0,2990,1,0,1.0,0,1,0
SUBJ_NER_072,2,pattern_recognition,1,1.0,1877,0,0,1.0,1,0,1
SUBJ_NER_072,3,routine_recall,1,0.0,2575,1,1,1.0,0,1,0
SUBJ_NER_072,4,object_memory,1,1.0,1888,0,0,1.0,1,0,1
SUBJ_NER_072,5,reminiscence,1,0.0,2728,2,0,1.0,0,1,0
SUBJ_NER_072,6,memory_match,1,1.0,1601,0,0,1.0,1,0,1
SUBJ_NER_072,7,pattern_recognition,1,0.0,1556,1,0,1.0,0,1,0
SUBJ_NER_072,8,routine_recall,1,0.0,1960,1,0,1.0,0,2,0
SUBJ_NER_072,9,object_memory,1,0.0,2595,1,0,1.0,0,3,0
SUBJ_NER_072,10,reminiscence,1,0.0,2532,1,0,1.0,0,4,0
SUBJ_NER_072,11,memory_match,1,0.0,2566,1,0,1.0,0,5,0
SUBJ_NER_072,12,pattern_recognition,1,0.0,2281,1,0,1.0,0,6,0
SUBJ_NER_072,13,routine_recall,1,1.0,2025,0,0,1.0,0,7,0
SUBJ_NER_072,14,object_memory,1,0.0,2486,1,0,1.0,0,8,0
SUBJ_NER_072,15,reminiscence,1,0.0,3349,1,1,1.0,0,9,0
SUBJ_NER_072,16,memory_match,1,0.0,2655,1,0,1.0,0,10,0
SUBJ_NER_072,17,pattern_recognition,1,0.0,2498,2,1,1.0,0,11,0
SUBJ_NER_072,18,routine_recall,1,1.0,3069,0,0,1.0,0,12,0
SUBJ_NER_072,19,object_memory,1,1.0,2321,0,0,1.0,0,13,0
SUBJ_NER_072,20,reminiscence,1,1.0,2110,0,0,1.0,0,14,0
SUBJ_NER_072,21,memory_match,1,0.0,2965,1,0,1.0,0,15,0
SUBJ_NER_072,22,pattern_recognition,1,1.0,1358,0,0,1.0,0,16,0
SUBJ_NER_072,23,routine_recall,1,1.0,1944,0,0,1.0,0,17,0
SUBJ_NER_072,24,object_memory,1,1.0,1346,0,0,1.0,0,18,0
SUBJ_NER_072,25,reminiscence,1,0.0,1878,1,0,1.0,0,19,0
SUBJ_NER_072,26,memory_match,1,1.0,1737,0,0,1.0,0,20,0
SUBJ_NER_072,27,pattern_recognition,1,0.0,2928,1,0,1.0,0,21,0
SUBJ_NER_072,28,routine_recall,1,0.0,2940,3,0,1.0,0,22,0
SUBJ_NER_072,29,object_memory,1,1.0,1599,0,0,1.0,0,23,0
SUBJ_NER_072,30,reminiscence,1,1.0,2158,0,0,1.0,0,24,0
SUBJ_NER_072,31,memory_match,1,0.0,2424,1,0,1.0,0,25,0
SUBJ_NER_072,32,pattern_recognition,1,0.0,1497,1,1,1.0,0,26,0
SUBJ_NER_072,33,routine_recall,1,0.0,2487,2,0,1.0,0,27,0
SUBJ_NER_072,34,object_memory,1,0.0,2474,2,0,1.0,0,28,0
SUBJ_NER_072,35,reminiscence,1,0.0,2290,1,0,1.0,0,29,0
SUBJ_NER_072,36,memory_match,1,0.0,2168,1,0,1.0,0,30,0
SUBJ_NER_072,37,pattern_recognition,1,1.0,2118,0,0,1.0,0,31,0
SUBJ_NER_072,38,routine_recall,1,0.0,1624,2,0,1.0,0,32,0
SUBJ_NER_072,39,object_memory,1,1.0,2269,0,0,1.0,0,33,0
SUBJ_NER_072,40,reminiscence,1,1.0,1568,0,0,1.0,0,34,0
SUBJ_NER_072,41,memory_match,1,0.0,1690,1,0,1.0,0,35,0
SUBJ_NER_072,42,pattern_recognition,1,0.0,2831,1,0,1.0,0,36,0
SUBJ_NER_072,43,routine_recall,1,0.0,2088,1,2,1.0,0,37,0
SUBJ_NER_072,44,object_memory,1,0.0,2207,1,0,1.0,0,38,0
SUBJ_NER_072,45,reminiscence,1,0.0,2107,1,2,1.0,0,39,0
SUBJ_NER_072,46,memory_match,1,1.0,2390,0,0,1.0,0,40,0
SUBJ_NER_072,47,pattern_recognition,1,0.0,1509,3,1,1.0,0,41,0
SUBJ_NER_072,48,routine_recall,1,0.0,2595,2,0,1.0,0,42,0
SUBJ_NER_072,49,object_memory,1,1.0,1844,0,0,1.0,0,43,0
SUBJ_NER_072,50,reminiscence,1,1.0,2197,0,0,1.0,0,44,0
SUBJ_NER_072,51,memory_match,1,0.0,2100,1,1,1.0,0,45,0
SUBJ_NER_072,52,pattern_recognition,1,0.0,1533,1,0,1.0,0,46,0
SUBJ_NER_072,53,routine_recall,1,0.0,1859,2,0,1.0,0,47,0
SUBJ_NER_072,54,object_memory,1,0.0,2670,1,0,1.0,0,48,0
SUBJ_NER_072,55,reminiscence,1,0.0,2278,2,1,0.8,0,49,0
SUBJ_NER_072,56,memory_match,1,1.0,1467,0,0,0.8,0,50,0
SUBJ_NER_072,57,pattern_recognition,1,0.0,2667,3,0,1.0,0,51,0
SUBJ_NER_072,58,routine_recall,1,0.0,2568,2,0,1.0,0,52,0
SUBJ_NER_072,59,object_memory,1,0.0,2255,1,2,1.0,0,53,0
SUBJ_NER_072,60,reminiscence,1,0.0,2011,2,0,0.8,0,54,0
SUBJ_NER_073,1,memory_match,1,1.0,1135,0,0,1.0,1,0,1
SUBJ_NER_073,2,pattern_recognition,1,0.0,1471,1,0,1.0,0,1,0
SUBJ_NER_073,3,routine_recall,1,0.0,1041,1,1,1.0,0,2,0
SUBJ_NER_073,4,object_memory,1,1.0,1136,0,0,1.0,0,3,0
SUBJ_NER_073,5,reminiscence,1,0.0,863,2,1,1.0,0,4,0
SUBJ_NER_073,6,memory_match,1,0.0,1311,1,0,1.0,0,5,0
SUBJ_NER_073,7,pattern_recognition,1,1.0,688,0,0,1.0,0,6,0
SUBJ_NER_073,8,routine_recall,1,0.0,1306,2,2,1.0,0,7,0
SUBJ_NER_073,9,object_memory,1,1.0,1019,0,0,1.0,0,8,0
SUBJ_NER_073,10,reminiscence,1,0.0,1182,1,0,1.0,0,9,0
SUBJ_NER_073,11,memory_match,1,0.0,1182,1,0,1.0,0,10,0
SUBJ_NER_073,12,pattern_recognition,1,0.0,1429,1,0,1.0,0,11,0
SUBJ_NER_073,13,routine_recall,1,1.0,1016,0,0,1.0,0,12,0
SUBJ_NER_073,14,object_memory,1,0.0,1391,3,0,1.0,0,13,0
SUBJ_NER_073,15,reminiscence,1,1.0,1132,0,0,1.0,0,14,0
SUBJ_NER_073,16,memory_match,1,0.0,1330,2,0,1.0,0,15,0
SUBJ_NER_073,17,pattern_recognition,1,0.0,1002,3,1,1.0,0,16,0
SUBJ_NER_073,18,routine_recall,1,1.0,1054,0,0,1.0,0,17,0
SUBJ_NER_073,19,object_memory,1,0.0,1603,2,0,1.0,0,18,0
SUBJ_NER_073,20,reminiscence,1,0.0,1090,3,0,1.0,0,19,0
SUBJ_NER_073,21,memory_match,1,1.0,829,0,0,1.0,0,20,0
SUBJ_NER_073,22,pattern_recognition,1,0.0,1026,2,0,1.0,0,21,0
SUBJ_NER_073,23,routine_recall,1,0.0,1236,1,0,1.0,0,22,0
SUBJ_NER_073,24,object_memory,1,0.0,1415,1,0,1.0,0,23,0
SUBJ_NER_073,25,reminiscence,1,1.0,1020,0,0,1.0,0,24,0
SUBJ_NER_073,26,memory_match,1,0.0,1208,1,2,1.0,0,25,0
SUBJ_NER_073,27,pattern_recognition,1,0.0,924,1,0,1.0,0,26,0
SUBJ_NER_073,28,routine_recall,1,1.0,1433,0,0,1.0,0,27,0
SUBJ_NER_073,29,object_memory,1,0.0,904,1,1,1.0,0,28,0
SUBJ_NER_073,30,reminiscence,1,0.0,1625,1,2,1.0,0,29,0
SUBJ_NER_073,31,memory_match,1,0.0,1054,2,0,1.0,0,30,0
SUBJ_NER_073,32,pattern_recognition,1,1.0,991,0,0,1.0,0,31,0
SUBJ_NER_073,33,routine_recall,1,1.0,1388,0,0,1.0,0,32,0
SUBJ_NER_073,34,object_memory,1,0.0,1333,1,0,1.0,0,33,0
SUBJ_NER_073,35,reminiscence,1,0.0,1419,2,0,1.0,0,34,0
SUBJ_NER_073,36,memory_match,1,0.0,1847,2,0,1.0,0,35,0
SUBJ_NER_073,37,pattern_recognition,1,1.0,1054,0,0,1.0,0,36,0
SUBJ_NER_073,38,routine_recall,1,0.0,1378,1,0,1.0,0,37,0
SUBJ_NER_073,39,object_memory,1,0.0,1142,1,0,1.0,0,38,0
SUBJ_NER_073,40,reminiscence,1,1.0,1337,0,0,1.0,0,39,0
SUBJ_NER_073,41,memory_match,1,0.0,1282,1,0,1.0,0,40,0
SUBJ_NER_073,42,pattern_recognition,1,0.0,1541,2,0,1.0,0,41,0
SUBJ_NER_073,43,routine_recall,1,1.0,993,0,0,1.0,0,42,0
SUBJ_NER_073,44,object_memory,1,0.0,1906,1,0,1.0,0,43,0
SUBJ_NER_073,45,reminiscence,1,0.0,1072,1,0,1.0,0,44,0
SUBJ_NER_073,46,memory_match,1,0.0,1195,2,0,1.0,0,45,0
SUBJ_NER_073,47,pattern_recognition,1,0.0,1211,2,0,1.0,0,46,0
SUBJ_NER_073,48,routine_recall,1,0.0,1461,1,0,1.0,0,47,0
SUBJ_NER_073,49,object_memory,1,0.0,1394,1,0,1.0,0,48,0
SUBJ_NER_073,50,reminiscence,1,0.0,1815,2,0,1.0,0,49,0
SUBJ_NER_073,51,memory_match,1,0.0,1436,2,0,1.0,0,50,0
SUBJ_NER_073,52,pattern_recognition,1,0.0,1444,1,0,1.0,0,51,0
SUBJ_NER_073,53,routine_recall,1,1.0,1263,0,0,1.0,0,52,0
SUBJ_NER_073,54,object_memory,1,1.0,1097,0,0,1.0,0,53,0
SUBJ_NER_073,55,reminiscence,1,0.0,1246,1,0,1.0,0,54,0
SUBJ_NER_073,56,memory_match,1,0.0,1995,2,2,1.0,0,55,0
SUBJ_NER_073,57,pattern_recognition,1,0.0,1095,1,0,0.8,0,56,0
SUBJ_NER_073,58,routine_recall,1,1.0,1064,0,0,0.8,0,57,0
SUBJ_NER_073,59,object_memory,1,0.0,1205,1,0,1.0,0,58,0
SUBJ_NER_073,60,reminiscence,1,0.0,1239,1,1,1.0,0,59,0
SUBJ_NER_074,1,memory_match,1,1.0,1822,0,0,1.0,1,0,1
SUBJ_NER_074,2,pattern_recognition,1,1.0,1790,0,0,1.0,2,0,2
SUBJ_NER_074,3,routine_recall,2,0.0,2552,1,0,1.0,0,1,0
SUBJ_NER_074,4,object_memory,1,0.0,1930,2,2,1.0,0,2,0
SUBJ_NER_074,5,reminiscence,1,0.0,1702,3,0,1.0,0,3,0
SUBJ_NER_074,6,memory_match,1,1.0,1671,0,0,1.0,0,4,0
SUBJ_NER_074,7,pattern_recognition,1,0.0,1799,2,0,1.0,0,5,0
SUBJ_NER_074,8,routine_recall,1,1.0,1931,0,0,1.0,0,6,0
SUBJ_NER_074,9,object_memory,1,1.0,1750,0,0,1.0,0,7,0
SUBJ_NER_074,10,reminiscence,1,1.0,1791,0,0,1.0,0,8,0
SUBJ_NER_074,11,memory_match,1,1.0,1597,0,0,1.0,0,9,0
SUBJ_NER_074,12,pattern_recognition,1,1.0,1332,0,0,1.0,0,10,0
SUBJ_NER_074,13,routine_recall,1,1.0,1751,0,0,1.0,0,11,0
SUBJ_NER_074,14,object_memory,1,1.0,1540,0,0,1.0,0,12,0
SUBJ_NER_074,15,reminiscence,1,1.0,1684,0,0,1.0,0,13,0
SUBJ_NER_074,16,memory_match,1,0.0,2195,1,1,1.0,0,14,0
SUBJ_NER_074,17,pattern_recognition,1,1.0,1361,0,0,1.0,0,15,0
SUBJ_NER_074,18,routine_recall,1,1.0,1077,0,0,1.0,0,16,0
SUBJ_NER_074,19,object_memory,1,0.0,2197,1,0,1.0,0,17,0
SUBJ_NER_074,20,reminiscence,1,0.0,1986,1,0,1.0,0,18,0
SUBJ_NER_074,21,memory_match,1,1.0,2064,0,0,1.0,0,19,0
SUBJ_NER_074,22,pattern_recognition,1,1.0,2024,0,0,1.0,0,20,0
SUBJ_NER_074,23,routine_recall,1,1.0,1429,0,0,1.0,0,21,0
SUBJ_NER_074,24,object_memory,1,1.0,1677,0,0,1.0,0,22,0
SUBJ_NER_074,25,reminiscence,1,1.0,1429,0,0,1.0,0,23,0
SUBJ_NER_074,26,memory_match,1,1.0,1730,0,0,1.0,0,24,0
SUBJ_NER_074,27,pattern_recognition,1,0.0,1659,1,0,1.0,0,25,0
SUBJ_NER_074,28,routine_recall,1,0.0,1863,3,0,1.0,0,26,0
SUBJ_NER_074,29,object_memory,1,1.0,1568,0,0,1.0,0,27,0
SUBJ_NER_074,30,reminiscence,1,1.0,1845,0,0,1.0,0,28,0
SUBJ_NER_074,31,memory_match,1,1.0,1514,0,0,1.0,0,29,0
SUBJ_NER_074,32,pattern_recognition,1,1.0,1292,0,0,1.0,0,30,0
SUBJ_NER_074,33,routine_recall,1,0.0,2358,3,0,1.0,0,31,0
SUBJ_NER_074,34,object_memory,1,1.0,2590,0,0,1.0,0,32,0
SUBJ_NER_074,35,reminiscence,1,0.0,1562,1,0,1.0,0,33,0
SUBJ_NER_074,36,memory_match,1,1.0,2123,0,0,1.0,0,34,0
SUBJ_NER_074,37,pattern_recognition,1,1.0,1551,0,0,1.0,0,35,0
SUBJ_NER_074,38,routine_recall,1,0.0,1479,3,1,1.0,0,36,0
SUBJ_NER_074,39,object_memory,1,1.0,1340,0,0,1.0,0,37,0
SUBJ_NER_074,40,reminiscence,1,0.0,1984,1,2,1.0,0,38,0
SUBJ_NER_074,41,memory_match,1,0.0,2393,1,0,1.0,0,39,0
SUBJ_NER_074,42,pattern_recognition,1,1.0,1572,0,0,1.0,0,40,0
SUBJ_NER_074,43,routine_recall,1,1.0,1719,0,0,1.0,0,41,0
SUBJ_NER_074,44,object_memory,1,0.0,2095,1,0,1.0,0,42,0
SUBJ_NER_074,45,reminiscence,1,1.0,1154,0,0,1.0,0,43,0
SUBJ_NER_074,46,memory_match,1,0.0,2426,1,0,1.0,0,44,0
SUBJ_NER_074,47,pattern_recognition,1,1.0,1813,0,0,1.0,0,45,0
SUBJ_NER_074,48,routine_recall,1,1.0,1374,0,0,1.0,0,46,0
SUBJ_NER_074,49,object_memory,1,0.0,2705,1,0,1.0,0,47,0
SUBJ_NER_074,50,reminiscence,1,0.0,1611,1,0,1.0,0,48,0
SUBJ_NER_074,51,memory_match,1,0.0,2634,2,2,1.0,0,49,0
SUBJ_NER_074,52,pattern_recognition,1,1.0,1604,0,0,1.0,0,50,0
SUBJ_NER_074,53,routine_recall,1,1.0,1841,0,0,1.0,0,51,0
SUBJ_NER_074,54,object_memory,1,1.0,1836,0,0,1.0,0,52,0
SUBJ_NER_074,55,reminiscence,1,0.0,2346,2,1,1.0,0,53,0
SUBJ_NER_074,56,memory_match,1,1.0,1943,0,0,1.0,0,54,0
SUBJ_NER_074,57,pattern_recognition,1,1.0,1705,0,0,1.0,0,55,0
SUBJ_NER_074,58,routine_recall,1,1.0,1243,0,0,1.0,0,56,0
SUBJ_NER_074,59,object_memory,1,1.0,1677,0,0,1.0,0,57,0
SUBJ_NER_074,60,reminiscence,1,1.0,1802,0,0,0.8,0,58,0
SUBJ_NER_075,1,memory_match,1,1.0,2079,0,0,1.0,1,0,1
SUBJ_NER_075,2,pattern_recognition,1,1.0,1694,0,0,1.0,2,0,2
SUBJ_NER_075,3,routine_recall,2,0.0,3136,2,1,1.0,0,1,0
SUBJ_NER_075,4,object_memory,1,1.0,1602,0,0,1.0,1,0,1
SUBJ_NER_075,5,reminiscence,1,0.0,3705,2,0,1.0,0,1,0
SUBJ_NER_075,6,memory_match,1,1.0,1904,0,0,1.0,1,0,1
SUBJ_NER_075,7,pattern_recognition,1,1.0,1713,0,0,1.0,2,0,2
SUBJ_NER_075,8,routine_recall,2,1.0,1812,0,0,1.0,3,0,2
SUBJ_NER_075,9,object_memory,3,1.0,2241,0,0,1.0,4,0,2
SUBJ_NER_075,10,reminiscence,4,0.0,4205,1,0,1.0,0,1,0
SUBJ_NER_075,11,memory_match,3,0.0,2108,1,2,1.0,0,2,0
SUBJ_NER_075,12,pattern_recognition,2,1.0,1956,0,0,1.0,0,3,0
SUBJ_NER_075,13,routine_recall,1,1.0,2387,0,0,1.0,0,4,0
SUBJ_NER_075,14,object_memory,1,1.0,1661,0,0,1.0,0,5,0
SUBJ_NER_075,15,reminiscence,1,1.0,1903,0,0,1.0,0,6,0
SUBJ_NER_075,16,memory_match,1,1.0,2636,0,0,1.0,0,7,0
SUBJ_NER_075,17,pattern_recognition,1,1.0,1629,0,0,1.0,0,8,0
SUBJ_NER_075,18,routine_recall,1,1.0,1411,0,0,1.0,0,9,0
SUBJ_NER_075,19,object_memory,1,1.0,1735,0,0,1.0,0,10,0
SUBJ_NER_075,20,reminiscence,1,1.0,1667,0,0,1.0,0,11,0
SUBJ_NER_075,21,memory_match,1,1.0,1738,0,0,1.0,0,12,0
SUBJ_NER_075,22,pattern_recognition,1,1.0,1102,0,0,1.0,0,13,0
SUBJ_NER_075,23,routine_recall,1,0.0,2573,1,1,1.0,0,14,0
SUBJ_NER_075,24,object_memory,1,0.0,2357,1,2,1.0,0,15,0
SUBJ_NER_075,25,reminiscence,1,0.0,1816,2,0,1.0,0,16,0
SUBJ_NER_075,26,memory_match,1,1.0,1288,0,0,1.0,0,17,0
SUBJ_NER_075,27,pattern_recognition,1,1.0,1351,0,0,1.0,0,18,0
SUBJ_NER_075,28,routine_recall,1,1.0,1672,0,0,1.0,0,19,0
SUBJ_NER_075,29,object_memory,1,0.0,3065,2,0,1.0,0,20,0
SUBJ_NER_075,30,reminiscence,1,0.0,2542,1,0,1.0,0,21,0
SUBJ_NER_075,31,memory_match,1,1.0,2061,0,0,1.0,0,22,0
SUBJ_NER_075,32,pattern_recognition,1,1.0,1747,0,0,1.0,0,23,0
SUBJ_NER_075,33,routine_recall,1,1.0,1727,0,0,1.0,0,24,0
SUBJ_NER_075,34,object_memory,1,1.0,1614,0,0,1.0,0,25,0
SUBJ_NER_075,35,reminiscence,1,1.0,1832,0,0,1.0,0,26,0
SUBJ_NER_075,36,memory_match,1,1.0,2105,0,0,1.0,0,27,0
SUBJ_NER_075,37,pattern_recognition,1,1.0,1809,0,0,1.0,0,28,0
SUBJ_NER_075,38,routine_recall,1,1.0,2068,0,0,1.0,0,29,0
SUBJ_NER_075,39,object_memory,1,1.0,1869,0,0,1.0,0,30,0
SUBJ_NER_075,40,reminiscence,1,1.0,1828,0,0,1.0,0,31,0
SUBJ_NER_075,41,memory_match,1,1.0,2688,0,0,1.0,0,32,0
SUBJ_NER_075,42,pattern_recognition,1,1.0,1768,0,0,1.0,0,33,0
SUBJ_NER_075,43,routine_recall,1,1.0,1876,0,0,1.0,0,34,0
SUBJ_NER_075,44,object_memory,1,1.0,1141,0,0,1.0,0,35,0
SUBJ_NER_075,45,reminiscence,1,0.0,2293,3,0,1.0,0,36,0
SUBJ_NER_075,46,memory_match,1,1.0,2188,0,0,1.0,0,37,0
SUBJ_NER_075,47,pattern_recognition,1,1.0,1967,0,0,1.0,0,38,0
SUBJ_NER_075,48,routine_recall,1,0.0,2251,1,0,1.0,0,39,0
SUBJ_NER_075,49,object_memory,1,0.0,2819,1,0,1.0,0,40,0
SUBJ_NER_075,50,reminiscence,1,1.0,1860,0,0,1.0,0,41,0
SUBJ_NER_075,51,memory_match,1,0.0,1551,1,0,1.0,0,42,0
SUBJ_NER_075,52,pattern_recognition,1,1.0,1321,0,0,1.0,0,43,0
SUBJ_NER_075,53,routine_recall,1,1.0,1195,0,0,1.0,0,44,0
SUBJ_NER_075,54,object_memory,1,1.0,1533,0,0,1.0,0,45,0
SUBJ_NER_075,55,reminiscence,1,1.0,2144,0,0,1.0,0,46,0
SUBJ_NER_075,56,memory_match,1,0.0,2284,2,1,1.0,0,47,0
SUBJ_NER_075,57,pattern_recognition,1,0.0,2351,1,0,1.0,0,48,0
SUBJ_NER_075,58,routine_recall,1,1.0,2022,0,0,1.0,0,49,0
SUBJ_NER_075,59,object_memory,1,1.0,2021,0,0,1.0,0,50,0
SUBJ_NER_075,60,reminiscence,1,0.0,2905,1,0,1.0,0,51,0
SUBJ_NER_076,1,memory_match,1,0.0,2344,1,1,1.0,0,1,0
SUBJ_NER_076,2,pattern_recognition,1,1.0,1811,0,0,1.0,1,0,1
SUBJ_NER_076,3,routine_recall,1,0.0,2535,1,0,1.0,0,1,0
SUBJ_NER_076,4,object_memory,1,0.0,3096,2,1,1.0,0,2,0
SUBJ_NER_076,5,reminiscence,1,1.0,3071,0,0,1.0,0,3,0
SUBJ_NER_076,6,memory_match,1,0.0,3214,1,0,1.0,0,4,0
SUBJ_NER_076,7,pattern_recognition,1,1.0,2690,0,0,1.0,0,5,0
SUBJ_NER_076,8,routine_recall,1,1.0,2791,0,0,1.0,0,6,0
SUBJ_NER_076,9,object_memory,1,1.0,2767,0,0,1.0,0,7,0
SUBJ_NER_076,10,reminiscence,1,1.0,2482,0,0,1.0,0,8,0
SUBJ_NER_076,11,memory_match,1,1.0,2748,0,0,1.0,0,9,0
SUBJ_NER_076,12,pattern_recognition,1,1.0,1566,0,0,1.0,0,10,0
SUBJ_NER_076,13,routine_recall,1,1.0,2336,0,0,1.0,0,11,0
SUBJ_NER_076,14,object_memory,1,1.0,3250,0,0,1.0,0,12,0
SUBJ_NER_076,15,reminiscence,1,0.0,2875,1,0,1.0,0,13,0
SUBJ_NER_076,16,memory_match,1,1.0,3188,0,0,1.0,0,14,0
SUBJ_NER_076,17,pattern_recognition,1,1.0,2027,0,0,1.0,0,15,0
SUBJ_NER_076,18,routine_recall,1,1.0,1613,0,0,1.0,0,16,0
SUBJ_NER_076,19,object_memory,1,1.0,2450,0,0,1.0,0,17,0
SUBJ_NER_076,20,reminiscence,1,1.0,2117,0,0,1.0,0,18,0
SUBJ_NER_076,21,memory_match,1,0.0,2761,1,0,1.0,0,19,0
SUBJ_NER_076,22,pattern_recognition,1,1.0,2709,0,0,1.0,0,20,0
SUBJ_NER_076,23,routine_recall,1,0.0,2951,1,1,1.0,0,21,0
SUBJ_NER_076,24,object_memory,1,1.0,2306,0,0,1.0,0,22,0
SUBJ_NER_076,25,reminiscence,1,1.0,2507,0,0,1.0,0,23,0
SUBJ_NER_076,26,memory_match,1,1.0,1834,0,0,1.0,0,24,0
SUBJ_NER_076,27,pattern_recognition,1,0.0,2194,1,0,1.0,0,25,0
SUBJ_NER_076,28,routine_recall,1,1.0,2252,0,0,1.0,0,26,0
SUBJ_NER_076,29,object_memory,1,1.0,2513,0,0,1.0,0,27,0
SUBJ_NER_076,30,reminiscence,1,1.0,1576,0,0,1.0,0,28,0
SUBJ_NER_076,31,memory_match,1,1.0,1583,0,0,1.0,0,29,0
SUBJ_NER_076,32,pattern_recognition,1,0.0,2443,1,0,1.0,0,30,0
SUBJ_NER_076,33,routine_recall,1,1.0,2632,0,0,1.0,0,31,0
SUBJ_NER_076,34,object_memory,1,1.0,2768,0,0,1.0,0,32,0
SUBJ_NER_076,35,reminiscence,1,1.0,2238,0,0,1.0,0,33,0
SUBJ_NER_076,36,memory_match,1,1.0,2193,0,0,1.0,0,34,0
SUBJ_NER_076,37,pattern_recognition,1,1.0,2021,0,0,1.0,0,35,0
SUBJ_NER_076,38,routine_recall,1,0.0,3045,1,1,1.0,0,36,0
SUBJ_NER_076,39,object_memory,1,1.0,3037,0,0,1.0,0,37,0
SUBJ_NER_076,40,reminiscence,1,1.0,1900,0,0,1.0,0,38,0
SUBJ_NER_076,41,memory_match,1,1.0,2229,0,0,1.0,0,39,0
SUBJ_NER_076,42,pattern_recognition,1,1.0,2617,0,0,1.0,0,40,0
SUBJ_NER_076,43,routine_recall,1,1.0,2321,0,0,1.0,0,41,0
SUBJ_NER_076,44,object_memory,1,1.0,2202,0,0,1.0,0,42,0
SUBJ_NER_076,45,reminiscence,1,0.0,2699,1,0,1.0,0,43,0
SUBJ_NER_076,46,memory_match,1,1.0,3294,0,0,1.0,0,44,0
SUBJ_NER_076,47,pattern_recognition,1,1.0,3806,0,0,1.0,0,45,0
SUBJ_NER_076,48,routine_recall,1,1.0,1752,0,0,1.0,0,46,0
SUBJ_NER_076,49,object_memory,1,1.0,2164,0,0,1.0,0,47,0
SUBJ_NER_076,50,reminiscence,1,1.0,2122,0,0,1.0,0,48,0
SUBJ_NER_076,51,memory_match,1,1.0,2360,0,0,1.0,0,49,0
SUBJ_NER_076,52,pattern_recognition,1,1.0,3950,0,0,1.0,0,50,0
SUBJ_NER_076,53,routine_recall,1,1.0,1653,0,0,1.0,0,51,0
SUBJ_NER_076,54,object_memory,1,1.0,2090,0,0,1.0,0,52,0
SUBJ_NER_076,55,reminiscence,1,1.0,2984,0,0,1.0,0,53,0
SUBJ_NER_076,56,memory_match,1,1.0,2413,0,0,0.8,0,54,0
SUBJ_NER_076,57,pattern_recognition,1,1.0,2199,0,0,1.0,0,55,0
SUBJ_NER_076,58,routine_recall,1,1.0,2839,0,0,1.0,0,56,0
SUBJ_NER_076,59,object_memory,1,1.0,2125,0,0,1.0,0,57,0
SUBJ_NER_076,60,reminiscence,1,0.0,2621,1,0,1.0,0,58,0
SUBJ_NER_077,1,memory_match,1,1.0,2484,0,0,1.0,1,0,1
SUBJ_NER_077,2,pattern_recognition,1,0.0,3090,1,0,1.0,0,1,0
SUBJ_NER_077,3,routine_recall,1,1.0,2607,0,0,1.0,1,0,1
SUBJ_NER_077,4,object_memory,1,1.0,1786,0,0,1.0,2,0,2
SUBJ_NER_077,5,reminiscence,2,1.0,3323,0,0,1.0,3,0,2
SUBJ_NER_077,6,memory_match,3,1.0,1948,0,0,1.0,4,0,2
SUBJ_NER_077,7,pattern_recognition,4,1.0,2759,0,0,1.0,5,0,2
SUBJ_NER_077,8,routine_recall,5,0.0,5348,1,0,1.0,0,1,0
SUBJ_NER_077,9,object_memory,4,0.0,3117,2,0,1.0,0,2,0
SUBJ_NER_077,10,reminiscence,3,1.0,2918,0,0,1.0,0,3,0
SUBJ_NER_077,11,memory_match,2,0.0,3212,2,0,1.0,0,4,0
SUBJ_NER_077,12,pattern_recognition,1,1.0,2263,0,0,1.0,0,5,0
SUBJ_NER_077,13,routine_recall,1,1.0,2321,0,0,1.0,0,6,0
SUBJ_NER_077,14,object_memory,1,0.0,2453,1,2,1.0,0,7,0
SUBJ_NER_077,15,reminiscence,1,1.0,2233,0,0,1.0,0,8,0
SUBJ_NER_077,16,memory_match,1,1.0,1943,0,0,1.0,0,9,0
SUBJ_NER_077,17,pattern_recognition,1,0.0,1911,1,1,1.0,0,10,0
SUBJ_NER_077,18,routine_recall,1,1.0,3355,0,0,1.0,0,11,0
SUBJ_NER_077,19,object_memory,1,1.0,1847,0,0,1.0,0,12,0
SUBJ_NER_077,20,reminiscence,1,1.0,2356,0,0,1.0,0,13,0
SUBJ_NER_077,21,memory_match,1,1.0,2429,0,0,1.0,0,14,0
SUBJ_NER_077,22,pattern_recognition,1,1.0,2157,0,0,1.0,0,15,0
SUBJ_NER_077,23,routine_recall,1,1.0,1387,0,0,1.0,0,16,0
SUBJ_NER_077,24,object_memory,1,1.0,2026,0,0,1.0,0,17,0
SUBJ_NER_077,25,reminiscence,1,0.0,2681,2,1,1.0,0,18,0
SUBJ_NER_077,26,memory_match,1,1.0,2315,0,0,1.0,0,19,0
SUBJ_NER_077,27,pattern_recognition,1,1.0,2533,0,0,1.0,0,20,0
SUBJ_NER_077,28,routine_recall,1,1.0,1985,0,0,1.0,0,21,0
SUBJ_NER_077,29,object_memory,1,1.0,1990,0,0,1.0,0,22,0
SUBJ_NER_077,30,reminiscence,1,1.0,1859,0,0,1.0,0,23,0
SUBJ_NER_077,31,memory_match,1,1.0,2529,0,0,1.0,0,24,0
SUBJ_NER_077,32,pattern_recognition,1,1.0,1554,0,0,1.0,0,25,0
SUBJ_NER_077,33,routine_recall,1,1.0,2836,0,0,1.0,0,26,0
SUBJ_NER_077,34,object_memory,1,1.0,1849,0,0,1.0,0,27,0
SUBJ_NER_077,35,reminiscence,1,1.0,1859,0,0,1.0,0,28,0
SUBJ_NER_077,36,memory_match,1,0.0,2385,1,1,1.0,0,29,0
SUBJ_NER_077,37,pattern_recognition,1,1.0,2194,0,0,1.0,0,30,0
SUBJ_NER_077,38,routine_recall,1,1.0,2196,0,0,1.0,0,31,0
SUBJ_NER_077,39,object_memory,1,1.0,1752,0,0,1.0,0,32,0
SUBJ_NER_077,40,reminiscence,1,0.0,2010,3,1,1.0,0,33,0
SUBJ_NER_077,41,memory_match,1,1.0,2144,0,0,1.0,0,34,0
SUBJ_NER_077,42,pattern_recognition,1,1.0,2494,0,0,1.0,0,35,0
SUBJ_NER_077,43,routine_recall,1,1.0,2013,0,0,1.0,0,36,0
SUBJ_NER_077,44,object_memory,1,0.0,2782,1,0,1.0,0,37,0
SUBJ_NER_077,45,reminiscence,1,1.0,1896,0,0,1.0,0,38,0
SUBJ_NER_077,46,memory_match,1,0.0,2089,1,0,1.0,0,39,0
SUBJ_NER_077,47,pattern_recognition,1,0.0,2718,1,0,1.0,0,40,0
SUBJ_NER_077,48,routine_recall,1,0.0,1913,1,2,1.0,0,41,0
SUBJ_NER_077,49,object_memory,1,1.0,2138,0,0,1.0,0,42,0
SUBJ_NER_077,50,reminiscence,1,1.0,1845,0,0,1.0,0,43,0
SUBJ_NER_077,51,memory_match,1,1.0,1988,0,0,1.0,0,44,0
SUBJ_NER_077,52,pattern_recognition,1,1.0,2446,0,0,1.0,0,45,0
SUBJ_NER_077,53,routine_recall,1,1.0,2219,0,0,1.0,0,46,0
SUBJ_NER_077,54,object_memory,1,1.0,2294,0,0,1.0,0,47,0
SUBJ_NER_077,55,reminiscence,1,0.0,1974,1,0,1.0,0,48,0
SUBJ_NER_077,56,memory_match,1,0.0,2295,1,0,0.5,0,49,0
SUBJ_NER_077,57,pattern_recognition,1,1.0,1813,0,0,1.0,0,50,0
SUBJ_NER_077,58,routine_recall,1,1.0,1601,0,0,1.0,0,51,0
SUBJ_NER_077,59,object_memory,1,0.0,2341,2,0,0.5,0,52,0
SUBJ_NER_077,60,reminiscence,1,1.0,2361,0,0,1.0,0,53,0
SUBJ_NER_078,1,memory_match,1,1.0,2258,0,0,1.0,1,0,1
SUBJ_NER_078,2,pattern_recognition,1,1.0,1994,0,0,1.0,2,0,2
SUBJ_NER_078,3,routine_recall,2,1.0,1878,0,0,1.0,3,0,2
SUBJ_NER_078,4,object_memory,3,1.0,1966,0,0,1.0,4,0,2
SUBJ_NER_078,5,reminiscence,4,1.0,3062,0,0,1.0,5,0,2
SUBJ_NER_078,6,memory_match,5,0.0,4014,1,1,1.0,0,1,0
SUBJ_NER_078,7,pattern_recognition,4,0.0,3361,1,0,1.0,0,2,0
SUBJ_NER_078,8,routine_recall,3,0.0,2651,3,1,1.0,0,3,0
SUBJ_NER_078,9,object_memory,2,0.0,1971,1,1,1.0,0,4,0
SUBJ_NER_078,10,reminiscence,1,1.0,1961,0,0,1.0,0,5,0
SUBJ_NER_078,11,memory_match,1,0.0,2949,2,0,1.0,0,6,0
SUBJ_NER_078,12,pattern_recognition,1,0.0,2422,1,0,1.0,0,7,0
SUBJ_NER_078,13,routine_recall,1,1.0,1828,0,0,1.0,0,8,0
SUBJ_NER_078,14,object_memory,1,1.0,2048,0,0,1.0,0,9,0
SUBJ_NER_078,15,reminiscence,1,0.0,3192,3,0,1.0,0,10,0
SUBJ_NER_078,16,memory_match,1,1.0,1586,0,0,1.0,0,11,0
SUBJ_NER_078,17,pattern_recognition,1,1.0,1756,0,0,1.0,0,12,0
SUBJ_NER_078,18,routine_recall,1,1.0,2462,0,0,1.0,0,13,0
SUBJ_NER_078,19,object_memory,1,1.0,2108,0,0,1.0,0,14,0
SUBJ_NER_078,20,reminiscence,1,0.0,2467,1,0,1.0,0,15,0
SUBJ_NER_078,21,memory_match,1,0.0,1781,1,0,1.0,0,16,0
SUBJ_NER_078,22,pattern_recognition,1,1.0,2499,0,0,1.0,0,17,0
SUBJ_NER_078,23,routine_recall,1,1.0,2553,0,0,1.0,0,18,0
SUBJ_NER_078,24,object_memory,1,1.0,2025,0,0,1.0,0,19,0
SUBJ_NER_078,25,reminiscence,1,1.0,2908,0,0,1.0,0,20,0
SUBJ_NER_078,26,memory_match,1,1.0,2194,0,0,1.0,0,21,0
SUBJ_NER_078,27,pattern_recognition,1,1.0,2286,0,0,1.0,0,22,0
SUBJ_NER_078,28,routine_recall,1,0.0,2344,1,0,1.0,0,23,0
SUBJ_NER_078,29,object_memory,1,1.0,1668,0,0,1.0,0,24,0
SUBJ_NER_078,30,reminiscence,1,0.0,2616,2,0,1.0,0,25,0
SUBJ_NER_078,31,memory_match,1,1.0,2484,0,0,1.0,0,26,0
SUBJ_NER_078,32,pattern_recognition,1,1.0,1905,0,0,1.0,0,27,0
SUBJ_NER_078,33,routine_recall,1,1.0,1659,0,0,1.0,0,28,0
SUBJ_NER_078,34,object_memory,1,1.0,2773,0,0,1.0,0,29,0
SUBJ_NER_078,35,reminiscence,1,1.0,1513,0,0,1.0,0,30,0
SUBJ_NER_078,36,memory_match,1,1.0,1801,0,0,1.0,0,31,0
SUBJ_NER_078,37,pattern_recognition,1,1.0,1922,0,0,1.0,0,32,0
SUBJ_NER_078,38,routine_recall,1,0.0,2174,1,1,1.0,0,33,0
SUBJ_NER_078,39,object_memory,1,0.0,2264,1,0,1.0,0,34,0
SUBJ_NER_078,40,reminiscence,1,1.0,2088,0,0,1.0,0,35,0
SUBJ_NER_078,41,memory_match,1,1.0,2136,0,0,1.0,0,36,0
SUBJ_NER_078,42,pattern_recognition,1,0.0,2618,1,0,1.0,0,37,0
SUBJ_NER_078,43,routine_recall,1,1.0,1377,0,0,1.0,0,38,0
SUBJ_NER_078,44,object_memory,1,1.0,1926,0,0,1.0,0,39,0
SUBJ_NER_078,45,reminiscence,1,1.0,2055,0,0,1.0,0,40,0
SUBJ_NER_078,46,memory_match,1,0.0,1958,2,0,1.0,0,41,0
SUBJ_NER_078,47,pattern_recognition,1,1.0,1745,0,0,1.0,0,42,0
SUBJ_NER_078,48,routine_recall,1,1.0,2020,0,0,1.0,0,43,0
SUBJ_NER_078,49,object_memory,1,1.0,1851,0,0,1.0,0,44,0
SUBJ_NER_078,50,reminiscence,1,1.0,2269,0,0,1.0,0,45,0
SUBJ_NER_078,51,memory_match,1,1.0,2173,0,0,1.0,0,46,0
SUBJ_NER_078,52,pattern_recognition,1,0.0,2851,1,0,1.0,0,47,0
SUBJ_NER_078,53,routine_recall,1,0.0,2770,1,0,1.0,0,48,0
SUBJ_NER_078,54,object_memory,1,1.0,2183,0,0,1.0,0,49,0
SUBJ_NER_078,55,reminiscence,1,0.0,2665,1,0,1.0,0,50,0
SUBJ_NER_078,56,memory_match,1,1.0,2367,0,0,1.0,0,51,0
SUBJ_NER_078,57,pattern_recognition,1,0.0,3629,1,1,1.0,0,52,0
SUBJ_NER_078,58,routine_recall,1,1.0,1935,0,0,1.0,0,53,0
SUBJ_NER_078,59,object_memory,1,1.0,2186,0,0,1.0,0,54,0
SUBJ_NER_078,60,reminiscence,1,1.0,2919,0,0,1.0,0,55,0
SUBJ_NER_079,1,memory_match,1,1.0,1605,0,0,1.0,1,0,1
SUBJ_NER_079,2,pattern_recognition,1,1.0,2220,0,0,1.0,2,0,2
SUBJ_NER_079,3,routine_recall,2,1.0,1758,0,0,1.0,3,0,2
SUBJ_NER_079,4,object_memory,3,1.0,2121,0,0,1.0,4,0,2
SUBJ_NER_079,5,reminiscence,4,0.0,3639,1,0,1.0,0,1,0
SUBJ_NER_079,6,memory_match,3,0.0,4458,1,1,1.0,0,2,0
SUBJ_NER_079,7,pattern_recognition,2,0.0,2401,1,0,1.0,0,3,0
SUBJ_NER_079,8,routine_recall,1,1.0,2631,0,0,1.0,0,4,0
SUBJ_NER_079,9,object_memory,1,0.0,3537,1,0,1.0,0,5,0
SUBJ_NER_079,10,reminiscence,1,1.0,2260,0,0,1.0,0,6,0
SUBJ_NER_079,11,memory_match,1,0.0,2577,2,0,1.0,0,7,0
SUBJ_NER_079,12,pattern_recognition,1,0.0,2886,1,0,1.0,0,8,0
SUBJ_NER_079,13,routine_recall,1,1.0,2341,0,0,1.0,0,9,0
SUBJ_NER_079,14,object_memory,1,0.0,2766,1,0,1.0,0,10,0
SUBJ_NER_079,15,reminiscence,1,0.0,2691,1,0,1.0,0,11,0
SUBJ_NER_079,16,memory_match,1,1.0,2804,0,0,1.0,0,12,0
SUBJ_NER_079,17,pattern_recognition,1,1.0,2415,0,0,1.0,0,13,0
SUBJ_NER_079,18,routine_recall,1,0.0,2463,2,0,1.0,0,14,0
SUBJ_NER_079,19,object_memory,1,1.0,2203,0,0,1.0,0,15,0
SUBJ_NER_079,20,reminiscence,1,0.0,2991,1,0,1.0,0,16,0
SUBJ_NER_079,21,memory_match,1,1.0,1908,0,0,1.0,0,17,0
SUBJ_NER_079,22,pattern_recognition,1,0.0,2493,1,0,1.0,0,18,0
SUBJ_NER_079,23,routine_recall,1,1.0,1736,0,0,1.0,0,19,0
SUBJ_NER_079,24,object_memory,1,0.0,3815,2,0,1.0,0,20,0
SUBJ_NER_079,25,reminiscence,1,1.0,1834,0,0,1.0,0,21,0
SUBJ_NER_079,26,memory_match,1,1.0,2462,0,0,1.0,0,22,0
SUBJ_NER_079,27,pattern_recognition,1,0.0,2185,2,1,1.0,0,23,0
SUBJ_NER_079,28,routine_recall,1,0.0,2177,2,1,1.0,0,24,0
SUBJ_NER_079,29,object_memory,1,0.0,2704,1,0,1.0,0,25,0
SUBJ_NER_079,30,reminiscence,1,1.0,2790,0,0,1.0,0,26,0
SUBJ_NER_079,31,memory_match,1,0.0,2555,1,0,1.0,0,27,0
SUBJ_NER_079,32,pattern_recognition,1,1.0,1594,0,0,1.0,0,28,0
SUBJ_NER_079,33,routine_recall,1,0.0,1719,2,0,1.0,0,29,0
SUBJ_NER_079,34,object_memory,1,0.0,2529,1,1,1.0,0,30,0
SUBJ_NER_079,35,reminiscence,1,1.0,2111,0,0,1.0,0,31,0
SUBJ_NER_079,36,memory_match,1,1.0,1883,0,0,1.0,0,32,0
SUBJ_NER_079,37,pattern_recognition,1,0.0,3297,2,0,1.0,0,33,0
SUBJ_NER_079,38,routine_recall,1,0.0,2453,1,0,1.0,0,34,0
SUBJ_NER_079,39,object_memory,1,0.0,2646,2,0,1.0,0,35,0
SUBJ_NER_079,40,reminiscence,1,1.0,2824,0,0,1.0,0,36,0
SUBJ_NER_079,41,memory_match,1,0.0,2907,1,1,1.0,0,37,0
SUBJ_NER_079,42,pattern_recognition,1,0.0,3228,2,1,1.0,0,38,0
SUBJ_NER_079,43,routine_recall,1,1.0,2034,0,0,1.0,0,39,0
SUBJ_NER_079,44,object_memory,1,0.0,4220,2,0,1.0,0,40,0
SUBJ_NER_079,45,reminiscence,1,1.0,2130,0,0,1.0,0,41,0
SUBJ_NER_079,46,memory_match,1,1.0,2190,0,0,1.0,0,42,0
SUBJ_NER_079,47,pattern_recognition,1,1.0,1744,0,0,1.0,0,43,0
SUBJ_NER_079,48,routine_recall,1,1.0,1691,0,0,1.0,0,44,0
SUBJ_NER_079,49,object_memory,1,1.0,2337,0,0,1.0,0,45,0
SUBJ_NER_079,50,reminiscence,1,0.0,2354,3,0,1.0,0,46,0
SUBJ_NER_079,51,memory_match,1,0.0,2110,1,0,1.0,0,47,0
SUBJ_NER_079,52,pattern_recognition,1,1.0,1535,0,0,1.0,0,48,0
SUBJ_NER_079,53,routine_recall,1,0.0,3058,2,0,1.0,0,49,0
SUBJ_NER_079,54,object_memory,1,1.0,2535,0,0,1.0,0,50,0
SUBJ_NER_079,55,reminiscence,1,1.0,1789,0,0,1.0,0,51,0
SUBJ_NER_079,56,memory_match,1,0.0,2063,1,0,1.0,0,52,0
SUBJ_NER_079,57,pattern_recognition,1,0.0,3712,2,1,1.0,0,53,0
SUBJ_NER_079,58,routine_recall,1,0.0,3157,1,0,1.0,0,54,0
SUBJ_NER_079,59,object_memory,1,1.0,1752,0,0,1.0,0,55,0
SUBJ_NER_079,60,reminiscence,1,0.0,2783,3,0,1.0,0,56,0
SUBJ_NER_080,1,memory_match,1,1.0,3594,0,0,1.0,1,0,1
SUBJ_NER_080,2,pattern_recognition,1,1.0,3640,0,0,1.0,2,0,1
SUBJ_NER_080,3,routine_recall,1,0.0,3424,2,0,1.0,0,1,0
SUBJ_NER_080,4,object_memory,1,0.0,6149,1,2,1.0,0,2,0
SUBJ_NER_080,5,reminiscence,1,0.0,3375,2,1,1.0,0,3,0
SUBJ_NER_080,6,memory_match,1,0.0,3123,2,0,1.0,0,4,0
SUBJ_NER_080,7,pattern_recognition,1,0.0,3269,2,2,1.0,0,5,0
SUBJ_NER_080,8,routine_recall,1,0.0,4491,2,0,1.0,0,6,0
SUBJ_NER_080,9,object_memory,1,0.0,2871,1,0,1.0,0,7,0
SUBJ_NER_080,10,reminiscence,1,1.0,4368,0,0,1.0,0,8,0
SUBJ_NER_080,11,memory_match,1,0.0,3552,1,1,1.0,0,9,0
SUBJ_NER_080,12,pattern_recognition,1,0.0,2627,1,0,1.0,0,10,0
SUBJ_NER_080,13,routine_recall,1,0.0,3783,2,0,1.0,0,11,0
SUBJ_NER_080,14,object_memory,1,0.0,4577,1,2,1.0,0,12,0
SUBJ_NER_080,15,reminiscence,1,1.0,2878,0,0,1.0,0,13,0
SUBJ_NER_080,16,memory_match,1,0.0,3430,3,0,1.0,0,14,0
SUBJ_NER_080,17,pattern_recognition,1,0.0,3899,3,1,1.0,0,15,0
SUBJ_NER_080,18,routine_recall,1,0.0,2679,1,0,1.0,0,16,0
SUBJ_NER_080,19,object_memory,1,0.0,4431,1,0,1.0,0,17,0
SUBJ_NER_080,20,reminiscence,1,1.0,2954,0,0,1.0,0,18,0
SUBJ_NER_080,21,memory_match,1,1.0,2541,0,0,1.0,0,19,0
SUBJ_NER_080,22,pattern_recognition,1,0.0,3379,1,0,1.0,0,20,0
SUBJ_NER_080,23,routine_recall,1,0.0,3865,2,0,1.0,0,21,0
SUBJ_NER_080,24,object_memory,1,0.0,3709,1,0,1.0,0,22,0
SUBJ_NER_080,25,reminiscence,1,1.0,3311,0,0,1.0,0,23,0
SUBJ_NER_080,26,memory_match,1,1.0,3188,0,0,1.0,0,24,0
SUBJ_NER_080,27,pattern_recognition,1,1.0,3292,0,0,1.0,0,25,0
SUBJ_NER_080,28,routine_recall,1,1.0,4972,0,0,1.0,0,26,0
SUBJ_NER_080,29,object_memory,1,0.0,3284,1,1,1.0,0,27,0
SUBJ_NER_080,30,reminiscence,1,1.0,2904,0,0,1.0,0,28,0
SUBJ_NER_080,31,memory_match,1,0.0,3932,2,0,1.0,0,29,0
SUBJ_NER_080,32,pattern_recognition,1,1.0,2984,0,0,1.0,0,30,0
SUBJ_NER_080,33,routine_recall,1,0.0,4382,1,0,1.0,0,31,0
SUBJ_NER_080,34,object_memory,1,0.0,5567,1,1,1.0,0,32,0
SUBJ_NER_080,35,reminiscence,1,1.0,2574,0,0,1.0,0,33,0
SUBJ_NER_080,36,memory_match,1,1.0,3476,0,0,1.0,0,34,0
SUBJ_NER_080,37,pattern_recognition,1,0.0,3353,3,0,1.0,0,35,0
SUBJ_NER_080,38,routine_recall,1,0.0,3970,1,2,1.0,0,36,0
SUBJ_NER_080,39,object_memory,1,0.0,3300,1,0,1.0,0,37,0
SUBJ_NER_080,40,reminiscence,1,0.0,4021,2,0,1.0,0,38,0
SUBJ_NER_080,41,memory_match,1,1.0,3275,0,0,1.0,0,39,0
SUBJ_NER_080,42,pattern_recognition,1,0.0,4095,1,0,1.0,0,40,0
SUBJ_NER_080,43,routine_recall,1,1.0,4521,0,0,1.0,0,41,0
SUBJ_NER_080,44,object_memory,1,1.0,3490,0,0,1.0,0,42,0
SUBJ_NER_080,45,reminiscence,1,1.0,2949,0,0,1.0,0,43,0
SUBJ_NER_080,46,memory_match,1,1.0,2982,0,0,1.0,0,44,0
SUBJ_NER_080,47,pattern_recognition,1,1.0,3637,0,0,1.0,0,45,0
SUBJ_NER_080,48,routine_recall,1,0.0,3621,2,1,1.0,0,46,0
SUBJ_NER_080,49,object_memory,1,0.0,3431,1,0,1.0,0,47,0
SUBJ_NER_080,50,reminiscence,1,1.0,4623,0,0,1.0,0,48,0
SUBJ_NER_080,51,memory_match,1,0.0,4090,1,0,1.0,0,49,0
SUBJ_NER_080,52,pattern_recognition,1,1.0,2443,0,0,1.0,0,50,0
SUBJ_NER_080,53,routine_recall,1,1.0,4626,0,0,1.0,0,51,0
SUBJ_NER_080,54,object_memory,1,1.0,2447,0,0,1.0,0,52,0
SUBJ_NER_080,55,reminiscence,1,0.0,4501,2,0,1.0,0,53,0
SUBJ_NER_080,56,memory_match,1,1.0,2930,0,0,1.0,0,54,0
SUBJ_NER_080,57,pattern_recognition,1,0.0,2947,1,0,0.8,0,55,0
SUBJ_NER_080,58,routine_recall,1,0.0,3836,2,1,1.0,0,56,0
SUBJ_NER_080,59,object_memory,1,0.0,3752,1,0,1.0,0,57,0
SUBJ_NER_080,60,reminiscence,1,0.0,3045,1,0,1.0,0,58,0
SUBJ_NER_081,1,memory_match,1,0.0,1825,2,0,1.0,0,1,0
SUBJ_NER_081,2,pattern_recognition,1,0.0,2498,3,1,1.0,0,2,0
SUBJ_NER_081,3,routine_recall,1,1.0,2519,0,0,1.0,0,3,0
SUBJ_NER_081,4,object_memory,1,1.0,4052,0,0,1.0,0,4,0
SUBJ_NER_081,5,reminiscence,1,0.0,2395,1,0,1.0,0,5,0
SUBJ_NER_081,6,memory_match,1,0.0,3556,1,0,1.0,0,6,0
SUBJ_NER_081,7,pattern_recognition,1,1.0,1943,0,0,1.0,0,7,0
SUBJ_NER_081,8,routine_recall,1,1.0,1488,0,0,1.0,0,8,0
SUBJ_NER_081,9,object_memory,1,1.0,1851,0,0,1.0,0,9,0
SUBJ_NER_081,10,reminiscence,1,1.0,2013,0,0,1.0,0,10,0
SUBJ_NER_081,11,memory_match,1,0.0,2043,1,0,1.0,0,11,0
SUBJ_NER_081,12,pattern_recognition,1,0.0,3020,2,0,1.0,0,12,0
SUBJ_NER_081,13,routine_recall,1,1.0,2084,0,0,1.0,0,13,0
SUBJ_NER_081,14,object_memory,1,0.0,3165,1,0,1.0,0,14,0
SUBJ_NER_081,15,reminiscence,1,0.0,1396,2,0,1.0,0,15,0
SUBJ_NER_081,16,memory_match,1,0.0,3014,2,0,1.0,0,16,0
SUBJ_NER_081,17,pattern_recognition,1,1.0,2392,0,0,1.0,0,17,0
SUBJ_NER_081,18,routine_recall,1,0.0,3243,2,0,1.0,0,18,0
SUBJ_NER_081,19,object_memory,1,1.0,2155,0,0,1.0,0,19,0
SUBJ_NER_081,20,reminiscence,1,1.0,1848,0,0,1.0,0,20,0
SUBJ_NER_081,21,memory_match,1,1.0,2261,0,0,1.0,0,21,0
SUBJ_NER_081,22,pattern_recognition,1,0.0,2423,2,2,1.0,0,22,0
SUBJ_NER_081,23,routine_recall,1,0.0,2798,2,0,1.0,0,23,0
SUBJ_NER_081,24,object_memory,1,0.0,1966,2,0,1.0,0,24,0
SUBJ_NER_081,25,reminiscence,1,0.0,2077,1,0,1.0,0,25,0
SUBJ_NER_081,26,memory_match,1,1.0,2716,0,0,1.0,0,26,0
SUBJ_NER_081,27,pattern_recognition,1,1.0,2801,0,0,1.0,0,27,0
SUBJ_NER_081,28,routine_recall,1,1.0,2324,0,0,1.0,0,28,0
SUBJ_NER_081,29,object_memory,1,0.0,3284,2,0,1.0,0,29,0
SUBJ_NER_081,30,reminiscence,1,1.0,1781,0,0,1.0,0,30,0
SUBJ_NER_081,31,memory_match,1,0.0,2277,2,0,1.0,0,31,0
SUBJ_NER_081,32,pattern_recognition,1,1.0,3309,0,0,1.0,0,32,0
SUBJ_NER_081,33,routine_recall,1,0.0,4463,1,0,1.0,0,33,0
SUBJ_NER_081,34,object_memory,1,1.0,3026,0,0,1.0,0,34,0
SUBJ_NER_081,35,reminiscence,1,1.0,2095,0,0,1.0,0,35,0
SUBJ_NER_081,36,memory_match,1,1.0,1840,0,0,1.0,0,36,0
SUBJ_NER_081,37,pattern_recognition,1,1.0,2461,0,0,1.0,0,37,0
SUBJ_NER_081,38,routine_recall,1,0.0,2435,1,0,1.0,0,38,0
SUBJ_NER_081,39,object_memory,1,1.0,2725,0,0,1.0,0,39,0
SUBJ_NER_081,40,reminiscence,1,1.0,3161,0,0,1.0,0,40,0
SUBJ_NER_081,41,memory_match,1,0.0,2637,3,0,1.0,0,41,0
SUBJ_NER_081,42,pattern_recognition,1,0.0,2585,3,0,1.0,0,42,0
SUBJ_NER_081,43,routine_recall,1,0.0,2877,1,1,1.0,0,43,0
SUBJ_NER_081,44,object_memory,1,1.0,2342,0,0,1.0,0,44,0
SUBJ_NER_081,45,reminiscence,1,0.0,2668,2,0,1.0,0,45,0
SUBJ_NER_081,46,memory_match,1,0.0,3558,2,0,1.0,0,46,0
SUBJ_NER_081,47,pattern_recognition,1,0.0,3249,1,0,1.0,0,47,0
SUBJ_NER_081,48,routine_recall,1,1.0,1579,0,0,1.0,0,48,0
SUBJ_NER_081,49,object_memory,1,1.0,2029,0,0,1.0,0,49,0
SUBJ_NER_081,50,reminiscence,1,1.0,2120,0,0,1.0,0,50,0
SUBJ_NER_081,51,memory_match,1,0.0,2267,2,0,1.0,0,51,0
SUBJ_NER_081,52,pattern_recognition,1,1.0,2394,0,0,1.0,0,52,0
SUBJ_NER_081,53,routine_recall,1,0.0,2835,2,0,1.0,0,53,0
SUBJ_NER_081,54,object_memory,1,0.0,2684,1,0,1.0,0,54,0
SUBJ_NER_081,55,reminiscence,1,0.0,3409,2,0,1.0,0,55,0
SUBJ_NER_081,56,memory_match,1,0.0,3012,2,0,1.0,0,56,0
SUBJ_NER_081,57,pattern_recognition,1,0.0,2138,1,0,1.0,0,57,0
SUBJ_NER_081,58,routine_recall,1,1.0,2288,0,0,1.0,0,58,0
SUBJ_NER_081,59,object_memory,1,0.0,2911,1,0,1.0,0,59,0
SUBJ_NER_081,60,reminiscence,1,0.0,2308,1,2,1.0,0,60,0
SUBJ_NER_082,1,memory_match,1,1.0,2845,0,0,1.0,1,0,1
SUBJ_NER_082,2,pattern_recognition,1,1.0,1645,0,0,1.0,2,0,2
SUBJ_NER_082,3,routine_recall,2,0.0,3137,1,0,1.0,0,1,0
SUBJ_NER_082,4,object_memory,1,1.0,1979,0,0,1.0,1,0,1
SUBJ_NER_082,5,reminiscence,1,1.0,1835,0,0,1.0,2,0,2
SUBJ_NER_082,6,memory_match,2,0.0,2253,1,1,1.0,0,1,0
SUBJ_NER_082,7,pattern_recognition,1,1.0,2608,0,0,1.0,1,0,1
SUBJ_NER_082,8,routine_recall,1,0.0,2562,2,0,1.0,0,1,0
SUBJ_NER_082,9,object_memory,1,0.0,2297,3,1,1.0,0,2,0
SUBJ_NER_082,10,reminiscence,1,0.0,1856,1,1,1.0,0,3,0
SUBJ_NER_082,11,memory_match,1,1.0,2236,0,0,1.0,0,4,0
SUBJ_NER_082,12,pattern_recognition,1,0.0,2939,1,0,1.0,0,5,0
SUBJ_NER_082,13,routine_recall,1,1.0,3196,0,0,1.0,0,6,0
SUBJ_NER_082,14,object_memory,1,0.0,2888,1,1,1.0,0,7,0
SUBJ_NER_082,15,reminiscence,1,0.0,2800,2,1,1.0,0,8,0
SUBJ_NER_082,16,memory_match,1,1.0,2097,0,0,1.0,0,9,0
SUBJ_NER_082,17,pattern_recognition,1,0.0,2450,1,2,1.0,0,10,0
SUBJ_NER_082,18,routine_recall,1,1.0,1674,0,0,1.0,0,11,0
SUBJ_NER_082,19,object_memory,1,1.0,2671,0,0,1.0,0,12,0
SUBJ_NER_082,20,reminiscence,1,1.0,1955,0,0,1.0,0,13,0
SUBJ_NER_082,21,memory_match,1,1.0,2155,0,0,1.0,0,14,0
SUBJ_NER_082,22,pattern_recognition,1,1.0,2044,0,0,1.0,0,15,0
SUBJ_NER_082,23,routine_recall,1,0.0,2718,1,1,1.0,0,16,0
SUBJ_NER_082,24,object_memory,1,0.0,2962,2,1,1.0,0,17,0
SUBJ_NER_082,25,reminiscence,1,1.0,2074,0,0,1.0,0,18,0
SUBJ_NER_082,26,memory_match,1,0.0,2779,1,1,1.0,0,19,0
SUBJ_NER_082,27,pattern_recognition,1,1.0,1999,0,0,1.0,0,20,0
SUBJ_NER_082,28,routine_recall,1,0.0,2665,1,0,1.0,0,21,0
SUBJ_NER_082,29,object_memory,1,0.0,2230,1,0,1.0,0,22,0
SUBJ_NER_082,30,reminiscence,1,1.0,2186,0,0,1.0,0,23,0
SUBJ_NER_082,31,memory_match,1,1.0,1382,0,0,1.0,0,24,0
SUBJ_NER_082,32,pattern_recognition,1,1.0,2450,0,0,1.0,0,25,0
SUBJ_NER_082,33,routine_recall,1,1.0,2615,0,0,1.0,0,26,0
SUBJ_NER_082,34,object_memory,1,0.0,3333,1,1,1.0,0,27,0
SUBJ_NER_082,35,reminiscence,1,1.0,1905,0,0,1.0,0,28,0
SUBJ_NER_082,36,memory_match,1,0.0,2243,1,0,1.0,0,29,0
SUBJ_NER_082,37,pattern_recognition,1,0.0,2855,1,0,1.0,0,30,0
SUBJ_NER_082,38,routine_recall,1,1.0,2310,0,0,1.0,0,31,0
SUBJ_NER_082,39,object_memory,1,0.0,2827,2,0,1.0,0,32,0
SUBJ_NER_082,40,reminiscence,1,0.0,2078,2,0,1.0,0,33,0
SUBJ_NER_082,41,memory_match,1,1.0,2187,0,0,1.0,0,34,0
SUBJ_NER_082,42,pattern_recognition,1,1.0,3154,0,0,1.0,0,35,0
SUBJ_NER_082,43,routine_recall,1,0.0,1607,3,0,1.0,0,36,0
SUBJ_NER_082,44,object_memory,1,0.0,2873,1,0,1.0,0,37,0
SUBJ_NER_082,45,reminiscence,1,0.0,2781,1,0,1.0,0,38,0
SUBJ_NER_082,46,memory_match,1,0.0,2986,3,0,1.0,0,39,0
SUBJ_NER_082,47,pattern_recognition,1,0.0,2179,2,0,1.0,0,40,0
SUBJ_NER_082,48,routine_recall,1,0.0,2734,1,0,1.0,0,41,0
SUBJ_NER_082,49,object_memory,1,1.0,1670,0,0,1.0,0,42,0
SUBJ_NER_082,50,reminiscence,1,0.0,2050,1,2,1.0,0,43,0
SUBJ_NER_082,51,memory_match,1,0.0,2813,1,0,1.0,0,44,0
SUBJ_NER_082,52,pattern_recognition,1,0.0,1918,1,1,1.0,0,45,0
SUBJ_NER_082,53,routine_recall,1,0.0,3185,1,1,1.0,0,46,0
SUBJ_NER_082,54,object_memory,1,0.0,2287,2,0,1.0,0,47,0
SUBJ_NER_082,55,reminiscence,1,1.0,2182,0,0,1.0,0,48,0
SUBJ_NER_082,56,memory_match,1,0.0,2828,1,1,1.0,0,49,0
SUBJ_NER_082,57,pattern_recognition,1,1.0,2448,0,0,1.0,0,50,0
SUBJ_NER_082,58,routine_recall,1,0.0,1843,3,0,1.0,0,51,0
SUBJ_NER_082,59,object_memory,1,1.0,2608,0,0,1.0,0,52,0
SUBJ_NER_082,60,reminiscence,1,1.0,2448,0,0,1.0,0,53,0
SUBJ_NER_083,1,memory_match,1,1.0,1540,0,0,1.0,1,0,1
SUBJ_NER_083,2,pattern_recognition,1,1.0,1929,0,0,1.0,2,0,2
SUBJ_NER_083,3,routine_recall,2,0.0,1791,1,0,1.0,0,1,0
SUBJ_NER_083,4,object_memory,1,1.0,1483,0,0,1.0,1,0,1
SUBJ_NER_083,5,reminiscence,1,1.0,1687,0,0,1.0,2,0,2
SUBJ_NER_083,6,memory_match,2,1.0,1866,0,0,1.0,3,0,2
SUBJ_NER_083,7,pattern_recognition,3,1.0,2540,0,0,1.0,4,0,2
SUBJ_NER_083,8,routine_recall,4,1.0,1056,0,0,1.0,5,0,2
SUBJ_NER_083,9,object_memory,5,1.0,2443,0,0,1.0,6,0,2
SUBJ_NER_083,10,reminiscence,6,0.0,3601,2,0,1.0,0,1,0
SUBJ_NER_083,11,memory_match,5,0.0,2295,1,1,1.0,0,2,0
SUBJ_NER_083,12,pattern_recognition,4,1.0,2311,0,0,1.0,0,3,0
SUBJ_NER_083,13,routine_recall,3,0.0,2682,1,0,1.0,0,4,0
SUBJ_NER_083,14,object_memory,2,1.0,1569,0,0,1.0,0,5,0
SUBJ_NER_083,15,reminiscence,1,1.0,1252,0,0,1.0,0,6,0
SUBJ_NER_083,16,memory_match,1,1.0,1269,0,0,1.0,0,7,0
SUBJ_NER_083,17,pattern_recognition,1,1.0,1403,0,0,1.0,0,8,0
SUBJ_NER_083,18,routine_recall,1,0.0,1127,1,0,1.0,0,9,0
SUBJ_NER_083,19,object_memory,1,1.0,1119,0,0,1.0,0,10,0
SUBJ_NER_083,20,reminiscence,1,1.0,1226,0,0,1.0,0,11,0
SUBJ_NER_083,21,memory_match,1,1.0,1445,0,0,1.0,0,12,0
SUBJ_NER_083,22,pattern_recognition,1,1.0,1307,0,0,1.0,0,13,0
SUBJ_NER_083,23,routine_recall,1,1.0,1563,0,0,1.0,0,14,0
SUBJ_NER_083,24,object_memory,1,1.0,1218,0,0,1.0,0,15,0
SUBJ_NER_083,25,reminiscence,1,1.0,1952,0,0,1.0,0,16,0
SUBJ_NER_083,26,memory_match,1,1.0,1199,0,0,1.0,0,17,0
SUBJ_NER_083,27,pattern_recognition,1,1.0,1512,0,0,1.0,0,18,0
SUBJ_NER_083,28,routine_recall,1,1.0,1396,0,0,1.0,0,19,0
SUBJ_NER_083,29,object_memory,1,1.0,2562,0,0,1.0,0,20,0
SUBJ_NER_083,30,reminiscence,1,1.0,1108,0,0,1.0,0,21,0
SUBJ_NER_083,31,memory_match,1,1.0,2094,0,0,1.0,0,22,0
SUBJ_NER_083,32,pattern_recognition,1,1.0,1629,0,0,1.0,0,23,0
SUBJ_NER_083,33,routine_recall,1,1.0,1443,0,0,1.0,0,24,0
SUBJ_NER_083,34,object_memory,1,1.0,1424,0,0,1.0,0,25,0
SUBJ_NER_083,35,reminiscence,1,1.0,1442,0,0,1.0,0,26,0
SUBJ_NER_083,36,memory_match,1,0.0,2023,1,0,1.0,0,27,0
SUBJ_NER_083,37,pattern_recognition,1,1.0,1353,0,0,1.0,0,28,0
SUBJ_NER_083,38,routine_recall,1,1.0,1104,0,0,1.0,0,29,0
SUBJ_NER_083,39,object_memory,1,1.0,1124,0,0,1.0,0,30,0
SUBJ_NER_083,40,reminiscence,1,1.0,1240,0,0,1.0,0,31,0
SUBJ_NER_083,41,memory_match,1,1.0,1366,0,0,1.0,0,32,0
SUBJ_NER_083,42,pattern_recognition,1,1.0,1217,0,0,1.0,0,33,0
SUBJ_NER_083,43,routine_recall,1,1.0,1484,0,0,1.0,0,34,0
SUBJ_NER_083,44,object_memory,1,1.0,1315,0,0,1.0,0,35,0
SUBJ_NER_083,45,reminiscence,1,0.0,1536,1,0,1.0,0,36,0
SUBJ_NER_083,46,memory_match,1,1.0,1498,0,0,1.0,0,37,0
SUBJ_NER_083,47,pattern_recognition,1,0.0,1679,1,1,1.0,0,38,0
SUBJ_NER_083,48,routine_recall,1,0.0,2204,2,0,1.0,0,39,0
SUBJ_NER_083,49,object_memory,1,1.0,1414,0,0,1.0,0,40,0
SUBJ_NER_083,50,reminiscence,1,1.0,1174,0,0,1.0,0,41,0
SUBJ_NER_083,51,memory_match,1,1.0,1352,0,0,1.0,0,42,0
SUBJ_NER_083,52,pattern_recognition,1,1.0,1255,0,0,1.0,0,43,0
SUBJ_NER_083,53,routine_recall,1,1.0,1392,0,0,1.0,0,44,0
SUBJ_NER_083,54,object_memory,1,0.0,1355,3,1,1.0,0,45,0
SUBJ_NER_083,55,reminiscence,1,1.0,1289,0,0,1.0,0,46,0
SUBJ_NER_083,56,memory_match,1,1.0,1451,0,0,1.0,0,47,0
SUBJ_NER_083,57,pattern_recognition,1,1.0,1203,0,0,1.0,0,48,0
SUBJ_NER_083,58,routine_recall,1,0.0,2200,1,1,1.0,0,49,0
SUBJ_NER_083,59,object_memory,1,1.0,1751,0,0,1.0,0,50,0
SUBJ_NER_083,60,reminiscence,1,0.0,1659,2,0,1.0,0,51,0
SUBJ_NER_084,1,memory_match,1,0.0,1552,2,0,1.0,0,1,0
SUBJ_NER_084,2,pattern_recognition,1,0.0,1662,3,0,1.0,0,2,0
SUBJ_NER_084,3,routine_recall,1,1.0,1509,0,0,1.0,0,3,0
SUBJ_NER_084,4,object_memory,1,0.0,1187,1,1,1.0,0,4,0
SUBJ_NER_084,5,reminiscence,1,1.0,1160,0,0,1.0,0,5,0
SUBJ_NER_084,6,memory_match,1,0.0,1506,1,0,1.0,0,6,0
SUBJ_NER_084,7,pattern_recognition,1,1.0,1319,0,0,1.0,0,7,0
SUBJ_NER_084,8,routine_recall,1,0.0,2168,1,0,1.0,0,8,0
SUBJ_NER_084,9,object_memory,1,1.0,969,0,0,1.0,0,9,0
SUBJ_NER_084,10,reminiscence,1,1.0,1203,0,0,1.0,0,10,0
SUBJ_NER_084,11,memory_match,1,1.0,904,0,0,1.0,0,11,0
SUBJ_NER_084,12,pattern_recognition,1,1.0,1740,0,0,1.0,0,12,0
SUBJ_NER_084,13,routine_recall,1,1.0,1630,0,0,1.0,0,13,0
SUBJ_NER_084,14,object_memory,1,1.0,959,0,0,1.0,0,14,0
SUBJ_NER_084,15,reminiscence,1,1.0,1079,0,0,1.0,0,15,0
SUBJ_NER_084,16,memory_match,1,1.0,1558,0,0,1.0,0,16,0
SUBJ_NER_084,17,pattern_recognition,1,0.0,1457,2,0,1.0,0,17,0
SUBJ_NER_084,18,routine_recall,1,1.0,966,0,0,1.0,0,18,0
SUBJ_NER_084,19,object_memory,1,1.0,1317,0,0,1.0,0,19,0
SUBJ_NER_084,20,reminiscence,1,1.0,1191,0,0,1.0,0,20,0
SUBJ_NER_084,21,memory_match,1,0.0,1415,2,0,1.0,0,21,0
SUBJ_NER_084,22,pattern_recognition,1,0.0,1578,2,1,1.0,0,22,0
SUBJ_NER_084,23,routine_recall,1,1.0,1105,0,0,1.0,0,23,0
SUBJ_NER_084,24,object_memory,1,0.0,1311,1,0,1.0,0,24,0
SUBJ_NER_084,25,reminiscence,1,1.0,1960,0,0,1.0,0,25,0
SUBJ_NER_084,26,memory_match,1,1.0,1026,0,0,1.0,0,26,0
SUBJ_NER_084,27,pattern_recognition,1,1.0,1290,0,0,1.0,0,27,0
SUBJ_NER_084,28,routine_recall,1,1.0,1580,0,0,1.0,0,28,0
SUBJ_NER_084,29,object_memory,1,1.0,1016,0,0,1.0,0,29,0
SUBJ_NER_084,30,reminiscence,1,1.0,1021,0,0,1.0,0,30,0
SUBJ_NER_084,31,memory_match,1,1.0,1063,0,0,1.0,0,31,0
SUBJ_NER_084,32,pattern_recognition,1,1.0,1128,0,0,1.0,0,32,0
SUBJ_NER_084,33,routine_recall,1,0.0,1549,2,1,1.0,0,33,0
SUBJ_NER_084,34,object_memory,1,1.0,1413,0,0,1.0,0,34,0
SUBJ_NER_084,35,reminiscence,1,1.0,1437,0,0,1.0,0,35,0
SUBJ_NER_084,36,memory_match,1,1.0,962,0,0,1.0,0,36,0
SUBJ_NER_084,37,pattern_recognition,1,1.0,1257,0,0,1.0,0,37,0
SUBJ_NER_084,38,routine_recall,1,1.0,1224,0,0,1.0,0,38,0
SUBJ_NER_084,39,object_memory,1,1.0,1383,0,0,1.0,0,39,0
SUBJ_NER_084,40,reminiscence,1,0.0,1179,1,0,1.0,0,40,0
SUBJ_NER_084,41,memory_match,1,1.0,925,0,0,1.0,0,41,0
SUBJ_NER_084,42,pattern_recognition,1,1.0,1324,0,0,1.0,0,42,0
SUBJ_NER_084,43,routine_recall,1,1.0,1270,0,0,1.0,0,43,0
SUBJ_NER_084,44,object_memory,1,1.0,867,0,0,1.0,0,44,0
SUBJ_NER_084,45,reminiscence,1,1.0,1214,0,0,1.0,0,45,0
SUBJ_NER_084,46,memory_match,1,1.0,1661,0,0,1.0,0,46,0
SUBJ_NER_084,47,pattern_recognition,1,1.0,1193,0,0,1.0,0,47,0
SUBJ_NER_084,48,routine_recall,1,1.0,1184,0,0,1.0,0,48,0
SUBJ_NER_084,49,object_memory,1,1.0,1136,0,0,1.0,0,49,0
SUBJ_NER_084,50,reminiscence,1,1.0,911,0,0,1.0,0,50,0
SUBJ_NER_084,51,memory_match,1,1.0,1482,0,0,1.0,0,51,0
SUBJ_NER_084,52,pattern_recognition,1,1.0,950,0,0,1.0,0,52,0
SUBJ_NER_084,53,routine_recall,1,1.0,879,0,0,1.0,0,53,0
SUBJ_NER_084,54,object_memory,1,0.0,1217,1,0,1.0,0,54,0
SUBJ_NER_084,55,reminiscence,1,1.0,1189,0,0,1.0,0,55,0
SUBJ_NER_084,56,memory_match,1,1.0,1198,0,0,1.0,0,56,0
SUBJ_NER_084,57,pattern_recognition,1,0.0,1574,1,0,1.0,0,57,0
SUBJ_NER_084,58,routine_recall,1,1.0,1401,0,0,0.8,0,58,0
SUBJ_NER_084,59,object_memory,1,1.0,1173,0,0,1.0,0,59,0
SUBJ_NER_084,60,reminiscence,1,1.0,1215,0,0,0.5,0,60,0
SUBJ_NER_085,1,memory_match,1,1.0,2102,0,0,1.0,1,0,1
SUBJ_NER_085,2,pattern_recognition,1,1.0,2237,0,0,1.0,2,0,2
SUBJ_NER_085,3,routine_recall,2,1.0,2467,0,0,1.0,3,0,2
SUBJ_NER_085,4,object_memory,3,1.0,3491,0,0,1.0,4,0,2
SUBJ_NER_085,5,reminiscence,4,0.0,3218,1,0,1.0,0,1,0
SUBJ_NER_085,6,memory_match,3,0.0,3246,1,0,1.0,0,2,0
SUBJ_NER_085,7,pattern_recognition,2,0.0,3571,2,0,1.0,0,3,0
SUBJ_NER_085,8,routine_recall,1,0.0,2550,1,1,1.0,0,4,0
SUBJ_NER_085,9,object_memory,1,1.0,2032,0,0,1.0,0,5,0
SUBJ_NER_085,10,reminiscence,1,0.0,3530,1,1,1.0,0,6,0
SUBJ_NER_085,11,memory_match,1,1.0,3254,0,0,1.0,0,7,0
SUBJ_NER_085,12,pattern_recognition,1,0.0,2667,1,0,1.0,0,8,0
SUBJ_NER_085,13,routine_recall,1,1.0,2038,0,0,1.0,0,9,0
SUBJ_NER_085,14,object_memory,1,0.0,3313,1,0,1.0,0,10,0
SUBJ_NER_085,15,reminiscence,1,0.0,2612,1,0,1.0,0,11,0
SUBJ_NER_085,16,memory_match,1,0.0,3049,2,0,1.0,0,12,0
SUBJ_NER_085,17,pattern_recognition,1,1.0,1973,0,0,1.0,0,13,0
SUBJ_NER_085,18,routine_recall,1,0.0,2890,1,0,1.0,0,14,0
SUBJ_NER_085,19,object_memory,1,1.0,2100,0,0,1.0,0,15,0
SUBJ_NER_085,20,reminiscence,1,0.0,2611,1,0,1.0,0,16,0
SUBJ_NER_085,21,memory_match,1,0.0,2344,1,1,1.0,0,17,0
SUBJ_NER_085,22,pattern_recognition,1,1.0,3280,0,0,1.0,0,18,0
SUBJ_NER_085,23,routine_recall,1,1.0,2055,0,0,1.0,0,19,0
SUBJ_NER_085,24,object_memory,1,1.0,2273,0,0,1.0,0,20,0
SUBJ_NER_085,25,reminiscence,1,0.0,2938,1,0,1.0,0,21,0
SUBJ_NER_085,26,memory_match,1,1.0,2366,0,0,1.0,0,22,0
SUBJ_NER_085,27,pattern_recognition,1,0.0,4000,1,0,1.0,0,23,0
SUBJ_NER_085,28,routine_recall,1,0.0,2125,1,1,1.0,0,24,0
SUBJ_NER_085,29,object_memory,1,1.0,1965,0,0,1.0,0,25,0
SUBJ_NER_085,30,reminiscence,1,0.0,2185,3,0,1.0,0,26,0
SUBJ_NER_085,31,memory_match,1,0.0,2763,2,0,1.0,0,27,0
SUBJ_NER_085,32,pattern_recognition,1,1.0,2200,0,0,1.0,0,28,0
SUBJ_NER_085,33,routine_recall,1,1.0,2394,0,0,1.0,0,29,0
SUBJ_NER_085,34,object_memory,1,1.0,3760,0,0,1.0,0,30,0
SUBJ_NER_085,35,reminiscence,1,1.0,3020,0,0,1.0,0,31,0
SUBJ_NER_085,36,memory_match,1,1.0,2214,0,0,1.0,0,32,0
SUBJ_NER_085,37,pattern_recognition,1,1.0,2486,0,0,1.0,0,33,0
SUBJ_NER_085,38,routine_recall,1,0.0,4210,1,0,1.0,0,34,0
SUBJ_NER_085,39,object_memory,1,1.0,1688,0,0,1.0,0,35,0
SUBJ_NER_085,40,reminiscence,1,0.0,3233,2,0,1.0,0,36,0
SUBJ_NER_085,41,memory_match,1,0.0,3311,2,1,1.0,0,37,0
SUBJ_NER_085,42,pattern_recognition,1,1.0,2337,0,0,1.0,0,38,0
SUBJ_NER_085,43,routine_recall,1,0.0,3069,1,1,1.0,0,39,0
SUBJ_NER_085,44,object_memory,1,0.0,3617,1,1,1.0,0,40,0
SUBJ_NER_085,45,reminiscence,1,0.0,1884,1,0,1.0,0,41,0
SUBJ_NER_085,46,memory_match,1,0.0,3489,3,2,1.0,0,42,0
SUBJ_NER_085,47,pattern_recognition,1,0.0,3200,1,0,1.0,0,43,0
SUBJ_NER_085,48,routine_recall,1,1.0,2427,0,0,1.0,0,44,0
SUBJ_NER_085,49,object_memory,1,0.0,2344,2,1,1.0,0,45,0
SUBJ_NER_085,50,reminiscence,1,0.0,2227,1,2,1.0,0,46,0
SUBJ_NER_085,51,memory_match,1,1.0,1902,0,0,1.0,0,47,0
SUBJ_NER_085,52,pattern_recognition,1,1.0,1636,0,0,1.0,0,48,0
SUBJ_NER_085,53,routine_recall,1,1.0,2537,0,0,1.0,0,49,0
SUBJ_NER_085,54,object_memory,1,0.0,2215,1,0,1.0,0,50,0
SUBJ_NER_085,55,reminiscence,1,0.0,2133,1,0,0.8,0,51,0
SUBJ_NER_085,56,memory_match,1,0.0,2191,2,0,1.0,0,52,0
SUBJ_NER_085,57,pattern_recognition,1,0.0,2756,1,0,1.0,0,53,0
SUBJ_NER_085,58,routine_recall,1,0.0,2606,1,1,1.0,0,54,0
SUBJ_NER_085,59,object_memory,1,0.0,3539,1,0,1.0,0,55,0
SUBJ_NER_085,60,reminiscence,1,0.0,2505,1,1,0.5,0,56,0
SUBJ_NER_086,1,memory_match,1,1.0,1795,0,0,1.0,1,0,1
SUBJ_NER_086,2,pattern_recognition,1,1.0,2460,0,0,1.0,2,0,2
SUBJ_NER_086,3,routine_recall,2,0.0,2995,1,0,1.0,0,1,0
SUBJ_NER_086,4,object_memory,1,1.0,2694,0,0,1.0,1,0,1
SUBJ_NER_086,5,reminiscence,1,1.0,2663,0,0,1.0,2,0,2
SUBJ_NER_086,6,memory_match,2,1.0,2294,0,0,1.0,3,0,2
SUBJ_NER_086,7,pattern_recognition,3,0.0,2968,2,0,1.0,0,1,0
SUBJ_NER_086,8,routine_recall,2,0.0,2734,1,0,1.0,0,2,0
SUBJ_NER_086,9,object_memory,1,0.0,4445,1,0,1.0,0,3,0
SUBJ_NER_086,10,reminiscence,1,0.0,3623,1,0,1.0,0,4,0
SUBJ_NER_086,11,memory_match,1,0.0,3688,3,0,1.0,0,5,0
SUBJ_NER_086,12,pattern_recognition,1,1.0,2553,0,0,1.0,0,6,0
SUBJ_NER_086,13,routine_recall,1,1.0,2172,0,0,1.0,0,7,0
SUBJ_NER_086,14,object_memory,1,1.0,2528,0,0,1.0,0,8,0
SUBJ_NER_086,15,reminiscence,1,0.0,2680,1,2,1.0,0,9,0
SUBJ_NER_086,16,memory_match,1,1.0,2249,0,0,1.0,0,10,0
SUBJ_NER_086,17,pattern_recognition,1,0.0,3410,1,0,1.0,0,11,0
SUBJ_NER_086,18,routine_recall,1,0.0,2818,1,1,1.0,0,12,0
SUBJ_NER_086,19,object_memory,1,0.0,2318,1,0,1.0,0,13,0
SUBJ_NER_086,20,reminiscence,1,1.0,2729,0,0,1.0,0,14,0
SUBJ_NER_086,21,memory_match,1,0.0,2454,1,0,1.0,0,15,0
SUBJ_NER_086,22,pattern_recognition,1,1.0,2491,0,0,1.0,0,16,0
SUBJ_NER_086,23,routine_recall,1,0.0,2130,1,0,1.0,0,17,0
SUBJ_NER_086,24,object_memory,1,0.0,2529,2,0,1.0,0,18,0
SUBJ_NER_086,25,reminiscence,1,0.0,3094,1,1,1.0,0,19,0
SUBJ_NER_086,26,memory_match,1,1.0,1978,0,0,1.0,0,20,0
SUBJ_NER_086,27,pattern_recognition,1,0.0,2021,1,0,1.0,0,21,0
SUBJ_NER_086,28,routine_recall,1,0.0,3118,1,0,1.0,0,22,0
SUBJ_NER_086,29,object_memory,1,0.0,2797,2,0,1.0,0,23,0
SUBJ_NER_086,30,reminiscence,1,0.0,3315,1,0,1.0,0,24,0
SUBJ_NER_086,31,memory_match,1,0.0,2890,3,0,1.0,0,25,0
SUBJ_NER_086,32,pattern_recognition,1,0.0,2116,1,0,1.0,0,26,0
SUBJ_NER_086,33,routine_recall,1,0.0,4443,3,0,1.0,0,27,0
SUBJ_NER_086,34,object_memory,1,0.0,4631,2,1,1.0,0,28,0
SUBJ_NER_086,35,reminiscence,1,0.0,2897,3,0,1.0,0,29,0
SUBJ_NER_086,36,memory_match,1,0.0,3105,1,0,1.0,0,30,0
SUBJ_NER_086,37,pattern_recognition,1,1.0,3018,0,0,1.0,0,31,0
SUBJ_NER_086,38,routine_recall,1,1.0,2174,0,0,1.0,0,32,0
SUBJ_NER_086,39,object_memory,1,1.0,2320,0,0,1.0,0,33,0
SUBJ_NER_086,40,reminiscence,1,1.0,2744,0,0,1.0,0,34,0
SUBJ_NER_086,41,memory_match,1,0.0,1658,3,0,1.0,0,35,0
SUBJ_NER_086,42,pattern_recognition,1,1.0,2139,0,0,1.0,0,36,0
SUBJ_NER_086,43,routine_recall,1,1.0,2517,0,0,1.0,0,37,0
SUBJ_NER_086,44,object_memory,1,1.0,2707,0,0,1.0,0,38,0
SUBJ_NER_086,45,reminiscence,1,0.0,2438,2,0,1.0,0,39,0
SUBJ_NER_086,46,memory_match,1,1.0,2957,0,0,1.0,0,40,0
SUBJ_NER_086,47,pattern_recognition,1,1.0,3882,0,0,1.0,0,41,0
SUBJ_NER_086,48,routine_recall,1,0.0,3649,3,0,1.0,0,42,0
SUBJ_NER_086,49,object_memory,1,0.0,2846,1,1,1.0,0,43,0
SUBJ_NER_086,50,reminiscence,1,1.0,1904,0,0,1.0,0,44,0
SUBJ_NER_086,51,memory_match,1,0.0,3329,2,0,1.0,0,45,0
SUBJ_NER_086,52,pattern_recognition,1,0.0,3362,2,0,1.0,0,46,0
SUBJ_NER_086,53,routine_recall,1,1.0,1702,0,0,1.0,0,47,0
SUBJ_NER_086,54,object_memory,1,0.0,3221,1,2,1.0,0,48,0
SUBJ_NER_086,55,reminiscence,1,1.0,2539,0,0,1.0,0,49,0
SUBJ_NER_086,56,memory_match,1,1.0,1999,0,0,0.5,0,50,0
SUBJ_NER_086,57,pattern_recognition,1,0.0,2357,1,1,1.0,0,51,0
SUBJ_NER_086,58,routine_recall,1,0.0,2171,1,1,1.0,0,52,0
SUBJ_NER_086,59,object_memory,1,1.0,2189,0,0,1.0,0,53,0
SUBJ_NER_086,60,reminiscence,1,1.0,3158,0,0,1.0,0,54,0
SUBJ_NER_087,1,memory_match,1,1.0,1542,0,0,1.0,1,0,1
SUBJ_NER_087,2,pattern_recognition,1,1.0,1065,0,0,1.0,2,0,2
SUBJ_NER_087,3,routine_recall,2,1.0,1096,0,0,1.0,3,0,2
SUBJ_NER_087,4,object_memory,3,1.0,1951,0,0,1.0,4,0,2
SUBJ_NER_087,5,reminiscence,4,1.0,1707,0,0,1.0,5,0,2
SUBJ_NER_087,6,memory_match,5,1.0,2024,0,0,1.0,6,0,2
SUBJ_NER_087,7,pattern_recognition,6,0.0,2644,1,0,1.0,0,1,0
SUBJ_NER_087,8,routine_recall,5,1.0,2055,0,0,1.0,1,0,1
SUBJ_NER_087,9,object_memory,5,1.0,1799,0,0,1.0,2,0,2
SUBJ_NER_087,10,reminiscence,6,1.0,2890,0,0,1.0,3,0,2
SUBJ_NER_087,11,memory_match,7,1.0,2947,0,0,1.0,4,0,2
SUBJ_NER_087,12,pattern_recognition,8,1.0,2372,0,0,1.0,5,0,2
SUBJ_NER_087,13,routine_recall,9,0.0,2853,1,2,1.0,0,1,0
SUBJ_NER_087,14,object_memory,8,0.0,2762,2,0,1.0,0,2,0
SUBJ_NER_087,15,reminiscence,7,0.0,3066,2,0,1.0,0,3,0
SUBJ_NER_087,16,memory_match,6,1.0,2073,0,0,1.0,0,4,0
SUBJ_NER_087,17,pattern_recognition,5,0.0,2370,2,0,1.0,0,5,0
SUBJ_NER_087,18,routine_recall,4,1.0,1267,0,0,1.0,0,6,0
SUBJ_NER_087,19,object_memory,3,1.0,2293,0,0,1.0,0,7,0
SUBJ_NER_087,20,reminiscence,2,1.0,1980,0,0,1.0,0,8,0
SUBJ_NER_087,21,memory_match,1,1.0,1123,0,0,1.0,0,9,0
SUBJ_NER_087,22,pattern_recognition,1,0.0,1318,2,0,1.0,0,10,0
SUBJ_NER_087,23,routine_recall,1,1.0,1530,0,0,1.0,0,11,0
SUBJ_NER_087,24,object_memory,1,1.0,1942,0,0,1.0,0,12,0
SUBJ_NER_087,25,reminiscence,1,1.0,1256,0,0,1.0,0,13,0
SUBJ_NER_087,26,memory_match,1,1.0,1206,0,0,1.0,0,14,0
SUBJ_NER_087,27,pattern_recognition,1,1.0,1295,0,0,1.0,0,15,0
SUBJ_NER_087,28,routine_recall,1,1.0,972,0,0,1.0,0,16,0
SUBJ_NER_087,29,object_memory,1,1.0,1378,0,0,1.0,0,17,0
SUBJ_NER_087,30,reminiscence,1,1.0,1472,0,0,1.0,0,18,0
SUBJ_NER_087,31,memory_match,1,1.0,1622,0,0,1.0,0,19,0
SUBJ_NER_087,32,pattern_recognition,1,1.0,1632,0,0,1.0,0,20,0
SUBJ_NER_087,33,routine_recall,1,1.0,1282,0,0,1.0,0,21,0
SUBJ_NER_087,34,object_memory,1,1.0,1305,0,0,1.0,0,22,0
SUBJ_NER_087,35,reminiscence,1,1.0,1272,0,0,1.0,0,23,0
SUBJ_NER_087,36,memory_match,1,1.0,958,0,0,1.0,0,24,0
SUBJ_NER_087,37,pattern_recognition,1,1.0,1308,0,0,1.0,0,25,0
SUBJ_NER_087,38,routine_recall,1,0.0,1190,1,0,1.0,0,26,0
SUBJ_NER_087,39,object_memory,1,0.0,1164,1,0,1.0,0,27,0
SUBJ_NER_087,40,reminiscence,1,1.0,1472,0,0,1.0,0,28,0
SUBJ_NER_087,41,memory_match,1,0.0,1669,1,2,1.0,0,29,0
SUBJ_NER_087,42,pattern_recognition,1,1.0,1144,0,0,1.0,0,30,0
SUBJ_NER_087,43,routine_recall,1,1.0,1112,0,0,1.0,0,31,0
SUBJ_NER_087,44,object_memory,1,0.0,1800,2,0,1.0,0,32,0
SUBJ_NER_087,45,reminiscence,1,1.0,1345,0,0,1.0,0,33,0
SUBJ_NER_087,46,memory_match,1,1.0,1451,0,0,1.0,0,34,0
SUBJ_NER_087,47,pattern_recognition,1,1.0,1608,0,0,1.0,0,35,0
SUBJ_NER_087,48,routine_recall,1,0.0,2018,1,0,1.0,0,36,0
SUBJ_NER_087,49,object_memory,1,1.0,1075,0,0,1.0,0,37,0
SUBJ_NER_087,50,reminiscence,1,1.0,1581,0,0,1.0,0,38,0
SUBJ_NER_087,51,memory_match,1,1.0,1269,0,0,1.0,0,39,0
SUBJ_NER_087,52,pattern_recognition,1,1.0,1163,0,0,1.0,0,40,0
SUBJ_NER_087,53,routine_recall,1,1.0,1177,0,0,1.0,0,41,0
SUBJ_NER_087,54,object_memory,1,1.0,1154,0,0,1.0,0,42,0
SUBJ_NER_087,55,reminiscence,1,1.0,1253,0,0,1.0,0,43,0
SUBJ_NER_087,56,memory_match,1,0.0,2336,2,1,1.0,0,44,0
SUBJ_NER_087,57,pattern_recognition,1,0.0,1489,2,0,1.0,0,45,0
SUBJ_NER_087,58,routine_recall,1,1.0,848,0,0,1.0,0,46,0
SUBJ_NER_087,59,object_memory,1,1.0,1325,0,0,1.0,0,47,0
SUBJ_NER_087,60,reminiscence,1,0.0,1943,1,0,1.0,0,48,0
SUBJ_NER_088,1,memory_match,1,1.0,1382,0,0,1.0,1,0,1
SUBJ_NER_088,2,pattern_recognition,1,1.0,1518,0,0,1.0,2,0,2
SUBJ_NER_088,3,routine_recall,2,1.0,2631,0,0,1.0,3,0,2
SUBJ_NER_088,4,object_memory,3,1.0,1582,0,0,1.0,4,0,2
SUBJ_NER_088,5,reminiscence,4,1.0,2456,0,0,1.0,5,0,2
SUBJ_NER_088,6,memory_match,5,0.0,3785,2,1,1.0,0,1,0
SUBJ_NER_088,7,pattern_recognition,4,1.0,2382,0,0,1.0,1,0,1
SUBJ_NER_088,8,routine_recall,4,1.0,1826,0,0,1.0,2,0,2
SUBJ_NER_088,9,object_memory,5,1.0,2407,0,0,1.0,3,0,2
SUBJ_NER_088,10,reminiscence,6,1.0,1708,0,0,1.0,4,0,2
SUBJ_NER_088,11,memory_match,7,0.0,2679,2,0,1.0,0,1,0
SUBJ_NER_088,12,pattern_recognition,6,0.0,2725,1,0,1.0,0,2,0
SUBJ_NER_088,13,routine_recall,5,0.0,2172,2,0,1.0,0,3,0
SUBJ_NER_088,14,object_memory,4,1.0,1512,0,0,1.0,0,4,0
SUBJ_NER_088,15,reminiscence,3,1.0,1816,0,0,1.0,0,5,0
SUBJ_NER_088,16,memory_match,2,1.0,1192,0,0,1.0,0,6,0
SUBJ_NER_088,17,pattern_recognition,1,0.0,1834,1,0,1.0,0,7,0
SUBJ_NER_088,18,routine_recall,1,1.0,2224,0,0,1.0,0,8,0
SUBJ_NER_088,19,object_memory,1,0.0,1567,1,0,1.0,0,9,0
SUBJ_NER_088,20,reminiscence,1,1.0,1943,0,0,1.0,0,10,0
SUBJ_NER_088,21,memory_match,1,1.0,2328,0,0,1.0,0,11,0
SUBJ_NER_088,22,pattern_recognition,1,1.0,1446,0,0,1.0,0,12,0
SUBJ_NER_088,23,routine_recall,1,1.0,1586,0,0,1.0,0,13,0
SUBJ_NER_088,24,object_memory,1,1.0,1485,0,0,1.0,0,14,0
SUBJ_NER_088,25,reminiscence,1,1.0,1249,0,0,1.0,0,15,0
SUBJ_NER_088,26,memory_match,1,0.0,1663,2,0,1.0,0,16,0
SUBJ_NER_088,27,pattern_recognition,1,0.0,1628,1,2,1.0,0,17,0
SUBJ_NER_088,28,routine_recall,1,1.0,1349,0,0,1.0,0,18,0
SUBJ_NER_088,29,object_memory,1,0.0,2170,1,1,1.0,0,19,0
SUBJ_NER_088,30,reminiscence,1,1.0,1777,0,0,1.0,0,20,0
SUBJ_NER_088,31,memory_match,1,1.0,1545,0,0,1.0,0,21,0
SUBJ_NER_088,32,pattern_recognition,1,0.0,1437,1,0,1.0,0,22,0
SUBJ_NER_088,33,routine_recall,1,1.0,1996,0,0,1.0,0,23,0
SUBJ_NER_088,34,object_memory,1,1.0,1407,0,0,1.0,0,24,0
SUBJ_NER_088,35,reminiscence,1,1.0,1644,0,0,1.0,0,25,0
SUBJ_NER_088,36,memory_match,1,1.0,1437,0,0,1.0,0,26,0
SUBJ_NER_088,37,pattern_recognition,1,1.0,1611,0,0,1.0,0,27,0
SUBJ_NER_088,38,routine_recall,1,1.0,1656,0,0,1.0,0,28,0
SUBJ_NER_088,39,object_memory,1,0.0,1463,1,1,1.0,0,29,0
SUBJ_NER_088,40,reminiscence,1,1.0,1520,0,0,1.0,0,30,0
SUBJ_NER_088,41,memory_match,1,1.0,1463,0,0,1.0,0,31,0
SUBJ_NER_088,42,pattern_recognition,1,1.0,1478,0,0,1.0,0,32,0
SUBJ_NER_088,43,routine_recall,1,1.0,1155,0,0,1.0,0,33,0
SUBJ_NER_088,44,object_memory,1,1.0,2055,0,0,1.0,0,34,0
SUBJ_NER_088,45,reminiscence,1,0.0,1184,1,1,1.0,0,35,0
SUBJ_NER_088,46,memory_match,1,0.0,1644,1,0,1.0,0,36,0
SUBJ_NER_088,47,pattern_recognition,1,1.0,1299,0,0,1.0,0,37,0
SUBJ_NER_088,48,routine_recall,1,1.0,2211,0,0,1.0,0,38,0
SUBJ_NER_088,49,object_memory,1,1.0,1803,0,0,1.0,0,39,0
SUBJ_NER_088,50,reminiscence,1,1.0,1098,0,0,1.0,0,40,0
SUBJ_NER_088,51,memory_match,1,1.0,1285,0,0,1.0,0,41,0
SUBJ_NER_088,52,pattern_recognition,1,1.0,1984,0,0,1.0,0,42,0
SUBJ_NER_088,53,routine_recall,1,1.0,2399,0,0,1.0,0,43,0
SUBJ_NER_088,54,object_memory,1,1.0,1689,0,0,1.0,0,44,0
SUBJ_NER_088,55,reminiscence,1,1.0,1383,0,0,1.0,0,45,0
SUBJ_NER_088,56,memory_match,1,0.0,3006,1,0,1.0,0,46,0
SUBJ_NER_088,57,pattern_recognition,1,1.0,1121,0,0,1.0,0,47,0
SUBJ_NER_088,58,routine_recall,1,1.0,1534,0,0,1.0,0,48,0
SUBJ_NER_088,59,object_memory,1,1.0,1639,0,0,1.0,0,49,0
SUBJ_NER_088,60,reminiscence,1,1.0,1915,0,0,1.0,0,50,0
SUBJ_NER_089,1,memory_match,1,0.0,2307,2,0,1.0,0,1,0
SUBJ_NER_089,2,pattern_recognition,1,0.0,2046,2,0,1.0,0,2,0
SUBJ_NER_089,3,routine_recall,1,0.0,1882,3,1,1.0,0,3,0
SUBJ_NER_089,4,object_memory,1,0.0,1620,1,0,1.0,0,4,0
SUBJ_NER_089,5,reminiscence,1,1.0,1369,0,0,1.0,0,5,0
SUBJ_NER_089,6,memory_match,1,0.0,2193,2,0,1.0,0,6,0
SUBJ_NER_089,7,pattern_recognition,1,0.0,1596,2,0,1.0,0,7,0
SUBJ_NER_089,8,routine_recall,1,0.0,1810,1,0,1.0,0,8,0
SUBJ_NER_089,9,object_memory,1,0.0,2735,1,0,1.0,0,9,0
SUBJ_NER_089,10,reminiscence,1,0.0,1298,1,0,1.0,0,10,0
SUBJ_NER_089,11,memory_match,1,0.0,2379,2,0,1.0,0,11,0
SUBJ_NER_089,12,pattern_recognition,1,0.0,1964,1,0,1.0,0,12,0
SUBJ_NER_089,13,routine_recall,1,1.0,1396,0,0,1.0,0,13,0
SUBJ_NER_089,14,object_memory,1,0.0,1983,1,0,1.0,0,14,0
SUBJ_NER_089,15,reminiscence,1,0.0,2628,1,1,1.0,0,15,0
SUBJ_NER_089,16,memory_match,1,0.0,1423,1,0,1.0,0,16,0
SUBJ_NER_089,17,pattern_recognition,1,1.0,1972,0,0,1.0,0,17,0
SUBJ_NER_089,18,routine_recall,1,0.0,2049,1,0,1.0,0,18,0
SUBJ_NER_089,19,object_memory,1,0.0,2179,2,0,1.0,0,19,0
SUBJ_NER_089,20,reminiscence,1,1.0,1737,0,0,1.0,0,20,0
SUBJ_NER_089,21,memory_match,1,0.0,1840,3,0,1.0,0,21,0
SUBJ_NER_089,22,pattern_recognition,1,0.0,2040,1,1,1.0,0,22,0
SUBJ_NER_089,23,routine_recall,1,0.0,1850,2,0,1.0,0,23,0
SUBJ_NER_089,24,object_memory,1,0.0,2484,1,0,1.0,0,24,0
SUBJ_NER_089,25,reminiscence,1,0.0,1781,1,1,1.0,0,25,0
SUBJ_NER_089,26,memory_match,1,0.0,1505,1,0,1.0,0,26,0
SUBJ_NER_089,27,pattern_recognition,1,0.0,1463,3,0,1.0,0,27,0
SUBJ_NER_089,28,routine_recall,1,0.0,1342,3,0,1.0,0,28,0
SUBJ_NER_089,29,object_memory,1,0.0,2382,1,0,1.0,0,29,0
SUBJ_NER_089,30,reminiscence,1,0.0,1844,2,0,1.0,0,30,0
SUBJ_NER_089,31,memory_match,1,0.0,1786,2,0,1.0,0,31,0
SUBJ_NER_089,32,pattern_recognition,1,0.0,2047,1,1,1.0,0,32,0
SUBJ_NER_089,33,routine_recall,1,1.0,1924,0,0,1.0,0,33,0
SUBJ_NER_089,34,object_memory,1,0.0,1769,1,1,1.0,0,34,0
SUBJ_NER_089,35,reminiscence,1,0.0,1529,3,0,1.0,0,35,0
SUBJ_NER_089,36,memory_match,1,1.0,1543,0,0,1.0,0,36,0
SUBJ_NER_089,37,pattern_recognition,1,0.0,2110,2,1,1.0,0,37,0
SUBJ_NER_089,38,routine_recall,1,1.0,1490,0,0,1.0,0,38,0
SUBJ_NER_089,39,object_memory,1,0.0,2302,1,0,1.0,0,39,0
SUBJ_NER_089,40,reminiscence,1,0.0,2548,2,0,1.0,0,40,0
SUBJ_NER_089,41,memory_match,1,1.0,1747,0,0,1.0,0,41,0
SUBJ_NER_089,42,pattern_recognition,1,0.0,2644,1,0,1.0,0,42,0
SUBJ_NER_089,43,routine_recall,1,0.0,1640,3,1,1.0,0,43,0
SUBJ_NER_089,44,object_memory,1,0.0,1671,2,0,1.0,0,44,0
SUBJ_NER_089,45,reminiscence,1,0.0,1855,2,2,1.0,0,45,0
SUBJ_NER_089,46,memory_match,1,0.0,1337,1,1,1.0,0,46,0
SUBJ_NER_089,47,pattern_recognition,1,1.0,1167,0,0,1.0,0,47,0
SUBJ_NER_089,48,routine_recall,1,0.0,2659,2,0,1.0,0,48,0
SUBJ_NER_089,49,object_memory,1,1.0,1820,0,0,1.0,0,49,0
SUBJ_NER_089,50,reminiscence,1,0.0,1912,3,1,1.0,0,50,0
SUBJ_NER_089,51,memory_match,1,0.0,2044,1,0,1.0,0,51,0
SUBJ_NER_089,52,pattern_recognition,1,0.0,1592,1,0,1.0,0,52,0
SUBJ_NER_089,53,routine_recall,1,0.0,2039,3,0,1.0,0,53,0
SUBJ_NER_089,54,object_memory,1,0.0,1653,1,0,1.0,0,54,0
SUBJ_NER_089,55,reminiscence,1,0.0,1427,1,0,1.0,0,55,0
SUBJ_NER_089,56,memory_match,1,0.0,1719,2,0,1.0,0,56,0
SUBJ_NER_089,57,pattern_recognition,1,0.0,2084,1,0,1.0,0,57,0
SUBJ_NER_089,58,routine_recall,1,0.0,1842,1,0,1.0,0,58,0
SUBJ_NER_089,59,object_memory,1,0.0,1544,2,0,1.0,0,59,0
SUBJ_NER_089,60,reminiscence,1,0.0,2418,1,0,1.0,0,60,0
SUBJ_NER_090,1,memory_match,1,1.0,1430,0,0,1.0,1,0,1
SUBJ_NER_090,2,pattern_recognition,1,1.0,1583,0,0,1.0,2,0,2
SUBJ_NER_090,3,routine_recall,2,1.0,1485,0,0,1.0,3,0,2
SUBJ_NER_090,4,object_memory,3,0.0,1954,2,0,1.0,0,1,0
SUBJ_NER_090,5,reminiscence,2,1.0,1205,0,0,1.0,1,0,1
SUBJ_NER_090,6,memory_match,2,1.0,1762,0,0,1.0,2,0,2
SUBJ_NER_090,7,pattern_recognition,3,1.0,1711,0,0,1.0,3,0,2
SUBJ_NER_090,8,routine_recall,4,1.0,1869,0,0,1.0,4,0,2
SUBJ_NER_090,9,object_memory,5,1.0,1819,0,0,1.0,5,0,2
SUBJ_NER_090,10,reminiscence,6,1.0,2169,0,0,1.0,6,0,2
SUBJ_NER_090,11,memory_match,7,0.0,2791,1,0,1.0,0,1,0
SUBJ_NER_090,12,pattern_recognition,6,1.0,2089,0,0,1.0,1,0,1
SUBJ_NER_090,13,routine_recall,6,0.0,2579,1,0,1.0,0,1,0
SUBJ_NER_090,14,object_memory,5,0.0,1974,1,0,1.0,0,2,0
SUBJ_NER_090,15,reminiscence,4,1.0,1396,0,0,1.0,0,3,0
SUBJ_NER_090,16,memory_match,3,1.0,2071,0,0,1.0,0,4,0
SUBJ_NER_090,17,pattern_recognition,2,1.0,1663,0,0,1.0,0,5,0
SUBJ_NER_090,18,routine_recall,1,1.0,1680,0,0,1.0,0,6,0
SUBJ_NER_090,19,object_memory,1,1.0,876,0,0,1.0,0,7,0
SUBJ_NER_090,20,reminiscence,1,1.0,1304,0,0,1.0,0,8,0
SUBJ_NER_090,21,memory_match,1,1.0,1368,0,0,1.0,0,9,0
SUBJ_NER_090,22,pattern_recognition,1,1.0,1376,0,0,1.0,0,10,0
SUBJ_NER_090,23,routine_recall,1,1.0,1561,0,0,1.0,0,11,0
SUBJ_NER_090,24,object_memory,1,1.0,1349,0,0,1.0,0,12,0
SUBJ_NER_090,25,reminiscence,1,1.0,1637,0,0,1.0,0,13,0
SUBJ_NER_090,26,memory_match,1,1.0,1082,0,0,1.0,0,14,0
SUBJ_NER_090,27,pattern_recognition,1,1.0,1223,0,0,1.0,0,15,0
SUBJ_NER_090,28,routine_recall,1,0.0,1601,2,0,1.0,0,16,0
SUBJ_NER_090,29,object_memory,1,1.0,1448,0,0,1.0,0,17,0
SUBJ_NER_090,30,reminiscence,1,1.0,1200,0,0,1.0,0,18,0
SUBJ_NER_090,31,memory_match,1,1.0,1644,0,0,1.0,0,19,0
SUBJ_NER_090,32,pattern_recognition,1,0.0,1963,1,0,1.0,0,20,0
SUBJ_NER_090,33,routine_recall,1,0.0,1423,1,1,1.0,0,21,0
SUBJ_NER_090,34,object_memory,1,1.0,1065,0,0,1.0,0,22,0
SUBJ_NER_090,35,reminiscence,1,1.0,1509,0,0,1.0,0,23,0
SUBJ_NER_090,36,memory_match,1,1.0,1386,0,0,1.0,0,24,0
SUBJ_NER_090,37,pattern_recognition,1,0.0,1864,2,0,1.0,0,25,0
SUBJ_NER_090,38,routine_recall,1,1.0,1138,0,0,1.0,0,26,0
SUBJ_NER_090,39,object_memory,1,1.0,1236,0,0,1.0,0,27,0
SUBJ_NER_090,40,reminiscence,1,1.0,1793,0,0,1.0,0,28,0
SUBJ_NER_090,41,memory_match,1,0.0,2048,1,0,1.0,0,29,0
SUBJ_NER_090,42,pattern_recognition,1,1.0,1571,0,0,1.0,0,30,0
SUBJ_NER_090,43,routine_recall,1,1.0,1261,0,0,1.0,0,31,0
SUBJ_NER_090,44,object_memory,1,1.0,2486,0,0,1.0,0,32,0
SUBJ_NER_090,45,reminiscence,1,0.0,1102,1,0,1.0,0,33,0
SUBJ_NER_090,46,memory_match,1,1.0,2177,0,0,1.0,0,34,0
SUBJ_NER_090,47,pattern_recognition,1,1.0,1542,0,0,1.0,0,35,0
SUBJ_NER_090,48,routine_recall,1,1.0,1599,0,0,1.0,0,36,0
SUBJ_NER_090,49,object_memory,1,1.0,1054,0,0,1.0,0,37,0
SUBJ_NER_090,50,reminiscence,1,1.0,1097,0,0,1.0,0,38,0
SUBJ_NER_090,51,memory_match,1,0.0,1696,2,0,1.0,0,39,0
SUBJ_NER_090,52,pattern_recognition,1,1.0,1010,0,0,1.0,0,40,0
SUBJ_NER_090,53,routine_recall,1,1.0,1366,0,0,1.0,0,41,0
SUBJ_NER_090,54,object_memory,1,1.0,1807,0,0,1.0,0,42,0
SUBJ_NER_090,55,reminiscence,1,1.0,1298,0,0,1.0,0,43,0
SUBJ_NER_090,56,memory_match,1,1.0,1238,0,0,1.0,0,44,0
SUBJ_NER_090,57,pattern_recognition,1,1.0,1498,0,0,1.0,0,45,0
SUBJ_NER_090,58,routine_recall,1,1.0,1821,0,0,1.0,0,46,0
SUBJ_NER_090,59,object_memory,1,0.0,1863,1,0,1.0,0,47,0
SUBJ_NER_090,60,reminiscence,1,1.0,1193,0,0,1.0,0,48,0
SUBJ_NER_091,1,memory_match,1,1.0,1090,0,0,1.0,1,0,1
SUBJ_NER_091,2,pattern_recognition,1,1.0,1461,0,0,1.0,2,0,2
SUBJ_NER_091,3,routine_recall,2,1.0,1512,0,0,1.0,3,0,2
SUBJ_NER_091,4,object_memory,3,1.0,2036,0,0,1.0,4,0,2
SUBJ_NER_091,5,reminiscence,4,1.0,1676,0,0,1.0,5,0,2
SUBJ_NER_091,6,memory_match,5,1.0,2194,0,0,1.0,6,0,2
SUBJ_NER_091,7,pattern_recognition,6,0.0,3171,2,0,1.0,0,1,0
SUBJ_NER_091,8,routine_recall,5,1.0,1986,0,0,1.0,1,0,1
SUBJ_NER_091,9,object_memory,5,0.0,2967,3,2,1.0,0,1,0
SUBJ_NER_091,10,reminiscence,4,0.0,2491,1,0,1.0,0,2,0
SUBJ_NER_091,11,memory_match,3,1.0,1995,0,0,1.0,0,3,0
SUBJ_NER_091,12,pattern_recognition,2,0.0,2402,1,0,1.0,0,4,0
SUBJ_NER_091,13,routine_recall,1,1.0,1756,0,0,1.0,0,5,0
SUBJ_NER_091,14,object_memory,1,0.0,1603,3,0,1.0,0,6,0
SUBJ_NER_091,15,reminiscence,1,1.0,1137,0,0,1.0,0,7,0
SUBJ_NER_091,16,memory_match,1,1.0,1644,0,0,1.0,0,8,0
SUBJ_NER_091,17,pattern_recognition,1,1.0,1437,0,0,1.0,0,9,0
SUBJ_NER_091,18,routine_recall,1,1.0,1311,0,0,1.0,0,10,0
SUBJ_NER_091,19,object_memory,1,0.0,1435,1,2,1.0,0,11,0
SUBJ_NER_091,20,reminiscence,1,1.0,1700,0,0,1.0,0,12,0
SUBJ_NER_091,21,memory_match,1,1.0,2091,0,0,1.0,0,13,0
SUBJ_NER_091,22,pattern_recognition,1,0.0,1943,1,0,1.0,0,14,0
SUBJ_NER_091,23,routine_recall,1,0.0,2002,3,1,1.0,0,15,0
SUBJ_NER_091,24,object_memory,1,0.0,1541,2,0,1.0,0,16,0
SUBJ_NER_091,25,reminiscence,1,1.0,1149,0,0,1.0,0,17,0
SUBJ_NER_091,26,memory_match,1,1.0,1948,0,0,1.0,0,18,0
SUBJ_NER_091,27,pattern_recognition,1,1.0,1873,0,0,1.0,0,19,0
SUBJ_NER_091,28,routine_recall,1,0.0,2571,1,0,1.0,0,20,0
SUBJ_NER_091,29,object_memory,1,1.0,1599,0,0,1.0,0,21,0
SUBJ_NER_091,30,reminiscence,1,0.0,2322,2,0,1.0,0,22,0
SUBJ_NER_091,31,memory_match,1,1.0,1169,0,0,1.0,0,23,0
SUBJ_NER_091,32,pattern_recognition,1,1.0,1851,0,0,1.0,0,24,0
SUBJ_NER_091,33,routine_recall,1,1.0,2304,0,0,1.0,0,25,0
SUBJ_NER_091,34,object_memory,1,1.0,2052,0,0,1.0,0,26,0
SUBJ_NER_091,35,reminiscence,1,1.0,1357,0,0,1.0,0,27,0
SUBJ_NER_091,36,memory_match,1,0.0,1161,1,0,1.0,0,28,0
SUBJ_NER_091,37,pattern_recognition,1,1.0,1588,0,0,1.0,0,29,0
SUBJ_NER_091,38,routine_recall,1,1.0,1374,0,0,1.0,0,30,0
SUBJ_NER_091,39,object_memory,1,1.0,1674,0,0,1.0,0,31,0
SUBJ_NER_091,40,reminiscence,1,1.0,2129,0,0,1.0,0,32,0
SUBJ_NER_091,41,memory_match,1,0.0,1425,1,0,1.0,0,33,0
SUBJ_NER_091,42,pattern_recognition,1,1.0,1238,0,0,1.0,0,34,0
SUBJ_NER_091,43,routine_recall,1,0.0,2399,1,2,1.0,0,35,0
SUBJ_NER_091,44,object_memory,1,0.0,2558,1,0,1.0,0,36,0
SUBJ_NER_091,45,reminiscence,1,1.0,1110,0,0,1.0,0,37,0
SUBJ_NER_091,46,memory_match,1,1.0,1883,0,0,1.0,0,38,0
SUBJ_NER_091,47,pattern_recognition,1,1.0,1523,0,0,1.0,0,39,0
SUBJ_NER_091,48,routine_recall,1,0.0,2245,1,0,1.0,0,40,0
SUBJ_NER_091,49,object_memory,1,0.0,1825,2,1,1.0,0,41,0
SUBJ_NER_091,50,reminiscence,1,1.0,1619,0,0,1.0,0,42,0
SUBJ_NER_091,51,memory_match,1,1.0,1322,0,0,1.0,0,43,0
SUBJ_NER_091,52,pattern_recognition,1,1.0,1264,0,0,1.0,0,44,0
SUBJ_NER_091,53,routine_recall,1,1.0,1141,0,0,1.0,0,45,0
SUBJ_NER_091,54,object_memory,1,0.0,1481,1,0,1.0,0,46,0
SUBJ_NER_091,55,reminiscence,1,1.0,1179,0,0,1.0,0,47,0
SUBJ_NER_091,56,memory_match,1,1.0,1797,0,0,1.0,0,48,0
SUBJ_NER_091,57,pattern_recognition,1,1.0,1304,0,0,1.0,0,49,0
SUBJ_NER_091,58,routine_recall,1,0.0,2016,1,0,1.0,0,50,0
SUBJ_NER_091,59,object_memory,1,1.0,1819,0,0,1.0,0,51,0
SUBJ_NER_091,60,reminiscence,1,1.0,1609,0,0,1.0,0,52,0
SUBJ_NER_092,1,memory_match,1,0.0,2093,1,1,1.0,0,1,0
SUBJ_NER_092,2,pattern_recognition,1,1.0,1726,0,0,1.0,1,0,1
SUBJ_NER_092,3,routine_recall,1,1.0,1876,0,0,1.0,2,0,2
SUBJ_NER_092,4,object_memory,2,0.0,1353,1,0,1.0,0,1,0
SUBJ_NER_092,5,reminiscence,1,0.0,1836,1,1,1.0,0,2,0
SUBJ_NER_092,6,memory_match,1,0.0,1639,1,0,1.0,0,3,0
SUBJ_NER_092,7,pattern_recognition,1,0.0,1791,1,0,1.0,0,4,0
SUBJ_NER_092,8,routine_recall,1,0.0,2039,1,0,1.0,0,5,0
SUBJ_NER_092,9,object_memory,1,0.0,1888,1,0,1.0,0,6,0
SUBJ_NER_092,10,reminiscence,1,0.0,1397,2,0,1.0,0,7,0
SUBJ_NER_092,11,memory_match,1,0.0,2110,3,0,1.0,0,8,0
SUBJ_NER_092,12,pattern_recognition,1,1.0,1316,0,0,1.0,0,9,0
SUBJ_NER_092,13,routine_recall,1,0.0,1218,1,1,1.0,0,10,0
SUBJ_NER_092,14,object_memory,1,1.0,1667,0,0,1.0,0,11,0
SUBJ_NER_092,15,reminiscence,1,1.0,1250,0,0,1.0,0,12,0
SUBJ_NER_092,16,memory_match,1,0.0,1793,1,0,1.0,0,13,0
SUBJ_NER_092,17,pattern_recognition,1,0.0,1835,2,2,1.0,0,14,0
SUBJ_NER_092,18,routine_recall,1,0.0,2394,1,0,1.0,0,15,0
SUBJ_NER_092,19,object_memory,1,0.0,2516,3,2,1.0,0,16,0
SUBJ_NER_092,20,reminiscence,1,1.0,1587,0,0,1.0,0,17,0
SUBJ_NER_092,21,memory_match,1,0.0,1616,1,1,1.0,0,18,0
SUBJ_NER_092,22,pattern_recognition,1,0.0,1895,2,0,1.0,0,19,0
SUBJ_NER_092,23,routine_recall,1,0.0,2188,1,0,1.0,0,20,0
SUBJ_NER_092,24,object_memory,1,0.0,1495,1,2,1.0,0,21,0
SUBJ_NER_092,25,reminiscence,1,0.0,1821,1,0,1.0,0,22,0
SUBJ_NER_092,26,memory_match,1,0.0,2086,2,0,1.0,0,23,0
SUBJ_NER_092,27,pattern_recognition,1,1.0,1967,0,0,1.0,0,24,0
SUBJ_NER_092,28,routine_recall,1,1.0,1244,0,0,1.0,0,25,0
SUBJ_NER_092,29,object_memory,1,1.0,1582,0,0,1.0,0,26,0
SUBJ_NER_092,30,reminiscence,1,1.0,1291,0,0,1.0,0,27,0
SUBJ_NER_092,31,memory_match,1,1.0,1671,0,0,1.0,0,28,0
SUBJ_NER_092,32,pattern_recognition,1,1.0,1324,0,0,1.0,0,29,0
SUBJ_NER_092,33,routine_recall,1,1.0,1185,0,0,1.0,0,30,0
SUBJ_NER_092,34,object_memory,1,1.0,1004,0,0,1.0,0,31,0
SUBJ_NER_092,35,reminiscence,1,1.0,1336,0,0,1.0,0,32,0
SUBJ_NER_092,36,memory_match,1,1.0,1328,0,0,1.0,0,33,0
SUBJ_NER_092,37,pattern_recognition,1,0.0,1986,2,0,1.0,0,34,0
SUBJ_NER_092,38,routine_recall,1,1.0,1942,0,0,1.0,0,35,0
SUBJ_NER_092,39,object_memory,1,1.0,1413,0,0,1.0,0,36,0
SUBJ_NER_092,40,reminiscence,1,0.0,1810,1,0,1.0,0,37,0
SUBJ_NER_092,41,memory_match,1,1.0,1349,0,0,1.0,0,38,0
SUBJ_NER_092,42,pattern_recognition,1,0.0,1795,3,1,1.0,0,39,0
SUBJ_NER_092,43,routine_recall,1,0.0,1927,1,0,1.0,0,40,0
SUBJ_NER_092,44,object_memory,1,1.0,1644,0,0,1.0,0,41,0
SUBJ_NER_092,45,reminiscence,1,1.0,1886,0,0,1.0,0,42,0
SUBJ_NER_092,46,memory_match,1,0.0,2012,2,0,1.0,0,43,0
SUBJ_NER_092,47,pattern_recognition,1,1.0,1521,0,0,1.0,0,44,0
SUBJ_NER_092,48,routine_recall,1,0.0,1481,1,0,1.0,0,45,0
SUBJ_NER_092,49,object_memory,1,1.0,1694,0,0,1.0,0,46,0
SUBJ_NER_092,50,reminiscence,1,0.0,2091,1,0,1.0,0,47,0
SUBJ_NER_092,51,memory_match,1,1.0,1886,0,0,1.0,0,48,0
SUBJ_NER_092,52,pattern_recognition,1,1.0,1479,0,0,1.0,0,49,0
SUBJ_NER_092,53,routine_recall,1,0.0,1762,2,0,1.0,0,50,0
SUBJ_NER_092,54,object_memory,1,1.0,1975,0,0,1.0,0,51,0
SUBJ_NER_092,55,reminiscence,1,0.0,1700,1,0,1.0,0,52,0
SUBJ_NER_092,56,memory_match,1,1.0,1471,0,0,1.0,0,53,0
SUBJ_NER_092,57,pattern_recognition,1,0.0,1469,2,0,1.0,0,54,0
SUBJ_NER_092,58,routine_recall,1,1.0,1800,0,0,1.0,0,55,0
SUBJ_NER_092,59,object_memory,1,0.0,1025,1,2,1.0,0,56,0
SUBJ_NER_092,60,reminiscence,1,1.0,1757,0,0,0.8,0,57,0
SUBJ_NER_093,1,memory_match,1,0.0,1378,2,0,1.0,0,1,0
SUBJ_NER_093,2,pattern_recognition,1,0.0,1633,1,2,1.0,0,2,0
SUBJ_NER_093,3,routine_recall,1,1.0,1655,0,0,1.0,0,3,0
SUBJ_NER_093,4,object_memory,1,0.0,1998,1,1,1.0,0,4,0
SUBJ_NER_093,5,reminiscence,1,0.0,1662,2,0,1.0,0,5,0
SUBJ_NER_093,6,memory_match,1,1.0,1257,0,0,1.0,0,6,0
SUBJ_NER_093,7,pattern_recognition,1,0.0,1089,1,0,1.0,0,7,0
SUBJ_NER_093,8,routine_recall,1,0.0,1461,1,0,1.0,0,8,0
SUBJ_NER_093,9,object_memory,1,0.0,1592,3,0,1.0,0,9,0
SUBJ_NER_093,10,reminiscence,1,0.0,1474,1,0,1.0,0,10,0
SUBJ_NER_093,11,memory_match,1,0.0,1137,2,0,1.0,0,11,0
SUBJ_NER_093,12,pattern_recognition,1,1.0,1252,0,0,1.0,0,12,0
SUBJ_NER_093,13,routine_recall,1,1.0,1317,0,0,1.0,0,13,0
SUBJ_NER_093,14,object_memory,1,0.0,1904,2,0,1.0,0,14,0
SUBJ_NER_093,15,reminiscence,1,0.0,1432,1,0,1.0,0,15,0
SUBJ_NER_093,16,memory_match,1,1.0,1614,0,0,1.0,0,16,0
SUBJ_NER_093,17,pattern_recognition,1,1.0,1133,0,0,1.0,0,17,0
SUBJ_NER_093,18,routine_recall,1,0.0,1465,1,0,1.0,0,18,0
SUBJ_NER_093,19,object_memory,1,1.0,1193,0,0,1.0,0,19,0
SUBJ_NER_093,20,reminiscence,1,0.0,1573,1,0,1.0,0,20,0
SUBJ_NER_093,21,memory_match,1,1.0,1186,0,0,1.0,0,21,0
SUBJ_NER_093,22,pattern_recognition,1,1.0,1369,0,0,1.0,0,22,0
SUBJ_NER_093,23,routine_recall,1,1.0,930,0,0,1.0,0,23,0
SUBJ_NER_093,24,object_memory,1,0.0,1579,2,0,1.0,0,24,0
SUBJ_NER_093,25,reminiscence,1,0.0,1967,2,0,1.0,0,25,0
SUBJ_NER_093,26,memory_match,1,1.0,1369,0,0,1.0,0,26,0
SUBJ_NER_093,27,pattern_recognition,1,0.0,1914,1,0,1.0,0,27,0
SUBJ_NER_093,28,routine_recall,1,1.0,1118,0,0,1.0,0,28,0
SUBJ_NER_093,29,object_memory,1,0.0,1466,1,0,1.0,0,29,0
SUBJ_NER_093,30,reminiscence,1,1.0,1311,0,0,1.0,0,30,0
SUBJ_NER_093,31,memory_match,1,0.0,1859,1,0,1.0,0,31,0
SUBJ_NER_093,32,pattern_recognition,1,1.0,1002,0,0,1.0,0,32,0
SUBJ_NER_093,33,routine_recall,1,1.0,1047,0,0,1.0,0,33,0
SUBJ_NER_093,34,object_memory,1,1.0,1641,0,0,1.0,0,34,0
SUBJ_NER_093,35,reminiscence,1,0.0,1222,1,0,1.0,0,35,0
SUBJ_NER_093,36,memory_match,1,0.0,1336,1,0,1.0,0,36,0
SUBJ_NER_093,37,pattern_recognition,1,1.0,1447,0,0,1.0,0,37,0
SUBJ_NER_093,38,routine_recall,1,0.0,1125,1,0,1.0,0,38,0
SUBJ_NER_093,39,object_memory,1,0.0,1608,2,0,1.0,0,39,0
SUBJ_NER_093,40,reminiscence,1,1.0,1102,0,0,1.0,0,40,0
SUBJ_NER_093,41,memory_match,1,1.0,1152,0,0,1.0,0,41,0
SUBJ_NER_093,42,pattern_recognition,1,0.0,1099,1,0,1.0,0,42,0
SUBJ_NER_093,43,routine_recall,1,1.0,938,0,0,1.0,0,43,0
SUBJ_NER_093,44,object_memory,1,1.0,1692,0,0,1.0,0,44,0
SUBJ_NER_093,45,reminiscence,1,0.0,1026,2,0,1.0,0,45,0
SUBJ_NER_093,46,memory_match,1,0.0,1402,3,1,1.0,0,46,0
SUBJ_NER_093,47,pattern_recognition,1,1.0,1353,0,0,1.0,0,47,0
SUBJ_NER_093,48,routine_recall,1,1.0,844,0,0,1.0,0,48,0
SUBJ_NER_093,49,object_memory,1,1.0,1212,0,0,1.0,0,49,0
SUBJ_NER_093,50,reminiscence,1,0.0,1361,1,0,1.0,0,50,0
SUBJ_NER_093,51,memory_match,1,1.0,1274,0,0,1.0,0,51,0
SUBJ_NER_093,52,pattern_recognition,1,1.0,1494,0,0,1.0,0,52,0
SUBJ_NER_093,53,routine_recall,1,0.0,1889,1,0,1.0,0,53,0
SUBJ_NER_093,54,object_memory,1,0.0,1844,1,0,1.0,0,54,0
SUBJ_NER_093,55,reminiscence,1,1.0,1361,0,0,1.0,0,55,0
SUBJ_NER_093,56,memory_match,1,0.0,1686,1,0,0.8,0,56,0
SUBJ_NER_093,57,pattern_recognition,1,0.0,1613,1,2,1.0,0,57,0
SUBJ_NER_093,58,routine_recall,1,1.0,1551,0,0,1.0,0,58,0
SUBJ_NER_093,59,object_memory,1,0.0,1859,2,1,0.8,0,59,0
SUBJ_NER_093,60,reminiscence,1,0.0,1109,3,0,1.0,0,60,0
SUBJ_NER_094,1,memory_match,1,1.0,2005,0,0,1.0,1,0,1
SUBJ_NER_094,2,pattern_recognition,1,1.0,1056,0,0,1.0,2,0,2
SUBJ_NER_094,3,routine_recall,2,1.0,2340,0,0,1.0,3,0,2
SUBJ_NER_094,4,object_memory,3,1.0,2671,0,0,1.0,4,0,2
SUBJ_NER_094,5,reminiscence,4,1.0,1690,0,0,1.0,5,0,2
SUBJ_NER_094,6,memory_match,5,0.0,2101,1,0,1.0,0,1,0
SUBJ_NER_094,7,pattern_recognition,4,1.0,1993,0,0,1.0,1,0,1
SUBJ_NER_094,8,routine_recall,4,1.0,1924,0,0,1.0,2,0,2
SUBJ_NER_094,9,object_memory,5,0.0,2587,2,0,1.0,0,1,0
SUBJ_NER_094,10,reminiscence,4,0.0,2441,1,1,1.0,0,2,0
SUBJ_NER_094,11,memory_match,3,1.0,3097,0,0,1.0,0,3,0
SUBJ_NER_094,12,pattern_recognition,2,1.0,2203,0,0,1.0,0,4,0
SUBJ_NER_094,13,routine_recall,1,0.0,1635,1,1,1.0,0,5,0
SUBJ_NER_094,14,object_memory,1,1.0,1594,0,0,1.0,0,6,0
SUBJ_NER_094,15,reminiscence,1,1.0,1260,0,0,1.0,0,7,0
SUBJ_NER_094,16,memory_match,1,1.0,1756,0,0,1.0,0,8,0
SUBJ_NER_094,17,pattern_recognition,1,0.0,1390,3,1,1.0,0,9,0
SUBJ_NER_094,18,routine_recall,1,1.0,1493,0,0,1.0,0,10,0
SUBJ_NER_094,19,object_memory,1,1.0,1465,0,0,1.0,0,11,0
SUBJ_NER_094,20,reminiscence,1,1.0,1742,0,0,1.0,0,12,0
SUBJ_NER_094,21,memory_match,1,0.0,1937,1,2,1.0,0,13,0
SUBJ_NER_094,22,pattern_recognition,1,1.0,1498,0,0,1.0,0,14,0
SUBJ_NER_094,23,routine_recall,1,1.0,1711,0,0,1.0,0,15,0
SUBJ_NER_094,24,object_memory,1,1.0,2515,0,0,1.0,0,16,0
SUBJ_NER_094,25,reminiscence,1,1.0,1887,0,0,1.0,0,17,0
SUBJ_NER_094,26,memory_match,1,1.0,1233,0,0,1.0,0,18,0
SUBJ_NER_094,27,pattern_recognition,1,1.0,1168,0,0,1.0,0,19,0
SUBJ_NER_094,28,routine_recall,1,1.0,2068,0,0,1.0,0,20,0
SUBJ_NER_094,29,object_memory,1,1.0,1706,0,0,1.0,0,21,0
SUBJ_NER_094,30,reminiscence,1,1.0,1866,0,0,1.0,0,22,0
SUBJ_NER_094,31,memory_match,1,0.0,1557,1,0,1.0,0,23,0
SUBJ_NER_094,32,pattern_recognition,1,1.0,1440,0,0,1.0,0,24,0
SUBJ_NER_094,33,routine_recall,1,0.0,2229,2,1,1.0,0,25,0
SUBJ_NER_094,34,object_memory,1,1.0,1570,0,0,1.0,0,26,0
SUBJ_NER_094,35,reminiscence,1,1.0,1598,0,0,1.0,0,27,0
SUBJ_NER_094,36,memory_match,1,1.0,1493,0,0,1.0,0,28,0
SUBJ_NER_094,37,pattern_recognition,1,1.0,1504,0,0,1.0,0,29,0
SUBJ_NER_094,38,routine_recall,1,0.0,1801,3,0,1.0,0,30,0
SUBJ_NER_094,39,object_memory,1,1.0,1529,0,0,1.0,0,31,0
SUBJ_NER_094,40,reminiscence,1,1.0,1173,0,0,1.0,0,32,0
SUBJ_NER_094,41,memory_match,1,1.0,1528,0,0,1.0,0,33,0
SUBJ_NER_094,42,pattern_recognition,1,1.0,1504,0,0,1.0,0,34,0
SUBJ_NER_094,43,routine_recall,1,1.0,1299,0,0,1.0,0,35,0
SUBJ_NER_094,44,object_memory,1,1.0,1122,0,0,1.0,0,36,0
SUBJ_NER_094,45,reminiscence,1,1.0,2206,0,0,1.0,0,37,0
SUBJ_NER_094,46,memory_match,1,1.0,1140,0,0,1.0,0,38,0
SUBJ_NER_094,47,pattern_recognition,1,0.0,2950,2,0,1.0,0,39,0
SUBJ_NER_094,48,routine_recall,1,0.0,1877,1,1,1.0,0,40,0
SUBJ_NER_094,49,object_memory,1,0.0,1498,1,0,1.0,0,41,0
SUBJ_NER_094,50,reminiscence,1,1.0,1744,0,0,1.0,0,42,0
SUBJ_NER_094,51,memory_match,1,0.0,1838,2,0,1.0,0,43,0
SUBJ_NER_094,52,pattern_recognition,1,1.0,1715,0,0,1.0,0,44,0
SUBJ_NER_094,53,routine_recall,1,1.0,1509,0,0,1.0,0,45,0
SUBJ_NER_094,54,object_memory,1,1.0,1210,0,0,1.0,0,46,0
SUBJ_NER_094,55,reminiscence,1,0.0,1930,1,1,1.0,0,47,0
SUBJ_NER_094,56,memory_match,1,0.0,1746,2,0,0.8,0,48,0
SUBJ_NER_094,57,pattern_recognition,1,1.0,2036,0,0,1.0,0,49,0
SUBJ_NER_094,58,routine_recall,1,1.0,1858,0,0,0.8,0,50,0
SUBJ_NER_094,59,object_memory,1,1.0,1524,0,0,1.0,0,51,0
SUBJ_NER_094,60,reminiscence,1,1.0,1184,0,0,1.0,0,52,0
SUBJ_NER_095,1,memory_match,1,1.0,2452,0,0,1.0,1,0,1
SUBJ_NER_095,2,pattern_recognition,1,1.0,2171,0,0,1.0,2,0,2
SUBJ_NER_095,3,routine_recall,2,0.0,2270,1,0,1.0,0,1,0
SUBJ_NER_095,4,object_memory,1,1.0,2373,0,0,1.0,1,0,1
SUBJ_NER_095,5,reminiscence,1,0.0,2455,1,0,1.0,0,1,0
SUBJ_NER_095,6,memory_match,1,1.0,2068,0,0,1.0,1,0,1
SUBJ_NER_095,7,pattern_recognition,1,1.0,1666,0,0,1.0,2,0,2
SUBJ_NER_095,8,routine_recall,2,1.0,2742,0,0,1.0,3,0,2
SUBJ_NER_095,9,object_memory,3,0.0,3832,2,0,1.0,0,1,0
SUBJ_NER_095,10,reminiscence,2,1.0,2686,0,0,1.0,1,0,1
SUBJ_NER_095,11,memory_match,2,1.0,2578,0,0,1.0,2,0,2
SUBJ_NER_095,12,pattern_recognition,3,0.0,3680,3,1,1.0,0,1,0
SUBJ_NER_095,13,routine_recall,2,0.0,2179,3,1,1.0,0,2,0
SUBJ_NER_095,14,object_memory,1,1.0,2882,0,0,1.0,0,3,0
SUBJ_NER_095,15,reminiscence,1,0.0,2529,1,0,1.0,0,4,0
SUBJ_NER_095,16,memory_match,1,1.0,1711,0,0,1.0,0,5,0
SUBJ_NER_095,17,pattern_recognition,1,0.0,3230,1,0,1.0,0,6,0
SUBJ_NER_095,18,routine_recall,1,0.0,2288,1,0,1.0,0,7,0
SUBJ_NER_095,19,object_memory,1,1.0,2609,0,0,1.0,0,8,0
SUBJ_NER_095,20,reminiscence,1,0.0,3097,2,0,1.0,0,9,0
SUBJ_NER_095,21,memory_match,1,1.0,2390,0,0,1.0,0,10,0
SUBJ_NER_095,22,pattern_recognition,1,1.0,2100,0,0,1.0,0,11,0
SUBJ_NER_095,23,routine_recall,1,0.0,2427,1,1,1.0,0,12,0
SUBJ_NER_095,24,object_memory,1,0.0,1841,3,1,1.0,0,13,0
SUBJ_NER_095,25,reminiscence,1,1.0,2121,0,0,1.0,0,14,0
SUBJ_NER_095,26,memory_match,1,1.0,2646,0,0,1.0,0,15,0
SUBJ_NER_095,27,pattern_recognition,1,0.0,2378,1,1,1.0,0,16,0
SUBJ_NER_095,28,routine_recall,1,1.0,4040,0,0,1.0,0,17,0
SUBJ_NER_095,29,object_memory,1,1.0,2328,0,0,1.0,0,18,0
SUBJ_NER_095,30,reminiscence,1,0.0,2596,1,0,1.0,0,19,0
SUBJ_NER_095,31,memory_match,1,1.0,2132,0,0,1.0,0,20,0
SUBJ_NER_095,32,pattern_recognition,1,0.0,2650,1,1,1.0,0,21,0
SUBJ_NER_095,33,routine_recall,1,1.0,2596,0,0,1.0,0,22,0
SUBJ_NER_095,34,object_memory,1,1.0,2828,0,0,1.0,0,23,0
SUBJ_NER_095,35,reminiscence,1,1.0,2337,0,0,1.0,0,24,0
SUBJ_NER_095,36,memory_match,1,1.0,2418,0,0,1.0,0,25,0
SUBJ_NER_095,37,pattern_recognition,1,1.0,2477,0,0,1.0,0,26,0
SUBJ_NER_095,38,routine_recall,1,0.0,2489,2,0,1.0,0,27,0
SUBJ_NER_095,39,object_memory,1,1.0,2421,0,0,1.0,0,28,0
SUBJ_NER_095,40,reminiscence,1,0.0,2336,2,0,1.0,0,29,0
SUBJ_NER_095,41,memory_match,1,1.0,2486,0,0,1.0,0,30,0
SUBJ_NER_095,42,pattern_recognition,1,1.0,1795,0,0,1.0,0,31,0
SUBJ_NER_095,43,routine_recall,1,0.0,3272,1,0,1.0,0,32,0
SUBJ_NER_095,44,object_memory,1,0.0,1620,2,0,1.0,0,33,0
SUBJ_NER_095,45,reminiscence,1,0.0,2524,2,0,1.0,0,34,0
SUBJ_NER_095,46,memory_match,1,0.0,2562,1,0,1.0,0,35,0
SUBJ_NER_095,47,pattern_recognition,1,1.0,2633,0,0,1.0,0,36,0
SUBJ_NER_095,48,routine_recall,1,1.0,3721,0,0,1.0,0,37,0
SUBJ_NER_095,49,object_memory,1,1.0,2329,0,0,1.0,0,38,0
SUBJ_NER_095,50,reminiscence,1,1.0,1814,0,0,1.0,0,39,0
SUBJ_NER_095,51,memory_match,1,1.0,2268,0,0,1.0,0,40,0
SUBJ_NER_095,52,pattern_recognition,1,1.0,3483,0,0,1.0,0,41,0
SUBJ_NER_095,53,routine_recall,1,1.0,1942,0,0,1.0,0,42,0
SUBJ_NER_095,54,object_memory,1,1.0,1895,0,0,1.0,0,43,0
SUBJ_NER_095,55,reminiscence,1,0.0,2627,1,1,1.0,0,44,0
SUBJ_NER_095,56,memory_match,1,1.0,2955,0,0,1.0,0,45,0
SUBJ_NER_095,57,pattern_recognition,1,1.0,2259,0,0,1.0,0,46,0
SUBJ_NER_095,58,routine_recall,1,0.0,2496,1,0,1.0,0,47,0
SUBJ_NER_095,59,object_memory,1,1.0,1714,0,0,0.8,0,48,0
SUBJ_NER_095,60,reminiscence,1,0.0,3183,2,0,1.0,0,49,0
SUBJ_NER_096,1,memory_match,1,1.0,2282,0,0,1.0,1,0,1
SUBJ_NER_096,2,pattern_recognition,1,0.0,2617,1,1,1.0,0,1,0
SUBJ_NER_096,3,routine_recall,1,0.0,2099,2,0,1.0,0,2,0
SUBJ_NER_096,4,object_memory,1,1.0,1945,0,0,1.0,0,3,0
SUBJ_NER_096,5,reminiscence,1,0.0,2431,1,0,1.0,0,4,0
SUBJ_NER_096,6,memory_match,1,0.0,2000,2,2,1.0,0,5,0
SUBJ_NER_096,7,pattern_recognition,1,0.0,1669,3,0,1.0,0,6,0
SUBJ_NER_096,8,routine_recall,1,1.0,2335,0,0,1.0,0,7,0
SUBJ_NER_096,9,object_memory,1,0.0,2776,1,0,1.0,0,8,0
SUBJ_NER_096,10,reminiscence,1,1.0,2471,0,0,1.0,0,9,0
SUBJ_NER_096,11,memory_match,1,0.0,2696,1,0,1.0,0,10,0
SUBJ_NER_096,12,pattern_recognition,1,0.0,2583,2,0,1.0,0,11,0
SUBJ_NER_096,13,routine_recall,1,0.0,2881,1,0,1.0,0,12,0
SUBJ_NER_096,14,object_memory,1,0.0,2073,1,0,1.0,0,13,0
SUBJ_NER_096,15,reminiscence,1,0.0,3105,2,0,1.0,0,14,0
SUBJ_NER_096,16,memory_match,1,1.0,1562,0,0,1.0,0,15,0
SUBJ_NER_096,17,pattern_recognition,1,1.0,2155,0,0,1.0,0,16,0
SUBJ_NER_096,18,routine_recall,1,1.0,2067,0,0,1.0,0,17,0
SUBJ_NER_096,19,object_memory,1,0.0,3102,2,0,1.0,0,18,0
SUBJ_NER_096,20,reminiscence,1,1.0,1946,0,0,1.0,0,19,0
SUBJ_NER_096,21,memory_match,1,0.0,2723,2,0,1.0,0,20,0
SUBJ_NER_096,22,pattern_recognition,1,1.0,1877,0,0,1.0,0,21,0
SUBJ_NER_096,23,routine_recall,1,0.0,3444,2,1,1.0,0,22,0
SUBJ_NER_096,24,object_memory,1,0.0,3086,2,0,1.0,0,23,0
SUBJ_NER_096,25,reminiscence,1,1.0,2051,0,0,1.0,0,24,0
SUBJ_NER_096,26,memory_match,1,1.0,2025,0,0,1.0,0,25,0
SUBJ_NER_096,27,pattern_recognition,1,1.0,1962,0,0,1.0,0,26,0
SUBJ_NER_096,28,routine_recall,1,1.0,2711,0,0,1.0,0,27,0
SUBJ_NER_096,29,object_memory,1,1.0,1782,0,0,1.0,0,28,0
SUBJ_NER_096,30,reminiscence,1,1.0,3587,0,0,1.0,0,29,0
SUBJ_NER_096,31,memory_match,1,1.0,1917,0,0,1.0,0,30,0
SUBJ_NER_096,32,pattern_recognition,1,0.0,2067,2,1,1.0,0,31,0
SUBJ_NER_096,33,routine_recall,1,0.0,1798,1,1,1.0,0,32,0
SUBJ_NER_096,34,object_memory,1,0.0,3016,1,1,1.0,0,33,0
SUBJ_NER_096,35,reminiscence,1,0.0,3157,2,0,1.0,0,34,0
SUBJ_NER_096,36,memory_match,1,1.0,1547,0,0,1.0,0,35,0
SUBJ_NER_096,37,pattern_recognition,1,1.0,1174,0,0,1.0,0,36,0
SUBJ_NER_096,38,routine_recall,1,0.0,2617,1,0,1.0,0,37,0
SUBJ_NER_096,39,object_memory,1,1.0,1929,0,0,1.0,0,38,0
SUBJ_NER_096,40,reminiscence,1,1.0,1471,0,0,1.0,0,39,0
SUBJ_NER_096,41,memory_match,1,1.0,2201,0,0,1.0,0,40,0
SUBJ_NER_096,42,pattern_recognition,1,0.0,3579,2,0,1.0,0,41,0
SUBJ_NER_096,43,routine_recall,1,1.0,2057,0,0,1.0,0,42,0
SUBJ_NER_096,44,object_memory,1,0.0,3090,1,0,1.0,0,43,0
SUBJ_NER_096,45,reminiscence,1,0.0,1327,1,2,1.0,0,44,0
SUBJ_NER_096,46,memory_match,1,0.0,2065,2,0,1.0,0,45,0
SUBJ_NER_096,47,pattern_recognition,1,0.0,2593,1,0,1.0,0,46,0
SUBJ_NER_096,48,routine_recall,1,1.0,1653,0,0,1.0,0,47,0
SUBJ_NER_096,49,object_memory,1,1.0,1649,0,0,1.0,0,48,0
SUBJ_NER_096,50,reminiscence,1,1.0,1770,0,0,1.0,0,49,0
SUBJ_NER_096,51,memory_match,1,0.0,2174,2,0,1.0,0,50,0
SUBJ_NER_096,52,pattern_recognition,1,1.0,2469,0,0,1.0,0,51,0
SUBJ_NER_096,53,routine_recall,1,1.0,1778,0,0,1.0,0,52,0
SUBJ_NER_096,54,object_memory,1,0.0,1817,2,0,1.0,0,53,0
SUBJ_NER_096,55,reminiscence,1,1.0,1587,0,0,1.0,0,54,0
SUBJ_NER_096,56,memory_match,1,0.0,2166,2,0,1.0,0,55,0
SUBJ_NER_096,57,pattern_recognition,1,1.0,2012,0,0,1.0,0,56,0
SUBJ_NER_096,58,routine_recall,1,1.0,1871,0,0,1.0,0,57,0
SUBJ_NER_096,59,object_memory,1,0.0,2620,1,0,1.0,0,58,0
SUBJ_NER_096,60,reminiscence,1,0.0,3344,1,0,1.0,0,59,0
SUBJ_NER_097,1,memory_match,1,1.0,1565,0,0,1.0,1,0,1
SUBJ_NER_097,2,pattern_recognition,1,1.0,2591,0,0,1.0,2,0,2
SUBJ_NER_097,3,routine_recall,2,1.0,1693,0,0,1.0,3,0,2
SUBJ_NER_097,4,object_memory,3,1.0,1880,0,0,1.0,4,0,2
SUBJ_NER_097,5,reminiscence,4,0.0,2231,1,0,1.0,0,1,0
SUBJ_NER_097,6,memory_match,3,0.0,2181,1,1,1.0,0,2,0
SUBJ_NER_097,7,pattern_recognition,2,1.0,1675,0,0,1.0,0,3,0
SUBJ_NER_097,8,routine_recall,1,0.0,1842,2,0,1.0,0,4,0
SUBJ_NER_097,9,object_memory,1,1.0,1300,0,0,1.0,0,5,0
SUBJ_NER_097,10,reminiscence,1,0.0,1479,2,0,1.0,0,6,0
SUBJ_NER_097,11,memory_match,1,0.0,2146,1,0,1.0,0,7,0
SUBJ_NER_097,12,pattern_recognition,1,0.0,1613,1,0,1.0,0,8,0
SUBJ_NER_097,13,routine_recall,1,1.0,1535,0,0,1.0,0,9,0
SUBJ_NER_097,14,object_memory,1,1.0,1623,0,0,1.0,0,10,0
SUBJ_NER_097,15,reminiscence,1,1.0,1358,0,0,1.0,0,11,0
SUBJ_NER_097,16,memory_match,1,1.0,1358,0,0,1.0,0,12,0
SUBJ_NER_097,17,pattern_recognition,1,1.0,1818,0,0,1.0,0,13,0
SUBJ_NER_097,18,routine_recall,1,1.0,1277,0,0,1.0,0,14,0
SUBJ_NER_097,19,object_memory,1,0.0,2161,1,1,1.0,0,15,0
SUBJ_NER_097,20,reminiscence,1,1.0,1212,0,0,1.0,0,16,0
SUBJ_NER_097,21,memory_match,1,1.0,1921,0,0,1.0,0,17,0
SUBJ_NER_097,22,pattern_recognition,1,1.0,1685,0,0,1.0,0,18,0
SUBJ_NER_097,23,routine_recall,1,0.0,1538,1,1,1.0,0,19,0
SUBJ_NER_097,24,object_memory,1,1.0,1440,0,0,1.0,0,20,0
SUBJ_NER_097,25,reminiscence,1,0.0,2888,1,2,1.0,0,21,0
SUBJ_NER_097,26,memory_match,1,0.0,2149,1,0,1.0,0,22,0
SUBJ_NER_097,27,pattern_recognition,1,1.0,1985,0,0,1.0,0,23,0
SUBJ_NER_097,28,routine_recall,1,0.0,1870,1,0,1.0,0,24,0
SUBJ_NER_097,29,object_memory,1,1.0,1436,0,0,1.0,0,25,0
SUBJ_NER_097,30,reminiscence,1,1.0,1959,0,0,1.0,0,26,0
SUBJ_NER_097,31,memory_match,1,0.0,1766,3,0,1.0,0,27,0
SUBJ_NER_097,32,pattern_recognition,1,1.0,2338,0,0,1.0,0,28,0
SUBJ_NER_097,33,routine_recall,1,1.0,1307,0,0,1.0,0,29,0
SUBJ_NER_097,34,object_memory,1,1.0,1403,0,0,1.0,0,30,0
SUBJ_NER_097,35,reminiscence,1,0.0,1665,1,1,1.0,0,31,0
SUBJ_NER_097,36,memory_match,1,1.0,1929,0,0,1.0,0,32,0
SUBJ_NER_097,37,pattern_recognition,1,0.0,2155,3,0,1.0,0,33,0
SUBJ_NER_097,38,routine_recall,1,1.0,1895,0,0,1.0,0,34,0
SUBJ_NER_097,39,object_memory,1,0.0,2294,2,0,1.0,0,35,0
SUBJ_NER_097,40,reminiscence,1,1.0,1594,0,0,1.0,0,36,0
SUBJ_NER_097,41,memory_match,1,1.0,1791,0,0,1.0,0,37,0
SUBJ_NER_097,42,pattern_recognition,1,0.0,1415,2,2,1.0,0,38,0
SUBJ_NER_097,43,routine_recall,1,1.0,1227,0,0,1.0,0,39,0
SUBJ_NER_097,44,object_memory,1,0.0,1816,1,1,1.0,0,40,0
SUBJ_NER_097,45,reminiscence,1,0.0,2207,3,0,1.0,0,41,0
SUBJ_NER_097,46,memory_match,1,1.0,2037,0,0,1.0,0,42,0
SUBJ_NER_097,47,pattern_recognition,1,0.0,2093,1,2,1.0,0,43,0
SUBJ_NER_097,48,routine_recall,1,0.0,2794,1,1,1.0,0,44,0
SUBJ_NER_097,49,object_memory,1,0.0,1648,1,0,1.0,0,45,0
SUBJ_NER_097,50,reminiscence,1,1.0,1633,0,0,1.0,0,46,0
SUBJ_NER_097,51,memory_match,1,1.0,1710,0,0,1.0,0,47,0
SUBJ_NER_097,52,pattern_recognition,1,1.0,1227,0,0,1.0,0,48,0
SUBJ_NER_097,53,routine_recall,1,1.0,1723,0,0,1.0,0,49,0
SUBJ_NER_097,54,object_memory,1,0.0,2132,1,0,1.0,0,50,0
SUBJ_NER_097,55,reminiscence,1,1.0,1549,0,0,0.8,0,51,0
SUBJ_NER_097,56,memory_match,1,1.0,1821,0,0,1.0,0,52,0
SUBJ_NER_097,57,pattern_recognition,1,1.0,1218,0,0,0.8,0,53,0
SUBJ_NER_097,58,routine_recall,1,1.0,1298,0,0,1.0,0,54,0
SUBJ_NER_097,59,object_memory,1,0.0,1639,1,0,0.8,0,55,0
SUBJ_NER_097,60,reminiscence,1,0.0,1922,1,0,1.0,0,56,0
SUBJ_NER_098,1,memory_match,1,1.0,1781,0,0,1.0,1,0,1
SUBJ_NER_098,2,pattern_recognition,1,0.0,1589,1,0,1.0,0,1,0
SUBJ_NER_098,3,routine_recall,1,0.0,2039,2,1,1.0,0,2,0
SUBJ_NER_098,4,object_memory,1,0.0,1937,1,0,1.0,0,3,0
SUBJ_NER_098,5,reminiscence,1,0.0,2295,3,1,1.0,0,4,0
SUBJ_NER_098,6,memory_match,1,1.0,1812,0,0,1.0,0,5,0
SUBJ_NER_098,7,pattern_recognition,1,1.0,2182,0,0,1.0,0,6,0
SUBJ_NER_098,8,routine_recall,1,0.0,2365,2,1,1.0,0,7,0
SUBJ_NER_098,9,object_memory,1,0.0,1794,1,0,1.0,0,8,0
SUBJ_NER_098,10,reminiscence,1,0.0,1838,2,0,1.0,0,9,0
SUBJ_NER_098,11,memory_match,1,1.0,2015,0,0,1.0,0,10,0
SUBJ_NER_098,12,pattern_recognition,1,1.0,2212,0,0,1.0,0,11,0
SUBJ_NER_098,13,routine_recall,1,0.0,2150,1,0,1.0,0,12,0
SUBJ_NER_098,14,object_memory,1,0.0,2466,2,0,1.0,0,13,0
SUBJ_NER_098,15,reminiscence,1,0.0,2149,1,1,1.0,0,14,0
SUBJ_NER_098,16,memory_match,1,0.0,1426,1,0,1.0,0,15,0
SUBJ_NER_098,17,pattern_recognition,1,1.0,1064,0,0,1.0,0,16,0
SUBJ_NER_098,18,routine_recall,1,0.0,1690,1,0,1.0,0,17,0
SUBJ_NER_098,19,object_memory,1,1.0,1617,0,0,1.0,0,18,0
SUBJ_NER_098,20,reminiscence,1,1.0,1618,0,0,1.0,0,19,0
SUBJ_NER_098,21,memory_match,1,0.0,1441,1,0,1.0,0,20,0
SUBJ_NER_098,22,pattern_recognition,1,0.0,1758,1,0,1.0,0,21,0
SUBJ_NER_098,23,routine_recall,1,0.0,1950,2,2,1.0,0,22,0
SUBJ_NER_098,24,object_memory,1,0.0,3419,1,1,1.0,0,23,0
SUBJ_NER_098,25,reminiscence,1,0.0,1937,1,0,1.0,0,24,0
SUBJ_NER_098,26,memory_match,1,0.0,2195,2,0,1.0,0,25,0
SUBJ_NER_098,27,pattern_recognition,1,1.0,1189,0,0,1.0,0,26,0
SUBJ_NER_098,28,routine_recall,1,0.0,1853,2,0,1.0,0,27,0
SUBJ_NER_098,29,object_memory,1,0.0,2622,1,0,1.0,0,28,0
SUBJ_NER_098,30,reminiscence,1,0.0,1404,1,0,1.0,0,29,0
SUBJ_NER_098,31,memory_match,1,0.0,1669,1,1,1.0,0,30,0
SUBJ_NER_098,32,pattern_recognition,1,0.0,1726,1,0,1.0,0,31,0
SUBJ_NER_098,33,routine_recall,1,0.0,2076,1,0,1.0,0,32,0
SUBJ_NER_098,34,object_memory,1,1.0,1694,0,0,1.0,0,33,0
SUBJ_NER_098,35,reminiscence,1,1.0,2142,0,0,1.0,0,34,0
SUBJ_NER_098,36,memory_match,1,0.0,2532,1,0,1.0,0,35,0
SUBJ_NER_098,37,pattern_recognition,1,0.0,1705,1,0,1.0,0,36,0
SUBJ_NER_098,38,routine_recall,1,0.0,1536,2,0,1.0,0,37,0
SUBJ_NER_098,39,object_memory,1,0.0,2192,1,0,1.0,0,38,0
SUBJ_NER_098,40,reminiscence,1,0.0,1960,1,0,1.0,0,39,0
SUBJ_NER_098,41,memory_match,1,0.0,2198,1,0,1.0,0,40,0
SUBJ_NER_098,42,pattern_recognition,1,0.0,2022,1,0,1.0,0,41,0
SUBJ_NER_098,43,routine_recall,1,0.0,1479,2,1,1.0,0,42,0
SUBJ_NER_098,44,object_memory,1,0.0,2235,1,0,1.0,0,43,0
SUBJ_NER_098,45,reminiscence,1,0.0,2103,1,0,1.0,0,44,0
SUBJ_NER_098,46,memory_match,1,0.0,1578,1,0,1.0,0,45,0
SUBJ_NER_098,47,pattern_recognition,1,0.0,1858,1,0,1.0,0,46,0
SUBJ_NER_098,48,routine_recall,1,0.0,2321,2,2,1.0,0,47,0
SUBJ_NER_098,49,object_memory,1,0.0,1636,1,0,1.0,0,48,0
SUBJ_NER_098,50,reminiscence,1,0.0,1680,1,1,1.0,0,49,0
SUBJ_NER_098,51,memory_match,1,0.0,1589,2,1,1.0,0,50,0
SUBJ_NER_098,52,pattern_recognition,1,1.0,1502,0,0,1.0,0,51,0
SUBJ_NER_098,53,routine_recall,1,0.0,2322,2,1,1.0,0,52,0
SUBJ_NER_098,54,object_memory,1,0.0,2134,1,0,1.0,0,53,0
SUBJ_NER_098,55,reminiscence,1,0.0,1429,1,1,1.0,0,54,0
SUBJ_NER_098,56,memory_match,1,0.0,2489,2,0,0.5,0,55,0
SUBJ_NER_098,57,pattern_recognition,1,1.0,2154,0,0,1.0,0,56,0
SUBJ_NER_098,58,routine_recall,1,0.0,1902,1,0,1.0,0,57,0
SUBJ_NER_098,59,object_memory,1,0.0,1808,2,0,1.0,0,58,0
SUBJ_NER_098,60,reminiscence,1,1.0,1265,0,0,1.0,0,59,0
SUBJ_NER_099,1,memory_match,1,0.0,2726,2,0,1.0,0,1,0
SUBJ_NER_099,2,pattern_recognition,1,1.0,2179,0,0,1.0,1,0,1
SUBJ_NER_099,3,routine_recall,1,0.0,2112,1,2,1.0,0,1,0
SUBJ_NER_099,4,object_memory,1,0.0,3379,1,2,1.0,0,2,0
SUBJ_NER_099,5,reminiscence,1,0.0,3079,1,1,1.0,0,3,0
SUBJ_NER_099,6,memory_match,1,1.0,2464,0,0,1.0,0,4,0
SUBJ_NER_099,7,pattern_recognition,1,1.0,2143,0,0,1.0,0,5,0
SUBJ_NER_099,8,routine_recall,1,0.0,3660,2,0,1.0,0,6,0
SUBJ_NER_099,9,object_memory,1,0.0,1717,1,0,1.0,0,7,0
SUBJ_NER_099,10,reminiscence,1,0.0,2406,2,0,1.0,0,8,0
SUBJ_NER_099,11,memory_match,1,1.0,2659,0,0,1.0,0,9,0
SUBJ_NER_099,12,pattern_recognition,1,1.0,2223,0,0,1.0,0,10,0
SUBJ_NER_099,13,routine_recall,1,0.0,3149,2,1,1.0,0,11,0
SUBJ_NER_099,14,object_memory,1,0.0,2657,1,0,1.0,0,12,0
SUBJ_NER_099,15,reminiscence,1,1.0,2320,0,0,1.0,0,13,0
SUBJ_NER_099,16,memory_match,1,0.0,4409,2,0,1.0,0,14,0
SUBJ_NER_099,17,pattern_recognition,1,0.0,2239,1,0,1.0,0,15,0
SUBJ_NER_099,18,routine_recall,1,0.0,2804,2,1,1.0,0,16,0
SUBJ_NER_099,19,object_memory,1,0.0,4179,1,0,1.0,0,17,0
SUBJ_NER_099,20,reminiscence,1,1.0,2159,0,0,1.0,0,18,0
SUBJ_NER_099,21,memory_match,1,0.0,1914,2,0,1.0,0,19,0
SUBJ_NER_099,22,pattern_recognition,1,1.0,2749,0,0,1.0,0,20,0
SUBJ_NER_099,23,routine_recall,1,1.0,3143,0,0,1.0,0,21,0
SUBJ_NER_099,24,object_memory,1,1.0,2025,0,0,1.0,0,22,0
SUBJ_NER_099,25,reminiscence,1,0.0,2773,1,0,1.0,0,23,0
SUBJ_NER_099,26,memory_match,1,0.0,3921,1,0,1.0,0,24,0
SUBJ_NER_099,27,pattern_recognition,1,1.0,2668,0,0,1.0,0,25,0
SUBJ_NER_099,28,routine_recall,1,1.0,1695,0,0,1.0,0,26,0
SUBJ_NER_099,29,object_memory,1,1.0,2317,0,0,1.0,0,27,0
SUBJ_NER_099,30,reminiscence,1,1.0,2856,0,0,1.0,0,28,0
SUBJ_NER_099,31,memory_match,1,1.0,2630,0,0,1.0,0,29,0
SUBJ_NER_099,32,pattern_recognition,1,0.0,2233,1,0,1.0,0,30,0
SUBJ_NER_099,33,routine_recall,1,1.0,2031,0,0,1.0,0,31,0
SUBJ_NER_099,34,object_memory,1,1.0,2379,0,0,1.0,0,32,0
SUBJ_NER_099,35,reminiscence,1,0.0,2387,1,0,1.0,0,33,0
SUBJ_NER_099,36,memory_match,1,0.0,2665,2,0,1.0,0,34,0
SUBJ_NER_099,37,pattern_recognition,1,1.0,2220,0,0,1.0,0,35,0
SUBJ_NER_099,38,routine_recall,1,1.0,2004,0,0,1.0,0,36,0
SUBJ_NER_099,39,object_memory,1,0.0,2158,2,0,1.0,0,37,0
SUBJ_NER_099,40,reminiscence,1,0.0,3266,2,0,1.0,0,38,0
SUBJ_NER_099,41,memory_match,1,0.0,2751,1,0,1.0,0,39,0
SUBJ_NER_099,42,pattern_recognition,1,0.0,3135,1,0,1.0,0,40,0
SUBJ_NER_099,43,routine_recall,1,0.0,2377,3,0,1.0,0,41,0
SUBJ_NER_099,44,object_memory,1,1.0,2531,0,0,1.0,0,42,0
SUBJ_NER_099,45,reminiscence,1,1.0,2042,0,0,1.0,0,43,0
SUBJ_NER_099,46,memory_match,1,1.0,2847,0,0,1.0,0,44,0
SUBJ_NER_099,47,pattern_recognition,1,0.0,2378,3,0,1.0,0,45,0
SUBJ_NER_099,48,routine_recall,1,0.0,2249,2,0,1.0,0,46,0
SUBJ_NER_099,49,object_memory,1,0.0,2293,1,1,1.0,0,47,0
SUBJ_NER_099,50,reminiscence,1,0.0,2634,2,0,1.0,0,48,0
SUBJ_NER_099,51,memory_match,1,0.0,3605,1,0,1.0,0,49,0
SUBJ_NER_099,52,pattern_recognition,1,1.0,2613,0,0,1.0,0,50,0
SUBJ_NER_099,53,routine_recall,1,0.0,4092,3,0,1.0,0,51,0
SUBJ_NER_099,54,object_memory,1,1.0,3348,0,0,1.0,0,52,0
SUBJ_NER_099,55,reminiscence,1,1.0,2431,0,0,1.0,0,53,0
SUBJ_NER_099,56,memory_match,1,0.0,3372,1,1,1.0,0,54,0
SUBJ_NER_099,57,pattern_recognition,1,0.0,2663,1,0,1.0,0,55,0
SUBJ_NER_099,58,routine_recall,1,0.0,2051,1,0,1.0,0,56,0
SUBJ_NER_099,59,object_memory,1,0.0,3772,1,1,1.0,0,57,0
SUBJ_NER_099,60,reminiscence,1,1.0,2448,0,0,1.0,0,58,0
SUBJ_NER_100,1,memory_match,1,1.0,2784,0,0,1.0,1,0,1
SUBJ_NER_100,2,pattern_recognition,1,1.0,2587,0,0,1.0,2,0,2
SUBJ_NER_100,3,routine_recall,2,1.0,2509,0,0,1.0,3,0,2
SUBJ_NER_100,4,object_memory,3,1.0,2968,0,0,1.0,4,0,2
SUBJ_NER_100,5,reminiscence,4,1.0,3633,0,0,1.0,5,0,1
SUBJ_NER_100,6,memory_match,4,1.0,3439,0,0,1.0,6,0,2
SUBJ_NER_100,7,pattern_recognition,5,0.0,5667,2,0,1.0,0,1,0
SUBJ_NER_100,8,routine_recall,4,1.0,4021,0,0,1.0,1,0,1
SUBJ_NER_100,9,object_memory,4,0.0,4899,3,0,1.0,0,1,0
SUBJ_NER_100,10,reminiscence,3,0.0,4529,1,0,1.0,0,2,0
SUBJ_NER_100,11,memory_match,2,1.0,3658,0,0,1.0,0,3,0
SUBJ_NER_100,12,pattern_recognition,1,1.0,1886,0,0,1.0,0,4,0
SUBJ_NER_100,13,routine_recall,1,1.0,3335,0,0,1.0,0,5,0
SUBJ_NER_100,14,object_memory,1,1.0,1577,0,0,1.0,0,6,0
SUBJ_NER_100,15,reminiscence,1,1.0,3928,0,0,1.0,0,7,0
SUBJ_NER_100,16,memory_match,1,1.0,2893,0,0,1.0,0,8,0
SUBJ_NER_100,17,pattern_recognition,1,1.0,2415,0,0,1.0,0,9,0
SUBJ_NER_100,18,routine_recall,1,1.0,2095,0,0,1.0,0,10,0
SUBJ_NER_100,19,object_memory,1,1.0,2533,0,0,1.0,0,11,0
SUBJ_NER_100,20,reminiscence,1,1.0,2997,0,0,1.0,0,12,0
SUBJ_NER_100,21,memory_match,1,1.0,2703,0,0,1.0,0,13,0
SUBJ_NER_100,22,pattern_recognition,1,1.0,2188,0,0,1.0,0,14,0
SUBJ_NER_100,23,routine_recall,1,1.0,2147,0,0,1.0,0,15,0
SUBJ_NER_100,24,object_memory,1,0.0,3584,1,0,1.0,0,16,0
SUBJ_NER_100,25,reminiscence,1,1.0,2128,0,0,1.0,0,17,0
SUBJ_NER_100,26,memory_match,1,0.0,2381,1,0,1.0,0,18,0
SUBJ_NER_100,27,pattern_recognition,1,1.0,1876,0,0,1.0,0,19,0
SUBJ_NER_100,28,routine_recall,1,1.0,3240,0,0,1.0,0,20,0
SUBJ_NER_100,29,object_memory,1,1.0,2320,0,0,1.0,0,21,0
SUBJ_NER_100,30,reminiscence,1,1.0,2727,0,0,1.0,0,22,0
SUBJ_NER_100,31,memory_match,1,1.0,2270,0,0,1.0,0,23,0
SUBJ_NER_100,32,pattern_recognition,1,0.0,2658,2,1,1.0,0,24,0
SUBJ_NER_100,33,routine_recall,1,1.0,2725,0,0,1.0,0,25,0
SUBJ_NER_100,34,object_memory,1,1.0,3416,0,0,1.0,0,26,0
SUBJ_NER_100,35,reminiscence,1,1.0,2522,0,0,1.0,0,27,0
SUBJ_NER_100,36,memory_match,1,1.0,2681,0,0,1.0,0,28,0
SUBJ_NER_100,37,pattern_recognition,1,1.0,2200,0,0,1.0,0,29,0
SUBJ_NER_100,38,routine_recall,1,1.0,2230,0,0,1.0,0,30,0
SUBJ_NER_100,39,object_memory,1,1.0,2218,0,0,1.0,0,31,0
SUBJ_NER_100,40,reminiscence,1,1.0,2664,0,0,1.0,0,32,0
SUBJ_NER_100,41,memory_match,1,1.0,2603,0,0,1.0,0,33,0
SUBJ_NER_100,42,pattern_recognition,1,0.0,2955,1,1,1.0,0,34,0
SUBJ_NER_100,43,routine_recall,1,0.0,3194,1,0,1.0,0,35,0
SUBJ_NER_100,44,object_memory,1,1.0,3697,0,0,1.0,0,36,0
SUBJ_NER_100,45,reminiscence,1,0.0,2856,1,1,1.0,0,37,0
SUBJ_NER_100,46,memory_match,1,1.0,2804,0,0,1.0,0,38,0
SUBJ_NER_100,47,pattern_recognition,1,1.0,4940,0,0,1.0,0,39,0
SUBJ_NER_100,48,routine_recall,1,1.0,3589,0,0,1.0,0,40,0
SUBJ_NER_100,49,object_memory,1,1.0,3007,0,0,1.0,0,41,0
SUBJ_NER_100,50,reminiscence,1,1.0,3209,0,0,1.0,0,42,0
SUBJ_NER_100,51,memory_match,1,1.0,2555,0,0,1.0,0,43,0
SUBJ_NER_100,52,pattern_recognition,1,1.0,2092,0,0,1.0,0,44,0
SUBJ_NER_100,53,routine_recall,1,1.0,3312,0,0,1.0,0,45,0
SUBJ_NER_100,54,object_memory,1,1.0,3099,0,0,1.0,0,46,0
SUBJ_NER_100,55,reminiscence,1,1.0,3116,0,0,1.0,0,47,0
SUBJ_NER_100,56,memory_match,1,0.0,3327,3,0,1.0,0,48,0
SUBJ_NER_100,57,pattern_recognition,1,1.0,2340,0,0,1.0,0,49,0
SUBJ_NER_100,58,routine_recall,1,0.0,2813,1,0,1.0,0,50,0
SUBJ_NER_100,59,object_memory,1,1.0,3391,0,0,1.0,0,51,0
SUBJ_NER_100,60,reminiscence,1,1.0,3125,0,0,1.0,0,52,0
SUBJ_NER_101,1,memory_match,1,0.0,1622,2,0,1.0,0,1,0
SUBJ_NER_101,2,pattern_recognition,1,0.0,1118,2,0,1.0,0,2,0
SUBJ_NER_101,3,routine_recall,1,1.0,1414,0,0,1.0,0,3,0
SUBJ_NER_101,4,object_memory,1,0.0,1328,1,0,1.0,0,4,0
SUBJ_NER_101,5,reminiscence,1,0.0,1324,2,2,1.0,0,5,0
SUBJ_NER_101,6,memory_match,1,1.0,1087,0,0,1.0,0,6,0
SUBJ_NER_101,7,pattern_recognition,1,0.0,1506,1,0,1.0,0,7,0
SUBJ_NER_101,8,routine_recall,1,0.0,1323,2,0,1.0,0,8,0
SUBJ_NER_101,9,object_memory,1,0.0,1051,1,2,1.0,0,9,0
SUBJ_NER_101,10,reminiscence,1,1.0,1389,0,0,1.0,0,10,0
SUBJ_NER_101,11,memory_match,1,0.0,1577,1,1,1.0,0,11,0
SUBJ_NER_101,12,pattern_recognition,1,1.0,1254,0,0,1.0,0,12,0
SUBJ_NER_101,13,routine_recall,1,0.0,1607,1,0,1.0,0,13,0
SUBJ_NER_101,14,object_memory,1,0.0,1445,2,0,1.0,0,14,0
SUBJ_NER_101,15,reminiscence,1,0.0,1216,1,0,1.0,0,15,0
SUBJ_NER_101,16,memory_match,1,1.0,815,0,0,1.0,0,16,0
SUBJ_NER_101,17,pattern_recognition,1,0.0,1191,1,1,1.0,0,17,0
SUBJ_NER_101,18,routine_recall,1,0.0,1540,1,0,1.0,0,18,0
SUBJ_NER_101,19,object_memory,1,0.0,1532,2,0,1.0,0,19,0
SUBJ_NER_101,20,reminiscence,1,1.0,916,0,0,1.0,0,20,0
SUBJ_NER_101,21,memory_match,1,1.0,1441,0,0,1.0,0,21,0
SUBJ_NER_101,22,pattern_recognition,1,1.0,1114,0,0,1.0,0,22,0
SUBJ_NER_101,23,routine_recall,1,1.0,1251,0,0,1.0,0,23,0
SUBJ_NER_101,24,object_memory,1,0.0,1069,2,0,1.0,0,24,0
SUBJ_NER_101,25,reminiscence,1,1.0,1048,0,0,1.0,0,25,0
SUBJ_NER_101,26,memory_match,1,0.0,1154,3,0,1.0,0,26,0
SUBJ_NER_101,27,pattern_recognition,1,0.0,1314,2,1,1.0,0,27,0
SUBJ_NER_101,28,routine_recall,1,0.0,1754,1,0,1.0,0,28,0
SUBJ_NER_101,29,object_memory,1,0.0,1550,1,0,1.0,0,29,0
SUBJ_NER_101,30,reminiscence,1,0.0,1337,1,0,1.0,0,30,0
SUBJ_NER_101,31,memory_match,1,1.0,971,0,0,1.0,0,31,0
SUBJ_NER_101,32,pattern_recognition,1,0.0,1370,1,1,1.0,0,32,0
SUBJ_NER_101,33,routine_recall,1,0.0,1832,2,0,1.0,0,33,0
SUBJ_NER_101,34,object_memory,1,0.0,1272,1,0,1.0,0,34,0
SUBJ_NER_101,35,reminiscence,1,0.0,1783,1,0,1.0,0,35,0
SUBJ_NER_101,36,memory_match,1,0.0,1261,1,0,1.0,0,36,0
SUBJ_NER_101,37,pattern_recognition,1,0.0,1332,1,0,1.0,0,37,0
SUBJ_NER_101,38,routine_recall,1,1.0,864,0,0,1.0,0,38,0
SUBJ_NER_101,39,object_memory,1,0.0,1273,3,1,1.0,0,39,0
SUBJ_NER_101,40,reminiscence,1,0.0,1212,1,0,1.0,0,40,0
SUBJ_NER_101,41,memory_match,1,0.0,1470,1,0,1.0,0,41,0
SUBJ_NER_101,42,pattern_recognition,1,0.0,1427,1,1,1.0,0,42,0
SUBJ_NER_101,43,routine_recall,1,0.0,1331,1,1,1.0,0,43,0
SUBJ_NER_101,44,object_memory,1,0.0,1315,1,0,1.0,0,44,0
SUBJ_NER_101,45,reminiscence,1,0.0,938,1,0,1.0,0,45,0
SUBJ_NER_101,46,memory_match,1,0.0,1760,3,0,1.0,0,46,0
SUBJ_NER_101,47,pattern_recognition,1,0.0,1159,1,0,1.0,0,47,0
SUBJ_NER_101,48,routine_recall,1,0.0,1541,1,1,1.0,0,48,0
SUBJ_NER_101,49,object_memory,1,0.0,1235,1,1,1.0,0,49,0
SUBJ_NER_101,50,reminiscence,1,0.0,1329,1,0,1.0,0,50,0
SUBJ_NER_101,51,memory_match,1,0.0,1774,1,0,1.0,0,51,0
SUBJ_NER_101,52,pattern_recognition,1,0.0,1635,1,0,1.0,0,52,0
SUBJ_NER_101,53,routine_recall,1,0.0,1463,1,1,1.0,0,53,0
SUBJ_NER_101,54,object_memory,1,0.0,1662,2,0,1.0,0,54,0
SUBJ_NER_101,55,reminiscence,1,0.0,1209,1,0,1.0,0,55,0
SUBJ_NER_101,56,memory_match,1,1.0,1122,0,0,1.0,0,56,0
SUBJ_NER_101,57,pattern_recognition,1,0.0,906,1,0,1.0,0,57,0
SUBJ_NER_101,58,routine_recall,1,0.0,1015,2,1,1.0,0,58,0
SUBJ_NER_101,59,object_memory,1,0.0,886,1,0,1.0,0,59,0
SUBJ_NER_101,60,reminiscence,1,1.0,902,0,0,1.0,0,60,0
SUBJ_NER_102,1,memory_match,1,1.0,1471,0,0,1.0,1,0,1
SUBJ_NER_102,2,pattern_recognition,1,1.0,1905,0,0,1.0,2,0,2
SUBJ_NER_102,3,routine_recall,2,1.0,1156,0,0,1.0,3,0,2
SUBJ_NER_102,4,object_memory,3,0.0,1745,2,0,1.0,0,1,0
SUBJ_NER_102,5,reminiscence,2,1.0,1200,0,0,1.0,1,0,1
SUBJ_NER_102,6,memory_match,2,1.0,1217,0,0,1.0,2,0,2
SUBJ_NER_102,7,pattern_recognition,3,1.0,1635,0,0,1.0,3,0,2
SUBJ_NER_102,8,routine_recall,4,0.0,1263,3,0,1.0,0,1,0
SUBJ_NER_102,9,object_memory,3,1.0,1493,0,0,1.0,1,0,1
SUBJ_NER_102,10,reminiscence,3,1.0,1425,0,0,1.0,2,0,2
SUBJ_NER_102,11,memory_match,4,0.0,2181,2,1,1.0,0,1,0
SUBJ_NER_102,12,pattern_recognition,3,1.0,1938,0,0,1.0,1,0,1
SUBJ_NER_102,13,routine_recall,3,1.0,1485,0,0,1.0,2,0,2
SUBJ_NER_102,14,object_memory,4,1.0,1624,0,0,1.0,3,0,2
SUBJ_NER_102,15,reminiscence,5,0.0,2370,3,0,1.0,0,1,0
SUBJ_NER_102,16,memory_match,4,0.0,1829,2,0,1.0,0,2,0
SUBJ_NER_102,17,pattern_recognition,3,0.0,1754,2,0,1.0,0,3,0
SUBJ_NER_102,18,routine_recall,2,1.0,1926,0,0,1.0,0,4,0
SUBJ_NER_102,19,object_memory,1,1.0,1359,0,0,1.0,0,5,0
SUBJ_NER_102,20,reminiscence,1,1.0,1057,0,0,1.0,0,6,0
SUBJ_NER_102,21,memory_match,1,0.0,1646,2,0,1.0,0,7,0
SUBJ_NER_102,22,pattern_recognition,1,1.0,948,0,0,1.0,0,8,0
SUBJ_NER_102,23,routine_recall,1,1.0,1112,0,0,1.0,0,9,0
SUBJ_NER_102,24,object_memory,1,1.0,712,0,0,1.0,0,10,0
SUBJ_NER_102,25,reminiscence,1,0.0,1517,2,2,1.0,0,11,0
SUBJ_NER_102,26,memory_match,1,0.0,1609,3,1,1.0,0,12,0
SUBJ_NER_102,27,pattern_recognition,1,1.0,1079,0,0,1.0,0,13,0
SUBJ_NER_102,28,routine_recall,1,1.0,878,0,0,1.0,0,14,0
SUBJ_NER_102,29,object_memory,1,1.0,1391,0,0,1.0,0,15,0
SUBJ_NER_102,30,reminiscence,1,0.0,1507,1,0,1.0,0,16,0
SUBJ_NER_102,31,memory_match,1,0.0,1255,2,0,1.0,0,17,0
SUBJ_NER_102,32,pattern_recognition,1,0.0,1513,1,0,1.0,0,18,0
SUBJ_NER_102,33,routine_recall,1,0.0,1808,2,0,1.0,0,19,0
SUBJ_NER_102,34,object_memory,1,1.0,1285,0,0,1.0,0,20,0
SUBJ_NER_102,35,reminiscence,1,0.0,1490,2,0,1.0,0,21,0
SUBJ_NER_102,36,memory_match,1,1.0,1143,0,0,1.0,0,22,0
SUBJ_NER_102,37,pattern_recognition,1,1.0,1177,0,0,1.0,0,23,0
SUBJ_NER_102,38,routine_recall,1,0.0,1279,1,0,1.0,0,24,0
SUBJ_NER_102,39,object_memory,1,1.0,1526,0,0,1.0,0,25,0
SUBJ_NER_102,40,reminiscence,1,0.0,1468,2,1,1.0,0,26,0
SUBJ_NER_102,41,memory_match,1,1.0,1497,0,0,1.0,0,27,0
SUBJ_NER_102,42,pattern_recognition,1,0.0,1568,3,1,1.0,0,28,0
SUBJ_NER_102,43,routine_recall,1,1.0,963,0,0,1.0,0,29,0
SUBJ_NER_102,44,object_memory,1,0.0,1089,1,1,1.0,0,30,0
SUBJ_NER_102,45,reminiscence,1,0.0,1375,2,0,1.0,0,31,0
SUBJ_NER_102,46,memory_match,1,0.0,1341,1,0,1.0,0,32,0
SUBJ_NER_102,47,pattern_recognition,1,0.0,1898,3,0,1.0,0,33,0
SUBJ_NER_102,48,routine_recall,1,1.0,1188,0,0,1.0,0,34,0
SUBJ_NER_102,49,object_memory,1,0.0,1431,2,0,1.0,0,35,0
SUBJ_NER_102,50,reminiscence,1,1.0,957,0,0,1.0,0,36,0
SUBJ_NER_102,51,memory_match,1,1.0,1076,0,0,1.0,0,37,0
SUBJ_NER_102,52,pattern_recognition,1,1.0,971,0,0,1.0,0,38,0
SUBJ_NER_102,53,routine_recall,1,1.0,941,0,0,1.0,0,39,0
SUBJ_NER_102,54,object_memory,1,0.0,1343,3,0,1.0,0,40,0
SUBJ_NER_102,55,reminiscence,1,0.0,1066,2,0,1.0,0,41,0
SUBJ_NER_102,56,memory_match,1,1.0,1666,0,0,1.0,0,42,0
SUBJ_NER_102,57,pattern_recognition,1,1.0,977,0,0,1.0,0,43,0
SUBJ_NER_102,58,routine_recall,1,0.0,2118,1,0,1.0,0,44,0
SUBJ_NER_102,59,object_memory,1,0.0,1608,1,1,1.0,0,45,0
SUBJ_NER_102,60,reminiscence,1,1.0,1312,0,0,0.5,0,46,0
SUBJ_NER_103,1,memory_match,1,1.0,2601,0,0,1.0,1,0,1
SUBJ_NER_103,2,pattern_recognition,1,0.0,2917,3,0,1.0,0,1,0
SUBJ_NER_103,3,routine_recall,1,0.0,2558,1,0,1.0,0,2,0
SUBJ_NER_103,4,object_memory,1,0.0,2560,1,0,1.0,0,3,0
SUBJ_NER_103,5,reminiscence,1,0.0,3646,1,0,1.0,0,4,0
SUBJ_NER_103,6,memory_match,1,1.0,4297,0,0,1.0,0,5,0
SUBJ_NER_103,7,pattern_recognition,1,1.0,1947,0,0,1.0,0,6,0
SUBJ_NER_103,8,routine_recall,1,0.0,3089,2,0,1.0,0,7,0
SUBJ_NER_103,9,object_memory,1,0.0,4356,3,0,1.0,0,8,0
SUBJ_NER_103,10,reminiscence,1,1.0,2253,0,0,1.0,0,9,0
SUBJ_NER_103,11,memory_match,1,0.0,3918,1,0,1.0,0,10,0
SUBJ_NER_103,12,pattern_recognition,1,0.0,2488,1,0,1.0,0,11,0
SUBJ_NER_103,13,routine_recall,1,1.0,2919,0,0,1.0,0,12,0
SUBJ_NER_103,14,object_memory,1,0.0,3235,1,0,1.0,0,13,0
SUBJ_NER_103,15,reminiscence,1,1.0,2651,0,0,1.0,0,14,0
SUBJ_NER_103,16,memory_match,1,0.0,2402,1,0,1.0,0,15,0
SUBJ_NER_103,17,pattern_recognition,1,0.0,2468,2,0,1.0,0,16,0
SUBJ_NER_103,18,routine_recall,1,0.0,2751,2,0,1.0,0,17,0
SUBJ_NER_103,19,object_memory,1,1.0,2753,0,0,1.0,0,18,0
SUBJ_NER_103,20,reminiscence,1,0.0,2589,2,0,1.0,0,19,0
SUBJ_NER_103,21,memory_match,1,0.0,2567,1,0,1.0,0,20,0
SUBJ_NER_103,22,pattern_recognition,1,0.0,3435,1,2,1.0,0,21,0
SUBJ_NER_103,23,routine_recall,1,0.0,1699,1,0,1.0,0,22,0
SUBJ_NER_103,24,object_memory,1,0.0,3621,1,0,1.0,0,23,0
SUBJ_NER_103,25,reminiscence,1,1.0,1920,0,0,1.0,0,24,0
SUBJ_NER_103,26,memory_match,1,1.0,1905,0,0,1.0,0,25,0
SUBJ_NER_103,27,pattern_recognition,1,0.0,3662,1,1,1.0,0,26,0
SUBJ_NER_103,28,routine_recall,1,1.0,2534,0,0,1.0,0,27,0
SUBJ_NER_103,29,object_memory,1,0.0,3392,1,0,1.0,0,28,0
SUBJ_NER_103,30,reminiscence,1,0.0,3814,3,1,1.0,0,29,0
SUBJ_NER_103,31,memory_match,1,1.0,2904,0,0,1.0,0,30,0
SUBJ_NER_103,32,pattern_recognition,1,1.0,2346,0,0,1.0,0,31,0
SUBJ_NER_103,33,routine_recall,1,1.0,1998,0,0,1.0,0,32,0
SUBJ_NER_103,34,object_memory,1,0.0,3153,1,0,1.0,0,33,0
SUBJ_NER_103,35,reminiscence,1,1.0,1813,0,0,1.0,0,34,0
SUBJ_NER_103,36,memory_match,1,0.0,3773,1,0,1.0,0,35,0
SUBJ_NER_103,37,pattern_recognition,1,0.0,3435,2,0,1.0,0,36,0
SUBJ_NER_103,38,routine_recall,1,1.0,1700,0,0,1.0,0,37,0
SUBJ_NER_103,39,object_memory,1,0.0,3717,2,1,1.0,0,38,0
SUBJ_NER_103,40,reminiscence,1,1.0,1998,0,0,1.0,0,39,0
SUBJ_NER_103,41,memory_match,1,0.0,4245,2,0,1.0,0,40,0
SUBJ_NER_103,42,pattern_recognition,1,0.0,2206,1,0,1.0,0,41,0
SUBJ_NER_103,43,routine_recall,1,1.0,2607,0,0,1.0,0,42,0
SUBJ_NER_103,44,object_memory,1,0.0,4429,2,0,1.0,0,43,0
SUBJ_NER_103,45,reminiscence,1,0.0,4188,2,0,1.0,0,44,0
SUBJ_NER_103,46,memory_match,1,1.0,2012,0,0,1.0,0,45,0
SUBJ_NER_103,47,pattern_recognition,1,0.0,2840,1,0,1.0,0,46,0
SUBJ_NER_103,48,routine_recall,1,0.0,3155,1,1,1.0,0,47,0
SUBJ_NER_103,49,object_memory,1,0.0,3021,2,0,1.0,0,48,0
SUBJ_NER_103,50,reminiscence,1,0.0,2442,1,0,1.0,0,49,0
SUBJ_NER_103,51,memory_match,1,0.0,2198,1,0,1.0,0,50,0
SUBJ_NER_103,52,pattern_recognition,1,1.0,1211,0,0,1.0,0,51,0
SUBJ_NER_103,53,routine_recall,1,0.0,2247,2,0,1.0,0,52,0
SUBJ_NER_103,54,object_memory,1,1.0,3189,0,0,1.0,0,53,0
SUBJ_NER_103,55,reminiscence,1,0.0,2295,2,0,1.0,0,54,0
SUBJ_NER_103,56,memory_match,1,0.0,4008,2,0,1.0,0,55,0
SUBJ_NER_103,57,pattern_recognition,1,0.0,2815,2,0,1.0,0,56,0
SUBJ_NER_103,58,routine_recall,1,0.0,3001,1,1,1.0,0,57,0
SUBJ_NER_103,59,object_memory,1,1.0,3022,0,0,1.0,0,58,0
SUBJ_NER_103,60,reminiscence,1,1.0,2567,0,0,0.5,0,59,0
SUBJ_NER_104,1,memory_match,1,1.0,1735,0,0,1.0,1,0,1
SUBJ_NER_104,2,pattern_recognition,1,1.0,2877,0,0,1.0,2,0,2
SUBJ_NER_104,3,routine_recall,2,1.0,2487,0,0,1.0,3,0,2
SUBJ_NER_104,4,object_memory,3,0.0,2600,2,1,1.0,0,1,0
SUBJ_NER_104,5,reminiscence,2,1.0,2418,0,0,1.0,1,0,1
SUBJ_NER_104,6,memory_match,2,1.0,2640,0,0,1.0,2,0,2
SUBJ_NER_104,7,pattern_recognition,3,0.0,2695,2,0,1.0,0,1,0
SUBJ_NER_104,8,routine_recall,2,0.0,3432,1,1,1.0,0,2,0
SUBJ_NER_104,9,object_memory,1,1.0,2322,0,0,1.0,0,3,0
SUBJ_NER_104,10,reminiscence,1,1.0,2377,0,0,1.0,0,4,0
SUBJ_NER_104,11,memory_match,1,0.0,2521,1,1,1.0,0,5,0
SUBJ_NER_104,12,pattern_recognition,1,1.0,2540,0,0,1.0,0,6,0
SUBJ_NER_104,13,routine_recall,1,0.0,2246,2,0,1.0,0,7,0
SUBJ_NER_104,14,object_memory,1,0.0,2958,2,0,1.0,0,8,0
SUBJ_NER_104,15,reminiscence,1,1.0,2632,0,0,1.0,0,9,0
SUBJ_NER_104,16,memory_match,1,1.0,1664,0,0,1.0,0,10,0
SUBJ_NER_104,17,pattern_recognition,1,1.0,2723,0,0,1.0,0,11,0
SUBJ_NER_104,18,routine_recall,1,1.0,2308,0,0,1.0,0,12,0
SUBJ_NER_104,19,object_memory,1,1.0,2356,0,0,1.0,0,13,0
SUBJ_NER_104,20,reminiscence,1,1.0,2430,0,0,1.0,0,14,0
SUBJ_NER_104,21,memory_match,1,1.0,2396,0,0,1.0,0,15,0
SUBJ_NER_104,22,pattern_recognition,1,1.0,2225,0,0,1.0,0,16,0
SUBJ_NER_104,23,routine_recall,1,1.0,2256,0,0,1.0,0,17,0
SUBJ_NER_104,24,object_memory,1,0.0,2870,2,0,1.0,0,18,0
SUBJ_NER_104,25,reminiscence,1,1.0,2222,0,0,1.0,0,19,0
SUBJ_NER_104,26,memory_match,1,0.0,2551,3,0,1.0,0,20,0
SUBJ_NER_104,27,pattern_recognition,1,1.0,1904,0,0,1.0,0,21,0
SUBJ_NER_104,28,routine_recall,1,1.0,2542,0,0,1.0,0,22,0
SUBJ_NER_104,29,object_memory,1,1.0,2977,0,0,1.0,0,23,0
SUBJ_NER_104,30,reminiscence,1,0.0,2575,1,0,1.0,0,24,0
SUBJ_NER_104,31,memory_match,1,0.0,2580,1,2,1.0,0,25,0
SUBJ_NER_104,32,pattern_recognition,1,0.0,1836,1,0,1.0,0,26,0
SUBJ_NER_104,33,routine_recall,1,0.0,4537,1,1,1.0,0,27,0
SUBJ_NER_104,34,object_memory,1,0.0,2831,1,0,1.0,0,28,0
SUBJ_NER_104,35,reminiscence,1,1.0,2011,0,0,1.0,0,29,0
SUBJ_NER_104,36,memory_match,1,0.0,3068,1,1,1.0,0,30,0
SUBJ_NER_104,37,pattern_recognition,1,1.0,2271,0,0,1.0,0,31,0
SUBJ_NER_104,38,routine_recall,1,1.0,3261,0,0,1.0,0,32,0
SUBJ_NER_104,39,object_memory,1,1.0,2078,0,0,1.0,0,33,0
SUBJ_NER_104,40,reminiscence,1,1.0,2219,0,0,1.0,0,34,0
SUBJ_NER_104,41,memory_match,1,0.0,2100,1,1,1.0,0,35,0
SUBJ_NER_104,42,pattern_recognition,1,1.0,2468,0,0,1.0,0,36,0
SUBJ_NER_104,43,routine_recall,1,1.0,1815,0,0,1.0,0,37,0
SUBJ_NER_104,44,object_memory,1,1.0,1841,0,0,1.0,0,38,0
SUBJ_NER_104,45,reminiscence,1,1.0,2098,0,0,1.0,0,39,0
SUBJ_NER_104,46,memory_match,1,1.0,1969,0,0,1.0,0,40,0
SUBJ_NER_104,47,pattern_recognition,1,0.0,3159,1,0,1.0,0,41,0
SUBJ_NER_104,48,routine_recall,1,0.0,2787,3,0,1.0,0,42,0
SUBJ_NER_104,49,object_memory,1,1.0,1992,0,0,1.0,0,43,0
SUBJ_NER_104,50,reminiscence,1,1.0,2067,0,0,1.0,0,44,0
SUBJ_NER_104,51,memory_match,1,1.0,3220,0,0,1.0,0,45,0
SUBJ_NER_104,52,pattern_recognition,1,0.0,2882,1,0,1.0,0,46,0
SUBJ_NER_104,53,routine_recall,1,1.0,1939,0,0,1.0,0,47,0
SUBJ_NER_104,54,object_memory,1,0.0,2866,1,1,1.0,0,48,0
SUBJ_NER_104,55,reminiscence,1,1.0,2921,0,0,1.0,0,49,0
SUBJ_NER_104,56,memory_match,1,1.0,4219,0,0,0.5,0,50,0
SUBJ_NER_104,57,pattern_recognition,1,1.0,1638,0,0,1.0,0,51,0
SUBJ_NER_104,58,routine_recall,1,1.0,2575,0,0,1.0,0,52,0
SUBJ_NER_104,59,object_memory,1,0.0,2389,1,0,0.8,0,53,0
SUBJ_NER_104,60,reminiscence,1,0.0,3683,1,0,1.0,0,54,0
SUBJ_NER_105,1,memory_match,1,1.0,2126,0,0,1.0,1,0,1
SUBJ_NER_105,2,pattern_recognition,1,1.0,2231,0,0,1.0,2,0,2
SUBJ_NER_105,3,routine_recall,2,0.0,3345,2,0,1.0,0,1,0
SUBJ_NER_105,4,object_memory,1,1.0,1786,0,0,1.0,1,0,1
SUBJ_NER_105,5,reminiscence,1,1.0,1555,0,0,1.0,2,0,2
SUBJ_NER_105,6,memory_match,2,1.0,1988,0,0,1.0,3,0,2
SUBJ_NER_105,7,pattern_recognition,3,0.0,2963,3,1,1.0,0,1,0
SUBJ_NER_105,8,routine_recall,2,1.0,2442,0,0,1.0,1,0,1
SUBJ_NER_105,9,object_memory,2,1.0,1966,0,0,1.0,2,0,2
SUBJ_NER_105,10,reminiscence,3,0.0,2205,2,1,1.0,0,1,0
SUBJ_NER_105,11,memory_match,2,1.0,1914,0,0,1.0,1,0,1
SUBJ_NER_105,12,pattern_recognition,2,0.0,2668,3,0,1.0,0,1,0
SUBJ_NER_105,13,routine_recall,1,0.0,2338,1,0,1.0,0,2,0
SUBJ_NER_105,14,object_memory,1,1.0,1930,0,0,1.0,0,3,0
SUBJ_NER_105,15,reminiscence,1,1.0,1394,0,0,1.0,0,4,0
SUBJ_NER_105,16,memory_match,1,1.0,2043,0,0,1.0,0,5,0
SUBJ_NER_105,17,pattern_recognition,1,0.0,2528,2,0,1.0,0,6,0
SUBJ_NER_105,18,routine_recall,1,1.0,2164,0,0,1.0,0,7,0
SUBJ_NER_105,19,object_memory,1,1.0,1514,0,0,1.0,0,8,0
SUBJ_NER_105,20,reminiscence,1,0.0,2273,1,0,1.0,0,9,0
SUBJ_NER_105,21,memory_match,1,1.0,2117,0,0,1.0,0,10,0
SUBJ_NER_105,22,pattern_recognition,1,0.0,2170,1,0,1.0,0,11,0
SUBJ_NER_105,23,routine_recall,1,1.0,1845,0,0,1.0,0,12,0
SUBJ_NER_105,24,object_memory,1,1.0,2593,0,0,1.0,0,13,0
SUBJ_NER_105,25,reminiscence,1,1.0,1982,0,0,1.0,0,14,0
SUBJ_NER_105,26,memory_match,1,0.0,1667,2,2,1.0,0,15,0
SUBJ_NER_105,27,pattern_recognition,1,1.0,2067,0,0,1.0,0,16,0
SUBJ_NER_105,28,routine_recall,1,1.0,1661,0,0,1.0,0,17,0
SUBJ_NER_105,29,object_memory,1,1.0,2061,0,0,1.0,0,18,0
SUBJ_NER_105,30,reminiscence,1,1.0,1950,0,0,1.0,0,19,0
SUBJ_NER_105,31,memory_match,1,0.0,1555,1,1,1.0,0,20,0
SUBJ_NER_105,32,pattern_recognition,1,1.0,1862,0,0,1.0,0,21,0
SUBJ_NER_105,33,routine_recall,1,1.0,1587,0,0,1.0,0,22,0
SUBJ_NER_105,34,object_memory,1,1.0,2223,0,0,1.0,0,23,0
SUBJ_NER_105,35,reminiscence,1,0.0,3174,3,0,1.0,0,24,0
SUBJ_NER_105,36,memory_match,1,0.0,1696,1,0,1.0,0,25,0
SUBJ_NER_105,37,pattern_recognition,1,0.0,2161,2,0,1.0,0,26,0
SUBJ_NER_105,38,routine_recall,1,0.0,2519,1,0,1.0,0,27,0
SUBJ_NER_105,39,object_memory,1,1.0,1344,0,0,1.0,0,28,0
SUBJ_NER_105,40,reminiscence,1,0.0,1872,2,2,1.0,0,29,0
SUBJ_NER_105,41,memory_match,1,1.0,2391,0,0,1.0,0,30,0
SUBJ_NER_105,42,pattern_recognition,1,1.0,2263,0,0,1.0,0,31,0
SUBJ_NER_105,43,routine_recall,1,1.0,1194,0,0,1.0,0,32,0
SUBJ_NER_105,44,object_memory,1,0.0,2706,1,0,1.0,0,33,0
SUBJ_NER_105,45,reminiscence,1,1.0,2750,0,0,1.0,0,34,0
SUBJ_NER_105,46,memory_match,1,1.0,2111,0,0,1.0,0,35,0
SUBJ_NER_105,47,pattern_recognition,1,1.0,1613,0,0,1.0,0,36,0
SUBJ_NER_105,48,routine_recall,1,1.0,2447,0,0,1.0,0,37,0
SUBJ_NER_105,49,object_memory,1,0.0,2177,1,0,1.0,0,38,0
SUBJ_NER_105,50,reminiscence,1,1.0,2017,0,0,1.0,0,39,0
SUBJ_NER_105,51,memory_match,1,0.0,2858,1,0,1.0,0,40,0
SUBJ_NER_105,52,pattern_recognition,1,0.0,2232,1,0,1.0,0,41,0
SUBJ_NER_105,53,routine_recall,1,1.0,1960,0,0,1.0,0,42,0
SUBJ_NER_105,54,object_memory,1,1.0,2168,0,0,1.0,0,43,0
SUBJ_NER_105,55,reminiscence,1,0.0,2471,2,0,1.0,0,44,0
SUBJ_NER_105,56,memory_match,1,1.0,1798,0,0,1.0,0,45,0
SUBJ_NER_105,57,pattern_recognition,1,0.0,2408,2,0,1.0,0,46,0
SUBJ_NER_105,58,routine_recall,1,1.0,1796,0,0,1.0,0,47,0
SUBJ_NER_105,59,object_memory,1,1.0,2094,0,0,0.8,0,48,0
SUBJ_NER_105,60,reminiscence,1,1.0,2345,0,0,1.0,0,49,0
SUBJ_NER_106,1,memory_match,1,1.0,2388,0,0,1.0,1,0,1
SUBJ_NER_106,2,pattern_recognition,1,0.0,1836,1,2,1.0,0,1,0
SUBJ_NER_106,3,routine_recall,1,0.0,2640,1,0,1.0,0,2,0
SUBJ_NER_106,4,object_memory,1,1.0,2479,0,0,1.0,0,3,0
SUBJ_NER_106,5,reminiscence,1,1.0,1596,0,0,1.0,0,4,0
SUBJ_NER_106,6,memory_match,1,1.0,2619,0,0,1.0,0,5,0
SUBJ_NER_106,7,pattern_recognition,1,1.0,2308,0,0,1.0,0,6,0
SUBJ_NER_106,8,routine_recall,1,1.0,2095,0,0,1.0,0,7,0
SUBJ_NER_106,9,object_memory,1,0.0,2506,1,1,1.0,0,8,0
SUBJ_NER_106,10,reminiscence,1,1.0,2210,0,0,1.0,0,9,0
SUBJ_NER_106,11,memory_match,1,0.0,2227,1,0,1.0,0,10,0
SUBJ_NER_106,12,pattern_recognition,1,0.0,2551,2,0,1.0,0,11,0
SUBJ_NER_106,13,routine_recall,1,1.0,1776,0,0,1.0,0,12,0
SUBJ_NER_106,14,object_memory,1,1.0,1880,0,0,1.0,0,13,0
SUBJ_NER_106,15,reminiscence,1,1.0,2117,0,0,1.0,0,14,0
SUBJ_NER_106,16,memory_match,1,1.0,1783,0,0,1.0,0,15,0
SUBJ_NER_106,17,pattern_recognition,1,1.0,2293,0,0,1.0,0,16,0
SUBJ_NER_106,18,routine_recall,1,1.0,2307,0,0,1.0,0,17,0
SUBJ_NER_106,19,object_memory,1,0.0,2657,3,0,1.0,0,18,0
SUBJ_NER_106,20,reminiscence,1,1.0,2785,0,0,1.0,0,19,0
SUBJ_NER_106,21,memory_match,1,1.0,2331,0,0,1.0,0,20,0
SUBJ_NER_106,22,pattern_recognition,1,1.0,2293,0,0,1.0,0,21,0
SUBJ_NER_106,23,routine_recall,1,1.0,3713,0,0,1.0,0,22,0
SUBJ_NER_106,24,object_memory,1,1.0,2441,0,0,1.0,0,23,0
SUBJ_NER_106,25,reminiscence,1,0.0,3042,1,1,1.0,0,24,0
SUBJ_NER_106,26,memory_match,1,1.0,3179,0,0,1.0,0,25,0
SUBJ_NER_106,27,pattern_recognition,1,0.0,2095,1,0,1.0,0,26,0
SUBJ_NER_106,28,routine_recall,1,0.0,2768,2,0,1.0,0,27,0
SUBJ_NER_106,29,object_memory,1,1.0,2241,0,0,1.0,0,28,0
SUBJ_NER_106,30,reminiscence,1,0.0,3241,1,0,1.0,0,29,0
SUBJ_NER_106,31,memory_match,1,1.0,2205,0,0,1.0,0,30,0
SUBJ_NER_106,32,pattern_recognition,1,1.0,2060,0,0,1.0,0,31,0
SUBJ_NER_106,33,routine_recall,1,1.0,2361,0,0,1.0,0,32,0
SUBJ_NER_106,34,object_memory,1,0.0,2866,1,0,1.0,0,33,0
SUBJ_NER_106,35,reminiscence,1,1.0,2661,0,0,1.0,0,34,0
SUBJ_NER_106,36,memory_match,1,1.0,1934,0,0,1.0,0,35,0
SUBJ_NER_106,37,pattern_recognition,1,1.0,1590,0,0,1.0,0,36,0
SUBJ_NER_106,38,routine_recall,1,1.0,1735,0,0,1.0,0,37,0
SUBJ_NER_106,39,object_memory,1,0.0,2277,1,1,1.0,0,38,0
SUBJ_NER_106,40,reminiscence,1,1.0,2009,0,0,1.0,0,39,0
SUBJ_NER_106,41,memory_match,1,1.0,2322,0,0,1.0,0,40,0
SUBJ_NER_106,42,pattern_recognition,1,1.0,1812,0,0,1.0,0,41,0
SUBJ_NER_106,43,routine_recall,1,1.0,3173,0,0,1.0,0,42,0
SUBJ_NER_106,44,object_memory,1,0.0,1253,1,0,1.0,0,43,0
SUBJ_NER_106,45,reminiscence,1,0.0,2196,1,0,1.0,0,44,0
SUBJ_NER_106,46,memory_match,1,1.0,1868,0,0,1.0,0,45,0
SUBJ_NER_106,47,pattern_recognition,1,1.0,1573,0,0,1.0,0,46,0
SUBJ_NER_106,48,routine_recall,1,1.0,1940,0,0,1.0,0,47,0
SUBJ_NER_106,49,object_memory,1,1.0,3003,0,0,1.0,0,48,0
SUBJ_NER_106,50,reminiscence,1,1.0,1734,0,0,1.0,0,49,0
SUBJ_NER_106,51,memory_match,1,0.0,2671,1,0,1.0,0,50,0
SUBJ_NER_106,52,pattern_recognition,1,1.0,2585,0,0,1.0,0,51,0
SUBJ_NER_106,53,routine_recall,1,1.0,1935,0,0,1.0,0,52,0
SUBJ_NER_106,54,object_memory,1,1.0,1644,0,0,1.0,0,53,0
SUBJ_NER_106,55,reminiscence,1,0.0,2625,3,0,1.0,0,54,0
SUBJ_NER_106,56,memory_match,1,1.0,2433,0,0,0.8,0,55,0
SUBJ_NER_106,57,pattern_recognition,1,1.0,2168,0,0,1.0,0,56,0
SUBJ_NER_106,58,routine_recall,1,1.0,1757,0,0,0.8,0,57,0
SUBJ_NER_106,59,object_memory,1,1.0,2119,0,0,0.8,0,58,0
SUBJ_NER_106,60,reminiscence,1,1.0,3051,0,0,1.0,0,59,0
SUBJ_NER_107,1,memory_match,1,1.0,2707,0,0,1.0,1,0,1
SUBJ_NER_107,2,pattern_recognition,1,0.0,4456,2,0,1.0,0,1,0
SUBJ_NER_107,3,routine_recall,1,0.0,2243,1,1,1.0,0,2,0
SUBJ_NER_107,4,object_memory,1,1.0,2151,0,0,1.0,0,3,0
SUBJ_NER_107,5,reminiscence,1,1.0,3517,0,0,1.0,0,4,0
SUBJ_NER_107,6,memory_match,1,1.0,2704,0,0,1.0,0,5,0
SUBJ_NER_107,7,pattern_recognition,1,1.0,2814,0,0,1.0,0,6,0
SUBJ_NER_107,8,routine_recall,1,1.0,3255,0,0,1.0,0,7,0
SUBJ_NER_107,9,object_memory,1,1.0,3072,0,0,1.0,0,8,0
SUBJ_NER_107,10,reminiscence,1,1.0,2628,0,0,1.0,0,9,0
SUBJ_NER_107,11,memory_match,1,0.0,3896,1,0,1.0,0,10,0
SUBJ_NER_107,12,pattern_recognition,1,1.0,2105,0,0,1.0,0,11,0
SUBJ_NER_107,13,routine_recall,1,1.0,3035,0,0,1.0,0,12,0
SUBJ_NER_107,14,object_memory,1,1.0,4230,0,0,1.0,0,13,0
SUBJ_NER_107,15,reminiscence,1,0.0,3085,3,1,1.0,0,14,0
SUBJ_NER_107,16,memory_match,1,1.0,2860,0,0,1.0,0,15,0
SUBJ_NER_107,17,pattern_recognition,1,1.0,3311,0,0,1.0,0,16,0
SUBJ_NER_107,18,routine_recall,1,1.0,3610,0,0,1.0,0,17,0
SUBJ_NER_107,19,object_memory,1,1.0,2721,0,0,1.0,0,18,0
SUBJ_NER_107,20,reminiscence,1,0.0,2803,1,1,1.0,0,19,0
SUBJ_NER_107,21,memory_match,1,0.0,3919,1,1,1.0,0,20,0
SUBJ_NER_107,22,pattern_recognition,1,1.0,3088,0,0,1.0,0,21,0
SUBJ_NER_107,23,routine_recall,1,0.0,2920,1,1,1.0,0,22,0
SUBJ_NER_107,24,object_memory,1,1.0,3372,0,0,1.0,0,23,0
SUBJ_NER_107,25,reminiscence,1,1.0,4111,0,0,1.0,0,24,0
SUBJ_NER_107,26,memory_match,1,0.0,3199,3,0,1.0,0,25,0
SUBJ_NER_107,27,pattern_recognition,1,1.0,2775,0,0,1.0,0,26,0
SUBJ_NER_107,28,routine_recall,1,1.0,4176,0,0,1.0,0,27,0
SUBJ_NER_107,29,object_memory,1,0.0,3520,1,0,1.0,0,28,0
SUBJ_NER_107,30,reminiscence,1,0.0,3144,1,0,1.0,0,29,0
SUBJ_NER_107,31,memory_match,1,1.0,1857,0,0,1.0,0,30,0
SUBJ_NER_107,32,pattern_recognition,1,1.0,3285,0,0,1.0,0,31,0
SUBJ_NER_107,33,routine_recall,1,1.0,2926,0,0,1.0,0,32,0
SUBJ_NER_107,34,object_memory,1,0.0,6566,1,0,1.0,0,33,0
SUBJ_NER_107,35,reminiscence,1,1.0,3047,0,0,1.0,0,34,0
SUBJ_NER_107,36,memory_match,1,0.0,3519,1,0,1.0,0,35,0
SUBJ_NER_107,37,pattern_recognition,1,0.0,3211,2,0,1.0,0,36,0
SUBJ_NER_107,38,routine_recall,1,0.0,2943,1,1,1.0,0,37,0
SUBJ_NER_107,39,object_memory,1,0.0,4350,1,0,1.0,0,38,0
SUBJ_NER_107,40,reminiscence,1,0.0,4723,1,0,1.0,0,39,0
SUBJ_NER_107,41,memory_match,1,0.0,4405,2,1,1.0,0,40,0
SUBJ_NER_107,42,pattern_recognition,1,1.0,3533,0,0,1.0,0,41,0
SUBJ_NER_107,43,routine_recall,1,0.0,3859,1,0,1.0,0,42,0
SUBJ_NER_107,44,object_memory,1,1.0,2775,0,0,1.0,0,43,0
SUBJ_NER_107,45,reminiscence,1,1.0,1780,0,0,1.0,0,44,0
SUBJ_NER_107,46,memory_match,1,0.0,4107,1,0,1.0,0,45,0
SUBJ_NER_107,47,pattern_recognition,1,1.0,3668,0,0,1.0,0,46,0
SUBJ_NER_107,48,routine_recall,1,1.0,3562,0,0,1.0,0,47,0
SUBJ_NER_107,49,object_memory,1,0.0,4345,2,1,1.0,0,48,0
SUBJ_NER_107,50,reminiscence,1,0.0,2270,3,0,1.0,0,49,0
SUBJ_NER_107,51,memory_match,1,0.0,2915,1,0,1.0,0,50,0
SUBJ_NER_107,52,pattern_recognition,1,0.0,3324,1,0,1.0,0,51,0
SUBJ_NER_107,53,routine_recall,1,1.0,2818,0,0,1.0,0,52,0
SUBJ_NER_107,54,object_memory,1,0.0,4071,1,1,1.0,0,53,0
SUBJ_NER_107,55,reminiscence,1,0.0,3618,3,0,1.0,0,54,0
SUBJ_NER_107,56,memory_match,1,0.0,4111,1,1,1.0,0,55,0
SUBJ_NER_107,57,pattern_recognition,1,0.0,3356,2,0,1.0,0,56,0
SUBJ_NER_107,58,routine_recall,1,0.0,2823,1,0,1.0,0,57,0
SUBJ_NER_107,59,object_memory,1,1.0,2965,0,0,1.0,0,58,0
SUBJ_NER_107,60,reminiscence,1,0.0,4830,1,0,1.0,0,59,0
SUBJ_NER_108,1,memory_match,1,0.0,2085,1,0,1.0,0,1,0
SUBJ_NER_108,2,pattern_recognition,1,1.0,2360,0,0,1.0,1,0,1
SUBJ_NER_108,3,routine_recall,1,0.0,2474,3,1,1.0,0,1,0
SUBJ_NER_108,4,object_memory,1,1.0,1695,0,0,1.0,1,0,1
SUBJ_NER_108,5,reminiscence,1,0.0,1964,1,0,1.0,0,1,0
SUBJ_NER_108,6,memory_match,1,1.0,1480,0,0,1.0,1,0,1
SUBJ_NER_108,7,pattern_recognition,1,0.0,1807,1,0,1.0,0,1,0
SUBJ_NER_108,8,routine_recall,1,0.0,2813,2,1,1.0,0,2,0
SUBJ_NER_108,9,object_memory,1,1.0,1890,0,0,1.0,0,3,0
SUBJ_NER_108,10,reminiscence,1,1.0,1891,0,0,1.0,0,4,0
SUBJ_NER_108,11,memory_match,1,1.0,2340,0,0,1.0,0,5,0
SUBJ_NER_108,12,pattern_recognition,1,0.0,2905,2,0,1.0,0,6,0
SUBJ_NER_108,13,routine_recall,1,0.0,2175,1,1,1.0,0,7,0
SUBJ_NER_108,14,object_memory,1,1.0,2300,0,0,1.0,0,8,0
SUBJ_NER_108,15,reminiscence,1,1.0,2373,0,0,1.0,0,9,0
SUBJ_NER_108,16,memory_match,1,1.0,1702,0,0,1.0,0,10,0
SUBJ_NER_108,17,pattern_recognition,1,1.0,2116,0,0,1.0,0,11,0
SUBJ_NER_108,18,routine_recall,1,0.0,2340,1,0,1.0,0,12,0
SUBJ_NER_108,19,object_memory,1,1.0,2400,0,0,1.0,0,13,0
SUBJ_NER_108,20,reminiscence,1,0.0,2816,1,0,1.0,0,14,0
SUBJ_NER_108,21,memory_match,1,0.0,2625,1,1,1.0,0,15,0
SUBJ_NER_108,22,pattern_recognition,1,1.0,2313,0,0,1.0,0,16,0
SUBJ_NER_108,23,routine_recall,1,1.0,1835,0,0,1.0,0,17,0
SUBJ_NER_108,24,object_memory,1,1.0,1355,0,0,1.0,0,18,0
SUBJ_NER_108,25,reminiscence,1,1.0,1720,0,0,1.0,0,19,0
SUBJ_NER_108,26,memory_match,1,0.0,2374,1,0,1.0,0,20,0
SUBJ_NER_108,27,pattern_recognition,1,1.0,3064,0,0,1.0,0,21,0
SUBJ_NER_108,28,routine_recall,1,1.0,2247,0,0,1.0,0,22,0
SUBJ_NER_108,29,object_memory,1,1.0,2334,0,0,1.0,0,23,0
SUBJ_NER_108,30,reminiscence,1,1.0,3304,0,0,1.0,0,24,0
SUBJ_NER_108,31,memory_match,1,0.0,2074,2,0,1.0,0,25,0
SUBJ_NER_108,32,pattern_recognition,1,0.0,1954,3,0,1.0,0,26,0
SUBJ_NER_108,33,routine_recall,1,0.0,1903,1,1,1.0,0,27,0
SUBJ_NER_108,34,object_memory,1,0.0,3241,1,0,1.0,0,28,0
SUBJ_NER_108,35,reminiscence,1,0.0,2680,2,0,1.0,0,29,0
SUBJ_NER_108,36,memory_match,1,1.0,1930,0,0,1.0,0,30,0
SUBJ_NER_108,37,pattern_recognition,1,0.0,3949,2,0,1.0,0,31,0
SUBJ_NER_108,38,routine_recall,1,0.0,3080,1,0,1.0,0,32,0
SUBJ_NER_108,39,object_memory,1,0.0,2305,1,0,1.0,0,33,0
SUBJ_NER_108,40,reminiscence,1,0.0,2717,1,0,1.0,0,34,0
SUBJ_NER_108,41,memory_match,1,0.0,2608,2,0,1.0,0,35,0
SUBJ_NER_108,42,pattern_recognition,1,0.0,2752,1,0,1.0,0,36,0
SUBJ_NER_108,43,routine_recall,1,1.0,1765,0,0,1.0,0,37,0
SUBJ_NER_108,44,object_memory,1,0.0,2461,2,0,1.0,0,38,0
SUBJ_NER_108,45,reminiscence,1,0.0,3393,2,0,1.0,0,39,0
SUBJ_NER_108,46,memory_match,1,1.0,1711,0,0,1.0,0,40,0
SUBJ_NER_108,47,pattern_recognition,1,1.0,1154,0,0,1.0,0,41,0
SUBJ_NER_108,48,routine_recall,1,1.0,2118,0,0,1.0,0,42,0
SUBJ_NER_108,49,object_memory,1,0.0,1558,1,1,1.0,0,43,0
SUBJ_NER_108,50,reminiscence,1,1.0,2413,0,0,1.0,0,44,0
SUBJ_NER_108,51,memory_match,1,1.0,2000,0,0,1.0,0,45,0
SUBJ_NER_108,52,pattern_recognition,1,0.0,2050,1,1,1.0,0,46,0
SUBJ_NER_108,53,routine_recall,1,1.0,2311,0,0,1.0,0,47,0
SUBJ_NER_108,54,object_memory,1,1.0,2059,0,0,1.0,0,48,0
SUBJ_NER_108,55,reminiscence,1,0.0,2351,1,0,1.0,0,49,0
SUBJ_NER_108,56,memory_match,1,0.0,3312,3,1,1.0,0,50,0
SUBJ_NER_108,57,pattern_recognition,1,0.0,2288,2,0,1.0,0,51,0
SUBJ_NER_108,58,routine_recall,1,1.0,2746,0,0,1.0,0,52,0
SUBJ_NER_108,59,object_memory,1,0.0,2818,2,0,1.0,0,53,0
SUBJ_NER_108,60,reminiscence,1,1.0,2001,0,0,1.0,0,54,0
SUBJ_NER_109,1,memory_match,1,0.0,1161,2,0,1.0,0,1,0
SUBJ_NER_109,2,pattern_recognition,1,1.0,1134,0,0,1.0,1,0,1
SUBJ_NER_109,3,routine_recall,1,1.0,1108,0,0,1.0,2,0,2
SUBJ_NER_109,4,object_memory,2,1.0,1430,0,0,1.0,3,0,2
SUBJ_NER_109,5,reminiscence,3,1.0,2110,0,0,1.0,4,0,2
SUBJ_NER_109,6,memory_match,4,0.0,2368,1,1,1.0,0,1,0
SUBJ_NER_109,7,pattern_recognition,3,0.0,2008,2,0,1.0,0,2,0
SUBJ_NER_109,8,routine_recall,2,1.0,1283,0,0,1.0,0,3,0
SUBJ_NER_109,9,object_memory,1,0.0,1652,1,0,1.0,0,4,0
SUBJ_NER_109,10,reminiscence,1,0.0,1644,1,0,1.0,0,5,0
SUBJ_NER_109,11,memory_match,1,0.0,1742,2,0,1.0,0,6,0
SUBJ_NER_109,12,pattern_recognition,1,1.0,1502,0,0,1.0,0,7,0
SUBJ_NER_109,13,routine_recall,1,1.0,1102,0,0,1.0,0,8,0
SUBJ_NER_109,14,object_memory,1,0.0,1846,1,0,1.0,0,9,0
SUBJ_NER_109,15,reminiscence,1,1.0,1091,0,0,1.0,0,10,0
SUBJ_NER_109,16,memory_match,1,0.0,1397,1,0,1.0,0,11,0
SUBJ_NER_109,17,pattern_recognition,1,1.0,1718,0,0,1.0,0,12,0
SUBJ_NER_109,18,routine_recall,1,1.0,1111,0,0,1.0,0,13,0
SUBJ_NER_109,19,object_memory,1,1.0,1184,0,0,1.0,0,14,0
SUBJ_NER_109,20,reminiscence,1,1.0,1493,0,0,1.0,0,15,0
SUBJ_NER_109,21,memory_match,1,1.0,992,0,0,1.0,0,16,0
SUBJ_NER_109,22,pattern_recognition,1,0.0,1453,1,0,1.0,0,17,0
SUBJ_NER_109,23,routine_recall,1,1.0,904,0,0,1.0,0,18,0
SUBJ_NER_109,24,object_memory,1,1.0,1056,0,0,1.0,0,19,0
SUBJ_NER_109,25,reminiscence,1,0.0,1586,1,0,1.0,0,20,0
SUBJ_NER_109,26,memory_match,1,0.0,1019,1,0,1.0,0,21,0
SUBJ_NER_109,27,pattern_recognition,1,1.0,1533,0,0,1.0,0,22,0
SUBJ_NER_109,28,routine_recall,1,1.0,772,0,0,1.0,0,23,0
SUBJ_NER_109,29,object_memory,1,1.0,858,0,0,1.0,0,24,0
SUBJ_NER_109,30,reminiscence,1,0.0,1614,1,1,1.0,0,25,0
SUBJ_NER_109,31,memory_match,1,1.0,1078,0,0,1.0,0,26,0
SUBJ_NER_109,32,pattern_recognition,1,0.0,1154,2,0,1.0,0,27,0
SUBJ_NER_109,33,routine_recall,1,0.0,1323,2,0,1.0,0,28,0
SUBJ_NER_109,34,object_memory,1,1.0,1280,0,0,1.0,0,29,0
SUBJ_NER_109,35,reminiscence,1,0.0,1367,2,0,1.0,0,30,0
SUBJ_NER_109,36,memory_match,1,1.0,1270,0,0,1.0,0,31,0
SUBJ_NER_109,37,pattern_recognition,1,0.0,1648,1,0,1.0,0,32,0
SUBJ_NER_109,38,routine_recall,1,1.0,1245,0,0,1.0,0,33,0
SUBJ_NER_109,39,object_memory,1,0.0,1364,2,1,1.0,0,34,0
SUBJ_NER_109,40,reminiscence,1,1.0,1388,0,0,1.0,0,35,0
SUBJ_NER_109,41,memory_match,1,1.0,1013,0,0,1.0,0,36,0
SUBJ_NER_109,42,pattern_recognition,1,0.0,1698,1,0,1.0,0,37,0
SUBJ_NER_109,43,routine_recall,1,1.0,1439,0,0,1.0,0,38,0
SUBJ_NER_109,44,object_memory,1,0.0,1631,2,0,1.0,0,39,0
SUBJ_NER_109,45,reminiscence,1,1.0,1093,0,0,1.0,0,40,0
SUBJ_NER_109,46,memory_match,1,0.0,1269,1,0,1.0,0,41,0
SUBJ_NER_109,47,pattern_recognition,1,1.0,1480,0,0,1.0,0,42,0
SUBJ_NER_109,48,routine_recall,1,0.0,1675,1,0,1.0,0,43,0
SUBJ_NER_109,49,object_memory,1,1.0,1635,0,0,1.0,0,44,0
SUBJ_NER_109,50,reminiscence,1,1.0,1262,0,0,1.0,0,45,0
SUBJ_NER_109,51,memory_match,1,1.0,1249,0,0,1.0,0,46,0
SUBJ_NER_109,52,pattern_recognition,1,1.0,1419,0,0,1.0,0,47,0
SUBJ_NER_109,53,routine_recall,1,1.0,1121,0,0,1.0,0,48,0
SUBJ_NER_109,54,object_memory,1,0.0,1843,1,0,1.0,0,49,0
SUBJ_NER_109,55,reminiscence,1,1.0,1076,0,0,1.0,0,50,0
SUBJ_NER_109,56,memory_match,1,0.0,1861,3,0,1.0,0,51,0
SUBJ_NER_109,57,pattern_recognition,1,0.0,1562,2,0,0.5,0,52,0
SUBJ_NER_109,58,routine_recall,1,1.0,1349,0,0,0.5,0,53,0
SUBJ_NER_109,59,object_memory,1,0.0,1153,1,0,1.0,0,54,0
SUBJ_NER_109,60,reminiscence,1,0.0,1663,1,0,1.0,0,55,0
SUBJ_NER_110,1,memory_match,1,0.0,1951,2,0,1.0,0,1,0
SUBJ_NER_110,2,pattern_recognition,1,0.0,1776,1,1,1.0,0,2,0
SUBJ_NER_110,3,routine_recall,1,1.0,1723,0,0,1.0,0,3,0
SUBJ_NER_110,4,object_memory,1,0.0,2484,1,0,1.0,0,4,0
SUBJ_NER_110,5,reminiscence,1,1.0,1594,0,0,1.0,0,5,0
SUBJ_NER_110,6,memory_match,1,0.0,1911,1,1,1.0,0,6,0
SUBJ_NER_110,7,pattern_recognition,1,0.0,1633,1,0,1.0,0,7,0
SUBJ_NER_110,8,routine_recall,1,1.0,1379,0,0,1.0,0,8,0
SUBJ_NER_110,9,object_memory,1,0.0,2081,1,0,1.0,0,9,0
SUBJ_NER_110,10,reminiscence,1,0.0,1997,1,0,1.0,0,10,0
SUBJ_NER_110,11,memory_match,1,1.0,1839,0,0,1.0,0,11,0
SUBJ_NER_110,12,pattern_recognition,1,0.0,1940,2,1,1.0,0,12,0
SUBJ_NER_110,13,routine_recall,1,0.0,1763,1,0,1.0,0,13,0
SUBJ_NER_110,14,object_memory,1,0.0,2358,1,0,1.0,0,14,0
SUBJ_NER_110,15,reminiscence,1,1.0,1779,0,0,1.0,0,15,0
SUBJ_NER_110,16,memory_match,1,0.0,1843,2,0,1.0,0,16,0
SUBJ_NER_110,17,pattern_recognition,1,0.0,1879,1,0,1.0,0,17,0
SUBJ_NER_110,18,routine_recall,1,0.0,1555,2,0,1.0,0,18,0
SUBJ_NER_110,19,object_memory,1,0.0,1466,1,0,1.0,0,19,0
SUBJ_NER_110,20,reminiscence,1,1.0,1124,0,0,1.0,0,20,0
SUBJ_NER_110,21,memory_match,1,1.0,1779,0,0,1.0,0,21,0
SUBJ_NER_110,22,pattern_recognition,1,1.0,999,0,0,1.0,0,22,0
SUBJ_NER_110,23,routine_recall,1,1.0,1468,0,0,1.0,0,23,0
SUBJ_NER_110,24,object_memory,1,0.0,1623,1,0,1.0,0,24,0
SUBJ_NER_110,25,reminiscence,1,0.0,2457,1,2,1.0,0,25,0
SUBJ_NER_110,26,memory_match,1,0.0,1732,1,0,1.0,0,26,0
SUBJ_NER_110,27,pattern_recognition,1,0.0,1797,2,0,1.0,0,27,0
SUBJ_NER_110,28,routine_recall,1,0.0,1701,1,0,1.0,0,28,0
SUBJ_NER_110,29,object_memory,1,0.0,1642,2,0,1.0,0,29,0
SUBJ_NER_110,30,reminiscence,1,0.0,1791,1,0,1.0,0,30,0
SUBJ_NER_110,31,memory_match,1,0.0,1956,1,0,1.0,0,31,0
SUBJ_NER_110,32,pattern_recognition,1,1.0,2508,0,0,1.0,0,32,0
SUBJ_NER_110,33,routine_recall,1,1.0,1513,0,0,1.0,0,33,0
SUBJ_NER_110,34,object_memory,1,1.0,919,0,0,1.0,0,34,0
SUBJ_NER_110,35,reminiscence,1,1.0,1704,0,0,1.0,0,35,0
SUBJ_NER_110,36,memory_match,1,0.0,1681,1,0,1.0,0,36,0
SUBJ_NER_110,37,pattern_recognition,1,1.0,1435,0,0,1.0,0,37,0
SUBJ_NER_110,38,routine_recall,1,1.0,1949,0,0,1.0,0,38,0
SUBJ_NER_110,39,object_memory,1,1.0,1326,0,0,1.0,0,39,0
SUBJ_NER_110,40,reminiscence,1,1.0,1021,0,0,1.0,0,40,0
SUBJ_NER_110,41,memory_match,1,1.0,2351,0,0,1.0,0,41,0
SUBJ_NER_110,42,pattern_recognition,1,1.0,1736,0,0,1.0,0,42,0
SUBJ_NER_110,43,routine_recall,1,1.0,1666,0,0,1.0,0,43,0
SUBJ_NER_110,44,object_memory,1,1.0,1418,0,0,1.0,0,44,0
SUBJ_NER_110,45,reminiscence,1,1.0,1345,0,0,1.0,0,45,0
SUBJ_NER_110,46,memory_match,1,0.0,1789,2,0,1.0,0,46,0
SUBJ_NER_110,47,pattern_recognition,1,0.0,2011,1,0,1.0,0,47,0
SUBJ_NER_110,48,routine_recall,1,0.0,1954,1,1,1.0,0,48,0
SUBJ_NER_110,49,object_memory,1,1.0,2135,0,0,1.0,0,49,0
SUBJ_NER_110,50,reminiscence,1,1.0,1521,0,0,1.0,0,50,0
SUBJ_NER_110,51,memory_match,1,1.0,1504,0,0,1.0,0,51,0
SUBJ_NER_110,52,pattern_recognition,1,0.0,1939,1,0,1.0,0,52,0
SUBJ_NER_110,53,routine_recall,1,1.0,1816,0,0,1.0,0,53,0
SUBJ_NER_110,54,object_memory,1,0.0,1386,1,0,1.0,0,54,0
SUBJ_NER_110,55,reminiscence,1,0.0,1432,3,0,1.0,0,55,0
SUBJ_NER_110,56,memory_match,1,1.0,1562,0,0,1.0,0,56,0
SUBJ_NER_110,57,pattern_recognition,1,1.0,1707,0,0,1.0,0,57,0
SUBJ_NER_110,58,routine_recall,1,0.0,2509,2,0,1.0,0,58,0
SUBJ_NER_110,59,object_memory,1,0.0,1932,1,1,1.0,0,59,0
SUBJ_NER_110,60,reminiscence,1,0.0,1919,2,0,0.8,0,60,0
SUBJ_NER_111,1,memory_match,1,0.0,2138,1,0,1.0,0,1,0
SUBJ_NER_111,2,pattern_recognition,1,1.0,1476,0,0,1.0,1,0,1
SUBJ_NER_111,3,routine_recall,1,0.0,1337,1,0,1.0,0,1,0
SUBJ_NER_111,4,object_memory,1,0.0,1976,2,0,1.0,0,2,0
SUBJ_NER_111,5,reminiscence,1,0.0,1756,1,0,1.0,0,3,0
SUBJ_NER_111,6,memory_match,1,0.0,1779,1,0,1.0,0,4,0
SUBJ_NER_111,7,pattern_recognition,1,0.0,2499,3,0,1.0,0,5,0
SUBJ_NER_111,8,routine_recall,1,0.0,2279,1,0,1.0,0,6,0
SUBJ_NER_111,9,object_memory,1,0.0,1605,2,0,1.0,0,7,0
SUBJ_NER_111,10,reminiscence,1,1.0,1688,0,0,1.0,0,8,0
SUBJ_NER_111,11,memory_match,1,0.0,1523,3,0,1.0,0,9,0
SUBJ_NER_111,12,pattern_recognition,1,0.0,3188,1,0,1.0,0,10,0
SUBJ_NER_111,13,routine_recall,1,0.0,1728,1,0,1.0,0,11,0
SUBJ_NER_111,14,object_memory,1,0.0,1880,1,1,1.0,0,12,0
SUBJ_NER_111,15,reminiscence,1,1.0,1103,0,0,1.0,0,13,0
SUBJ_NER_111,16,memory_match,1,1.0,2167,0,0,1.0,0,14,0
SUBJ_NER_111,17,pattern_recognition,1,1.0,1895,0,0,1.0,0,15,0
SUBJ_NER_111,18,routine_recall,1,0.0,1960,1,0,1.0,0,16,0
SUBJ_NER_111,19,object_memory,1,0.0,1792,1,0,1.0,0,17,0
SUBJ_NER_111,20,reminiscence,1,1.0,1326,0,0,1.0,0,18,0
SUBJ_NER_111,21,memory_match,1,0.0,2254,2,1,1.0,0,19,0
SUBJ_NER_111,22,pattern_recognition,1,0.0,1773,1,0,1.0,0,20,0
SUBJ_NER_111,23,routine_recall,1,0.0,1673,3,1,1.0,0,21,0
SUBJ_NER_111,24,object_memory,1,0.0,1947,1,0,1.0,0,22,0
SUBJ_NER_111,25,reminiscence,1,1.0,1328,0,0,1.0,0,23,0
SUBJ_NER_111,26,memory_match,1,0.0,1748,2,2,1.0,0,24,0
SUBJ_NER_111,27,pattern_recognition,1,0.0,2741,2,2,1.0,0,25,0
SUBJ_NER_111,28,routine_recall,1,1.0,1953,0,0,1.0,0,26,0
SUBJ_NER_111,29,object_memory,1,0.0,2235,2,1,1.0,0,27,0
SUBJ_NER_111,30,reminiscence,1,0.0,2542,1,0,1.0,0,28,0
SUBJ_NER_111,31,memory_match,1,0.0,1907,2,0,1.0,0,29,0
SUBJ_NER_111,32,pattern_recognition,1,0.0,2054,1,0,1.0,0,30,0
SUBJ_NER_111,33,routine_recall,1,0.0,1941,1,0,1.0,0,31,0
SUBJ_NER_111,34,object_memory,1,1.0,1383,0,0,1.0,0,32,0
SUBJ_NER_111,35,reminiscence,1,0.0,2944,1,0,1.0,0,33,0
SUBJ_NER_111,36,memory_match,1,0.0,2041,1,0,1.0,0,34,0
SUBJ_NER_111,37,pattern_recognition,1,0.0,1770,1,2,1.0,0,35,0
SUBJ_NER_111,38,routine_recall,1,0.0,2070,1,0,1.0,0,36,0
SUBJ_NER_111,39,object_memory,1,0.0,1882,1,0,1.0,0,37,0
SUBJ_NER_111,40,reminiscence,1,0.0,2710,1,0,1.0,0,38,0
SUBJ_NER_111,41,memory_match,1,0.0,1841,1,0,1.0,0,39,0
SUBJ_NER_111,42,pattern_recognition,1,0.0,2071,1,0,1.0,0,40,0
SUBJ_NER_111,43,routine_recall,1,0.0,1844,2,0,1.0,0,41,0
SUBJ_NER_111,44,object_memory,1,0.0,1939,2,0,1.0,0,42,0
SUBJ_NER_111,45,reminiscence,1,0.0,2104,1,1,1.0,0,43,0
SUBJ_NER_111,46,memory_match,1,0.0,1756,2,1,1.0,0,44,0
SUBJ_NER_111,47,pattern_recognition,1,0.0,1491,3,1,1.0,0,45,0
SUBJ_NER_111,48,routine_recall,1,0.0,1481,1,1,1.0,0,46,0
SUBJ_NER_111,49,object_memory,1,0.0,1577,1,0,1.0,0,47,0
SUBJ_NER_111,50,reminiscence,1,0.0,2130,2,1,1.0,0,48,0
SUBJ_NER_111,51,memory_match,1,0.0,2063,1,0,1.0,0,49,0
SUBJ_NER_111,52,pattern_recognition,1,0.0,1855,1,1,1.0,0,50,0
SUBJ_NER_111,53,routine_recall,1,1.0,1868,0,0,1.0,0,51,0
SUBJ_NER_111,54,object_memory,1,0.0,2427,1,0,1.0,0,52,0
SUBJ_NER_111,55,reminiscence,1,0.0,1902,1,0,1.0,0,53,0
SUBJ_NER_111,56,memory_match,1,0.0,2127,1,0,1.0,0,54,0
SUBJ_NER_111,57,pattern_recognition,1,0.0,2873,1,1,1.0,0,55,0
SUBJ_NER_111,58,routine_recall,1,0.0,1817,1,0,1.0,0,56,0
SUBJ_NER_111,59,object_memory,1,0.0,1637,1,0,1.0,0,57,0
SUBJ_NER_111,60,reminiscence,1,0.0,1787,1,0,1.0,0,58,0
SUBJ_NER_112,1,memory_match,1,0.0,1183,3,0,1.0,0,1,0
SUBJ_NER_112,2,pattern_recognition,1,1.0,994,0,0,1.0,1,0,1
SUBJ_NER_112,3,routine_recall,1,0.0,1637,1,0,1.0,0,1,0
SUBJ_NER_112,4,object_memory,1,0.0,1581,2,0,1.0,0,2,0
SUBJ_NER_112,5,reminiscence,1,0.0,1652,3,0,1.0,0,3,0
SUBJ_NER_112,6,memory_match,1,0.0,1764,2,2,1.0,0,4,0
SUBJ_NER_112,7,pattern_recognition,1,1.0,1428,0,0,1.0,0,5,0
SUBJ_NER_112,8,routine_recall,1,0.0,1599,1,0,1.0,0,6,0
SUBJ_NER_112,9,object_memory,1,1.0,1665,0,0,1.0,0,7,0
SUBJ_NER_112,10,reminiscence,1,1.0,1203,0,0,1.0,0,8,0
SUBJ_NER_112,11,memory_match,1,1.0,1441,0,0,1.0,0,9,0
SUBJ_NER_112,12,pattern_recognition,1,0.0,1522,1,0,1.0,0,10,0
SUBJ_NER_112,13,routine_recall,1,0.0,1219,2,0,1.0,0,11,0
SUBJ_NER_112,14,object_memory,1,0.0,1613,3,2,1.0,0,12,0
SUBJ_NER_112,15,reminiscence,1,1.0,1106,0,0,1.0,0,13,0
SUBJ_NER_112,16,memory_match,1,0.0,1797,1,0,1.0,0,14,0
SUBJ_NER_112,17,pattern_recognition,1,0.0,2289,2,0,1.0,0,15,0
SUBJ_NER_112,18,routine_recall,1,0.0,1966,1,1,1.0,0,16,0
SUBJ_NER_112,19,object_memory,1,0.0,2559,2,0,1.0,0,17,0
SUBJ_NER_112,20,reminiscence,1,0.0,1577,1,0,1.0,0,18,0
SUBJ_NER_112,21,memory_match,1,1.0,1149,0,0,1.0,0,19,0
SUBJ_NER_112,22,pattern_recognition,1,1.0,1327,0,0,1.0,0,20,0
SUBJ_NER_112,23,routine_recall,1,0.0,2143,2,0,1.0,0,21,0
SUBJ_NER_112,24,object_memory,1,1.0,1488,0,0,1.0,0,22,0
SUBJ_NER_112,25,reminiscence,1,0.0,1785,2,1,1.0,0,23,0
SUBJ_NER_112,26,memory_match,1,0.0,1703,1,0,1.0,0,24,0
SUBJ_NER_112,27,pattern_recognition,1,0.0,1781,1,0,1.0,0,25,0
SUBJ_NER_112,28,routine_recall,1,1.0,1742,0,0,1.0,0,26,0
SUBJ_NER_112,29,object_memory,1,0.0,1774,1,0,1.0,0,27,0
SUBJ_NER_112,30,reminiscence,1,0.0,1935,1,0,1.0,0,28,0
SUBJ_NER_112,31,memory_match,1,0.0,1657,1,2,1.0,0,29,0
SUBJ_NER_112,32,pattern_recognition,1,1.0,1377,0,0,1.0,0,30,0
SUBJ_NER_112,33,routine_recall,1,0.0,2416,1,2,1.0,0,31,0
SUBJ_NER_112,34,object_memory,1,1.0,2115,0,0,1.0,0,32,0
SUBJ_NER_112,35,reminiscence,1,0.0,2053,1,0,1.0,0,33,0
SUBJ_NER_112,36,memory_match,1,0.0,1438,2,0,1.0,0,34,0
SUBJ_NER_112,37,pattern_recognition,1,0.0,1175,1,0,1.0,0,35,0
SUBJ_NER_112,38,routine_recall,1,1.0,1512,0,0,1.0,0,36,0
SUBJ_NER_112,39,object_memory,1,0.0,1433,2,0,1.0,0,37,0
SUBJ_NER_112,40,reminiscence,1,0.0,2269,1,1,1.0,0,38,0
SUBJ_NER_112,41,memory_match,1,0.0,1526,2,1,1.0,0,39,0
SUBJ_NER_112,42,pattern_recognition,1,0.0,1215,1,0,1.0,0,40,0
SUBJ_NER_112,43,routine_recall,1,0.0,1708,2,1,1.0,0,41,0
SUBJ_NER_112,44,object_memory,1,1.0,1621,0,0,1.0,0,42,0
SUBJ_NER_112,45,reminiscence,1,0.0,1544,1,0,1.0,0,43,0
SUBJ_NER_112,46,memory_match,1,0.0,1167,1,0,1.0,0,44,0
SUBJ_NER_112,47,pattern_recognition,1,0.0,1649,1,0,1.0,0,45,0
SUBJ_NER_112,48,routine_recall,1,0.0,1176,3,0,1.0,0,46,0
SUBJ_NER_112,49,object_memory,1,1.0,2129,0,0,1.0,0,47,0
SUBJ_NER_112,50,reminiscence,1,0.0,1420,1,0,1.0,0,48,0
SUBJ_NER_112,51,memory_match,1,0.0,1524,1,1,1.0,0,49,0
SUBJ_NER_112,52,pattern_recognition,1,0.0,1456,1,0,1.0,0,50,0
SUBJ_NER_112,53,routine_recall,1,0.0,1513,2,0,1.0,0,51,0
SUBJ_NER_112,54,object_memory,1,0.0,1367,1,1,1.0,0,52,0
SUBJ_NER_112,55,reminiscence,1,1.0,1604,0,0,1.0,0,53,0
SUBJ_NER_112,56,memory_match,1,0.0,1111,1,0,1.0,0,54,0
SUBJ_NER_112,57,pattern_recognition,1,0.0,1572,1,0,1.0,0,55,0
SUBJ_NER_112,58,routine_recall,1,1.0,1280,0,0,1.0,0,56,0
SUBJ_NER_112,59,object_memory,1,0.0,2768,1,0,1.0,0,57,0
SUBJ_NER_112,60,reminiscence,1,0.0,1122,1,0,0.8,0,58,0
SUBJ_NER_113,1,memory_match,1,1.0,1189,0,0,1.0,1,0,1
SUBJ_NER_113,2,pattern_recognition,1,1.0,1105,0,0,1.0,2,0,2
SUBJ_NER_113,3,routine_recall,2,1.0,1321,0,0,1.0,3,0,2
SUBJ_NER_113,4,object_memory,3,0.0,1800,1,0,1.0,0,1,0
SUBJ_NER_113,5,reminiscence,2,1.0,1520,0,0,1.0,1,0,1
SUBJ_NER_113,6,memory_match,2,1.0,1217,0,0,1.0,2,0,2
SUBJ_NER_113,7,pattern_recognition,3,0.0,2787,2,0,1.0,0,1,0
SUBJ_NER_113,8,routine_recall,2,0.0,1653,1,0,1.0,0,2,0
SUBJ_NER_113,9,object_memory,1,0.0,777,1,0,1.0,0,3,0
SUBJ_NER_113,10,reminiscence,1,1.0,805,0,0,1.0,0,4,0
SUBJ_NER_113,11,memory_match,1,1.0,936,0,0,1.0,0,5,0
SUBJ_NER_113,12,pattern_recognition,1,1.0,1074,0,0,1.0,0,6,0
SUBJ_NER_113,13,routine_recall,1,1.0,1711,0,0,1.0,0,7,0
SUBJ_NER_113,14,object_memory,1,1.0,1249,0,0,1.0,0,8,0
SUBJ_NER_113,15,reminiscence,1,1.0,973,0,0,1.0,0,9,0
SUBJ_NER_113,16,memory_match,1,1.0,1263,0,0,1.0,0,10,0
SUBJ_NER_113,17,pattern_recognition,1,0.0,1386,1,0,1.0,0,11,0
SUBJ_NER_113,18,routine_recall,1,1.0,1162,0,0,1.0,0,12,0
SUBJ_NER_113,19,object_memory,1,0.0,1428,1,0,1.0,0,13,0
SUBJ_NER_113,20,reminiscence,1,1.0,1296,0,0,1.0,0,14,0
SUBJ_NER_113,21,memory_match,1,0.0,1239,2,0,1.0,0,15,0
SUBJ_NER_113,22,pattern_recognition,1,0.0,1828,3,0,1.0,0,16,0
SUBJ_NER_113,23,routine_recall,1,1.0,1161,0,0,1.0,0,17,0
SUBJ_NER_113,24,object_memory,1,0.0,1058,2,0,1.0,0,18,0
SUBJ_NER_113,25,reminiscence,1,0.0,1187,1,1,1.0,0,19,0
SUBJ_NER_113,26,memory_match,1,1.0,1273,0,0,1.0,0,20,0
SUBJ_NER_113,27,pattern_recognition,1,0.0,1236,1,0,1.0,0,21,0
SUBJ_NER_113,28,routine_recall,1,0.0,1608,2,0,1.0,0,22,0
SUBJ_NER_113,29,object_memory,1,0.0,1059,1,0,1.0,0,23,0
SUBJ_NER_113,30,reminiscence,1,1.0,1276,0,0,1.0,0,24,0
SUBJ_NER_113,31,memory_match,1,1.0,1161,0,0,1.0,0,25,0
SUBJ_NER_113,32,pattern_recognition,1,1.0,1205,0,0,1.0,0,26,0
SUBJ_NER_113,33,routine_recall,1,0.0,1252,1,0,1.0,0,27,0
SUBJ_NER_113,34,object_memory,1,1.0,1206,0,0,1.0,0,28,0
SUBJ_NER_113,35,reminiscence,1,0.0,1218,1,0,1.0,0,29,0
SUBJ_NER_113,36,memory_match,1,1.0,1150,0,0,1.0,0,30,0
SUBJ_NER_113,37,pattern_recognition,1,1.0,867,0,0,1.0,0,31,0
SUBJ_NER_113,38,routine_recall,1,0.0,1041,2,0,1.0,0,32,0
SUBJ_NER_113,39,object_memory,1,0.0,1456,1,0,1.0,0,33,0
SUBJ_NER_113,40,reminiscence,1,1.0,1437,0,0,1.0,0,34,0
SUBJ_NER_113,41,memory_match,1,1.0,1062,0,0,1.0,0,35,0
SUBJ_NER_113,42,pattern_recognition,1,0.0,927,1,1,1.0,0,36,0
SUBJ_NER_113,43,routine_recall,1,0.0,1363,2,0,1.0,0,37,0
SUBJ_NER_113,44,object_memory,1,1.0,2020,0,0,1.0,0,38,0
SUBJ_NER_113,45,reminiscence,1,0.0,974,1,1,1.0,0,39,0
SUBJ_NER_113,46,memory_match,1,0.0,1136,2,1,1.0,0,40,0
SUBJ_NER_113,47,pattern_recognition,1,1.0,1326,0,0,1.0,0,41,0
SUBJ_NER_113,48,routine_recall,1,1.0,1391,0,0,1.0,0,42,0
SUBJ_NER_113,49,object_memory,1,1.0,1400,0,0,1.0,0,43,0
SUBJ_NER_113,50,reminiscence,1,0.0,1015,1,0,1.0,0,44,0
SUBJ_NER_113,51,memory_match,1,1.0,1272,0,0,1.0,0,45,0
SUBJ_NER_113,52,pattern_recognition,1,0.0,1522,2,0,1.0,0,46,0
SUBJ_NER_113,53,routine_recall,1,1.0,853,0,0,1.0,0,47,0
SUBJ_NER_113,54,object_memory,1,0.0,1399,2,0,1.0,0,48,0
SUBJ_NER_113,55,reminiscence,1,1.0,1053,0,0,1.0,0,49,0
SUBJ_NER_113,56,memory_match,1,1.0,924,0,0,1.0,0,50,0
SUBJ_NER_113,57,pattern_recognition,1,1.0,1288,0,0,1.0,0,51,0
SUBJ_NER_113,58,routine_recall,1,0.0,1677,2,0,0.8,0,52,0
SUBJ_NER_113,59,object_memory,1,0.0,1515,2,1,0.5,0,53,0
SUBJ_NER_113,60,reminiscence,1,0.0,2355,2,1,1.0,0,54,0
SUBJ_NER_114,1,memory_match,1,1.0,1555,0,0,1.0,1,0,1
SUBJ_NER_114,2,pattern_recognition,1,1.0,2115,0,0,1.0,2,0,2
SUBJ_NER_114,3,routine_recall,2,0.0,2402,1,0,1.0,0,1,0
SUBJ_NER_114,4,object_memory,1,1.0,1772,0,0,1.0,1,0,1
SUBJ_NER_114,5,reminiscence,1,1.0,2457,0,0,1.0,2,0,2
SUBJ_NER_114,6,memory_match,2,0.0,2472,2,0,1.0,0,1,0
SUBJ_NER_114,7,pattern_recognition,1,1.0,1650,0,0,1.0,1,0,1
SUBJ_NER_114,8,routine_recall,1,1.0,2896,0,0,1.0,2,0,2
SUBJ_NER_114,9,object_memory,2,0.0,3393,1,1,1.0,0,1,0
SUBJ_NER_114,10,reminiscence,1,0.0,2338,1,0,1.0,0,2,0
SUBJ_NER_114,11,memory_match,1,1.0,2509,0,0,1.0,0,3,0
SUBJ_NER_114,12,pattern_recognition,1,0.0,2692,1,0,1.0,0,4,0
SUBJ_NER_114,13,routine_recall,1,1.0,2312,0,0,1.0,0,5,0
SUBJ_NER_114,14,object_memory,1,1.0,2334,0,0,1.0,0,6,0
SUBJ_NER_114,15,reminiscence,1,0.0,2311,1,0,1.0,0,7,0
SUBJ_NER_114,16,memory_match,1,1.0,2653,0,0,1.0,0,8,0
SUBJ_NER_114,17,pattern_recognition,1,1.0,1902,0,0,1.0,0,9,0
SUBJ_NER_114,18,routine_recall,1,0.0,2149,1,0,1.0,0,10,0
SUBJ_NER_114,19,object_memory,1,0.0,2272,1,0,1.0,0,11,0
SUBJ_NER_114,20,reminiscence,1,0.0,2820,1,1,1.0,0,12,0
SUBJ_NER_114,21,memory_match,1,0.0,2503,3,1,1.0,0,13,0
SUBJ_NER_114,22,pattern_recognition,1,1.0,1784,0,0,1.0,0,14,0
SUBJ_NER_114,23,routine_recall,1,1.0,1912,0,0,1.0,0,15,0
SUBJ_NER_114,24,object_memory,1,1.0,2005,0,0,1.0,0,16,0
SUBJ_NER_114,25,reminiscence,1,1.0,2163,0,0,1.0,0,17,0
SUBJ_NER_114,26,memory_match,1,1.0,2111,0,0,1.0,0,18,0
SUBJ_NER_114,27,pattern_recognition,1,0.0,2298,3,2,1.0,0,19,0
SUBJ_NER_114,28,routine_recall,1,0.0,2570,1,0,1.0,0,20,0
SUBJ_NER_114,29,object_memory,1,0.0,2561,1,0,1.0,0,21,0
SUBJ_NER_114,30,reminiscence,1,1.0,3254,0,0,1.0,0,22,0
SUBJ_NER_114,31,memory_match,1,0.0,3342,1,0,1.0,0,23,0
SUBJ_NER_114,32,pattern_recognition,1,0.0,2413,1,0,1.0,0,24,0
SUBJ_NER_114,33,routine_recall,1,1.0,2146,0,0,1.0,0,25,0
SUBJ_NER_114,34,object_memory,1,1.0,2344,0,0,1.0,0,26,0
SUBJ_NER_114,35,reminiscence,1,1.0,1659,0,0,1.0,0,27,0
SUBJ_NER_114,36,memory_match,1,1.0,2464,0,0,1.0,0,28,0
SUBJ_NER_114,37,pattern_recognition,1,1.0,2333,0,0,1.0,0,29,0
SUBJ_NER_114,38,routine_recall,1,1.0,1980,0,0,1.0,0,30,0
SUBJ_NER_114,39,object_memory,1,1.0,2347,0,0,1.0,0,31,0
SUBJ_NER_114,40,reminiscence,1,1.0,1928,0,0,1.0,0,32,0
SUBJ_NER_114,41,memory_match,1,0.0,2979,1,0,1.0,0,33,0
SUBJ_NER_114,42,pattern_recognition,1,1.0,3027,0,0,1.0,0,34,0
SUBJ_NER_114,43,routine_recall,1,1.0,1673,0,0,1.0,0,35,0
SUBJ_NER_114,44,object_memory,1,0.0,2033,3,1,1.0,0,36,0
SUBJ_NER_114,45,reminiscence,1,1.0,3016,0,0,1.0,0,37,0
SUBJ_NER_114,46,memory_match,1,1.0,1863,0,0,1.0,0,38,0
SUBJ_NER_114,47,pattern_recognition,1,1.0,2239,0,0,1.0,0,39,0
SUBJ_NER_114,48,routine_recall,1,0.0,2012,2,0,1.0,0,40,0
SUBJ_NER_114,49,object_memory,1,0.0,2161,3,2,1.0,0,41,0
SUBJ_NER_114,50,reminiscence,1,1.0,2301,0,0,1.0,0,42,0
SUBJ_NER_114,51,memory_match,1,1.0,2102,0,0,1.0,0,43,0
SUBJ_NER_114,52,pattern_recognition,1,1.0,1919,0,0,1.0,0,44,0
SUBJ_NER_114,53,routine_recall,1,1.0,1955,0,0,1.0,0,45,0
SUBJ_NER_114,54,object_memory,1,1.0,1952,0,0,1.0,0,46,0
SUBJ_NER_114,55,reminiscence,1,1.0,1686,0,0,1.0,0,47,0
SUBJ_NER_114,56,memory_match,1,1.0,2315,0,0,1.0,0,48,0
SUBJ_NER_114,57,pattern_recognition,1,0.0,2406,1,0,1.0,0,49,0
SUBJ_NER_114,58,routine_recall,1,1.0,1802,0,0,1.0,0,50,0
SUBJ_NER_114,59,object_memory,1,1.0,1756,0,0,0.8,0,51,0
SUBJ_NER_114,60,reminiscence,1,1.0,2306,0,0,1.0,0,52,0
SUBJ_NER_115,1,memory_match,1,0.0,3538,2,0,1.0,0,1,0
SUBJ_NER_115,2,pattern_recognition,1,1.0,2264,0,0,1.0,1,0,1
SUBJ_NER_115,3,routine_recall,1,0.0,2473,2,0,1.0,0,1,0
SUBJ_NER_115,4,object_memory,1,0.0,3650,1,0,1.0,0,2,0
SUBJ_NER_115,5,reminiscence,1,0.0,2624,2,1,1.0,0,3,0
SUBJ_NER_115,6,memory_match,1,1.0,2219,0,0,1.0,0,4,0
SUBJ_NER_115,7,pattern_recognition,1,0.0,2424,1,0,1.0,0,5,0
SUBJ_NER_115,8,routine_recall,1,1.0,1933,0,0,1.0,0,6,0
SUBJ_NER_115,9,object_memory,1,1.0,2240,0,0,1.0,0,7,0
SUBJ_NER_115,10,reminiscence,1,1.0,2557,0,0,1.0,0,8,0
SUBJ_NER_115,11,memory_match,1,0.0,3151,1,0,1.0,0,9,0
SUBJ_NER_115,12,pattern_recognition,1,0.0,3079,1,0,1.0,0,10,0
SUBJ_NER_115,13,routine_recall,1,1.0,2411,0,0,1.0,0,11,0
SUBJ_NER_115,14,object_memory,1,0.0,2613,2,2,1.0,0,12,0
SUBJ_NER_115,15,reminiscence,1,1.0,2056,0,0,1.0,0,13,0
SUBJ_NER_115,16,memory_match,1,1.0,2219,0,0,1.0,0,14,0
SUBJ_NER_115,17,pattern_recognition,1,0.0,3375,1,0,1.0,0,15,0
SUBJ_NER_115,18,routine_recall,1,0.0,3014,1,0,1.0,0,16,0
SUBJ_NER_115,19,object_memory,1,0.0,3752,2,0,1.0,0,17,0
SUBJ_NER_115,20,reminiscence,1,0.0,2592,1,0,1.0,0,18,0
SUBJ_NER_115,21,memory_match,1,1.0,2088,0,0,1.0,0,19,0
SUBJ_NER_115,22,pattern_recognition,1,1.0,3656,0,0,1.0,0,20,0
SUBJ_NER_115,23,routine_recall,1,0.0,2413,1,2,1.0,0,21,0
SUBJ_NER_115,24,object_memory,1,0.0,3202,1,0,1.0,0,22,0
SUBJ_NER_115,25,reminiscence,1,0.0,2337,1,0,1.0,0,23,0
SUBJ_NER_115,26,memory_match,1,0.0,2247,1,1,1.0,0,24,0
SUBJ_NER_115,27,pattern_recognition,1,0.0,2583,1,2,1.0,0,25,0
SUBJ_NER_115,28,routine_recall,1,0.0,2316,1,1,1.0,0,26,0
SUBJ_NER_115,29,object_memory,1,0.0,3029,1,0,1.0,0,27,0
SUBJ_NER_115,30,reminiscence,1,0.0,2690,2,0,1.0,0,28,0
SUBJ_NER_115,31,memory_match,1,0.0,3710,3,0,1.0,0,29,0
SUBJ_NER_115,32,pattern_recognition,1,0.0,3079,1,0,1.0,0,30,0
SUBJ_NER_115,33,routine_recall,1,1.0,3142,0,0,1.0,0,31,0
SUBJ_NER_115,34,object_memory,1,1.0,2274,0,0,1.0,0,32,0
SUBJ_NER_115,35,reminiscence,1,0.0,2522,2,0,1.0,0,33,0
SUBJ_NER_115,36,memory_match,1,0.0,2611,1,0,1.0,0,34,0
SUBJ_NER_115,37,pattern_recognition,1,0.0,2862,3,0,1.0,0,35,0
SUBJ_NER_115,38,routine_recall,1,1.0,3677,0,0,1.0,0,36,0
SUBJ_NER_115,39,object_memory,1,0.0,3269,1,0,1.0,0,37,0
SUBJ_NER_115,40,reminiscence,1,1.0,3216,0,0,1.0,0,38,0
SUBJ_NER_115,41,memory_match,1,0.0,3284,2,0,1.0,0,39,0
SUBJ_NER_115,42,pattern_recognition,1,0.0,2957,1,0,1.0,0,40,0
SUBJ_NER_115,43,routine_recall,1,0.0,3531,1,0,1.0,0,41,0
SUBJ_NER_115,44,object_memory,1,0.0,3286,1,1,1.0,0,42,0
SUBJ_NER_115,45,reminiscence,1,0.0,4065,1,1,1.0,0,43,0
SUBJ_NER_115,46,memory_match,1,1.0,3050,0,0,1.0,0,44,0
SUBJ_NER_115,47,pattern_recognition,1,1.0,2376,0,0,1.0,0,45,0
SUBJ_NER_115,48,routine_recall,1,0.0,2620,1,2,1.0,0,46,0
SUBJ_NER_115,49,object_memory,1,0.0,2718,2,1,1.0,0,47,0
SUBJ_NER_115,50,reminiscence,1,0.0,2593,1,0,1.0,0,48,0
SUBJ_NER_115,51,memory_match,1,0.0,1949,3,0,1.0,0,49,0
SUBJ_NER_115,52,pattern_recognition,1,0.0,3418,2,0,1.0,0,50,0
SUBJ_NER_115,53,routine_recall,1,1.0,2760,0,0,1.0,0,51,0
SUBJ_NER_115,54,object_memory,1,1.0,2107,0,0,1.0,0,52,0
SUBJ_NER_115,55,reminiscence,1,0.0,2224,1,0,1.0,0,53,0
SUBJ_NER_115,56,memory_match,1,0.0,3091,2,0,1.0,0,54,0
SUBJ_NER_115,57,pattern_recognition,1,0.0,3378,1,0,1.0,0,55,0
SUBJ_NER_115,58,routine_recall,1,1.0,2188,0,0,0.8,0,56,0
SUBJ_NER_115,59,object_memory,1,0.0,2606,2,0,0.8,0,57,0
SUBJ_NER_115,60,reminiscence,1,0.0,2782,1,0,0.8,0,58,0
SUBJ_NER_116,1,memory_match,1,0.0,2432,1,1,1.0,0,1,0
SUBJ_NER_116,2,pattern_recognition,1,1.0,1642,0,0,1.0,1,0,1
SUBJ_NER_116,3,routine_recall,1,0.0,3064,1,1,1.0,0,1,0
SUBJ_NER_116,4,object_memory,1,1.0,1692,0,0,1.0,1,0,1
SUBJ_NER_116,5,reminiscence,1,1.0,1835,0,0,1.0,2,0,2
SUBJ_NER_116,6,memory_match,2,0.0,3025,2,0,1.0,0,1,0
SUBJ_NER_116,7,pattern_recognition,1,0.0,2970,1,0,1.0,0,2,0
SUBJ_NER_116,8,routine_recall,1,1.0,2141,0,0,1.0,0,3,0
SUBJ_NER_116,9,object_memory,1,0.0,3211,2,0,1.0,0,4,0
SUBJ_NER_116,10,reminiscence,1,1.0,2357,0,0,1.0,0,5,0
SUBJ_NER_116,11,memory_match,1,0.0,2029,1,0,1.0,0,6,0
SUBJ_NER_116,12,pattern_recognition,1,1.0,2252,0,0,1.0,0,7,0
SUBJ_NER_116,13,routine_recall,1,1.0,2421,0,0,1.0,0,8,0
SUBJ_NER_116,14,object_memory,1,0.0,1890,1,1,1.0,0,9,0
SUBJ_NER_116,15,reminiscence,1,0.0,2264,2,1,1.0,0,10,0
SUBJ_NER_116,16,memory_match,1,0.0,1576,1,0,1.0,0,11,0
SUBJ_NER_116,17,pattern_recognition,1,1.0,2111,0,0,1.0,0,12,0
SUBJ_NER_116,18,routine_recall,1,1.0,2172,0,0,1.0,0,13,0
SUBJ_NER_116,19,object_memory,1,1.0,2008,0,0,1.0,0,14,0
SUBJ_NER_116,20,reminiscence,1,0.0,2493,1,0,1.0,0,15,0
SUBJ_NER_116,21,memory_match,1,1.0,2077,0,0,1.0,0,16,0
SUBJ_NER_116,22,pattern_recognition,1,1.0,1877,0,0,1.0,0,17,0
SUBJ_NER_116,23,routine_recall,1,1.0,1807,0,0,1.0,0,18,0
SUBJ_NER_116,24,object_memory,1,1.0,1588,0,0,1.0,0,19,0
SUBJ_NER_116,25,reminiscence,1,1.0,2152,0,0,1.0,0,20,0
SUBJ_NER_116,26,memory_match,1,1.0,2536,0,0,1.0,0,21,0
SUBJ_NER_116,27,pattern_recognition,1,1.0,2247,0,0,1.0,0,22,0
SUBJ_NER_116,28,routine_recall,1,1.0,1945,0,0,1.0,0,23,0
SUBJ_NER_116,29,object_memory,1,1.0,1972,0,0,1.0,0,24,0
SUBJ_NER_116,30,reminiscence,1,1.0,1871,0,0,1.0,0,25,0
SUBJ_NER_116,31,memory_match,1,1.0,1831,0,0,1.0,0,26,0
SUBJ_NER_116,32,pattern_recognition,1,1.0,2612,0,0,1.0,0,27,0
SUBJ_NER_116,33,routine_recall,1,1.0,1989,0,0,1.0,0,28,0
SUBJ_NER_116,34,object_memory,1,0.0,2170,2,0,1.0,0,29,0
SUBJ_NER_116,35,reminiscence,1,1.0,1812,0,0,1.0,0,30,0
SUBJ_NER_116,36,memory_match,1,1.0,2053,0,0,1.0,0,31,0
SUBJ_NER_116,37,pattern_recognition,1,1.0,1757,0,0,1.0,0,32,0
SUBJ_NER_116,38,routine_recall,1,1.0,1480,0,0,1.0,0,33,0
SUBJ_NER_116,39,object_memory,1,0.0,3092,1,0,1.0,0,34,0
SUBJ_NER_116,40,reminiscence,1,0.0,2750,2,0,1.0,0,35,0
SUBJ_NER_116,41,memory_match,1,0.0,2536,1,0,1.0,0,36,0
SUBJ_NER_116,42,pattern_recognition,1,1.0,2013,0,0,1.0,0,37,0
SUBJ_NER_116,43,routine_recall,1,0.0,1857,2,0,1.0,0,38,0
SUBJ_NER_116,44,object_memory,1,1.0,2153,0,0,1.0,0,39,0
SUBJ_NER_116,45,reminiscence,1,1.0,2229,0,0,1.0,0,40,0
SUBJ_NER_116,46,memory_match,1,0.0,2509,1,0,1.0,0,41,0
SUBJ_NER_116,47,pattern_recognition,1,0.0,2430,2,0,1.0,0,42,0
SUBJ_NER_116,48,routine_recall,1,1.0,2092,0,0,1.0,0,43,0
SUBJ_NER_116,49,object_memory,1,0.0,2094,1,0,1.0,0,44,0
SUBJ_NER_116,50,reminiscence,1,0.0,3024,1,0,1.0,0,45,0
SUBJ_NER_116,51,memory_match,1,0.0,3623,1,0,1.0,0,46,0
SUBJ_NER_116,52,pattern_recognition,1,1.0,2097,0,0,1.0,0,47,0
SUBJ_NER_116,53,routine_recall,1,1.0,2170,0,0,1.0,0,48,0
SUBJ_NER_116,54,object_memory,1,1.0,2123,0,0,1.0,0,49,0
SUBJ_NER_116,55,reminiscence,1,1.0,2163,0,0,1.0,0,50,0
SUBJ_NER_116,56,memory_match,1,1.0,1312,0,0,1.0,0,51,0
SUBJ_NER_116,57,pattern_recognition,1,0.0,2561,1,0,0.5,0,52,0
SUBJ_NER_116,58,routine_recall,1,1.0,2245,0,0,1.0,0,53,0
SUBJ_NER_116,59,object_memory,1,1.0,2308,0,0,1.0,0,54,0
SUBJ_NER_116,60,reminiscence,1,0.0,1980,2,0,1.0,0,55,0
SUBJ_NER_117,1,memory_match,1,0.0,1329,1,1,1.0,0,1,0
SUBJ_NER_117,2,pattern_recognition,1,1.0,1371,0,0,1.0,1,0,1
SUBJ_NER_117,3,routine_recall,1,0.0,1746,1,0,1.0,0,1,0
SUBJ_NER_117,4,object_memory,1,0.0,1442,2,0,1.0,0,2,0
SUBJ_NER_117,5,reminiscence,1,0.0,1593,2,1,1.0,0,3,0
SUBJ_NER_117,6,memory_match,1,1.0,1761,0,0,1.0,0,4,0
SUBJ_NER_117,7,pattern_recognition,1,0.0,1100,1,1,1.0,0,5,0
SUBJ_NER_117,8,routine_recall,1,1.0,1500,0,0,1.0,0,6,0
SUBJ_NER_117,9,object_memory,1,0.0,1761,1,0,1.0,0,7,0
SUBJ_NER_117,10,reminiscence,1,0.0,1772,3,0,1.0,0,8,0
SUBJ_NER_117,11,memory_match,1,1.0,855,0,0,1.0,0,9,0
SUBJ_NER_117,12,pattern_recognition,1,0.0,1078,1,0,1.0,0,10,0
SUBJ_NER_117,13,routine_recall,1,0.0,1481,2,1,1.0,0,11,0
SUBJ_NER_117,14,object_memory,1,1.0,1155,0,0,1.0,0,12,0
SUBJ_NER_117,15,reminiscence,1,1.0,1276,0,0,1.0,0,13,0
SUBJ_NER_117,16,memory_match,1,0.0,1562,2,0,1.0,0,14,0
SUBJ_NER_117,17,pattern_recognition,1,0.0,1621,3,1,1.0,0,15,0
SUBJ_NER_117,18,routine_recall,1,1.0,784,0,0,1.0,0,16,0
SUBJ_NER_117,19,object_memory,1,1.0,1211,0,0,1.0,0,17,0
SUBJ_NER_117,20,reminiscence,1,0.0,1366,1,0,1.0,0,18,0
SUBJ_NER_117,21,memory_match,1,0.0,1211,2,0,1.0,0,19,0
SUBJ_NER_117,22,pattern_recognition,1,1.0,1624,0,0,1.0,0,20,0
SUBJ_NER_117,23,routine_recall,1,0.0,1633,1,0,1.0,0,21,0
SUBJ_NER_117,24,object_memory,1,1.0,1419,0,0,1.0,0,22,0
SUBJ_NER_117,25,reminiscence,1,0.0,1376,1,0,1.0,0,23,0
SUBJ_NER_117,26,memory_match,1,0.0,1869,1,0,1.0,0,24,0
SUBJ_NER_117,27,pattern_recognition,1,0.0,1199,1,0,1.0,0,25,0
SUBJ_NER_117,28,routine_recall,1,1.0,1187,0,0,1.0,0,26,0
SUBJ_NER_117,29,object_memory,1,0.0,1542,2,0,1.0,0,27,0
SUBJ_NER_117,30,reminiscence,1,1.0,1046,0,0,1.0,0,28,0
SUBJ_NER_117,31,memory_match,1,0.0,1519,1,2,1.0,0,29,0
SUBJ_NER_117,32,pattern_recognition,1,1.0,1192,0,0,1.0,0,30,0
SUBJ_NER_117,33,routine_recall,1,0.0,1848,1,0,1.0,0,31,0
SUBJ_NER_117,34,object_memory,1,1.0,1455,0,0,1.0,0,32,0
SUBJ_NER_117,35,reminiscence,1,0.0,1534,1,0,1.0,0,33,0
SUBJ_NER_117,36,memory_match,1,1.0,1083,0,0,1.0,0,34,0
SUBJ_NER_117,37,pattern_recognition,1,1.0,1362,0,0,1.0,0,35,0
SUBJ_NER_117,38,routine_recall,1,1.0,1174,0,0,1.0,0,36,0
SUBJ_NER_117,39,object_memory,1,0.0,1332,2,0,1.0,0,37,0
SUBJ_NER_117,40,reminiscence,1,0.0,1566,3,0,1.0,0,38,0
SUBJ_NER_117,41,memory_match,1,1.0,974,0,0,1.0,0,39,0
SUBJ_NER_117,42,pattern_recognition,1,0.0,1472,1,0,1.0,0,40,0
SUBJ_NER_117,43,routine_recall,1,0.0,1627,2,0,1.0,0,41,0
SUBJ_NER_117,44,object_memory,1,1.0,1370,0,0,1.0,0,42,0
SUBJ_NER_117,45,reminiscence,1,0.0,1531,2,0,1.0,0,43,0
SUBJ_NER_117,46,memory_match,1,0.0,1593,1,0,1.0,0,44,0
SUBJ_NER_117,47,pattern_recognition,1,0.0,1386,2,0,1.0,0,45,0
SUBJ_NER_117,48,routine_recall,1,1.0,1107,0,0,1.0,0,46,0
SUBJ_NER_117,49,object_memory,1,1.0,1071,0,0,1.0,0,47,0
SUBJ_NER_117,50,reminiscence,1,0.0,2066,1,0,1.0,0,48,0
SUBJ_NER_117,51,memory_match,1,0.0,1776,1,0,1.0,0,49,0
SUBJ_NER_117,52,pattern_recognition,1,0.0,1218,2,0,1.0,0,50,0
SUBJ_NER_117,53,routine_recall,1,0.0,1685,2,1,1.0,0,51,0
SUBJ_NER_117,54,object_memory,1,1.0,1290,0,0,1.0,0,52,0
SUBJ_NER_117,55,reminiscence,1,1.0,1098,0,0,1.0,0,53,0
SUBJ_NER_117,56,memory_match,1,0.0,1881,2,0,1.0,0,54,0
SUBJ_NER_117,57,pattern_recognition,1,1.0,1507,0,0,0.5,0,55,0
SUBJ_NER_117,58,routine_recall,1,1.0,1115,0,0,1.0,0,56,0
SUBJ_NER_117,59,object_memory,1,0.0,1543,1,0,0.8,0,57,0
SUBJ_NER_117,60,reminiscence,1,1.0,1054,0,0,1.0,0,58,0
SUBJ_NER_118,1,memory_match,1,0.0,1640,1,1,1.0,0,1,0
SUBJ_NER_118,2,pattern_recognition,1,0.0,1426,3,1,1.0,0,2,0
SUBJ_NER_118,3,routine_recall,1,0.0,1306,2,0,1.0,0,3,0
SUBJ_NER_118,4,object_memory,1,1.0,1385,0,0,1.0,0,4,0
SUBJ_NER_118,5,reminiscence,1,0.0,1377,1,0,1.0,0,5,0
SUBJ_NER_118,6,memory_match,1,0.0,2251,1,2,1.0,0,6,0
SUBJ_NER_118,7,pattern_recognition,1,1.0,1206,0,0,1.0,0,7,0
SUBJ_NER_118,8,routine_recall,1,1.0,904,0,0,1.0,0,8,0
SUBJ_NER_118,9,object_memory,1,0.0,1540,1,2,1.0,0,9,0
SUBJ_NER_118,10,reminiscence,1,0.0,1351,1,0,1.0,0,10,0
SUBJ_NER_118,11,memory_match,1,1.0,1179,0,0,1.0,0,11,0
SUBJ_NER_118,12,pattern_recognition,1,0.0,1365,1,0,1.0,0,12,0
SUBJ_NER_118,13,routine_recall,1,0.0,1259,3,2,1.0,0,13,0
SUBJ_NER_118,14,object_memory,1,1.0,1418,0,0,1.0,0,14,0
SUBJ_NER_118,15,reminiscence,1,0.0,1478,1,1,1.0,0,15,0
SUBJ_NER_118,16,memory_match,1,1.0,1175,0,0,1.0,0,16,0
SUBJ_NER_118,17,pattern_recognition,1,0.0,1693,1,0,1.0,0,17,0
SUBJ_NER_118,18,routine_recall,1,0.0,1271,2,0,1.0,0,18,0
SUBJ_NER_118,19,object_memory,1,1.0,1217,0,0,1.0,0,19,0
SUBJ_NER_118,20,reminiscence,1,1.0,1071,0,0,1.0,0,20,0
SUBJ_NER_118,21,memory_match,1,0.0,1295,1,0,1.0,0,21,0
SUBJ_NER_118,22,pattern_recognition,1,1.0,852,0,0,1.0,0,22,0
SUBJ_NER_118,23,routine_recall,1,1.0,1777,0,0,1.0,0,23,0
SUBJ_NER_118,24,object_memory,1,1.0,1281,0,0,1.0,0,24,0
SUBJ_NER_118,25,reminiscence,1,0.0,1995,1,0,1.0,0,25,0
SUBJ_NER_118,26,memory_match,1,0.0,1635,2,0,1.0,0,26,0
SUBJ_NER_118,27,pattern_recognition,1,1.0,820,0,0,1.0,0,27,0
SUBJ_NER_118,28,routine_recall,1,1.0,1439,0,0,1.0,0,28,0
SUBJ_NER_118,29,object_memory,1,0.0,1828,1,0,1.0,0,29,0
SUBJ_NER_118,30,reminiscence,1,0.0,1641,1,0,1.0,0,30,0
SUBJ_NER_118,31,memory_match,1,0.0,1567,2,0,1.0,0,31,0
SUBJ_NER_118,32,pattern_recognition,1,1.0,1378,0,0,1.0,0,32,0
SUBJ_NER_118,33,routine_recall,1,0.0,1279,1,0,1.0,0,33,0
SUBJ_NER_118,34,object_memory,1,0.0,1399,2,0,1.0,0,34,0
SUBJ_NER_118,35,reminiscence,1,1.0,899,0,0,1.0,0,35,0
SUBJ_NER_118,36,memory_match,1,0.0,1566,3,0,1.0,0,36,0
SUBJ_NER_118,37,pattern_recognition,1,0.0,1329,1,0,1.0,0,37,0
SUBJ_NER_118,38,routine_recall,1,0.0,1084,1,0,1.0,0,38,0
SUBJ_NER_118,39,object_memory,1,1.0,1432,0,0,1.0,0,39,0
SUBJ_NER_118,40,reminiscence,1,1.0,1053,0,0,1.0,0,40,0
SUBJ_NER_118,41,memory_match,1,0.0,2117,1,0,1.0,0,41,0
SUBJ_NER_118,42,pattern_recognition,1,0.0,1203,2,0,1.0,0,42,0
SUBJ_NER_118,43,routine_recall,1,0.0,1692,2,0,1.0,0,43,0
SUBJ_NER_118,44,object_memory,1,1.0,1252,0,0,1.0,0,44,0
SUBJ_NER_118,45,reminiscence,1,0.0,1224,2,0,1.0,0,45,0
SUBJ_NER_118,46,memory_match,1,0.0,1443,1,0,1.0,0,46,0
SUBJ_NER_118,47,pattern_recognition,1,0.0,1625,2,0,1.0,0,47,0
SUBJ_NER_118,48,routine_recall,1,1.0,1142,0,0,1.0,0,48,0
SUBJ_NER_118,49,object_memory,1,0.0,1896,2,0,1.0,0,49,0
SUBJ_NER_118,50,reminiscence,1,1.0,953,0,0,1.0,0,50,0
SUBJ_NER_118,51,memory_match,1,0.0,1630,1,0,1.0,0,51,0
SUBJ_NER_118,52,pattern_recognition,1,0.0,2257,1,1,1.0,0,52,0
SUBJ_NER_118,53,routine_recall,1,0.0,1845,1,1,1.0,0,53,0
SUBJ_NER_118,54,object_memory,1,1.0,1542,0,0,1.0,0,54,0
SUBJ_NER_118,55,reminiscence,1,0.0,1338,2,0,1.0,0,55,0
SUBJ_NER_118,56,memory_match,1,1.0,1080,0,0,1.0,0,56,0
SUBJ_NER_118,57,pattern_recognition,1,1.0,927,0,0,1.0,0,57,0
SUBJ_NER_118,58,routine_recall,1,0.0,1393,2,0,1.0,0,58,0
SUBJ_NER_118,59,object_memory,1,0.0,1287,2,0,1.0,0,59,0
SUBJ_NER_118,60,reminiscence,1,0.0,1532,1,0,1.0,0,60,0
SUBJ_NER_119,1,memory_match,1,1.0,1610,0,0,1.0,1,0,1
SUBJ_NER_119,2,pattern_recognition,1,0.0,1441,1,0,1.0,0,1,0
SUBJ_NER_119,3,routine_recall,1,0.0,2159,2,1,1.0,0,2,0
SUBJ_NER_119,4,object_memory,1,0.0,2150,2,1,1.0,0,3,0
SUBJ_NER_119,5,reminiscence,1,1.0,2463,0,0,1.0,0,4,0
SUBJ_NER_119,6,memory_match,1,0.0,2895,2,0,1.0,0,5,0
SUBJ_NER_119,7,pattern_recognition,1,0.0,2953,1,0,1.0,0,6,0
SUBJ_NER_119,8,routine_recall,1,0.0,1879,2,1,1.0,0,7,0
SUBJ_NER_119,9,object_memory,1,0.0,1858,1,0,1.0,0,8,0
SUBJ_NER_119,10,reminiscence,1,1.0,1559,0,0,1.0,0,9,0
SUBJ_NER_119,11,memory_match,1,0.0,1702,2,0,1.0,0,10,0
SUBJ_NER_119,12,pattern_recognition,1,0.0,2523,2,0,1.0,0,11,0
SUBJ_NER_119,13,routine_recall,1,0.0,2041,1,0,1.0,0,12,0
SUBJ_NER_119,14,object_memory,1,0.0,2098,1,0,1.0,0,13,0
SUBJ_NER_119,15,reminiscence,1,1.0,1658,0,0,1.0,0,14,0
SUBJ_NER_119,16,memory_match,1,0.0,2368,1,0,1.0,0,15,0
SUBJ_NER_119,17,pattern_recognition,1,0.0,2093,1,0,1.0,0,16,0
SUBJ_NER_119,18,routine_recall,1,1.0,1334,0,0,1.0,0,17,0
SUBJ_NER_119,19,object_memory,1,0.0,1922,2,0,1.0,0,18,0
SUBJ_NER_119,20,reminiscence,1,0.0,2291,2,0,1.0,0,19,0
SUBJ_NER_119,21,memory_match,1,1.0,2420,0,0,1.0,0,20,0
SUBJ_NER_119,22,pattern_recognition,1,1.0,2237,0,0,1.0,0,21,0
SUBJ_NER_119,23,routine_recall,1,0.0,2059,2,0,1.0,0,22,0
SUBJ_NER_119,24,object_memory,1,0.0,1963,2,0,1.0,0,23,0
SUBJ_NER_119,25,reminiscence,1,1.0,1939,0,0,1.0,0,24,0
SUBJ_NER_119,26,memory_match,1,1.0,2181,0,0,1.0,0,25,0
SUBJ_NER_119,27,pattern_recognition,1,0.0,2144,1,1,1.0,0,26,0
SUBJ_NER_119,28,routine_recall,1,0.0,2240,1,1,1.0,0,27,0
SUBJ_NER_119,29,object_memory,1,0.0,2198,3,0,1.0,0,28,0
SUBJ_NER_119,30,reminiscence,1,0.0,1803,1,0,1.0,0,29,0
SUBJ_NER_119,31,memory_match,1,1.0,1660,0,0,1.0,0,30,0
SUBJ_NER_119,32,pattern_recognition,1,0.0,2700,1,0,1.0,0,31,0
SUBJ_NER_119,33,routine_recall,1,0.0,1787,1,0,1.0,0,32,0
SUBJ_NER_119,34,object_memory,1,0.0,2136,1,0,1.0,0,33,0
SUBJ_NER_119,35,reminiscence,1,1.0,2143,0,0,1.0,0,34,0
SUBJ_NER_119,36,memory_match,1,0.0,1964,1,0,1.0,0,35,0
SUBJ_NER_119,37,pattern_recognition,1,0.0,2686,1,0,1.0,0,36,0
SUBJ_NER_119,38,routine_recall,1,1.0,2892,0,0,1.0,0,37,0
SUBJ_NER_119,39,object_memory,1,0.0,1520,1,0,1.0,0,38,0
SUBJ_NER_119,40,reminiscence,1,0.0,2031,1,0,1.0,0,39,0
SUBJ_NER_119,41,memory_match,1,0.0,2500,1,0,1.0,0,40,0
SUBJ_NER_119,42,pattern_recognition,1,0.0,3035,1,0,1.0,0,41,0
SUBJ_NER_119,43,routine_recall,1,0.0,2409,1,1,1.0,0,42,0
SUBJ_NER_119,44,object_memory,1,1.0,1690,0,0,1.0,0,43,0
SUBJ_NER_119,45,reminiscence,1,0.0,2489,1,0,1.0,0,44,0
SUBJ_NER_119,46,memory_match,1,0.0,2353,1,0,1.0,0,45,0
SUBJ_NER_119,47,pattern_recognition,1,0.0,2367,1,0,1.0,0,46,0
SUBJ_NER_119,48,routine_recall,1,1.0,2030,0,0,1.0,0,47,0
SUBJ_NER_119,49,object_memory,1,1.0,2137,0,0,1.0,0,48,0
SUBJ_NER_119,50,reminiscence,1,0.0,2720,1,1,1.0,0,49,0
SUBJ_NER_119,51,memory_match,1,0.0,2330,1,0,1.0,0,50,0
SUBJ_NER_119,52,pattern_recognition,1,1.0,1859,0,0,1.0,0,51,0
SUBJ_NER_119,53,routine_recall,1,1.0,1535,0,0,1.0,0,52,0
SUBJ_NER_119,54,object_memory,1,0.0,2126,1,0,1.0,0,53,0
SUBJ_NER_119,55,reminiscence,1,0.0,3405,2,0,1.0,0,54,0
SUBJ_NER_119,56,memory_match,1,0.0,2343,1,0,1.0,0,55,0
SUBJ_NER_119,57,pattern_recognition,1,0.0,2334,1,1,1.0,0,56,0
SUBJ_NER_119,58,routine_recall,1,1.0,1262,0,0,1.0,0,57,0
SUBJ_NER_119,59,object_memory,1,0.0,2337,3,0,1.0,0,58,0
SUBJ_NER_119,60,reminiscence,1,0.0,1966,2,0,0.8,0,59,0
SUBJ_NER_120,1,memory_match,1,0.0,2146,1,0,1.0,0,1,0
SUBJ_NER_120,2,pattern_recognition,1,1.0,1318,0,0,1.0,1,0,1
SUBJ_NER_120,3,routine_recall,1,0.0,2063,1,1,1.0,0,1,0
SUBJ_NER_120,4,object_memory,1,0.0,1879,2,0,1.0,0,2,0
SUBJ_NER_120,5,reminiscence,1,1.0,1793,0,0,1.0,0,3,0
SUBJ_NER_120,6,memory_match,1,0.0,2383,1,0,1.0,0,4,0
SUBJ_NER_120,7,pattern_recognition,1,1.0,1850,0,0,1.0,0,5,0
SUBJ_NER_120,8,routine_recall,1,0.0,1951,1,2,1.0,0,6,0
SUBJ_NER_120,9,object_memory,1,1.0,1582,0,0,1.0,0,7,0
SUBJ_NER_120,10,reminiscence,1,0.0,1557,2,0,1.0,0,8,0
SUBJ_NER_120,11,memory_match,1,1.0,1231,0,0,1.0,0,9,0
SUBJ_NER_120,12,pattern_recognition,1,0.0,2058,2,2,1.0,0,10,0
SUBJ_NER_120,13,routine_recall,1,1.0,1549,0,0,1.0,0,11,0
SUBJ_NER_120,14,object_memory,1,0.0,1750,1,0,1.0,0,12,0
SUBJ_NER_120,15,reminiscence,1,0.0,1535,1,0,1.0,0,13,0
SUBJ_NER_120,16,memory_match,1,0.0,1666,1,0,1.0,0,14,0
SUBJ_NER_120,17,pattern_recognition,1,1.0,1919,0,0,1.0,0,15,0
SUBJ_NER_120,18,routine_recall,1,0.0,1810,1,0,1.0,0,16,0
SUBJ_NER_120,19,object_memory,1,0.0,1868,1,0,1.0,0,17,0
SUBJ_NER_120,20,reminiscence,1,1.0,2151,0,0,1.0,0,18,0
SUBJ_NER_120,21,memory_match,1,0.0,2618,2,0,1.0,0,19,0
SUBJ_NER_120,22,pattern_recognition,1,1.0,1283,0,0,1.0,0,20,0
SUBJ_NER_120,23,routine_recall,1,0.0,1659,2,0,1.0,0,21,0
SUBJ_NER_120,24,object_memory,1,1.0,2006,0,0,1.0,0,22,0
SUBJ_NER_120,25,reminiscence,1,0.0,2945,2,1,1.0,0,23,0
SUBJ_NER_120,26,memory_match,1,1.0,1679,0,0,1.0,0,24,0
SUBJ_NER_120,27,pattern_recognition,1,0.0,1580,1,1,1.0,0,25,0
SUBJ_NER_120,28,routine_recall,1,0.0,2079,1,0,1.0,0,26,0
SUBJ_NER_120,29,object_memory,1,1.0,2494,0,0,1.0,0,27,0
SUBJ_NER_120,30,reminiscence,1,1.0,1655,0,0,1.0,0,28,0
SUBJ_NER_120,31,memory_match,1,0.0,1897,1,0,1.0,0,29,0
SUBJ_NER_120,32,pattern_recognition,1,0.0,2366,1,0,1.0,0,30,0
SUBJ_NER_120,33,routine_recall,1,1.0,2067,0,0,1.0,0,31,0
SUBJ_NER_120,34,object_memory,1,1.0,1328,0,0,1.0,0,32,0
SUBJ_NER_120,35,reminiscence,1,0.0,2716,1,1,1.0,0,33,0
SUBJ_NER_120,36,memory_match,1,1.0,1937,0,0,1.0,0,34,0
SUBJ_NER_120,37,pattern_recognition,1,1.0,1736,0,0,1.0,0,35,0
SUBJ_NER_120,38,routine_recall,1,0.0,1832,1,1,1.0,0,36,0
SUBJ_NER_120,39,object_memory,1,0.0,3066,1,0,1.0,0,37,0
SUBJ_NER_120,40,reminiscence,1,0.0,1554,1,2,1.0,0,38,0
SUBJ_NER_120,41,memory_match,1,0.0,2001,3,0,1.0,0,39,0
SUBJ_NER_120,42,pattern_recognition,1,0.0,1744,3,1,1.0,0,40,0
SUBJ_NER_120,43,routine_recall,1,0.0,2605,1,0,1.0,0,41,0
SUBJ_NER_120,44,object_memory,1,1.0,1576,0,0,1.0,0,42,0
SUBJ_NER_120,45,reminiscence,1,0.0,2102,1,0,1.0,0,43,0
SUBJ_NER_120,46,memory_match,1,0.0,2011,1,1,1.0,0,44,0
SUBJ_NER_120,47,pattern_recognition,1,1.0,1832,0,0,1.0,0,45,0
SUBJ_NER_120,48,routine_recall,1,1.0,1645,0,0,1.0,0,46,0
SUBJ_NER_120,49,object_memory,1,0.0,1535,1,0,1.0,0,47,0
SUBJ_NER_120,50,reminiscence,1,0.0,2494,2,1,1.0,0,48,0
SUBJ_NER_120,51,memory_match,1,0.0,1930,1,0,1.0,0,49,0
SUBJ_NER_120,52,pattern_recognition,1,0.0,1673,1,0,1.0,0,50,0
SUBJ_NER_120,53,routine_recall,1,1.0,2025,0,0,1.0,0,51,0
SUBJ_NER_120,54,object_memory,1,0.0,1556,2,1,1.0,0,52,0
SUBJ_NER_120,55,reminiscence,1,0.0,1280,1,0,1.0,0,53,0
SUBJ_NER_120,56,memory_match,1,0.0,3232,1,0,1.0,0,54,0
SUBJ_NER_120,57,pattern_recognition,1,0.0,2792,1,1,1.0,0,55,0
SUBJ_NER_120,58,routine_recall,1,1.0,1605,0,0,1.0,0,56,0
SUBJ_NER_120,59,object_memory,1,1.0,2001,0,0,1.0,0,57,0
SUBJ_NER_120,60,reminiscence,1,1.0,1389,0,0,1.0,0,58,0
SUBJ_NER_121,1,memory_match,1,1.0,1943,0,0,1.0,1,0,1
SUBJ_NER_121,2,pattern_recognition,1,0.0,1632,1,0,1.0,0,1,0
SUBJ_NER_121,3,routine_recall,1,1.0,1876,0,0,1.0,1,0,1
SUBJ_NER_121,4,object_memory,1,1.0,1788,0,0,1.0,2,0,2
SUBJ_NER_121,5,reminiscence,2,0.0,2119,2,0,1.0,0,1,0
SUBJ_NER_121,6,memory_match,1,0.0,2096,1,0,1.0,0,2,0
SUBJ_NER_121,7,pattern_recognition,1,1.0,1759,0,0,1.0,0,3,0
SUBJ_NER_121,8,routine_recall,1,0.0,1823,1,0,1.0,0,4,0
SUBJ_NER_121,9,object_memory,1,1.0,1791,0,0,1.0,0,5,0
SUBJ_NER_121,10,reminiscence,1,0.0,1339,2,2,1.0,0,6,0
SUBJ_NER_121,11,memory_match,1,1.0,1696,0,0,1.0,0,7,0
SUBJ_NER_121,12,pattern_recognition,1,0.0,1984,1,0,1.0,0,8,0
SUBJ_NER_121,13,routine_recall,1,0.0,1792,2,0,1.0,0,9,0
SUBJ_NER_121,14,object_memory,1,0.0,2640,1,0,1.0,0,10,0
SUBJ_NER_121,15,reminiscence,1,0.0,2050,1,0,1.0,0,11,0
SUBJ_NER_121,16,memory_match,1,1.0,1522,0,0,1.0,0,12,0
SUBJ_NER_121,17,pattern_recognition,1,1.0,1604,0,0,1.0,0,13,0
SUBJ_NER_121,18,routine_recall,1,0.0,2148,1,0,1.0,0,14,0
SUBJ_NER_121,19,object_memory,1,0.0,1988,1,1,1.0,0,15,0
SUBJ_NER_121,20,reminiscence,1,0.0,2128,1,0,1.0,0,16,0
SUBJ_NER_121,21,memory_match,1,0.0,1738,1,0,1.0,0,17,0
SUBJ_NER_121,22,pattern_recognition,1,0.0,2020,1,1,1.0,0,18,0
SUBJ_NER_121,23,routine_recall,1,1.0,1807,0,0,1.0,0,19,0
SUBJ_NER_121,24,object_memory,1,0.0,2433,2,0,1.0,0,20,0
SUBJ_NER_121,25,reminiscence,1,1.0,998,0,0,1.0,0,21,0
SUBJ_NER_121,26,memory_match,1,1.0,1796,0,0,1.0,0,22,0
SUBJ_NER_121,27,pattern_recognition,1,1.0,2429,0,0,1.0,0,23,0
SUBJ_NER_121,28,routine_recall,1,0.0,1753,1,0,1.0,0,24,0
SUBJ_NER_121,29,object_memory,1,1.0,2149,0,0,1.0,0,25,0
SUBJ_NER_121,30,reminiscence,1,0.0,1528,3,0,1.0,0,26,0
SUBJ_NER_121,31,memory_match,1,1.0,2075,0,0,1.0,0,27,0
SUBJ_NER_121,32,pattern_recognition,1,0.0,2413,1,1,1.0,0,28,0
SUBJ_NER_121,33,routine_recall,1,0.0,2509,1,0,1.0,0,29,0
SUBJ_NER_121,34,object_memory,1,1.0,2519,0,0,1.0,0,30,0
SUBJ_NER_121,35,reminiscence,1,0.0,2421,1,2,1.0,0,31,0
SUBJ_NER_121,36,memory_match,1,0.0,1630,3,0,1.0,0,32,0
SUBJ_NER_121,37,pattern_recognition,1,0.0,2139,3,1,1.0,0,33,0
SUBJ_NER_121,38,routine_recall,1,0.0,2270,1,0,1.0,0,34,0
SUBJ_NER_121,39,object_memory,1,0.0,2285,1,0,1.0,0,35,0
SUBJ_NER_121,40,reminiscence,1,0.0,1505,1,0,1.0,0,36,0
SUBJ_NER_121,41,memory_match,1,1.0,1100,0,0,1.0,0,37,0
SUBJ_NER_121,42,pattern_recognition,1,1.0,1054,0,0,1.0,0,38,0
SUBJ_NER_121,43,routine_recall,1,1.0,1904,0,0,1.0,0,39,0
SUBJ_NER_121,44,object_memory,1,0.0,1725,1,0,1.0,0,40,0
SUBJ_NER_121,45,reminiscence,1,0.0,2454,1,0,1.0,0,41,0
SUBJ_NER_121,46,memory_match,1,0.0,1893,1,0,1.0,0,42,0
SUBJ_NER_121,47,pattern_recognition,1,0.0,2371,2,0,1.0,0,43,0
SUBJ_NER_121,48,routine_recall,1,0.0,2688,2,1,1.0,0,44,0
SUBJ_NER_121,49,object_memory,1,0.0,2841,3,0,1.0,0,45,0
SUBJ_NER_121,50,reminiscence,1,0.0,2685,1,2,1.0,0,46,0
SUBJ_NER_121,51,memory_match,1,0.0,2399,2,2,1.0,0,47,0
SUBJ_NER_121,52,pattern_recognition,1,0.0,1892,1,0,1.0,0,48,0
SUBJ_NER_121,53,routine_recall,1,0.0,2107,1,0,1.0,0,49,0
SUBJ_NER_121,54,object_memory,1,0.0,1628,3,1,1.0,0,50,0
SUBJ_NER_121,55,reminiscence,1,0.0,2422,1,0,1.0,0,51,0
SUBJ_NER_121,56,memory_match,1,0.0,2006,1,0,1.0,0,52,0
SUBJ_NER_121,57,pattern_recognition,1,1.0,1596,0,0,0.8,0,53,0
SUBJ_NER_121,58,routine_recall,1,1.0,2075,0,0,1.0,0,54,0
SUBJ_NER_121,59,object_memory,1,1.0,1870,0,0,1.0,0,55,0
SUBJ_NER_121,60,reminiscence,1,0.0,2325,1,0,1.0,0,56,0
SUBJ_NER_122,1,memory_match,1,0.0,2366,1,1,1.0,0,1,0
SUBJ_NER_122,2,pattern_recognition,1,0.0,2109,2,0,1.0,0,2,0
SUBJ_NER_122,3,routine_recall,1,1.0,2657,0,0,1.0,0,3,0
SUBJ_NER_122,4,object_memory,1,1.0,2281,0,0,1.0,0,4,0
SUBJ_NER_122,5,reminiscence,1,1.0,2255,0,0,1.0,0,5,0
SUBJ_NER_122,6,memory_match,1,0.0,3609,2,0,1.0,0,6,0
SUBJ_NER_122,7,pattern_recognition,1,0.0,2851,3,0,1.0,0,7,0
SUBJ_NER_122,8,routine_recall,1,1.0,2597,0,0,1.0,0,8,0
SUBJ_NER_122,9,object_memory,1,1.0,2725,0,0,1.0,0,9,0
SUBJ_NER_122,10,reminiscence,1,1.0,2183,0,0,1.0,0,10,0
SUBJ_NER_122,11,memory_match,1,0.0,3757,1,1,1.0,0,11,0
SUBJ_NER_122,12,pattern_recognition,1,1.0,3171,0,0,1.0,0,12,0
SUBJ_NER_122,13,routine_recall,1,0.0,3466,1,0,1.0,0,13,0
SUBJ_NER_122,14,object_memory,1,1.0,2391,0,0,1.0,0,14,0
SUBJ_NER_122,15,reminiscence,1,1.0,2749,0,0,1.0,0,15,0
SUBJ_NER_122,16,memory_match,1,0.0,3648,2,0,1.0,0,16,0
SUBJ_NER_122,17,pattern_recognition,1,0.0,4844,1,0,1.0,0,17,0
SUBJ_NER_122,18,routine_recall,1,0.0,4396,1,0,1.0,0,18,0
SUBJ_NER_122,19,object_memory,1,0.0,2833,1,0,1.0,0,19,0
SUBJ_NER_122,20,reminiscence,1,1.0,3910,0,0,1.0,0,20,0
SUBJ_NER_122,21,memory_match,1,0.0,3577,1,1,1.0,0,21,0
SUBJ_NER_122,22,pattern_recognition,1,1.0,3024,0,0,1.0,0,22,0
SUBJ_NER_122,23,routine_recall,1,1.0,2922,0,0,1.0,0,23,0
SUBJ_NER_122,24,object_memory,1,0.0,4348,1,0,1.0,0,24,0
SUBJ_NER_122,25,reminiscence,1,0.0,3372,3,0,1.0,0,25,0
SUBJ_NER_122,26,memory_match,1,0.0,2954,3,0,1.0,0,26,0
SUBJ_NER_122,27,pattern_recognition,1,0.0,3322,1,0,1.0,0,27,0
SUBJ_NER_122,28,routine_recall,1,0.0,3865,2,0,1.0,0,28,0
SUBJ_NER_122,29,object_memory,1,1.0,2818,0,0,1.0,0,29,0
SUBJ_NER_122,30,reminiscence,1,0.0,3215,2,1,1.0,0,30,0
SUBJ_NER_122,31,memory_match,1,0.0,3085,2,0,1.0,0,31,0
SUBJ_NER_122,32,pattern_recognition,1,0.0,5228,1,0,1.0,0,32,0
SUBJ_NER_122,33,routine_recall,1,1.0,2950,0,0,1.0,0,33,0
SUBJ_NER_122,34,object_memory,1,0.0,2993,1,2,1.0,0,34,0
SUBJ_NER_122,35,reminiscence,1,0.0,4726,3,0,1.0,0,35,0
SUBJ_NER_122,36,memory_match,1,1.0,2185,0,0,1.0,0,36,0
SUBJ_NER_122,37,pattern_recognition,1,0.0,3265,2,0,1.0,0,37,0
SUBJ_NER_122,38,routine_recall,1,0.0,5456,1,0,1.0,0,38,0
SUBJ_NER_122,39,object_memory,1,0.0,3070,1,0,1.0,0,39,0
SUBJ_NER_122,40,reminiscence,1,0.0,3948,1,0,1.0,0,40,0
SUBJ_NER_122,41,memory_match,1,1.0,2822,0,0,1.0,0,41,0
SUBJ_NER_122,42,pattern_recognition,1,0.0,2770,2,0,1.0,0,42,0
SUBJ_NER_122,43,routine_recall,1,1.0,4182,0,0,1.0,0,43,0
SUBJ_NER_122,44,object_memory,1,0.0,2203,1,0,1.0,0,44,0
SUBJ_NER_122,45,reminiscence,1,0.0,3950,1,0,1.0,0,45,0
SUBJ_NER_122,46,memory_match,1,0.0,4573,1,0,1.0,0,46,0
SUBJ_NER_122,47,pattern_recognition,1,1.0,1960,0,0,1.0,0,47,0
SUBJ_NER_122,48,routine_recall,1,1.0,2824,0,0,1.0,0,48,0
SUBJ_NER_122,49,object_memory,1,0.0,3871,1,0,1.0,0,49,0
SUBJ_NER_122,50,reminiscence,1,1.0,2080,0,0,1.0,0,50,0
SUBJ_NER_122,51,memory_match,1,0.0,2724,2,0,1.0,0,51,0
SUBJ_NER_122,52,pattern_recognition,1,1.0,3194,0,0,1.0,0,52,0
SUBJ_NER_122,53,routine_recall,1,0.0,2774,2,0,1.0,0,53,0
SUBJ_NER_122,54,object_memory,1,0.0,3046,1,0,1.0,0,54,0
SUBJ_NER_122,55,reminiscence,1,0.0,2678,1,0,1.0,0,55,0
SUBJ_NER_122,56,memory_match,1,1.0,3678,0,0,1.0,0,56,0
SUBJ_NER_122,57,pattern_recognition,1,0.0,3833,3,0,1.0,0,57,0
SUBJ_NER_122,58,routine_recall,1,1.0,2688,0,0,1.0,0,58,0
SUBJ_NER_122,59,object_memory,1,0.0,3275,1,0,1.0,0,59,0
SUBJ_NER_122,60,reminiscence,1,1.0,3219,0,0,1.0,0,60,0
SUBJ_NER_123,1,memory_match,1,0.0,3361,1,0,1.0,0,1,0
SUBJ_NER_123,2,pattern_recognition,1,0.0,2872,2,0,1.0,0,2,0
SUBJ_NER_123,3,routine_recall,1,1.0,4108,0,0,1.0,0,3,0
SUBJ_NER_123,4,object_memory,1,1.0,3985,0,0,1.0,0,4,0
SUBJ_NER_123,5,reminiscence,1,1.0,2598,0,0,1.0,0,5,0
SUBJ_NER_123,6,memory_match,1,1.0,2969,0,0,1.0,0,6,0
SUBJ_NER_123,7,pattern_recognition,1,1.0,2369,0,0,1.0,0,7,0
SUBJ_NER_123,8,routine_recall,1,1.0,4043,0,0,1.0,0,8,0
SUBJ_NER_123,9,object_memory,1,1.0,2195,0,0,1.0,0,9,0
SUBJ_NER_123,10,reminiscence,1,0.0,3552,1,0,1.0,0,10,0
SUBJ_NER_123,11,memory_match,1,1.0,2722,0,0,1.0,0,11,0
SUBJ_NER_123,12,pattern_recognition,1,1.0,4305,0,0,1.0,0,12,0
SUBJ_NER_123,13,routine_recall,1,1.0,3070,0,0,1.0,0,13,0
SUBJ_NER_123,14,object_memory,1,0.0,3128,3,0,1.0,0,14,0
SUBJ_NER_123,15,reminiscence,1,1.0,1569,0,0,1.0,0,15,0
SUBJ_NER_123,16,memory_match,1,1.0,2585,0,0,1.0,0,16,0
SUBJ_NER_123,17,pattern_recognition,1,1.0,3764,0,0,1.0,0,17,0
SUBJ_NER_123,18,routine_recall,1,1.0,2813,0,0,1.0,0,18,0
SUBJ_NER_123,19,object_memory,1,1.0,3760,0,0,1.0,0,19,0
SUBJ_NER_123,20,reminiscence,1,1.0,3517,0,0,1.0,0,20,0
SUBJ_NER_123,21,memory_match,1,1.0,3543,0,0,1.0,0,21,0
SUBJ_NER_123,22,pattern_recognition,1,0.0,3791,1,0,1.0,0,22,0
SUBJ_NER_123,23,routine_recall,1,0.0,3967,1,0,1.0,0,23,0
SUBJ_NER_123,24,object_memory,1,1.0,1917,0,0,1.0,0,24,0
SUBJ_NER_123,25,reminiscence,1,1.0,4561,0,0,1.0,0,25,0
SUBJ_NER_123,26,memory_match,1,1.0,2789,0,0,1.0,0,26,0
SUBJ_NER_123,27,pattern_recognition,1,0.0,3991,1,0,1.0,0,27,0
SUBJ_NER_123,28,routine_recall,1,0.0,5393,1,0,1.0,0,28,0
SUBJ_NER_123,29,object_memory,1,0.0,2876,2,1,1.0,0,29,0
SUBJ_NER_123,30,reminiscence,1,1.0,3167,0,0,1.0,0,30,0
SUBJ_NER_123,31,memory_match,1,1.0,1796,0,0,1.0,0,31,0
SUBJ_NER_123,32,pattern_recognition,1,1.0,4489,0,0,1.0,0,32,0
SUBJ_NER_123,33,routine_recall,1,0.0,4174,1,0,1.0,0,33,0
SUBJ_NER_123,34,object_memory,1,0.0,2633,1,0,1.0,0,34,0
SUBJ_NER_123,35,reminiscence,1,1.0,3113,0,0,1.0,0,35,0
SUBJ_NER_123,36,memory_match,1,1.0,2105,0,0,1.0,0,36,0
SUBJ_NER_123,37,pattern_recognition,1,0.0,3161,1,1,1.0,0,37,0
SUBJ_NER_123,38,routine_recall,1,1.0,1626,0,0,1.0,0,38,0
SUBJ_NER_123,39,object_memory,1,1.0,3312,0,0,1.0,0,39,0
SUBJ_NER_123,40,reminiscence,1,0.0,3382,2,1,1.0,0,40,0
SUBJ_NER_123,41,memory_match,1,1.0,2749,0,0,1.0,0,41,0
SUBJ_NER_123,42,pattern_recognition,1,1.0,2235,0,0,1.0,0,42,0
SUBJ_NER_123,43,routine_recall,1,0.0,2868,1,0,1.0,0,43,0
SUBJ_NER_123,44,object_memory,1,1.0,1985,0,0,1.0,0,44,0
SUBJ_NER_123,45,reminiscence,1,0.0,3047,1,0,1.0,0,45,0
SUBJ_NER_123,46,memory_match,1,0.0,4764,2,1,1.0,0,46,0
SUBJ_NER_123,47,pattern_recognition,1,0.0,3159,3,0,1.0,0,47,0
SUBJ_NER_123,48,routine_recall,1,1.0,2552,0,0,1.0,0,48,0
SUBJ_NER_123,49,object_memory,1,1.0,3421,0,0,1.0,0,49,0
SUBJ_NER_123,50,reminiscence,1,0.0,2586,1,0,1.0,0,50,0
SUBJ_NER_123,51,memory_match,1,1.0,3969,0,0,1.0,0,51,0
SUBJ_NER_123,52,pattern_recognition,1,1.0,2740,0,0,1.0,0,52,0
SUBJ_NER_123,53,routine_recall,1,1.0,2783,0,0,1.0,0,53,0
SUBJ_NER_123,54,object_memory,1,1.0,2065,0,0,1.0,0,54,0
SUBJ_NER_123,55,reminiscence,1,0.0,3021,2,2,0.8,0,55,0
SUBJ_NER_123,56,memory_match,1,1.0,1954,0,0,1.0,0,56,0
SUBJ_NER_123,57,pattern_recognition,1,1.0,2693,0,0,1.0,0,57,0
SUBJ_NER_123,58,routine_recall,1,1.0,2569,0,0,1.0,0,58,0
SUBJ_NER_123,59,object_memory,1,1.0,3302,0,0,1.0,0,59,0
SUBJ_NER_123,60,reminiscence,1,1.0,2159,0,0,0.8,0,60,0
SUBJ_NER_124,1,memory_match,1,1.0,2349,0,0,1.0,1,0,1
SUBJ_NER_124,2,pattern_recognition,1,0.0,3993,1,1,1.0,0,1,0
SUBJ_NER_124,3,routine_recall,1,1.0,2989,0,0,1.0,1,0,1
SUBJ_NER_124,4,object_memory,1,0.0,2746,2,0,1.0,0,1,0
SUBJ_NER_124,5,reminiscence,1,1.0,1795,0,0,1.0,1,0,1
SUBJ_NER_124,6,memory_match,1,1.0,2606,0,0,1.0,2,0,2
SUBJ_NER_124,7,pattern_recognition,2,1.0,2867,0,0,1.0,3,0,2
SUBJ_NER_124,8,routine_recall,3,0.0,4846,1,0,1.0,0,1,0
SUBJ_NER_124,9,object_memory,2,1.0,2679,0,0,1.0,1,0,1
SUBJ_NER_124,10,reminiscence,2,1.0,2577,0,0,1.0,2,0,2
SUBJ_NER_124,11,memory_match,3,1.0,3432,0,0,1.0,3,0,2
SUBJ_NER_124,12,pattern_recognition,4,0.0,3773,1,0,1.0,0,1,0
SUBJ_NER_124,13,routine_recall,3,0.0,4095,2,0,1.0,0,2,0
SUBJ_NER_124,14,object_memory,2,1.0,3550,0,0,1.0,0,3,0
SUBJ_NER_124,15,reminiscence,1,0.0,3757,2,0,1.0,0,4,0
SUBJ_NER_124,16,memory_match,1,0.0,2744,2,1,1.0,0,5,0
SUBJ_NER_124,17,pattern_recognition,1,1.0,3201,0,0,1.0,0,6,0
SUBJ_NER_124,18,routine_recall,1,1.0,2061,0,0,1.0,0,7,0
SUBJ_NER_124,19,object_memory,1,1.0,2130,0,0,1.0,0,8,0
SUBJ_NER_124,20,reminiscence,1,1.0,2983,0,0,1.0,0,9,0
SUBJ_NER_124,21,memory_match,1,1.0,2626,0,0,1.0,0,10,0
SUBJ_NER_124,22,pattern_recognition,1,1.0,2874,0,0,1.0,0,11,0
SUBJ_NER_124,23,routine_recall,1,1.0,2502,0,0,1.0,0,12,0
SUBJ_NER_124,24,object_memory,1,1.0,1932,0,0,1.0,0,13,0
SUBJ_NER_124,25,reminiscence,1,1.0,3928,0,0,1.0,0,14,0
SUBJ_NER_124,26,memory_match,1,0.0,4049,1,0,1.0,0,15,0
SUBJ_NER_124,27,pattern_recognition,1,1.0,2008,0,0,1.0,0,16,0
SUBJ_NER_124,28,routine_recall,1,0.0,2737,1,2,1.0,0,17,0
SUBJ_NER_124,29,object_memory,1,1.0,3121,0,0,1.0,0,18,0
SUBJ_NER_124,30,reminiscence,1,1.0,2877,0,0,1.0,0,19,0
SUBJ_NER_124,31,memory_match,1,0.0,2644,1,0,1.0,0,20,0
SUBJ_NER_124,32,pattern_recognition,1,1.0,3038,0,0,1.0,0,21,0
SUBJ_NER_124,33,routine_recall,1,1.0,2667,0,0,1.0,0,22,0
SUBJ_NER_124,34,object_memory,1,1.0,2648,0,0,1.0,0,23,0
SUBJ_NER_124,35,reminiscence,1,0.0,4437,1,0,1.0,0,24,0
SUBJ_NER_124,36,memory_match,1,1.0,2066,0,0,1.0,0,25,0
SUBJ_NER_124,37,pattern_recognition,1,1.0,1939,0,0,1.0,0,26,0
SUBJ_NER_124,38,routine_recall,1,1.0,3082,0,0,1.0,0,27,0
SUBJ_NER_124,39,object_memory,1,1.0,2543,0,0,1.0,0,28,0
SUBJ_NER_124,40,reminiscence,1,0.0,4334,1,0,1.0,0,29,0
SUBJ_NER_124,41,memory_match,1,0.0,3297,1,1,1.0,0,30,0
SUBJ_NER_124,42,pattern_recognition,1,1.0,3123,0,0,1.0,0,31,0
SUBJ_NER_124,43,routine_recall,1,1.0,2685,0,0,1.0,0,32,0
SUBJ_NER_124,44,object_memory,1,1.0,2764,0,0,1.0,0,33,0
SUBJ_NER_124,45,reminiscence,1,1.0,2806,0,0,1.0,0,34,0
SUBJ_NER_124,46,memory_match,1,0.0,2883,1,0,1.0,0,35,0
SUBJ_NER_124,47,pattern_recognition,1,1.0,2031,0,0,1.0,0,36,0
SUBJ_NER_124,48,routine_recall,1,1.0,2158,0,0,1.0,0,37,0
SUBJ_NER_124,49,object_memory,1,0.0,2791,3,0,1.0,0,38,0
SUBJ_NER_124,50,reminiscence,1,0.0,3412,1,0,1.0,0,39,0
SUBJ_NER_124,51,memory_match,1,1.0,1902,0,0,1.0,0,40,0
SUBJ_NER_124,52,pattern_recognition,1,1.0,3203,0,0,1.0,0,41,0
SUBJ_NER_124,53,routine_recall,1,1.0,3444,0,0,1.0,0,42,0
SUBJ_NER_124,54,object_memory,1,1.0,2588,0,0,1.0,0,43,0
SUBJ_NER_124,55,reminiscence,1,1.0,1590,0,0,0.5,0,44,0
SUBJ_NER_124,56,memory_match,1,0.0,2669,1,1,0.5,0,45,0
SUBJ_NER_124,57,pattern_recognition,1,1.0,2692,0,0,1.0,0,46,0
SUBJ_NER_124,58,routine_recall,1,0.0,2771,1,0,1.0,0,47,0
SUBJ_NER_124,59,object_memory,1,1.0,2603,0,0,1.0,0,48,0
SUBJ_NER_124,60,reminiscence,1,0.0,3434,1,0,1.0,0,49,0
SUBJ_NER_125,1,memory_match,1,0.0,3143,2,0,1.0,0,1,0
SUBJ_NER_125,2,pattern_recognition,1,1.0,3073,0,0,1.0,1,0,1
SUBJ_NER_125,3,routine_recall,1,0.0,2633,2,0,1.0,0,1,0
SUBJ_NER_125,4,object_memory,1,0.0,3023,1,2,1.0,0,2,0
SUBJ_NER_125,5,reminiscence,1,1.0,2243,0,0,1.0,0,3,0
SUBJ_NER_125,6,memory_match,1,0.0,4206,1,0,1.0,0,4,0
SUBJ_NER_125,7,pattern_recognition,1,1.0,2547,0,0,1.0,0,5,0
SUBJ_NER_125,8,routine_recall,1,0.0,4846,2,0,1.0,0,6,0
SUBJ_NER_125,9,object_memory,1,1.0,2123,0,0,1.0,0,7,0
SUBJ_NER_125,10,reminiscence,1,1.0,3439,0,0,1.0,0,8,0
SUBJ_NER_125,11,memory_match,1,1.0,1699,0,0,1.0,0,9,0
SUBJ_NER_125,12,pattern_recognition,1,1.0,4793,0,0,1.0,0,10,0
SUBJ_NER_125,13,routine_recall,1,0.0,3087,1,1,1.0,0,11,0
SUBJ_NER_125,14,object_memory,1,1.0,2463,0,0,1.0,0,12,0
SUBJ_NER_125,15,reminiscence,1,1.0,5200,0,0,1.0,0,13,0
SUBJ_NER_125,16,memory_match,1,1.0,3699,0,0,1.0,0,14,0
SUBJ_NER_125,17,pattern_recognition,1,1.0,2738,0,0,1.0,0,15,0
SUBJ_NER_125,18,routine_recall,1,0.0,3312,1,0,1.0,0,16,0
SUBJ_NER_125,19,object_memory,1,0.0,5009,2,2,1.0,0,17,0
SUBJ_NER_125,20,reminiscence,1,1.0,2063,0,0,1.0,0,18,0
SUBJ_NER_125,21,memory_match,1,1.0,2519,0,0,1.0,0,19,0
SUBJ_NER_125,22,pattern_recognition,1,1.0,2653,0,0,1.0,0,20,0
SUBJ_NER_125,23,routine_recall,1,0.0,3534,1,0,1.0,0,21,0
SUBJ_NER_125,24,object_memory,1,1.0,3492,0,0,1.0,0,22,0
SUBJ_NER_125,25,reminiscence,1,0.0,3752,1,0,1.0,0,23,0
SUBJ_NER_125,26,memory_match,1,1.0,2216,0,0,1.0,0,24,0
SUBJ_NER_125,27,pattern_recognition,1,1.0,2065,0,0,1.0,0,25,0
SUBJ_NER_125,28,routine_recall,1,1.0,2810,0,0,1.0,0,26,0
SUBJ_NER_125,29,object_memory,1,1.0,2957,0,0,1.0,0,27,0
SUBJ_NER_125,30,reminiscence,1,0.0,3671,1,0,1.0,0,28,0
SUBJ_NER_125,31,memory_match,1,0.0,3949,1,0,1.0,0,29,0
SUBJ_NER_125,32,pattern_recognition,1,0.0,4678,2,0,1.0,0,30,0
SUBJ_NER_125,33,routine_recall,1,1.0,3776,0,0,1.0,0,31,0
SUBJ_NER_125,34,object_memory,1,1.0,2852,0,0,1.0,0,32,0
SUBJ_NER_125,35,reminiscence,1,0.0,3728,2,1,1.0,0,33,0
SUBJ_NER_125,36,memory_match,1,1.0,3571,0,0,1.0,0,34,0
SUBJ_NER_125,37,pattern_recognition,1,0.0,4405,1,0,1.0,0,35,0
SUBJ_NER_125,38,routine_recall,1,1.0,3812,0,0,1.0,0,36,0
SUBJ_NER_125,39,object_memory,1,0.0,2680,1,0,1.0,0,37,0
SUBJ_NER_125,40,reminiscence,1,1.0,3451,0,0,1.0,0,38,0
SUBJ_NER_125,41,memory_match,1,0.0,4004,2,0,1.0,0,39,0
SUBJ_NER_125,42,pattern_recognition,1,1.0,2451,0,0,1.0,0,40,0
SUBJ_NER_125,43,routine_recall,1,0.0,3812,1,0,1.0,0,41,0
SUBJ_NER_125,44,object_memory,1,1.0,2929,0,0,1.0,0,42,0
SUBJ_NER_125,45,reminiscence,1,0.0,3107,2,0,1.0,0,43,0
SUBJ_NER_125,46,memory_match,1,0.0,3185,1,0,1.0,0,44,0
SUBJ_NER_125,47,pattern_recognition,1,0.0,5089,1,0,1.0,0,45,0
SUBJ_NER_125,48,routine_recall,1,1.0,2573,0,0,1.0,0,46,0
SUBJ_NER_125,49,object_memory,1,0.0,3264,2,0,1.0,0,47,0
SUBJ_NER_125,50,reminiscence,1,0.0,3919,2,0,1.0,0,48,0
SUBJ_NER_125,51,memory_match,1,0.0,3629,1,0,1.0,0,49,0
SUBJ_NER_125,52,pattern_recognition,1,0.0,3683,1,1,1.0,0,50,0
SUBJ_NER_125,53,routine_recall,1,1.0,1885,0,0,1.0,0,51,0
SUBJ_NER_125,54,object_memory,1,0.0,2493,3,0,1.0,0,52,0
SUBJ_NER_125,55,reminiscence,1,0.0,3254,2,0,1.0,0,53,0
SUBJ_NER_125,56,memory_match,1,1.0,3551,0,0,1.0,0,54,0
SUBJ_NER_125,57,pattern_recognition,1,0.0,4556,2,1,1.0,0,55,0
SUBJ_NER_125,58,routine_recall,1,0.0,3022,1,0,1.0,0,56,0
SUBJ_NER_125,59,object_memory,1,0.0,3556,2,0,1.0,0,57,0
SUBJ_NER_125,60,reminiscence,1,0.0,2666,1,0,1.0,0,58,0
SUBJ_NER_126,1,memory_match,1,0.0,1461,2,0,1.0,0,1,0
SUBJ_NER_126,2,pattern_recognition,1,1.0,1285,0,0,1.0,1,0,1
SUBJ_NER_126,3,routine_recall,1,0.0,1667,3,0,1.0,0,1,0
SUBJ_NER_126,4,object_memory,1,1.0,1605,0,0,1.0,1,0,1
SUBJ_NER_126,5,reminiscence,1,1.0,1459,0,0,1.0,2,0,2
SUBJ_NER_126,6,memory_match,2,1.0,1270,0,0,1.0,3,0,2
SUBJ_NER_126,7,pattern_recognition,3,1.0,1613,0,0,1.0,4,0,2
SUBJ_NER_126,8,routine_recall,4,1.0,2263,0,0,1.0,5,0,2
SUBJ_NER_126,9,object_memory,5,0.0,1742,2,0,1.0,0,1,0
SUBJ_NER_126,10,reminiscence,4,1.0,2232,0,0,1.0,1,0,1
SUBJ_NER_126,11,memory_match,4,0.0,3561,2,0,1.0,0,1,0
SUBJ_NER_126,12,pattern_recognition,3,1.0,1538,0,0,1.0,1,0,1
SUBJ_NER_126,13,routine_recall,3,0.0,1562,2,0,1.0,0,1,0
SUBJ_NER_126,14,object_memory,2,1.0,1223,0,0,1.0,1,0,1
SUBJ_NER_126,15,reminiscence,2,1.0,1617,0,0,1.0,2,0,2
SUBJ_NER_126,16,memory_match,3,1.0,1445,0,0,1.0,3,0,2
SUBJ_NER_126,17,pattern_recognition,4,0.0,2661,1,0,1.0,0,1,0
SUBJ_NER_126,18,routine_recall,3,0.0,2194,2,0,1.0,0,2,0
SUBJ_NER_126,19,object_memory,2,0.0,1823,2,0,1.0,0,3,0
SUBJ_NER_126,20,reminiscence,1,0.0,2025,2,0,1.0,0,4,0
SUBJ_NER_126,21,memory_match,1,1.0,1622,0,0,1.0,0,5,0
SUBJ_NER_126,22,pattern_recognition,1,1.0,1315,0,0,1.0,0,6,0
SUBJ_NER_126,23,routine_recall,1,0.0,1250,2,1,1.0,0,7,0
SUBJ_NER_126,24,object_memory,1,1.0,1710,0,0,1.0,0,8,0
SUBJ_NER_126,25,reminiscence,1,1.0,1546,0,0,1.0,0,9,0
SUBJ_NER_126,26,memory_match,1,1.0,1858,0,0,1.0,0,10,0
SUBJ_NER_126,27,pattern_recognition,1,0.0,1613,1,0,1.0,0,11,0
SUBJ_NER_126,28,routine_recall,1,0.0,2115,2,0,1.0,0,12,0
SUBJ_NER_126,29,object_memory,1,1.0,1661,0,0,1.0,0,13,0
SUBJ_NER_126,30,reminiscence,1,1.0,1423,0,0,1.0,0,14,0
SUBJ_NER_126,31,memory_match,1,0.0,2468,1,0,1.0,0,15,0
SUBJ_NER_126,32,pattern_recognition,1,1.0,2482,0,0,1.0,0,16,0
SUBJ_NER_126,33,routine_recall,1,1.0,1201,0,0,1.0,0,17,0
SUBJ_NER_126,34,object_memory,1,1.0,1299,0,0,1.0,0,18,0
SUBJ_NER_126,35,reminiscence,1,1.0,1387,0,0,1.0,0,19,0
SUBJ_NER_126,36,memory_match,1,1.0,1494,0,0,1.0,0,20,0
SUBJ_NER_126,37,pattern_recognition,1,0.0,2238,1,0,1.0,0,21,0
SUBJ_NER_126,38,routine_recall,1,0.0,2337,1,0,1.0,0,22,0
SUBJ_NER_126,39,object_memory,1,0.0,2012,1,1,1.0,0,23,0
SUBJ_NER_126,40,reminiscence,1,1.0,1266,0,0,1.0,0,24,0
SUBJ_NER_126,41,memory_match,1,0.0,1413,1,0,1.0,0,25,0
SUBJ_NER_126,42,pattern_recognition,1,1.0,2119,0,0,1.0,0,26,0
SUBJ_NER_126,43,routine_recall,1,0.0,2260,1,0,1.0,0,27,0
SUBJ_NER_126,44,object_memory,1,1.0,1711,0,0,1.0,0,28,0
SUBJ_NER_126,45,reminiscence,1,1.0,1812,0,0,1.0,0,29,0
SUBJ_NER_126,46,memory_match,1,1.0,1532,0,0,1.0,0,30,0
SUBJ_NER_126,47,pattern_recognition,1,1.0,1410,0,0,1.0,0,31,0
SUBJ_NER_126,48,routine_recall,1,1.0,1360,0,0,1.0,0,32,0
SUBJ_NER_126,49,object_memory,1,1.0,1429,0,0,1.0,0,33,0
SUBJ_NER_126,50,reminiscence,1,1.0,1758,0,0,1.0,0,34,0
SUBJ_NER_126,51,memory_match,1,0.0,2418,1,0,1.0,0,35,0
SUBJ_NER_126,52,pattern_recognition,1,0.0,1614,2,0,1.0,0,36,0
SUBJ_NER_126,53,routine_recall,1,1.0,1727,0,0,1.0,0,37,0
SUBJ_NER_126,54,object_memory,1,1.0,1621,0,0,1.0,0,38,0
SUBJ_NER_126,55,reminiscence,1,0.0,1318,1,0,1.0,0,39,0
SUBJ_NER_126,56,memory_match,1,0.0,1669,3,1,1.0,0,40,0
SUBJ_NER_126,57,pattern_recognition,1,1.0,1721,0,0,1.0,0,41,0
SUBJ_NER_126,58,routine_recall,1,1.0,1972,0,0,1.0,0,42,0
SUBJ_NER_126,59,object_memory,1,1.0,1370,0,0,1.0,0,43,0
SUBJ_NER_126,60,reminiscence,1,1.0,1795,0,0,1.0,0,44,0
SUBJ_NER_127,1,memory_match,1,1.0,2238,0,0,1.0,1,0,1
SUBJ_NER_127,2,pattern_recognition,1,1.0,3454,0,0,1.0,2,0,2
SUBJ_NER_127,3,routine_recall,2,1.0,2559,0,0,1.0,3,0,2
SUBJ_NER_127,4,object_memory,3,0.0,3027,1,2,1.0,0,1,0
SUBJ_NER_127,5,reminiscence,2,0.0,2856,2,0,1.0,0,2,0
SUBJ_NER_127,6,memory_match,1,1.0,2146,0,0,1.0,0,3,0
SUBJ_NER_127,7,pattern_recognition,1,1.0,3003,0,0,1.0,0,4,0
SUBJ_NER_127,8,routine_recall,1,0.0,3492,3,0,1.0,0,5,0
SUBJ_NER_127,9,object_memory,1,1.0,2383,0,0,1.0,0,6,0
SUBJ_NER_127,10,reminiscence,1,0.0,2250,2,0,1.0,0,7,0
SUBJ_NER_127,11,memory_match,1,0.0,3102,2,0,1.0,0,8,0
SUBJ_NER_127,12,pattern_recognition,1,1.0,1815,0,0,1.0,0,9,0
SUBJ_NER_127,13,routine_recall,1,0.0,2232,3,0,1.0,0,10,0
SUBJ_NER_127,14,object_memory,1,1.0,2043,0,0,1.0,0,11,0
SUBJ_NER_127,15,reminiscence,1,1.0,2236,0,0,1.0,0,12,0
SUBJ_NER_127,16,memory_match,1,1.0,1396,0,0,1.0,0,13,0
SUBJ_NER_127,17,pattern_recognition,1,0.0,2161,2,0,1.0,0,14,0
SUBJ_NER_127,18,routine_recall,1,1.0,2354,0,0,1.0,0,15,0
SUBJ_NER_127,19,object_memory,1,1.0,1656,0,0,1.0,0,16,0
SUBJ_NER_127,20,reminiscence,1,1.0,2248,0,0,1.0,0,17,0
SUBJ_NER_127,21,memory_match,1,1.0,2142,0,0,1.0,0,18,0
SUBJ_NER_127,22,pattern_recognition,1,1.0,2233,0,0,1.0,0,19,0
SUBJ_NER_127,23,routine_recall,1,1.0,1947,0,0,1.0,0,20,0
SUBJ_NER_127,24,object_memory,1,1.0,2590,0,0,1.0,0,21,0
SUBJ_NER_127,25,reminiscence,1,0.0,3920,2,0,1.0,0,22,0
SUBJ_NER_127,26,memory_match,1,1.0,1767,0,0,1.0,0,23,0
SUBJ_NER_127,27,pattern_recognition,1,0.0,2722,2,1,1.0,0,24,0
SUBJ_NER_127,28,routine_recall,1,1.0,2821,0,0,1.0,0,25,0
SUBJ_NER_127,29,object_memory,1,0.0,3089,2,0,1.0,0,26,0
SUBJ_NER_127,30,reminiscence,1,1.0,2032,0,0,1.0,0,27,0
SUBJ_NER_127,31,memory_match,1,0.0,3016,1,0,1.0,0,28,0
SUBJ_NER_127,32,pattern_recognition,1,1.0,2825,0,0,1.0,0,29,0
SUBJ_NER_127,33,routine_recall,1,0.0,2847,1,0,1.0,0,30,0
SUBJ_NER_127,34,object_memory,1,1.0,1775,0,0,1.0,0,31,0
SUBJ_NER_127,35,reminiscence,1,1.0,2747,0,0,1.0,0,32,0
SUBJ_NER_127,36,memory_match,1,1.0,2413,0,0,1.0,0,33,0
SUBJ_NER_127,37,pattern_recognition,1,1.0,2044,0,0,1.0,0,34,0
SUBJ_NER_127,38,routine_recall,1,1.0,2335,0,0,1.0,0,35,0
SUBJ_NER_127,39,object_memory,1,0.0,2161,1,0,1.0,0,36,0
SUBJ_NER_127,40,reminiscence,1,0.0,3209,1,0,1.0,0,37,0
SUBJ_NER_127,41,memory_match,1,0.0,2178,2,0,1.0,0,38,0
SUBJ_NER_127,42,pattern_recognition,1,1.0,3378,0,0,1.0,0,39,0
SUBJ_NER_127,43,routine_recall,1,1.0,3157,0,0,1.0,0,40,0
SUBJ_NER_127,44,object_memory,1,0.0,3011,1,0,1.0,0,41,0
SUBJ_NER_127,45,reminiscence,1,0.0,2548,3,0,1.0,0,42,0
SUBJ_NER_127,46,memory_match,1,0.0,3511,1,1,1.0,0,43,0
SUBJ_NER_127,47,pattern_recognition,1,0.0,2225,1,0,1.0,0,44,0
SUBJ_NER_127,48,routine_recall,1,0.0,4178,2,0,1.0,0,45,0
SUBJ_NER_127,49,object_memory,1,1.0,1793,0,0,1.0,0,46,0
SUBJ_NER_127,50,reminiscence,1,1.0,1750,0,0,1.0,0,47,0
SUBJ_NER_127,51,memory_match,1,0.0,3126,2,0,1.0,0,48,0
SUBJ_NER_127,52,pattern_recognition,1,1.0,1718,0,0,1.0,0,49,0
SUBJ_NER_127,53,routine_recall,1,0.0,2647,1,1,1.0,0,50,0
SUBJ_NER_127,54,object_memory,1,1.0,2174,0,0,1.0,0,51,0
SUBJ_NER_127,55,reminiscence,1,1.0,2217,0,0,1.0,0,52,0
SUBJ_NER_127,56,memory_match,1,1.0,2253,0,0,1.0,0,53,0
SUBJ_NER_127,57,pattern_recognition,1,0.0,2835,2,1,1.0,0,54,0
SUBJ_NER_127,58,routine_recall,1,1.0,3519,0,0,1.0,0,55,0
SUBJ_NER_127,59,object_memory,1,1.0,2546,0,0,1.0,0,56,0
SUBJ_NER_127,60,reminiscence,1,1.0,2422,0,0,1.0,0,57,0
SUBJ_NER_128,1,memory_match,1,1.0,2451,0,0,1.0,1,0,1
SUBJ_NER_128,2,pattern_recognition,1,0.0,2733,2,0,1.0,0,1,0
SUBJ_NER_128,3,routine_recall,1,0.0,2953,2,0,1.0,0,2,0
SUBJ_NER_128,4,object_memory,1,1.0,1630,0,0,1.0,0,3,0
SUBJ_NER_128,5,reminiscence,1,1.0,1371,0,0,1.0,0,4,0
SUBJ_NER_128,6,memory_match,1,1.0,1396,0,0,1.0,0,5,0
SUBJ_NER_128,7,pattern_recognition,1,1.0,1743,0,0,1.0,0,6,0
SUBJ_NER_128,8,routine_recall,1,1.0,2218,0,0,1.0,0,7,0
SUBJ_NER_128,9,object_memory,1,0.0,1926,1,1,1.0,0,8,0
SUBJ_NER_128,10,reminiscence,1,0.0,1769,1,0,1.0,0,9,0
SUBJ_NER_128,11,memory_match,1,1.0,1701,0,0,1.0,0,10,0
SUBJ_NER_128,12,pattern_recognition,1,0.0,2287,1,0,1.0,0,11,0
SUBJ_NER_128,13,routine_recall,1,1.0,2418,0,0,1.0,0,12,0
SUBJ_NER_128,14,object_memory,1,1.0,2385,0,0,1.0,0,13,0
SUBJ_NER_128,15,reminiscence,1,1.0,2480,0,0,1.0,0,14,0
SUBJ_NER_128,16,memory_match,1,1.0,1531,0,0,1.0,0,15,0
SUBJ_NER_128,17,pattern_recognition,1,1.0,1935,0,0,1.0,0,16,0
SUBJ_NER_128,18,routine_recall,1,1.0,1831,0,0,1.0,0,17,0
SUBJ_NER_128,19,object_memory,1,1.0,1929,0,0,1.0,0,18,0
SUBJ_NER_128,20,reminiscence,1,1.0,1557,0,0,1.0,0,19,0
SUBJ_NER_128,21,memory_match,1,0.0,2098,1,1,1.0,0,20,0
SUBJ_NER_128,22,pattern_recognition,1,0.0,1779,2,0,1.0,0,21,0
SUBJ_NER_128,23,routine_recall,1,0.0,2154,1,1,1.0,0,22,0
SUBJ_NER_128,24,object_memory,1,0.0,2249,3,0,1.0,0,23,0
SUBJ_NER_128,25,reminiscence,1,0.0,2172,2,1,1.0,0,24,0
SUBJ_NER_128,26,memory_match,1,0.0,2231,1,0,1.0,0,25,0
SUBJ_NER_128,27,pattern_recognition,1,1.0,1784,0,0,1.0,0,26,0
SUBJ_NER_128,28,routine_recall,1,0.0,1541,2,0,1.0,0,27,0
SUBJ_NER_128,29,object_memory,1,0.0,1523,1,0,1.0,0,28,0
SUBJ_NER_128,30,reminiscence,1,0.0,1769,2,0,1.0,0,29,0
SUBJ_NER_128,31,memory_match,1,1.0,1697,0,0,1.0,0,30,0
SUBJ_NER_128,32,pattern_recognition,1,0.0,2470,2,1,1.0,0,31,0
SUBJ_NER_128,33,routine_recall,1,0.0,1906,2,0,1.0,0,32,0
SUBJ_NER_128,34,object_memory,1,1.0,2014,0,0,1.0,0,33,0
SUBJ_NER_128,35,reminiscence,1,1.0,1535,0,0,1.0,0,34,0
SUBJ_NER_128,36,memory_match,1,0.0,2025,1,2,1.0,0,35,0
SUBJ_NER_128,37,pattern_recognition,1,1.0,2024,0,0,1.0,0,36,0
SUBJ_NER_128,38,routine_recall,1,1.0,2129,0,0,1.0,0,37,0
SUBJ_NER_128,39,object_memory,1,0.0,2893,1,0,1.0,0,38,0
SUBJ_NER_128,40,reminiscence,1,0.0,2284,2,0,1.0,0,39,0
SUBJ_NER_128,41,memory_match,1,0.0,1949,1,0,1.0,0,40,0
SUBJ_NER_128,42,pattern_recognition,1,0.0,2422,2,0,1.0,0,41,0
SUBJ_NER_128,43,routine_recall,1,0.0,2370,3,1,1.0,0,42,0
SUBJ_NER_128,44,object_memory,1,1.0,1467,0,0,1.0,0,43,0
SUBJ_NER_128,45,reminiscence,1,0.0,1964,2,0,1.0,0,44,0
SUBJ_NER_128,46,memory_match,1,1.0,2108,0,0,1.0,0,45,0
SUBJ_NER_128,47,pattern_recognition,1,1.0,1499,0,0,1.0,0,46,0
SUBJ_NER_128,48,routine_recall,1,1.0,1685,0,0,1.0,0,47,0
SUBJ_NER_128,49,object_memory,1,0.0,2487,2,0,1.0,0,48,0
SUBJ_NER_128,50,reminiscence,1,1.0,1540,0,0,1.0,0,49,0
SUBJ_NER_128,51,memory_match,1,0.0,2008,2,0,1.0,0,50,0
SUBJ_NER_128,52,pattern_recognition,1,0.0,2338,3,1,1.0,0,51,0
SUBJ_NER_128,53,routine_recall,1,0.0,1684,3,0,1.0,0,52,0
SUBJ_NER_128,54,object_memory,1,1.0,1666,0,0,1.0,0,53,0
SUBJ_NER_128,55,reminiscence,1,0.0,1538,1,0,1.0,0,54,0
SUBJ_NER_128,56,memory_match,1,0.0,2122,1,0,0.5,0,55,0
SUBJ_NER_128,57,pattern_recognition,1,0.0,2870,1,1,1.0,0,56,0
SUBJ_NER_128,58,routine_recall,1,0.0,2149,1,2,1.0,0,57,0
SUBJ_NER_128,59,object_memory,1,1.0,1351,0,0,1.0,0,58,0
SUBJ_NER_128,60,reminiscence,1,1.0,1418,0,0,1.0,0,59,0
SUBJ_NER_129,1,memory_match,1,0.0,1423,1,2,1.0,0,1,0
SUBJ_NER_129,2,pattern_recognition,1,0.0,2252,1,0,1.0,0,2,0
SUBJ_NER_129,3,routine_recall,1,0.0,2091,1,0,1.0,0,3,0
SUBJ_NER_129,4,object_memory,1,1.0,2275,0,0,1.0,0,4,0
SUBJ_NER_129,5,reminiscence,1,1.0,2066,0,0,1.0,0,5,0
SUBJ_NER_129,6,memory_match,1,1.0,2330,0,0,1.0,0,6,0
SUBJ_NER_129,7,pattern_recognition,1,0.0,2276,2,0,1.0,0,7,0
SUBJ_NER_129,8,routine_recall,1,0.0,2778,1,1,1.0,0,8,0
SUBJ_NER_129,9,object_memory,1,1.0,2543,0,0,1.0,0,9,0
SUBJ_NER_129,10,reminiscence,1,0.0,2375,2,0,1.0,0,10,0
SUBJ_NER_129,11,memory_match,1,1.0,2365,0,0,1.0,0,11,0
SUBJ_NER_129,12,pattern_recognition,1,1.0,2002,0,0,1.0,0,12,0
SUBJ_NER_129,13,routine_recall,1,1.0,1748,0,0,1.0,0,13,0
SUBJ_NER_129,14,object_memory,1,1.0,1931,0,0,1.0,0,14,0
SUBJ_NER_129,15,reminiscence,1,1.0,2129,0,0,1.0,0,15,0
SUBJ_NER_129,16,memory_match,1,1.0,2216,0,0,1.0,0,16,0
SUBJ_NER_129,17,pattern_recognition,1,1.0,2070,0,0,1.0,0,17,0
SUBJ_NER_129,18,routine_recall,1,0.0,2645,1,0,1.0,0,18,0
SUBJ_NER_129,19,object_memory,1,0.0,1687,2,1,1.0,0,19,0
SUBJ_NER_129,20,reminiscence,1,1.0,2389,0,0,1.0,0,20,0
SUBJ_NER_129,21,memory_match,1,0.0,2587,1,0,1.0,0,21,0
SUBJ_NER_129,22,pattern_recognition,1,0.0,2800,1,0,1.0,0,22,0
SUBJ_NER_129,23,routine_recall,1,1.0,2171,0,0,1.0,0,23,0
SUBJ_NER_129,24,object_memory,1,1.0,1317,0,0,1.0,0,24,0
SUBJ_NER_129,25,reminiscence,1,1.0,2192,0,0,1.0,0,25,0
SUBJ_NER_129,26,memory_match,1,0.0,2799,1,0,1.0,0,26,0
SUBJ_NER_129,27,pattern_recognition,1,0.0,2462,1,1,1.0,0,27,0
SUBJ_NER_129,28,routine_recall,1,0.0,2958,1,2,1.0,0,28,0
SUBJ_NER_129,29,object_memory,1,1.0,2089,0,0,1.0,0,29,0
SUBJ_NER_129,30,reminiscence,1,0.0,2428,2,0,1.0,0,30,0
SUBJ_NER_129,31,memory_match,1,0.0,1608,1,1,1.0,0,31,0
SUBJ_NER_129,32,pattern_recognition,1,1.0,3219,0,0,1.0,0,32,0
SUBJ_NER_129,33,routine_recall,1,1.0,2154,0,0,1.0,0,33,0
SUBJ_NER_129,34,object_memory,1,1.0,1777,0,0,1.0,0,34,0
SUBJ_NER_129,35,reminiscence,1,1.0,2049,0,0,1.0,0,35,0
SUBJ_NER_129,36,memory_match,1,0.0,3258,1,0,1.0,0,36,0
SUBJ_NER_129,37,pattern_recognition,1,1.0,1789,0,0,1.0,0,37,0
SUBJ_NER_129,38,routine_recall,1,0.0,2671,1,0,1.0,0,38,0
SUBJ_NER_129,39,object_memory,1,0.0,2470,1,0,1.0,0,39,0
SUBJ_NER_129,40,reminiscence,1,0.0,2244,1,0,1.0,0,40,0
SUBJ_NER_129,41,memory_match,1,0.0,3068,1,0,1.0,0,41,0
SUBJ_NER_129,42,pattern_recognition,1,1.0,1752,0,0,1.0,0,42,0
SUBJ_NER_129,43,routine_recall,1,1.0,2057,0,0,1.0,0,43,0
SUBJ_NER_129,44,object_memory,1,0.0,2870,1,2,1.0,0,44,0
SUBJ_NER_129,45,reminiscence,1,0.0,1992,1,0,1.0,0,45,0
SUBJ_NER_129,46,memory_match,1,0.0,3011,1,1,1.0,0,46,0
SUBJ_NER_129,47,pattern_recognition,1,0.0,2612,2,0,1.0,0,47,0
SUBJ_NER_129,48,routine_recall,1,0.0,2744,1,0,1.0,0,48,0
SUBJ_NER_129,49,object_memory,1,0.0,2287,1,0,1.0,0,49,0
SUBJ_NER_129,50,reminiscence,1,1.0,1691,0,0,1.0,0,50,0
SUBJ_NER_129,51,memory_match,1,0.0,3947,1,0,1.0,0,51,0
SUBJ_NER_129,52,pattern_recognition,1,1.0,2711,0,0,1.0,0,52,0
SUBJ_NER_129,53,routine_recall,1,0.0,3685,1,0,1.0,0,53,0
SUBJ_NER_129,54,object_memory,1,0.0,2227,3,1,1.0,0,54,0
SUBJ_NER_129,55,reminiscence,1,1.0,2520,0,0,1.0,0,55,0
SUBJ_NER_129,56,memory_match,1,1.0,1430,0,0,1.0,0,56,0
SUBJ_NER_129,57,pattern_recognition,1,0.0,2156,1,1,1.0,0,57,0
SUBJ_NER_129,58,routine_recall,1,0.0,1741,1,0,1.0,0,58,0
SUBJ_NER_129,59,object_memory,1,1.0,1552,0,0,1.0,0,59,0
SUBJ_NER_129,60,reminiscence,1,0.0,2562,2,0,1.0,0,60,0
SUBJ_NER_130,1,memory_match,1,0.0,3181,2,0,1.0,0,1,0
SUBJ_NER_130,2,pattern_recognition,1,0.0,3768,1,0,1.0,0,2,0
SUBJ_NER_130,3,routine_recall,1,1.0,2852,0,0,1.0,0,3,0
SUBJ_NER_130,4,object_memory,1,0.0,2813,1,0,1.0,0,4,0
SUBJ_NER_130,5,reminiscence,1,1.0,1608,0,0,1.0,0,5,0
SUBJ_NER_130,6,memory_match,1,0.0,2508,2,0,1.0,0,6,0
SUBJ_NER_130,7,pattern_recognition,1,1.0,2243,0,0,1.0,0,7,0
SUBJ_NER_130,8,routine_recall,1,0.0,3188,1,0,1.0,0,8,0
SUBJ_NER_130,9,object_memory,1,0.0,3727,3,0,1.0,0,9,0
SUBJ_NER_130,10,reminiscence,1,0.0,4691,2,1,1.0,0,10,0
SUBJ_NER_130,11,memory_match,1,0.0,4012,1,0,1.0,0,11,0
SUBJ_NER_130,12,pattern_recognition,1,1.0,2550,0,0,1.0,0,12,0
SUBJ_NER_130,13,routine_recall,1,0.0,3240,1,0,1.0,0,13,0
SUBJ_NER_130,14,object_memory,1,1.0,2865,0,0,1.0,0,14,0
SUBJ_NER_130,15,reminiscence,1,1.0,3014,0,0,1.0,0,15,0
SUBJ_NER_130,16,memory_match,1,0.0,3869,2,1,1.0,0,16,0
SUBJ_NER_130,17,pattern_recognition,1,1.0,2575,0,0,1.0,0,17,0
SUBJ_NER_130,18,routine_recall,1,0.0,3440,1,0,1.0,0,18,0
SUBJ_NER_130,19,object_memory,1,1.0,2282,0,0,1.0,0,19,0
SUBJ_NER_130,20,reminiscence,1,0.0,3477,1,1,1.0,0,20,0
SUBJ_NER_130,21,memory_match,1,0.0,3112,1,1,1.0,0,21,0
SUBJ_NER_130,22,pattern_recognition,1,0.0,2873,1,0,1.0,0,22,0
SUBJ_NER_130,23,routine_recall,1,1.0,2427,0,0,1.0,0,23,0
SUBJ_NER_130,24,object_memory,1,0.0,2458,1,0,1.0,0,24,0
SUBJ_NER_130,25,reminiscence,1,1.0,2805,0,0,1.0,0,25,0
SUBJ_NER_130,26,memory_match,1,0.0,2477,1,0,1.0,0,26,0
SUBJ_NER_130,27,pattern_recognition,1,0.0,3735,1,0,1.0,0,27,0
SUBJ_NER_130,28,routine_recall,1,1.0,2471,0,0,1.0,0,28,0
SUBJ_NER_130,29,object_memory,1,1.0,3054,0,0,1.0,0,29,0
SUBJ_NER_130,30,reminiscence,1,1.0,2395,0,0,1.0,0,30,0
SUBJ_NER_130,31,memory_match,1,0.0,2374,2,1,1.0,0,31,0
SUBJ_NER_130,32,pattern_recognition,1,1.0,2302,0,0,1.0,0,32,0
SUBJ_NER_130,33,routine_recall,1,1.0,2171,0,0,1.0,0,33,0
SUBJ_NER_130,34,object_memory,1,1.0,2900,0,0,1.0,0,34,0
SUBJ_NER_130,35,reminiscence,1,1.0,1984,0,0,1.0,0,35,0
SUBJ_NER_130,36,memory_match,1,1.0,2058,0,0,1.0,0,36,0
SUBJ_NER_130,37,pattern_recognition,1,1.0,1864,0,0,1.0,0,37,0
SUBJ_NER_130,38,routine_recall,1,1.0,2521,0,0,1.0,0,38,0
SUBJ_NER_130,39,object_memory,1,1.0,2442,0,0,1.0,0,39,0
SUBJ_NER_130,40,reminiscence,1,1.0,1527,0,0,1.0,0,40,0
SUBJ_NER_130,41,memory_match,1,0.0,2994,3,1,1.0,0,41,0
SUBJ_NER_130,42,pattern_recognition,1,1.0,2872,0,0,1.0,0,42,0
SUBJ_NER_130,43,routine_recall,1,0.0,2720,2,0,1.0,0,43,0
SUBJ_NER_130,44,object_memory,1,1.0,2397,0,0,1.0,0,44,0
SUBJ_NER_130,45,reminiscence,1,0.0,2585,1,0,1.0,0,45,0
SUBJ_NER_130,46,memory_match,1,0.0,3140,2,0,1.0,0,46,0
SUBJ_NER_130,47,pattern_recognition,1,0.0,3233,1,1,1.0,0,47,0
SUBJ_NER_130,48,routine_recall,1,1.0,2777,0,0,1.0,0,48,0
SUBJ_NER_130,49,object_memory,1,0.0,4226,1,0,1.0,0,49,0
SUBJ_NER_130,50,reminiscence,1,1.0,2696,0,0,1.0,0,50,0
SUBJ_NER_130,51,memory_match,1,1.0,2187,0,0,1.0,0,51,0
SUBJ_NER_130,52,pattern_recognition,1,1.0,2173,0,0,1.0,0,52,0
SUBJ_NER_130,53,routine_recall,1,1.0,2237,0,0,1.0,0,53,0
SUBJ_NER_130,54,object_memory,1,1.0,2722,0,0,1.0,0,54,0
SUBJ_NER_130,55,reminiscence,1,0.0,4059,1,0,1.0,0,55,0
SUBJ_NER_130,56,memory_match,1,1.0,2607,0,0,1.0,0,56,0
SUBJ_NER_130,57,pattern_recognition,1,1.0,2522,0,0,1.0,0,57,0
SUBJ_NER_130,58,routine_recall,1,1.0,2609,0,0,0.8,0,58,0
SUBJ_NER_130,59,object_memory,1,0.0,4234,2,0,1.0,0,59,0
SUBJ_NER_130,60,reminiscence,1,1.0,2257,0,0,1.0,0,60,0
SUBJ_NER_131,1,memory_match,1,1.0,2071,0,0,1.0,1,0,1
SUBJ_NER_131,2,pattern_recognition,1,1.0,1477,0,0,1.0,2,0,2
SUBJ_NER_131,3,routine_recall,2,0.0,2712,1,1,1.0,0,1,0
SUBJ_NER_131,4,object_memory,1,0.0,2227,2,0,1.0,0,2,0
SUBJ_NER_131,5,reminiscence,1,1.0,1241,0,0,1.0,0,3,0
SUBJ_NER_131,6,memory_match,1,1.0,2125,0,0,1.0,0,4,0
SUBJ_NER_131,7,pattern_recognition,1,1.0,1355,0,0,1.0,0,5,0
SUBJ_NER_131,8,routine_recall,1,0.0,1589,1,0,1.0,0,6,0
SUBJ_NER_131,9,object_memory,1,0.0,2897,1,0,1.0,0,7,0
SUBJ_NER_131,10,reminiscence,1,1.0,1832,0,0,1.0,0,8,0
SUBJ_NER_131,11,memory_match,1,0.0,1930,1,0,1.0,0,9,0
SUBJ_NER_131,12,pattern_recognition,1,0.0,1964,1,1,1.0,0,10,0
SUBJ_NER_131,13,routine_recall,1,0.0,2170,2,0,1.0,0,11,0
SUBJ_NER_131,14,object_memory,1,1.0,1886,0,0,1.0,0,12,0
SUBJ_NER_131,15,reminiscence,1,0.0,1465,2,0,1.0,0,13,0
SUBJ_NER_131,16,memory_match,1,0.0,2204,1,0,1.0,0,14,0
SUBJ_NER_131,17,pattern_recognition,1,1.0,1010,0,0,1.0,0,15,0
SUBJ_NER_131,18,routine_recall,1,1.0,875,0,0,1.0,0,16,0
SUBJ_NER_131,19,object_memory,1,1.0,2583,0,0,1.0,0,17,0
SUBJ_NER_131,20,reminiscence,1,0.0,2327,2,0,1.0,0,18,0
SUBJ_NER_131,21,memory_match,1,0.0,2797,2,1,1.0,0,19,0
SUBJ_NER_131,22,pattern_recognition,1,0.0,1863,1,1,1.0,0,20,0
SUBJ_NER_131,23,routine_recall,1,1.0,1676,0,0,1.0,0,21,0
SUBJ_NER_131,24,object_memory,1,0.0,1676,1,0,1.0,0,22,0
SUBJ_NER_131,25,reminiscence,1,0.0,1398,1,0,1.0,0,23,0
SUBJ_NER_131,26,memory_match,1,1.0,2201,0,0,1.0,0,24,0
SUBJ_NER_131,27,pattern_recognition,1,1.0,1764,0,0,1.0,0,25,0
SUBJ_NER_131,28,routine_recall,1,1.0,2160,0,0,1.0,0,26,0
SUBJ_NER_131,29,object_memory,1,1.0,1149,0,0,1.0,0,27,0
SUBJ_NER_131,30,reminiscence,1,0.0,2410,2,2,1.0,0,28,0
SUBJ_NER_131,31,memory_match,1,1.0,1211,0,0,1.0,0,29,0
SUBJ_NER_131,32,pattern_recognition,1,1.0,1171,0,0,1.0,0,30,0
SUBJ_NER_131,33,routine_recall,1,0.0,1982,2,0,1.0,0,31,0
SUBJ_NER_131,34,object_memory,1,0.0,2092,1,0,1.0,0,32,0
SUBJ_NER_131,35,reminiscence,1,1.0,1259,0,0,1.0,0,33,0
SUBJ_NER_131,36,memory_match,1,0.0,1522,2,0,1.0,0,34,0
SUBJ_NER_131,37,pattern_recognition,1,0.0,1896,1,0,1.0,0,35,0
SUBJ_NER_131,38,routine_recall,1,1.0,1565,0,0,1.0,0,36,0
SUBJ_NER_131,39,object_memory,1,0.0,2043,1,0,1.0,0,37,0
SUBJ_NER_131,40,reminiscence,1,1.0,1686,0,0,1.0,0,38,0
SUBJ_NER_131,41,memory_match,1,1.0,1211,0,0,1.0,0,39,0
SUBJ_NER_131,42,pattern_recognition,1,0.0,2838,2,0,1.0,0,40,0
SUBJ_NER_131,43,routine_recall,1,0.0,2086,1,0,1.0,0,41,0
SUBJ_NER_131,44,object_memory,1,1.0,1772,0,0,1.0,0,42,0
SUBJ_NER_131,45,reminiscence,1,1.0,1242,0,0,1.0,0,43,0
SUBJ_NER_131,46,memory_match,1,0.0,1943,2,0,1.0,0,44,0
SUBJ_NER_131,47,pattern_recognition,1,0.0,2603,2,0,1.0,0,45,0
SUBJ_NER_131,48,routine_recall,1,1.0,1618,0,0,1.0,0,46,0
SUBJ_NER_131,49,object_memory,1,1.0,2232,0,0,1.0,0,47,0
SUBJ_NER_131,50,reminiscence,1,0.0,2067,1,0,1.0,0,48,0
SUBJ_NER_131,51,memory_match,1,0.0,1263,2,1,1.0,0,49,0
SUBJ_NER_131,52,pattern_recognition,1,0.0,1919,1,0,1.0,0,50,0
SUBJ_NER_131,53,routine_recall,1,0.0,1958,1,0,1.0,0,51,0
SUBJ_NER_131,54,object_memory,1,1.0,1396,0,0,1.0,0,52,0
SUBJ_NER_131,55,reminiscence,1,0.0,2007,1,0,0.8,0,53,0
SUBJ_NER_131,56,memory_match,1,0.0,1865,1,0,1.0,0,54,0
SUBJ_NER_131,57,pattern_recognition,1,1.0,2013,0,0,1.0,0,55,0
SUBJ_NER_131,58,routine_recall,1,0.0,1588,1,0,1.0,0,56,0
SUBJ_NER_131,59,object_memory,1,1.0,2523,0,0,1.0,0,57,0
SUBJ_NER_131,60,reminiscence,1,0.0,2398,2,0,1.0,0,58,0
SUBJ_NER_132,1,memory_match,1,0.0,1581,1,0,1.0,0,1,0
SUBJ_NER_132,2,pattern_recognition,1,1.0,1358,0,0,1.0,1,0,1
SUBJ_NER_132,3,routine_recall,1,0.0,2886,3,0,1.0,0,1,0
SUBJ_NER_132,4,object_memory,1,1.0,2018,0,0,1.0,1,0,1
SUBJ_NER_132,5,reminiscence,1,1.0,1953,0,0,1.0,2,0,2
SUBJ_NER_132,6,memory_match,2,1.0,2378,0,0,1.0,3,0,2
SUBJ_NER_132,7,pattern_recognition,3,0.0,4269,1,0,1.0,0,1,0
SUBJ_NER_132,8,routine_recall,2,0.0,2584,1,2,1.0,0,2,0
SUBJ_NER_132,9,object_memory,1,1.0,1546,0,0,1.0,0,3,0
SUBJ_NER_132,10,reminiscence,1,1.0,1477,0,0,1.0,0,4,0
SUBJ_NER_132,11,memory_match,1,1.0,2017,0,0,1.0,0,5,0
SUBJ_NER_132,12,pattern_recognition,1,0.0,3034,2,0,1.0,0,6,0
SUBJ_NER_132,13,routine_recall,1,0.0,1919,3,1,1.0,0,7,0
SUBJ_NER_132,14,object_memory,1,0.0,2749,1,0,1.0,0,8,0
SUBJ_NER_132,15,reminiscence,1,0.0,2045,2,0,1.0,0,9,0
SUBJ_NER_132,16,memory_match,1,1.0,2600,0,0,1.0,0,10,0
SUBJ_NER_132,17,pattern_recognition,1,0.0,2379,3,0,1.0,0,11,0
SUBJ_NER_132,18,routine_recall,1,1.0,1931,0,0,1.0,0,12,0
SUBJ_NER_132,19,object_memory,1,1.0,1573,0,0,1.0,0,13,0
SUBJ_NER_132,20,reminiscence,1,0.0,2677,1,1,1.0,0,14,0
SUBJ_NER_132,21,memory_match,1,1.0,1657,0,0,1.0,0,15,0
SUBJ_NER_132,22,pattern_recognition,1,1.0,1926,0,0,1.0,0,16,0
SUBJ_NER_132,23,routine_recall,1,1.0,2084,0,0,1.0,0,17,0
SUBJ_NER_132,24,object_memory,1,1.0,2042,0,0,1.0,0,18,0
SUBJ_NER_132,25,reminiscence,1,0.0,1803,3,1,1.0,0,19,0
SUBJ_NER_132,26,memory_match,1,0.0,1983,1,0,1.0,0,20,0
SUBJ_NER_132,27,pattern_recognition,1,1.0,1662,0,0,1.0,0,21,0
SUBJ_NER_132,28,routine_recall,1,0.0,2327,1,0,1.0,0,22,0
SUBJ_NER_132,29,object_memory,1,0.0,1979,1,0,1.0,0,23,0
SUBJ_NER_132,30,reminiscence,1,1.0,2595,0,0,1.0,0,24,0
SUBJ_NER_132,31,memory_match,1,0.0,2231,1,0,1.0,0,25,0
SUBJ_NER_132,32,pattern_recognition,1,0.0,1879,3,0,1.0,0,26,0
SUBJ_NER_132,33,routine_recall,1,1.0,2178,0,0,1.0,0,27,0
SUBJ_NER_132,34,object_memory,1,1.0,1962,0,0,1.0,0,28,0
SUBJ_NER_132,35,reminiscence,1,1.0,1796,0,0,1.0,0,29,0
SUBJ_NER_132,36,memory_match,1,1.0,1844,0,0,1.0,0,30,0
SUBJ_NER_132,37,pattern_recognition,1,1.0,1731,0,0,1.0,0,31,0
SUBJ_NER_132,38,routine_recall,1,0.0,2191,1,0,1.0,0,32,0
SUBJ_NER_132,39,object_memory,1,1.0,1701,0,0,1.0,0,33,0
SUBJ_NER_132,40,reminiscence,1,0.0,2074,1,1,1.0,0,34,0
SUBJ_NER_132,41,memory_match,1,0.0,2495,2,0,1.0,0,35,0
SUBJ_NER_132,42,pattern_recognition,1,1.0,2485,0,0,1.0,0,36,0
SUBJ_NER_132,43,routine_recall,1,1.0,1840,0,0,1.0,0,37,0
SUBJ_NER_132,44,object_memory,1,1.0,2114,0,0,1.0,0,38,0
SUBJ_NER_132,45,reminiscence,1,0.0,1826,1,0,1.0,0,39,0
SUBJ_NER_132,46,memory_match,1,0.0,1613,1,2,1.0,0,40,0
SUBJ_NER_132,47,pattern_recognition,1,0.0,2238,1,0,1.0,0,41,0
SUBJ_NER_132,48,routine_recall,1,1.0,1737,0,0,1.0,0,42,0
SUBJ_NER_132,49,object_memory,1,0.0,1871,1,1,1.0,0,43,0
SUBJ_NER_132,50,reminiscence,1,0.0,2567,3,0,1.0,0,44,0
SUBJ_NER_132,51,memory_match,1,1.0,2607,0,0,1.0,0,45,0
SUBJ_NER_132,52,pattern_recognition,1,1.0,1805,0,0,1.0,0,46,0
SUBJ_NER_132,53,routine_recall,1,1.0,1607,0,0,1.0,0,47,0
SUBJ_NER_132,54,object_memory,1,0.0,2554,2,1,1.0,0,48,0
SUBJ_NER_132,55,reminiscence,1,0.0,3072,2,1,1.0,0,49,0
SUBJ_NER_132,56,memory_match,1,0.0,3200,1,0,1.0,0,50,0
SUBJ_NER_132,57,pattern_recognition,1,1.0,1865,0,0,1.0,0,51,0
SUBJ_NER_132,58,routine_recall,1,0.0,2938,1,0,1.0,0,52,0
SUBJ_NER_132,59,object_memory,1,1.0,2035,0,0,1.0,0,53,0
SUBJ_NER_132,60,reminiscence,1,1.0,1644,0,0,1.0,0,54,0
SUBJ_NER_133,1,memory_match,1,1.0,1670,0,0,1.0,1,0,1
SUBJ_NER_133,2,pattern_recognition,1,1.0,1699,0,0,1.0,2,0,2
SUBJ_NER_133,3,routine_recall,2,1.0,1334,0,0,1.0,3,0,2
SUBJ_NER_133,4,object_memory,3,1.0,1537,0,0,1.0,4,0,2
SUBJ_NER_133,5,reminiscence,4,1.0,2002,0,0,1.0,5,0,2
SUBJ_NER_133,6,memory_match,5,0.0,2859,2,0,1.0,0,1,0
SUBJ_NER_133,7,pattern_recognition,4,0.0,2548,3,0,1.0,0,2,0
SUBJ_NER_133,8,routine_recall,3,1.0,1464,0,0,1.0,0,3,0
SUBJ_NER_133,9,object_memory,2,1.0,2456,0,0,1.0,0,4,0
SUBJ_NER_133,10,reminiscence,1,0.0,1553,3,0,1.0,0,5,0
SUBJ_NER_133,11,memory_match,1,1.0,1675,0,0,1.0,0,6,0
SUBJ_NER_133,12,pattern_recognition,1,1.0,1883,0,0,1.0,0,7,0
SUBJ_NER_133,13,routine_recall,1,0.0,1723,1,0,1.0,0,8,0
SUBJ_NER_133,14,object_memory,1,0.0,2134,2,0,1.0,0,9,0
SUBJ_NER_133,15,reminiscence,1,1.0,1479,0,0,1.0,0,10,0
SUBJ_NER_133,16,memory_match,1,0.0,1770,1,2,1.0,0,11,0
SUBJ_NER_133,17,pattern_recognition,1,1.0,1470,0,0,1.0,0,12,0
SUBJ_NER_133,18,routine_recall,1,1.0,1887,0,0,1.0,0,13,0
SUBJ_NER_133,19,object_memory,1,0.0,1681,2,0,1.0,0,14,0
SUBJ_NER_133,20,reminiscence,1,0.0,2056,1,0,1.0,0,15,0
SUBJ_NER_133,21,memory_match,1,0.0,2340,1,0,1.0,0,16,0
SUBJ_NER_133,22,pattern_recognition,1,1.0,1251,0,0,1.0,0,17,0
SUBJ_NER_133,23,routine_recall,1,1.0,1085,0,0,1.0,0,18,0
SUBJ_NER_133,24,object_memory,1,0.0,1780,1,0,1.0,0,19,0
SUBJ_NER_133,25,reminiscence,1,0.0,2676,1,0,1.0,0,20,0
SUBJ_NER_133,26,memory_match,1,0.0,1628,1,2,1.0,0,21,0
SUBJ_NER_133,27,pattern_recognition,1,0.0,1888,2,0,1.0,0,22,0
SUBJ_NER_133,28,routine_recall,1,0.0,2258,2,0,1.0,0,23,0
SUBJ_NER_133,29,object_memory,1,1.0,2433,0,0,1.0,0,24,0
SUBJ_NER_133,30,reminiscence,1,0.0,1991,1,0,1.0,0,25,0
SUBJ_NER_133,31,memory_match,1,1.0,2408,0,0,1.0,0,26,0
SUBJ_NER_133,32,pattern_recognition,1,1.0,1657,0,0,1.0,0,27,0
SUBJ_NER_133,33,routine_recall,1,1.0,2348,0,0,1.0,0,28,0
SUBJ_NER_133,34,object_memory,1,0.0,1865,1,0,1.0,0,29,0
SUBJ_NER_133,35,reminiscence,1,1.0,1546,0,0,1.0,0,30,0
SUBJ_NER_133,36,memory_match,1,1.0,1765,0,0,1.0,0,31,0
SUBJ_NER_133,37,pattern_recognition,1,1.0,1877,0,0,1.0,0,32,0
SUBJ_NER_133,38,routine_recall,1,1.0,1757,0,0,1.0,0,33,0
SUBJ_NER_133,39,object_memory,1,0.0,2425,1,1,1.0,0,34,0
SUBJ_NER_133,40,reminiscence,1,0.0,2066,1,1,1.0,0,35,0
SUBJ_NER_133,41,memory_match,1,1.0,1418,0,0,1.0,0,36,0
SUBJ_NER_133,42,pattern_recognition,1,1.0,884,0,0,1.0,0,37,0
SUBJ_NER_133,43,routine_recall,1,1.0,2127,0,0,1.0,0,38,0
SUBJ_NER_133,44,object_memory,1,0.0,1634,2,0,1.0,0,39,0
SUBJ_NER_133,45,reminiscence,1,1.0,2520,0,0,1.0,0,40,0
SUBJ_NER_133,46,memory_match,1,1.0,2369,0,0,1.0,0,41,0
SUBJ_NER_133,47,pattern_recognition,1,0.0,1684,1,0,1.0,0,42,0
SUBJ_NER_133,48,routine_recall,1,0.0,1905,2,0,1.0,0,43,0
SUBJ_NER_133,49,object_memory,1,0.0,1405,1,1,1.0,0,44,0
SUBJ_NER_133,50,reminiscence,1,1.0,1567,0,0,1.0,0,45,0
SUBJ_NER_133,51,memory_match,1,1.0,1836,0,0,1.0,0,46,0
SUBJ_NER_133,52,pattern_recognition,1,1.0,997,0,0,1.0,0,47,0
SUBJ_NER_133,53,routine_recall,1,1.0,1782,0,0,1.0,0,48,0
SUBJ_NER_133,54,object_memory,1,0.0,1553,2,0,1.0,0,49,0
SUBJ_NER_133,55,reminiscence,1,1.0,1506,0,0,1.0,0,50,0
SUBJ_NER_133,56,memory_match,1,1.0,1542,0,0,1.0,0,51,0
SUBJ_NER_133,57,pattern_recognition,1,0.0,2442,1,0,1.0,0,52,0
SUBJ_NER_133,58,routine_recall,1,1.0,1988,0,0,0.8,0,53,0
SUBJ_NER_133,59,object_memory,1,1.0,1192,0,0,1.0,0,54,0
SUBJ_NER_133,60,reminiscence,1,0.0,1937,1,0,1.0,0,55,0
SUBJ_NER_134,1,memory_match,1,1.0,2519,0,0,1.0,1,0,1
SUBJ_NER_134,2,pattern_recognition,1,0.0,2713,1,0,1.0,0,1,0
SUBJ_NER_134,3,routine_recall,1,0.0,3202,3,0,1.0,0,2,0
SUBJ_NER_134,4,object_memory,1,0.0,2018,1,0,1.0,0,3,0
SUBJ_NER_134,5,reminiscence,1,0.0,2570,1,1,1.0,0,4,0
SUBJ_NER_134,6,memory_match,1,1.0,3982,0,0,1.0,0,5,0
SUBJ_NER_134,7,pattern_recognition,1,0.0,3395,1,0,1.0,0,6,0
SUBJ_NER_134,8,routine_recall,1,0.0,3214,1,0,1.0,0,7,0
SUBJ_NER_134,9,object_memory,1,0.0,2043,1,0,1.0,0,8,0
SUBJ_NER_134,10,reminiscence,1,0.0,2665,3,2,1.0,0,9,0
SUBJ_NER_134,11,memory_match,1,1.0,1843,0,0,1.0,0,10,0
SUBJ_NER_134,12,pattern_recognition,1,0.0,2638,2,0,1.0,0,11,0
SUBJ_NER_134,13,routine_recall,1,0.0,3083,1,0,1.0,0,12,0
SUBJ_NER_134,14,object_memory,1,0.0,2369,1,0,1.0,0,13,0
SUBJ_NER_134,15,reminiscence,1,0.0,3342,2,0,1.0,0,14,0
SUBJ_NER_134,16,memory_match,1,0.0,3104,2,0,1.0,0,15,0
SUBJ_NER_134,17,pattern_recognition,1,1.0,2325,0,0,1.0,0,16,0
SUBJ_NER_134,18,routine_recall,1,1.0,2104,0,0,1.0,0,17,0
SUBJ_NER_134,19,object_memory,1,1.0,1747,0,0,1.0,0,18,0
SUBJ_NER_134,20,reminiscence,1,0.0,2512,1,0,1.0,0,19,0
SUBJ_NER_134,21,memory_match,1,1.0,2127,0,0,1.0,0,20,0
SUBJ_NER_134,22,pattern_recognition,1,0.0,2877,1,1,1.0,0,21,0
SUBJ_NER_134,23,routine_recall,1,0.0,2869,1,0,1.0,0,22,0
SUBJ_NER_134,24,object_memory,1,0.0,3666,1,1,1.0,0,23,0
SUBJ_NER_134,25,reminiscence,1,0.0,2840,2,0,1.0,0,24,0
SUBJ_NER_134,26,memory_match,1,1.0,2137,0,0,1.0,0,25,0
SUBJ_NER_134,27,pattern_recognition,1,0.0,2055,1,0,1.0,0,26,0
SUBJ_NER_134,28,routine_recall,1,0.0,2606,1,0,1.0,0,27,0
SUBJ_NER_134,29,object_memory,1,0.0,3117,1,2,1.0,0,28,0
SUBJ_NER_134,30,reminiscence,1,1.0,1742,0,0,1.0,0,29,0
SUBJ_NER_134,31,memory_match,1,0.0,2440,2,0,1.0,0,30,0
SUBJ_NER_134,32,pattern_recognition,1,1.0,2960,0,0,1.0,0,31,0
SUBJ_NER_134,33,routine_recall,1,0.0,3165,1,0,1.0,0,32,0
SUBJ_NER_134,34,object_memory,1,0.0,2799,2,1,1.0,0,33,0
SUBJ_NER_134,35,reminiscence,1,1.0,1675,0,0,1.0,0,34,0
SUBJ_NER_134,36,memory_match,1,1.0,1971,0,0,1.0,0,35,0
SUBJ_NER_134,37,pattern_recognition,1,1.0,2545,0,0,1.0,0,36,0
SUBJ_NER_134,38,routine_recall,1,0.0,3113,2,0,1.0,0,37,0
SUBJ_NER_134,39,object_memory,1,0.0,2705,1,0,1.0,0,38,0
SUBJ_NER_134,40,reminiscence,1,1.0,2549,0,0,1.0,0,39,0
SUBJ_NER_134,41,memory_match,1,0.0,2337,1,1,1.0,0,40,0
SUBJ_NER_134,42,pattern_recognition,1,0.0,2611,3,0,1.0,0,41,0
SUBJ_NER_134,43,routine_recall,1,1.0,2513,0,0,1.0,0,42,0
SUBJ_NER_134,44,object_memory,1,0.0,1989,1,1,1.0,0,43,0
SUBJ_NER_134,45,reminiscence,1,0.0,2784,1,1,1.0,0,44,0
SUBJ_NER_134,46,memory_match,1,1.0,2157,0,0,1.0,0,45,0
SUBJ_NER_134,47,pattern_recognition,1,0.0,2642,1,0,1.0,0,46,0
SUBJ_NER_134,48,routine_recall,1,0.0,2287,1,0,1.0,0,47,0
SUBJ_NER_134,49,object_memory,1,1.0,1981,0,0,1.0,0,48,0
SUBJ_NER_134,50,reminiscence,1,0.0,2602,1,0,1.0,0,49,0
SUBJ_NER_134,51,memory_match,1,1.0,1622,0,0,1.0,0,50,0
SUBJ_NER_134,52,pattern_recognition,1,0.0,3399,2,2,1.0,0,51,0
SUBJ_NER_134,53,routine_recall,1,1.0,2377,0,0,1.0,0,52,0
SUBJ_NER_134,54,object_memory,1,0.0,1752,2,1,1.0,0,53,0
SUBJ_NER_134,55,reminiscence,1,0.0,2435,2,0,1.0,0,54,0
SUBJ_NER_134,56,memory_match,1,1.0,2020,0,0,1.0,0,55,0
SUBJ_NER_134,57,pattern_recognition,1,1.0,2293,0,0,1.0,0,56,0
SUBJ_NER_134,58,routine_recall,1,0.0,2634,1,0,1.0,0,57,0
SUBJ_NER_134,59,object_memory,1,0.0,2749,2,0,0.8,0,58,0
SUBJ_NER_134,60,reminiscence,1,1.0,2251,0,0,1.0,0,59,0
SUBJ_NER_135,1,memory_match,1,1.0,1114,0,0,1.0,1,0,1
SUBJ_NER_135,2,pattern_recognition,1,1.0,1971,0,0,1.0,2,0,2
SUBJ_NER_135,3,routine_recall,2,1.0,2797,0,0,1.0,3,0,2
SUBJ_NER_135,4,object_memory,3,1.0,2544,0,0,1.0,4,0,2
SUBJ_NER_135,5,reminiscence,4,1.0,1933,0,0,1.0,5,0,2
SUBJ_NER_135,6,memory_match,5,1.0,3257,0,0,1.0,6,0,2
SUBJ_NER_135,7,pattern_recognition,6,0.0,3365,2,0,1.0,0,1,0
SUBJ_NER_135,8,routine_recall,5,1.0,2523,0,0,1.0,1,0,1
SUBJ_NER_135,9,object_memory,5,1.0,3902,0,0,1.0,2,0,1
SUBJ_NER_135,10,reminiscence,5,0.0,3469,2,0,1.0,0,1,0
SUBJ_NER_135,11,memory_match,4,1.0,2863,0,0,1.0,1,0,1
SUBJ_NER_135,12,pattern_recognition,4,0.0,2745,1,1,1.0,0,1,0
SUBJ_NER_135,13,routine_recall,3,1.0,1697,0,0,1.0,1,0,1
SUBJ_NER_135,14,object_memory,3,0.0,2585,1,1,1.0,0,1,0
SUBJ_NER_135,15,reminiscence,2,1.0,3035,0,0,1.0,1,0,1
SUBJ_NER_135,16,memory_match,2,1.0,2520,0,0,1.0,2,0,2
SUBJ_NER_135,17,pattern_recognition,3,1.0,2260,0,0,1.0,3,0,2
SUBJ_NER_135,18,routine_recall,4,0.0,3912,1,0,1.0,0,1,0
SUBJ_NER_135,19,object_memory,3,1.0,1939,0,0,1.0,1,0,1
SUBJ_NER_135,20,reminiscence,3,0.0,2500,3,0,1.0,0,1,0
SUBJ_NER_135,21,memory_match,2,1.0,1661,0,0,1.0,1,0,1
SUBJ_NER_135,22,pattern_recognition,2,0.0,2554,1,0,1.0,0,1,0
SUBJ_NER_135,23,routine_recall,1,1.0,2716,0,0,1.0,1,0,1
SUBJ_NER_135,24,object_memory,1,1.0,2403,0,0,1.0,2,0,2
SUBJ_NER_135,25,reminiscence,2,1.0,1764,0,0,1.0,3,0,2
SUBJ_NER_135,26,memory_match,3,0.0,3248,1,0,1.0,0,1,0
SUBJ_NER_135,27,pattern_recognition,2,1.0,1782,0,0,1.0,1,0,1
SUBJ_NER_135,28,routine_recall,2,1.0,1450,0,0,1.0,2,0,2
SUBJ_NER_135,29,object_memory,3,0.0,2851,1,0,1.0,0,1,0
SUBJ_NER_135,30,reminiscence,2,0.0,2753,1,0,1.0,0,2,0
SUBJ_NER_135,31,memory_match,1,1.0,1355,0,0,1.0,0,3,0
SUBJ_NER_135,32,pattern_recognition,1,1.0,1869,0,0,1.0,0,4,0
SUBJ_NER_135,33,routine_recall,1,1.0,1631,0,0,1.0,0,5,0
SUBJ_NER_135,34,object_memory,1,1.0,1541,0,0,1.0,0,6,0
SUBJ_NER_135,35,reminiscence,1,0.0,2548,3,0,1.0,0,7,0
SUBJ_NER_135,36,memory_match,1,0.0,2078,1,0,1.0,0,8,0
SUBJ_NER_135,37,pattern_recognition,1,1.0,1968,0,0,1.0,0,9,0
SUBJ_NER_135,38,routine_recall,1,1.0,1289,0,0,1.0,0,10,0
SUBJ_NER_135,39,object_memory,1,0.0,1950,2,0,1.0,0,11,0
SUBJ_NER_135,40,reminiscence,1,1.0,2397,0,0,1.0,0,12,0
SUBJ_NER_135,41,memory_match,1,1.0,2257,0,0,1.0,0,13,0
SUBJ_NER_135,42,pattern_recognition,1,1.0,1480,0,0,1.0,0,14,0
SUBJ_NER_135,43,routine_recall,1,1.0,1313,0,0,1.0,0,15,0
SUBJ_NER_135,44,object_memory,1,0.0,2888,1,1,1.0,0,16,0
SUBJ_NER_135,45,reminiscence,1,0.0,2633,1,0,1.0,0,17,0
SUBJ_NER_135,46,memory_match,1,1.0,2104,0,0,1.0,0,18,0
SUBJ_NER_135,47,pattern_recognition,1,1.0,1657,0,0,1.0,0,19,0
SUBJ_NER_135,48,routine_recall,1,0.0,3125,1,0,1.0,0,20,0
SUBJ_NER_135,49,object_memory,1,0.0,2628,2,0,1.0,0,21,0
SUBJ_NER_135,50,reminiscence,1,0.0,3011,1,0,1.0,0,22,0
SUBJ_NER_135,51,memory_match,1,1.0,1904,0,0,1.0,0,23,0
SUBJ_NER_135,52,pattern_recognition,1,0.0,1863,2,1,1.0,0,24,0
SUBJ_NER_135,53,routine_recall,1,0.0,2406,1,0,1.0,0,25,0
SUBJ_NER_135,54,object_memory,1,1.0,1901,0,0,1.0,0,26,0
SUBJ_NER_135,55,reminiscence,1,1.0,1339,0,0,1.0,0,27,0
SUBJ_NER_135,56,memory_match,1,1.0,2600,0,0,1.0,0,28,0
SUBJ_NER_135,57,pattern_recognition,1,1.0,2259,0,0,1.0,0,29,0
SUBJ_NER_135,58,routine_recall,1,0.0,3053,1,0,1.0,0,30,0
SUBJ_NER_135,59,object_memory,1,1.0,3124,0,0,1.0,0,31,0
SUBJ_NER_135,60,reminiscence,1,1.0,2003,0,0,1.0,0,32,0
SUBJ_NER_136,1,memory_match,1,0.0,2001,1,0,1.0,0,1,0
SUBJ_NER_136,2,pattern_recognition,1,1.0,1563,0,0,1.0,1,0,1
SUBJ_NER_136,3,routine_recall,1,1.0,1422,0,0,1.0,2,0,2
SUBJ_NER_136,4,object_memory,2,1.0,1965,0,0,1.0,3,0,2
SUBJ_NER_136,5,reminiscence,3,0.0,2510,2,0,1.0,0,1,0
SUBJ_NER_136,6,memory_match,2,1.0,2026,0,0,1.0,1,0,1
SUBJ_NER_136,7,pattern_recognition,2,0.0,1803,1,0,1.0,0,1,0
SUBJ_NER_136,8,routine_recall,1,1.0,1541,0,0,1.0,1,0,1
SUBJ_NER_136,9,object_memory,1,0.0,2350,1,0,1.0,0,1,0
SUBJ_NER_136,10,reminiscence,1,0.0,2324,1,0,1.0,0,2,0
SUBJ_NER_136,11,memory_match,1,1.0,1565,0,0,1.0,0,3,0
SUBJ_NER_136,12,pattern_recognition,1,0.0,2147,2,0,1.0,0,4,0
SUBJ_NER_136,13,routine_recall,1,0.0,2431,1,0,1.0,0,5,0
SUBJ_NER_136,14,object_memory,1,1.0,1740,0,0,1.0,0,6,0
SUBJ_NER_136,15,reminiscence,1,0.0,1834,1,0,1.0,0,7,0
SUBJ_NER_136,16,memory_match,1,0.0,1676,1,0,1.0,0,8,0
SUBJ_NER_136,17,pattern_recognition,1,1.0,1970,0,0,1.0,0,9,0
SUBJ_NER_136,18,routine_recall,1,1.0,2305,0,0,1.0,0,10,0
SUBJ_NER_136,19,object_memory,1,0.0,2497,2,0,1.0,0,11,0
SUBJ_NER_136,20,reminiscence,1,0.0,2647,1,0,1.0,0,12,0
SUBJ_NER_136,21,memory_match,1,1.0,2332,0,0,1.0,0,13,0
SUBJ_NER_136,22,pattern_recognition,1,1.0,1378,0,0,1.0,0,14,0
SUBJ_NER_136,23,routine_recall,1,1.0,1391,0,0,1.0,0,15,0
SUBJ_NER_136,24,object_memory,1,1.0,1247,0,0,1.0,0,16,0
SUBJ_NER_136,25,reminiscence,1,0.0,1325,1,0,1.0,0,17,0
SUBJ_NER_136,26,memory_match,1,1.0,2205,0,0,1.0,0,18,0
SUBJ_NER_136,27,pattern_recognition,1,0.0,2158,1,0,1.0,0,19,0
SUBJ_NER_136,28,routine_recall,1,0.0,1426,3,0,1.0,0,20,0
SUBJ_NER_136,29,object_memory,1,1.0,1989,0,0,1.0,0,21,0
SUBJ_NER_136,30,reminiscence,1,1.0,1307,0,0,1.0,0,22,0
SUBJ_NER_136,31,memory_match,1,1.0,1838,0,0,1.0,0,23,0
SUBJ_NER_136,32,pattern_recognition,1,0.0,1967,2,0,1.0,0,24,0
SUBJ_NER_136,33,routine_recall,1,1.0,2540,0,0,1.0,0,25,0
SUBJ_NER_136,34,object_memory,1,0.0,2274,2,0,1.0,0,26,0
SUBJ_NER_136,35,reminiscence,1,0.0,2010,2,1,1.0,0,27,0
SUBJ_NER_136,36,memory_match,1,0.0,2265,1,0,1.0,0,28,0
SUBJ_NER_136,37,pattern_recognition,1,1.0,1363,0,0,1.0,0,29,0
SUBJ_NER_136,38,routine_recall,1,0.0,2250,2,0,1.0,0,30,0
SUBJ_NER_136,39,object_memory,1,0.0,2662,1,1,1.0,0,31,0
SUBJ_NER_136,40,reminiscence,1,1.0,1410,0,0,1.0,0,32,0
SUBJ_NER_136,41,memory_match,1,0.0,2087,1,0,1.0,0,33,0
SUBJ_NER_136,42,pattern_recognition,1,0.0,1757,2,0,1.0,0,34,0
SUBJ_NER_136,43,routine_recall,1,0.0,1461,1,1,1.0,0,35,0
SUBJ_NER_136,44,object_memory,1,0.0,1909,1,0,1.0,0,36,0
SUBJ_NER_136,45,reminiscence,1,1.0,1389,0,0,1.0,0,37,0
SUBJ_NER_136,46,memory_match,1,1.0,1651,0,0,1.0,0,38,0
SUBJ_NER_136,47,pattern_recognition,1,0.0,1899,2,2,1.0,0,39,0
SUBJ_NER_136,48,routine_recall,1,0.0,1881,1,1,1.0,0,40,0
SUBJ_NER_136,49,object_memory,1,1.0,1800,0,0,1.0,0,41,0
SUBJ_NER_136,50,reminiscence,1,0.0,2132,1,0,1.0,0,42,0
SUBJ_NER_136,51,memory_match,1,0.0,1440,1,0,1.0,0,43,0
SUBJ_NER_136,52,pattern_recognition,1,0.0,1738,2,0,1.0,0,44,0
SUBJ_NER_136,53,routine_recall,1,1.0,1352,0,0,1.0,0,45,0
SUBJ_NER_136,54,object_memory,1,1.0,2133,0,0,1.0,0,46,0
SUBJ_NER_136,55,reminiscence,1,0.0,1943,1,0,1.0,0,47,0
SUBJ_NER_136,56,memory_match,1,1.0,1392,0,0,1.0,0,48,0
SUBJ_NER_136,57,pattern_recognition,1,0.0,1973,1,0,1.0,0,49,0
SUBJ_NER_136,58,routine_recall,1,0.0,1563,2,0,1.0,0,50,0
SUBJ_NER_136,59,object_memory,1,1.0,2297,0,0,1.0,0,51,0
SUBJ_NER_136,60,reminiscence,1,0.0,2472,2,0,1.0,0,52,0
SUBJ_NER_137,1,memory_match,1,1.0,2071,0,0,1.0,1,0,1
SUBJ_NER_137,2,pattern_recognition,1,1.0,3199,0,0,1.0,2,0,2
SUBJ_NER_137,3,routine_recall,2,0.0,3494,1,0,1.0,0,1,0
SUBJ_NER_137,4,object_memory,1,1.0,2765,0,0,1.0,1,0,1
SUBJ_NER_137,5,reminiscence,1,0.0,3186,1,0,1.0,0,1,0
SUBJ_NER_137,6,memory_match,1,1.0,2172,0,0,1.0,1,0,1
SUBJ_NER_137,7,pattern_recognition,1,1.0,1766,0,0,1.0,2,0,2
SUBJ_NER_137,8,routine_recall,2,1.0,2761,0,0,1.0,3,0,2
SUBJ_NER_137,9,object_memory,3,1.0,3046,0,0,1.0,4,0,2
SUBJ_NER_137,10,reminiscence,4,0.0,3739,1,0,1.0,0,1,0
SUBJ_NER_137,11,memory_match,3,1.0,3531,0,0,1.0,1,0,1
SUBJ_NER_137,12,pattern_recognition,3,1.0,1927,0,0,1.0,2,0,2
SUBJ_NER_137,13,routine_recall,4,1.0,2190,0,0,1.0,3,0,2
SUBJ_NER_137,14,object_memory,5,1.0,3863,0,0,1.0,4,0,1
SUBJ_NER_137,15,reminiscence,5,0.0,4077,1,0,1.0,0,1,0
SUBJ_NER_137,16,memory_match,4,0.0,4041,2,0,1.0,0,2,0
SUBJ_NER_137,17,pattern_recognition,3,1.0,2424,0,0,1.0,0,3,0
SUBJ_NER_137,18,routine_recall,2,1.0,2091,0,0,1.0,0,4,0
SUBJ_NER_137,19,object_memory,1,1.0,2522,0,0,1.0,0,5,0
SUBJ_NER_137,20,reminiscence,1,0.0,3137,3,0,1.0,0,6,0
SUBJ_NER_137,21,memory_match,1,1.0,2270,0,0,1.0,0,7,0
SUBJ_NER_137,22,pattern_recognition,1,1.0,2230,0,0,1.0,0,8,0
SUBJ_NER_137,23,routine_recall,1,1.0,2262,0,0,1.0,0,9,0
SUBJ_NER_137,24,object_memory,1,1.0,2188,0,0,1.0,0,10,0
SUBJ_NER_137,25,reminiscence,1,1.0,2668,0,0,1.0,0,11,0
SUBJ_NER_137,26,memory_match,1,1.0,2554,0,0,1.0,0,12,0
SUBJ_NER_137,27,pattern_recognition,1,0.0,2394,2,1,1.0,0,13,0
SUBJ_NER_137,28,routine_recall,1,1.0,2097,0,0,1.0,0,14,0
SUBJ_NER_137,29,object_memory,1,1.0,2925,0,0,1.0,0,15,0
SUBJ_NER_137,30,reminiscence,1,1.0,2488,0,0,1.0,0,16,0
SUBJ_NER_137,31,memory_match,1,0.0,3538,2,0,1.0,0,17,0
SUBJ_NER_137,32,pattern_recognition,1,0.0,3541,1,0,1.0,0,18,0
SUBJ_NER_137,33,routine_recall,1,0.0,1965,1,0,1.0,0,19,0
SUBJ_NER_137,34,object_memory,1,0.0,2868,2,0,1.0,0,20,0
SUBJ_NER_137,35,reminiscence,1,0.0,2915,3,0,1.0,0,21,0
SUBJ_NER_137,36,memory_match,1,1.0,2603,0,0,1.0,0,22,0
SUBJ_NER_137,37,pattern_recognition,1,1.0,2255,0,0,1.0,0,23,0
SUBJ_NER_137,38,routine_recall,1,1.0,2362,0,0,1.0,0,24,0
SUBJ_NER_137,39,object_memory,1,0.0,2468,1,0,1.0,0,25,0
SUBJ_NER_137,40,reminiscence,1,0.0,3196,3,0,1.0,0,26,0
SUBJ_NER_137,41,memory_match,1,0.0,3280,2,0,1.0,0,27,0
SUBJ_NER_137,42,pattern_recognition,1,1.0,2003,0,0,1.0,0,28,0
SUBJ_NER_137,43,routine_recall,1,1.0,1859,0,0,1.0,0,29,0
SUBJ_NER_137,44,object_memory,1,0.0,2808,1,0,1.0,0,30,0
SUBJ_NER_137,45,reminiscence,1,1.0,2743,0,0,1.0,0,31,0
SUBJ_NER_137,46,memory_match,1,0.0,2309,2,0,1.0,0,32,0
SUBJ_NER_137,47,pattern_recognition,1,0.0,2736,1,0,1.0,0,33,0
SUBJ_NER_137,48,routine_recall,1,1.0,2213,0,0,1.0,0,34,0
SUBJ_NER_137,49,object_memory,1,0.0,2243,2,0,1.0,0,35,0
SUBJ_NER_137,50,reminiscence,1,0.0,3420,1,0,1.0,0,36,0
SUBJ_NER_137,51,memory_match,1,1.0,3117,0,0,1.0,0,37,0
SUBJ_NER_137,52,pattern_recognition,1,1.0,2137,0,0,1.0,0,38,0
SUBJ_NER_137,53,routine_recall,1,1.0,2732,0,0,1.0,0,39,0
SUBJ_NER_137,54,object_memory,1,1.0,3035,0,0,1.0,0,40,0
SUBJ_NER_137,55,reminiscence,1,1.0,3457,0,0,1.0,0,41,0
SUBJ_NER_137,56,memory_match,1,0.0,2487,2,0,1.0,0,42,0
SUBJ_NER_137,57,pattern_recognition,1,1.0,2442,0,0,1.0,0,43,0
SUBJ_NER_137,58,routine_recall,1,1.0,4751,0,0,1.0,0,44,0
SUBJ_NER_137,59,object_memory,1,1.0,2300,0,0,1.0,0,45,0
SUBJ_NER_137,60,reminiscence,1,1.0,1816,0,0,0.8,0,46,0
SUBJ_NER_138,1,memory_match,1,1.0,2163,0,0,1.0,1,0,1
SUBJ_NER_138,2,pattern_recognition,1,1.0,3612,0,0,1.0,2,0,1
SUBJ_NER_138,3,routine_recall,1,1.0,1647,0,0,1.0,3,0,2
SUBJ_NER_138,4,object_memory,2,1.0,2404,0,0,1.0,4,0,2
SUBJ_NER_138,5,reminiscence,3,0.0,3148,1,1,1.0,0,1,0
SUBJ_NER_138,6,memory_match,2,1.0,3777,0,0,1.0,1,0,1
SUBJ_NER_138,7,pattern_recognition,2,1.0,2910,0,0,1.0,2,0,2
SUBJ_NER_138,8,routine_recall,3,0.0,3894,1,1,1.0,0,1,0
SUBJ_NER_138,9,object_memory,2,1.0,2641,0,0,1.0,1,0,1
SUBJ_NER_138,10,reminiscence,2,1.0,3803,0,0,1.0,2,0,1
SUBJ_NER_138,11,memory_match,2,1.0,2586,0,0,1.0,3,0,2
SUBJ_NER_138,12,pattern_recognition,3,0.0,3707,1,0,1.0,0,1,0
SUBJ_NER_138,13,routine_recall,2,0.0,2829,3,0,1.0,0,2,0
SUBJ_NER_138,14,object_memory,1,1.0,2039,0,0,1.0,0,3,0
SUBJ_NER_138,15,reminiscence,1,0.0,2822,2,0,1.0,0,4,0
SUBJ_NER_138,16,memory_match,1,0.0,4268,1,1,1.0,0,5,0
SUBJ_NER_138,17,pattern_recognition,1,0.0,3617,2,0,1.0,0,6,0
SUBJ_NER_138,18,routine_recall,1,0.0,2773,1,0,1.0,0,7,0
SUBJ_NER_138,19,object_memory,1,1.0,2593,0,0,1.0,0,8,0
SUBJ_NER_138,20,reminiscence,1,1.0,3506,0,0,1.0,0,9,0
SUBJ_NER_138,21,memory_match,1,1.0,2465,0,0,1.0,0,10,0
SUBJ_NER_138,22,pattern_recognition,1,1.0,2269,0,0,1.0,0,11,0
SUBJ_NER_138,23,routine_recall,1,1.0,2886,0,0,1.0,0,12,0
SUBJ_NER_138,24,object_memory,1,1.0,1943,0,0,1.0,0,13,0
SUBJ_NER_138,25,reminiscence,1,1.0,2822,0,0,1.0,0,14,0
SUBJ_NER_138,26,memory_match,1,1.0,2427,0,0,1.0,0,15,0
SUBJ_NER_138,27,pattern_recognition,1,0.0,3883,2,0,1.0,0,16,0
SUBJ_NER_138,28,routine_recall,1,0.0,2334,1,1,1.0,0,17,0
SUBJ_NER_138,29,object_memory,1,0.0,3452,1,0,1.0,0,18,0
SUBJ_NER_138,30,reminiscence,1,1.0,2333,0,0,1.0,0,19,0
SUBJ_NER_138,31,memory_match,1,0.0,2697,1,0,1.0,0,20,0
SUBJ_NER_138,32,pattern_recognition,1,0.0,4387,1,0,1.0,0,21,0
SUBJ_NER_138,33,routine_recall,1,1.0,3080,0,0,1.0,0,22,0
SUBJ_NER_138,34,object_memory,1,1.0,3159,0,0,1.0,0,23,0
SUBJ_NER_138,35,reminiscence,1,0.0,3616,3,1,1.0,0,24,0
SUBJ_NER_138,36,memory_match,1,1.0,2518,0,0,1.0,0,25,0
SUBJ_NER_138,37,pattern_recognition,1,0.0,2450,1,1,1.0,0,26,0
SUBJ_NER_138,38,routine_recall,1,0.0,5738,3,1,1.0,0,27,0
SUBJ_NER_138,39,object_memory,1,1.0,2580,0,0,1.0,0,28,0
SUBJ_NER_138,40,reminiscence,1,1.0,3079,0,0,1.0,0,29,0
SUBJ_NER_138,41,memory_match,1,1.0,2145,0,0,1.0,0,30,0
SUBJ_NER_138,42,pattern_recognition,1,1.0,2594,0,0,1.0,0,31,0
SUBJ_NER_138,43,routine_recall,1,1.0,2804,0,0,1.0,0,32,0
SUBJ_NER_138,44,object_memory,1,0.0,3185,2,1,1.0,0,33,0
SUBJ_NER_138,45,reminiscence,1,0.0,3149,2,0,1.0,0,34,0
SUBJ_NER_138,46,memory_match,1,1.0,2704,0,0,1.0,0,35,0
SUBJ_NER_138,47,pattern_recognition,1,1.0,1749,0,0,1.0,0,36,0
SUBJ_NER_138,48,routine_recall,1,0.0,4155,1,0,1.0,0,37,0
SUBJ_NER_138,49,object_memory,1,1.0,1817,0,0,1.0,0,38,0
SUBJ_NER_138,50,reminiscence,1,1.0,2201,0,0,1.0,0,39,0
SUBJ_NER_138,51,memory_match,1,1.0,2182,0,0,1.0,0,40,0
SUBJ_NER_138,52,pattern_recognition,1,0.0,3063,1,1,1.0,0,41,0
SUBJ_NER_138,53,routine_recall,1,1.0,3685,0,0,1.0,0,42,0
SUBJ_NER_138,54,object_memory,1,1.0,1836,0,0,1.0,0,43,0
SUBJ_NER_138,55,reminiscence,1,1.0,2271,0,0,1.0,0,44,0
SUBJ_NER_138,56,memory_match,1,0.0,3192,1,1,1.0,0,45,0
SUBJ_NER_138,57,pattern_recognition,1,0.0,5128,1,0,1.0,0,46,0
SUBJ_NER_138,58,routine_recall,1,1.0,1736,0,0,0.8,0,47,0
SUBJ_NER_138,59,object_memory,1,0.0,3374,1,0,1.0,0,48,0
SUBJ_NER_138,60,reminiscence,1,1.0,2599,0,0,1.0,0,49,0
SUBJ_NER_139,1,memory_match,1,1.0,2214,0,0,1.0,1,0,1
SUBJ_NER_139,2,pattern_recognition,1,0.0,2237,2,0,1.0,0,1,0
SUBJ_NER_139,3,routine_recall,1,1.0,1813,0,0,1.0,1,0,1
SUBJ_NER_139,4,object_memory,1,1.0,2153,0,0,1.0,2,0,2
SUBJ_NER_139,5,reminiscence,2,1.0,2449,0,0,1.0,3,0,2
SUBJ_NER_139,6,memory_match,3,0.0,2489,1,0,1.0,0,1,0
SUBJ_NER_139,7,pattern_recognition,2,1.0,1234,0,0,1.0,1,0,1
SUBJ_NER_139,8,routine_recall,2,0.0,2272,2,0,1.0,0,1,0
SUBJ_NER_139,9,object_memory,1,0.0,1653,2,0,1.0,0,2,0
SUBJ_NER_139,10,reminiscence,1,0.0,2109,1,0,1.0,0,3,0
SUBJ_NER_139,11,memory_match,1,0.0,1898,1,0,1.0,0,4,0
SUBJ_NER_139,12,pattern_recognition,1,1.0,2748,0,0,1.0,0,5,0
SUBJ_NER_139,13,routine_recall,1,0.0,2429,1,1,1.0,0,6,0
SUBJ_NER_139,14,object_memory,1,1.0,1867,0,0,1.0,0,7,0
SUBJ_NER_139,15,reminiscence,1,1.0,1667,0,0,1.0,0,8,0
SUBJ_NER_139,16,memory_match,1,1.0,1951,0,0,1.0,0,9,0
SUBJ_NER_139,17,pattern_recognition,1,0.0,2518,1,0,1.0,0,10,0
SUBJ_NER_139,18,routine_recall,1,0.0,3385,1,0,1.0,0,11,0
SUBJ_NER_139,19,object_memory,1,1.0,1787,0,0,1.0,0,12,0
SUBJ_NER_139,20,reminiscence,1,0.0,2939,1,0,1.0,0,13,0
SUBJ_NER_139,21,memory_match,1,1.0,1899,0,0,1.0,0,14,0
SUBJ_NER_139,22,pattern_recognition,1,0.0,2206,2,1,1.0,0,15,0
SUBJ_NER_139,23,routine_recall,1,0.0,1866,1,0,1.0,0,16,0
SUBJ_NER_139,24,object_memory,1,0.0,1887,1,0,1.0,0,17,0
SUBJ_NER_139,25,reminiscence,1,0.0,2564,1,0,1.0,0,18,0
SUBJ_NER_139,26,memory_match,1,0.0,2169,1,0,1.0,0,19,0
SUBJ_NER_139,27,pattern_recognition,1,1.0,2227,0,0,1.0,0,20,0
SUBJ_NER_139,28,routine_recall,1,1.0,1494,0,0,1.0,0,21,0
SUBJ_NER_139,29,object_memory,1,1.0,1259,0,0,1.0,0,22,0
SUBJ_NER_139,30,reminiscence,1,0.0,1862,1,0,1.0,0,23,0
SUBJ_NER_139,31,memory_match,1,0.0,1944,1,0,1.0,0,24,0
SUBJ_NER_139,32,pattern_recognition,1,1.0,2265,0,0,1.0,0,25,0
SUBJ_NER_139,33,routine_recall,1,0.0,2853,2,0,1.0,0,26,0
SUBJ_NER_139,34,object_memory,1,1.0,1517,0,0,1.0,0,27,0
SUBJ_NER_139,35,reminiscence,1,0.0,2682,2,2,1.0,0,28,0
SUBJ_NER_139,36,memory_match,1,1.0,1977,0,0,1.0,0,29,0
SUBJ_NER_139,37,pattern_recognition,1,0.0,2045,1,0,1.0,0,30,0
SUBJ_NER_139,38,routine_recall,1,1.0,1452,0,0,1.0,0,31,0
SUBJ_NER_139,39,object_memory,1,0.0,1889,2,1,1.0,0,32,0
SUBJ_NER_139,40,reminiscence,1,1.0,1647,0,0,1.0,0,33,0
SUBJ_NER_139,41,memory_match,1,0.0,2004,2,0,1.0,0,34,0
SUBJ_NER_139,42,pattern_recognition,1,0.0,2203,2,0,1.0,0,35,0
SUBJ_NER_139,43,routine_recall,1,0.0,3332,1,1,1.0,0,36,0
SUBJ_NER_139,44,object_memory,1,0.0,2012,1,0,1.0,0,37,0
SUBJ_NER_139,45,reminiscence,1,1.0,2010,0,0,1.0,0,38,0
SUBJ_NER_139,46,memory_match,1,0.0,2715,2,2,1.0,0,39,0
SUBJ_NER_139,47,pattern_recognition,1,1.0,1491,0,0,1.0,0,40,0
SUBJ_NER_139,48,routine_recall,1,0.0,1799,1,1,1.0,0,41,0
SUBJ_NER_139,49,object_memory,1,1.0,1758,0,0,1.0,0,42,0
SUBJ_NER_139,50,reminiscence,1,0.0,2452,1,0,1.0,0,43,0
SUBJ_NER_139,51,memory_match,1,0.0,2080,1,0,1.0,0,44,0
SUBJ_NER_139,52,pattern_recognition,1,1.0,1498,0,0,1.0,0,45,0
SUBJ_NER_139,53,routine_recall,1,1.0,2122,0,0,1.0,0,46,0
SUBJ_NER_139,54,object_memory,1,1.0,1818,0,0,1.0,0,47,0
SUBJ_NER_139,55,reminiscence,1,0.0,1889,2,1,1.0,0,48,0
SUBJ_NER_139,56,memory_match,1,0.0,1665,1,0,1.0,0,49,0
SUBJ_NER_139,57,pattern_recognition,1,0.0,2292,2,0,1.0,0,50,0
SUBJ_NER_139,58,routine_recall,1,1.0,1675,0,0,1.0,0,51,0
SUBJ_NER_139,59,object_memory,1,1.0,2233,0,0,1.0,0,52,0
SUBJ_NER_139,60,reminiscence,1,1.0,2316,0,0,1.0,0,53,0
SUBJ_NER_140,1,memory_match,1,0.0,2100,1,0,1.0,0,1,0
SUBJ_NER_140,2,pattern_recognition,1,0.0,2311,2,0,1.0,0,2,0
SUBJ_NER_140,3,routine_recall,1,1.0,1899,0,0,1.0,0,3,0
SUBJ_NER_140,4,object_memory,1,1.0,2402,0,0,1.0,0,4,0
SUBJ_NER_140,5,reminiscence,1,0.0,2202,2,0,1.0,0,5,0
SUBJ_NER_140,6,memory_match,1,0.0,3064,2,0,1.0,0,6,0
SUBJ_NER_140,7,pattern_recognition,1,0.0,2087,3,0,1.0,0,7,0
SUBJ_NER_140,8,routine_recall,1,0.0,2631,1,0,1.0,0,8,0
SUBJ_NER_140,9,object_memory,1,1.0,2484,0,0,1.0,0,9,0
SUBJ_NER_140,10,reminiscence,1,1.0,1788,0,0,1.0,0,10,0
SUBJ_NER_140,11,memory_match,1,0.0,2845,1,0,1.0,0,11,0
SUBJ_NER_140,12,pattern_recognition,1,0.0,2451,1,0,1.0,0,12,0
SUBJ_NER_140,13,routine_recall,1,1.0,2094,0,0,1.0,0,13,0
SUBJ_NER_140,14,object_memory,1,1.0,1728,0,0,1.0,0,14,0
SUBJ_NER_140,15,reminiscence,1,1.0,1051,0,0,1.0,0,15,0
SUBJ_NER_140,16,memory_match,1,1.0,2374,0,0,1.0,0,16,0
SUBJ_NER_140,17,pattern_recognition,1,1.0,1979,0,0,1.0,0,17,0
SUBJ_NER_140,18,routine_recall,1,0.0,3258,3,1,1.0,0,18,0
SUBJ_NER_140,19,object_memory,1,0.0,2451,2,0,1.0,0,19,0
SUBJ_NER_140,20,reminiscence,1,0.0,2670,1,0,1.0,0,20,0
SUBJ_NER_140,21,memory_match,1,1.0,1886,0,0,1.0,0,21,0
SUBJ_NER_140,22,pattern_recognition,1,0.0,2867,1,0,1.0,0,22,0
SUBJ_NER_140,23,routine_recall,1,0.0,2222,2,1,1.0,0,23,0
SUBJ_NER_140,24,object_memory,1,1.0,2078,0,0,1.0,0,24,0
SUBJ_NER_140,25,reminiscence,1,1.0,1907,0,0,1.0,0,25,0
SUBJ_NER_140,26,memory_match,1,1.0,2845,0,0,1.0,0,26,0
SUBJ_NER_140,27,pattern_recognition,1,0.0,2411,1,0,1.0,0,27,0
SUBJ_NER_140,28,routine_recall,1,0.0,2770,2,0,1.0,0,28,0
SUBJ_NER_140,29,object_memory,1,0.0,3030,2,0,1.0,0,29,0
SUBJ_NER_140,30,reminiscence,1,1.0,2267,0,0,1.0,0,30,0
SUBJ_NER_140,31,memory_match,1,0.0,2801,1,0,1.0,0,31,0
SUBJ_NER_140,32,pattern_recognition,1,1.0,2141,0,0,1.0,0,32,0
SUBJ_NER_140,33,routine_recall,1,0.0,2694,3,0,1.0,0,33,0
SUBJ_NER_140,34,object_memory,1,0.0,2143,1,0,1.0,0,34,0
SUBJ_NER_140,35,reminiscence,1,1.0,1885,0,0,1.0,0,35,0
SUBJ_NER_140,36,memory_match,1,0.0,3551,1,0,1.0,0,36,0
SUBJ_NER_140,37,pattern_recognition,1,0.0,3513,1,1,1.0,0,37,0
SUBJ_NER_140,38,routine_recall,1,0.0,3003,1,1,1.0,0,38,0
SUBJ_NER_140,39,object_memory,1,0.0,2235,2,0,1.0,0,39,0
SUBJ_NER_140,40,reminiscence,1,1.0,1718,0,0,1.0,0,40,0
SUBJ_NER_140,41,memory_match,1,0.0,2840,3,1,1.0,0,41,0
SUBJ_NER_140,42,pattern_recognition,1,0.0,2728,1,0,1.0,0,42,0
SUBJ_NER_140,43,routine_recall,1,1.0,4121,0,0,1.0,0,43,0
SUBJ_NER_140,44,object_memory,1,0.0,2045,2,0,1.0,0,44,0
SUBJ_NER_140,45,reminiscence,1,0.0,3130,2,1,1.0,0,45,0
SUBJ_NER_140,46,memory_match,1,0.0,2717,1,0,1.0,0,46,0
SUBJ_NER_140,47,pattern_recognition,1,0.0,1897,3,0,1.0,0,47,0
SUBJ_NER_140,48,routine_recall,1,0.0,2119,3,0,1.0,0,48,0
SUBJ_NER_140,49,object_memory,1,1.0,3035,0,0,1.0,0,49,0
SUBJ_NER_140,50,reminiscence,1,0.0,2741,2,0,1.0,0,50,0
SUBJ_NER_140,51,memory_match,1,0.0,3854,1,0,1.0,0,51,0
SUBJ_NER_140,52,pattern_recognition,1,0.0,2537,1,0,1.0,0,52,0
SUBJ_NER_140,53,routine_recall,1,0.0,2565,3,1,1.0,0,53,0
SUBJ_NER_140,54,object_memory,1,0.0,2540,3,1,1.0,0,54,0
SUBJ_NER_140,55,reminiscence,1,1.0,2416,0,0,1.0,0,55,0
SUBJ_NER_140,56,memory_match,1,0.0,2089,1,0,1.0,0,56,0
SUBJ_NER_140,57,pattern_recognition,1,0.0,2973,3,0,1.0,0,57,0
SUBJ_NER_140,58,routine_recall,1,0.0,3089,2,0,1.0,0,58,0
SUBJ_NER_140,59,object_memory,1,1.0,2925,0,0,1.0,0,59,0
SUBJ_NER_140,60,reminiscence,1,1.0,2000,0,0,1.0,0,60,0
SUBJ_NER_141,1,memory_match,1,1.0,1569,0,0,1.0,1,0,1
SUBJ_NER_141,2,pattern_recognition,1,1.0,2857,0,0,1.0,2,0,2
SUBJ_NER_141,3,routine_recall,2,1.0,2504,0,0,1.0,3,0,2
SUBJ_NER_141,4,object_memory,3,1.0,2841,0,0,1.0,4,0,2
SUBJ_NER_141,5,reminiscence,4,1.0,2295,0,0,1.0,5,0,2
SUBJ_NER_141,6,memory_match,5,0.0,3626,1,0,1.0,0,1,0
SUBJ_NER_141,7,pattern_recognition,4,1.0,2124,0,0,1.0,1,0,1
SUBJ_NER_141,8,routine_recall,4,1.0,2898,0,0,1.0,2,0,2
SUBJ_NER_141,9,object_memory,5,0.0,2235,1,0,1.0,0,1,0
SUBJ_NER_141,10,reminiscence,4,1.0,3430,0,0,1.0,1,0,1
SUBJ_NER_141,11,memory_match,4,0.0,3821,1,1,1.0,0,1,0
SUBJ_NER_141,12,pattern_recognition,3,0.0,2355,2,0,1.0,0,2,0
SUBJ_NER_141,13,routine_recall,2,1.0,2198,0,0,1.0,0,3,0
SUBJ_NER_141,14,object_memory,1,0.0,2041,2,0,1.0,0,4,0
SUBJ_NER_141,15,reminiscence,1,1.0,2403,0,0,1.0,0,5,0
SUBJ_NER_141,16,memory_match,1,1.0,2183,0,0,1.0,0,6,0
SUBJ_NER_141,17,pattern_recognition,1,1.0,2106,0,0,1.0,0,7,0
SUBJ_NER_141,18,routine_recall,1,1.0,1854,0,0,1.0,0,8,0
SUBJ_NER_141,19,object_memory,1,0.0,2178,3,0,1.0,0,9,0
SUBJ_NER_141,20,reminiscence,1,1.0,2223,0,0,1.0,0,10,0
SUBJ_NER_141,21,memory_match,1,1.0,1909,0,0,1.0,0,11,0
SUBJ_NER_141,22,pattern_recognition,1,0.0,2620,3,1,1.0,0,12,0
SUBJ_NER_141,23,routine_recall,1,0.0,3193,1,0,1.0,0,13,0
SUBJ_NER_141,24,object_memory,1,0.0,3219,1,0,1.0,0,14,0
SUBJ_NER_141,25,reminiscence,1,1.0,2583,0,0,1.0,0,15,0
SUBJ_NER_141,26,memory_match,1,1.0,1376,0,0,1.0,0,16,0
SUBJ_NER_141,27,pattern_recognition,1,1.0,1397,0,0,1.0,0,17,0
SUBJ_NER_141,28,routine_recall,1,1.0,1929,0,0,1.0,0,18,0
SUBJ_NER_141,29,object_memory,1,1.0,1283,0,0,1.0,0,19,0
SUBJ_NER_141,30,reminiscence,1,1.0,2153,0,0,1.0,0,20,0
SUBJ_NER_141,31,memory_match,1,1.0,2631,0,0,1.0,0,21,0
SUBJ_NER_141,32,pattern_recognition,1,1.0,1473,0,0,1.0,0,22,0
SUBJ_NER_141,33,routine_recall,1,1.0,1928,0,0,1.0,0,23,0
SUBJ_NER_141,34,object_memory,1,1.0,2609,0,0,1.0,0,24,0
SUBJ_NER_141,35,reminiscence,1,0.0,2508,2,1,1.0,0,25,0
SUBJ_NER_141,36,memory_match,1,1.0,1314,0,0,1.0,0,26,0
SUBJ_NER_141,37,pattern_recognition,1,1.0,2857,0,0,1.0,0,27,0
SUBJ_NER_141,38,routine_recall,1,0.0,1799,3,0,1.0,0,28,0
SUBJ_NER_141,39,object_memory,1,1.0,1370,0,0,1.0,0,29,0
SUBJ_NER_141,40,reminiscence,1,1.0,1430,0,0,1.0,0,30,0
SUBJ_NER_141,41,memory_match,1,1.0,1957,0,0,1.0,0,31,0
SUBJ_NER_141,42,pattern_recognition,1,0.0,2649,2,0,1.0,0,32,0
SUBJ_NER_141,43,routine_recall,1,1.0,2041,0,0,1.0,0,33,0
SUBJ_NER_141,44,object_memory,1,1.0,1445,0,0,1.0,0,34,0
SUBJ_NER_141,45,reminiscence,1,1.0,2179,0,0,1.0,0,35,0
SUBJ_NER_141,46,memory_match,1,1.0,1800,0,0,1.0,0,36,0
SUBJ_NER_141,47,pattern_recognition,1,1.0,1426,0,0,1.0,0,37,0
SUBJ_NER_141,48,routine_recall,1,1.0,2192,0,0,1.0,0,38,0
SUBJ_NER_141,49,object_memory,1,1.0,1934,0,0,1.0,0,39,0
SUBJ_NER_141,50,reminiscence,1,1.0,1752,0,0,1.0,0,40,0
SUBJ_NER_141,51,memory_match,1,1.0,1971,0,0,1.0,0,41,0
SUBJ_NER_141,52,pattern_recognition,1,1.0,2253,0,0,1.0,0,42,0
SUBJ_NER_141,53,routine_recall,1,1.0,2290,0,0,1.0,0,43,0
SUBJ_NER_141,54,object_memory,1,1.0,1611,0,0,1.0,0,44,0
SUBJ_NER_141,55,reminiscence,1,0.0,2299,3,0,1.0,0,45,0
SUBJ_NER_141,56,memory_match,1,1.0,2094,0,0,1.0,0,46,0
SUBJ_NER_141,57,pattern_recognition,1,1.0,2045,0,0,1.0,0,47,0
SUBJ_NER_141,58,routine_recall,1,0.0,2017,3,0,1.0,0,48,0
SUBJ_NER_141,59,object_memory,1,1.0,1818,0,0,1.0,0,49,0
SUBJ_NER_141,60,reminiscence,1,0.0,2347,1,0,0.8,0,50,0
SUBJ_NER_142,1,memory_match,1,1.0,1352,0,0,1.0,1,0,1
SUBJ_NER_142,2,pattern_recognition,1,1.0,1510,0,0,1.0,2,0,2
SUBJ_NER_142,3,routine_recall,2,1.0,1866,0,0,1.0,3,0,2
SUBJ_NER_142,4,object_memory,3,0.0,2921,1,0,1.0,0,1,0
SUBJ_NER_142,5,reminiscence,2,0.0,2389,1,0,1.0,0,2,0
SUBJ_NER_142,6,memory_match,1,0.0,1991,3,0,1.0,0,3,0
SUBJ_NER_142,7,pattern_recognition,1,1.0,2483,0,0,1.0,0,4,0
SUBJ_NER_142,8,routine_recall,1,0.0,2786,1,2,1.0,0,5,0
SUBJ_NER_142,9,object_memory,1,0.0,2530,1,0,1.0,0,6,0
SUBJ_NER_142,10,reminiscence,1,1.0,1988,0,0,1.0,0,7,0
SUBJ_NER_142,11,memory_match,1,1.0,1714,0,0,1.0,0,8,0
SUBJ_NER_142,12,pattern_recognition,1,1.0,1961,0,0,1.0,0,9,0
SUBJ_NER_142,13,routine_recall,1,1.0,2185,0,0,1.0,0,10,0
SUBJ_NER_142,14,object_memory,1,0.0,1950,3,1,1.0,0,11,0
SUBJ_NER_142,15,reminiscence,1,1.0,1401,0,0,1.0,0,12,0
SUBJ_NER_142,16,memory_match,1,0.0,2332,1,0,1.0,0,13,0
SUBJ_NER_142,17,pattern_recognition,1,0.0,2639,2,0,1.0,0,14,0
SUBJ_NER_142,18,routine_recall,1,0.0,2349,3,0,1.0,0,15,0
SUBJ_NER_142,19,object_memory,1,0.0,2184,1,1,1.0,0,16,0
SUBJ_NER_142,20,reminiscence,1,1.0,2038,0,0,1.0,0,17,0
SUBJ_NER_142,21,memory_match,1,1.0,1560,0,0,1.0,0,18,0
SUBJ_NER_142,22,pattern_recognition,1,1.0,1432,0,0,1.0,0,19,0
SUBJ_NER_142,23,routine_recall,1,0.0,1921,1,0,1.0,0,20,0
SUBJ_NER_142,24,object_memory,1,1.0,1611,0,0,1.0,0,21,0
SUBJ_NER_142,25,reminiscence,1,1.0,2101,0,0,1.0,0,22,0
SUBJ_NER_142,26,memory_match,1,1.0,1840,0,0,1.0,0,23,0
SUBJ_NER_142,27,pattern_recognition,1,1.0,1273,0,0,1.0,0,24,0
SUBJ_NER_142,28,routine_recall,1,0.0,2504,1,0,1.0,0,25,0
SUBJ_NER_142,29,object_memory,1,1.0,1911,0,0,1.0,0,26,0
SUBJ_NER_142,30,reminiscence,1,1.0,2253,0,0,1.0,0,27,0
SUBJ_NER_142,31,memory_match,1,0.0,1924,1,1,1.0,0,28,0
SUBJ_NER_142,32,pattern_recognition,1,1.0,1745,0,0,1.0,0,29,0
SUBJ_NER_142,33,routine_recall,1,1.0,1828,0,0,1.0,0,30,0
SUBJ_NER_142,34,object_memory,1,0.0,2258,1,0,1.0,0,31,0
SUBJ_NER_142,35,reminiscence,1,1.0,2557,0,0,1.0,0,32,0
SUBJ_NER_142,36,memory_match,1,0.0,2569,1,0,1.0,0,33,0
SUBJ_NER_142,37,pattern_recognition,1,0.0,1486,1,0,1.0,0,34,0
SUBJ_NER_142,38,routine_recall,1,0.0,2549,1,0,1.0,0,35,0
SUBJ_NER_142,39,object_memory,1,1.0,1892,0,0,1.0,0,36,0
SUBJ_NER_142,40,reminiscence,1,0.0,1587,2,0,1.0,0,37,0
SUBJ_NER_142,41,memory_match,1,1.0,1817,0,0,1.0,0,38,0
SUBJ_NER_142,42,pattern_recognition,1,1.0,2172,0,0,1.0,0,39,0
SUBJ_NER_142,43,routine_recall,1,1.0,1838,0,0,1.0,0,40,0
SUBJ_NER_142,44,object_memory,1,0.0,1819,1,0,1.0,0,41,0
SUBJ_NER_142,45,reminiscence,1,1.0,1397,0,0,1.0,0,42,0
SUBJ_NER_142,46,memory_match,1,0.0,2961,1,2,1.0,0,43,0
SUBJ_NER_142,47,pattern_recognition,1,1.0,2497,0,0,1.0,0,44,0
SUBJ_NER_142,48,routine_recall,1,0.0,2008,2,0,1.0,0,45,0
SUBJ_NER_142,49,object_memory,1,1.0,1171,0,0,1.0,0,46,0
SUBJ_NER_142,50,reminiscence,1,0.0,2564,1,1,1.0,0,47,0
SUBJ_NER_142,51,memory_match,1,0.0,2248,1,0,1.0,0,48,0
SUBJ_NER_142,52,pattern_recognition,1,1.0,1860,0,0,1.0,0,49,0
SUBJ_NER_142,53,routine_recall,1,0.0,2737,1,0,1.0,0,50,0
SUBJ_NER_142,54,object_memory,1,1.0,1499,0,0,1.0,0,51,0
SUBJ_NER_142,55,reminiscence,1,0.0,2062,1,0,0.8,0,52,0
SUBJ_NER_142,56,memory_match,1,0.0,2069,1,0,1.0,0,53,0
SUBJ_NER_142,57,pattern_recognition,1,0.0,2773,2,0,1.0,0,54,0
SUBJ_NER_142,58,routine_recall,1,1.0,1714,0,0,1.0,0,55,0
SUBJ_NER_142,59,object_memory,1,0.0,2571,1,0,1.0,0,56,0
SUBJ_NER_142,60,reminiscence,1,1.0,1619,0,0,1.0,0,57,0
SUBJ_NER_143,1,memory_match,1,0.0,1776,2,0,1.0,0,1,0
SUBJ_NER_143,2,pattern_recognition,1,1.0,1481,0,0,1.0,1,0,1
SUBJ_NER_143,3,routine_recall,1,0.0,1783,1,0,1.0,0,1,0
SUBJ_NER_143,4,object_memory,1,0.0,1834,1,0,1.0,0,2,0
SUBJ_NER_143,5,reminiscence,1,1.0,1589,0,0,1.0,0,3,0
SUBJ_NER_143,6,memory_match,1,0.0,2409,2,0,1.0,0,4,0
SUBJ_NER_143,7,pattern_recognition,1,0.0,2064,1,0,1.0,0,5,0
SUBJ_NER_143,8,routine_recall,1,1.0,1451,0,0,1.0,0,6,0
SUBJ_NER_143,9,object_memory,1,1.0,2620,0,0,1.0,0,7,0
SUBJ_NER_143,10,reminiscence,1,0.0,1599,1,0,1.0,0,8,0
SUBJ_NER_143,11,memory_match,1,1.0,2525,0,0,1.0,0,9,0
SUBJ_NER_143,12,pattern_recognition,1,1.0,1782,0,0,1.0,0,10,0
SUBJ_NER_143,13,routine_recall,1,1.0,1480,0,0,1.0,0,11,0
SUBJ_NER_143,14,object_memory,1,0.0,2499,1,0,1.0,0,12,0
SUBJ_NER_143,15,reminiscence,1,1.0,1442,0,0,1.0,0,13,0
SUBJ_NER_143,16,memory_match,1,1.0,2241,0,0,1.0,0,14,0
SUBJ_NER_143,17,pattern_recognition,1,1.0,1395,0,0,1.0,0,15,0
SUBJ_NER_143,18,routine_recall,1,1.0,2018,0,0,1.0,0,16,0
SUBJ_NER_143,19,object_memory,1,1.0,1567,0,0,1.0,0,17,0
SUBJ_NER_143,20,reminiscence,1,1.0,1311,0,0,1.0,0,18,0
SUBJ_NER_143,21,memory_match,1,1.0,1995,0,0,1.0,0,19,0
SUBJ_NER_143,22,pattern_recognition,1,1.0,2302,0,0,1.0,0,20,0
SUBJ_NER_143,23,routine_recall,1,1.0,1735,0,0,1.0,0,21,0
SUBJ_NER_143,24,object_memory,1,1.0,1912,0,0,1.0,0,22,0
SUBJ_NER_143,25,reminiscence,1,1.0,2000,0,0,1.0,0,23,0
SUBJ_NER_143,26,memory_match,1,0.0,2597,2,0,1.0,0,24,0
SUBJ_NER_143,27,pattern_recognition,1,1.0,2079,0,0,1.0,0,25,0
SUBJ_NER_143,28,routine_recall,1,0.0,2704,1,0,1.0,0,26,0
SUBJ_NER_143,29,object_memory,1,1.0,1767,0,0,1.0,0,27,0
SUBJ_NER_143,30,reminiscence,1,1.0,1741,0,0,1.0,0,28,0
SUBJ_NER_143,31,memory_match,1,0.0,2465,1,1,1.0,0,29,0
SUBJ_NER_143,32,pattern_recognition,1,1.0,2124,0,0,1.0,0,30,0
SUBJ_NER_143,33,routine_recall,1,1.0,2129,0,0,1.0,0,31,0
SUBJ_NER_143,34,object_memory,1,1.0,1534,0,0,1.0,0,32,0
SUBJ_NER_143,35,reminiscence,1,0.0,2240,2,0,1.0,0,33,0
SUBJ_NER_143,36,memory_match,1,0.0,2087,1,1,1.0,0,34,0
SUBJ_NER_143,37,pattern_recognition,1,1.0,1729,0,0,1.0,0,35,0
SUBJ_NER_143,38,routine_recall,1,1.0,2023,0,0,1.0,0,36,0
SUBJ_NER_143,39,object_memory,1,1.0,2665,0,0,1.0,0,37,0
SUBJ_NER_143,40,reminiscence,1,0.0,1867,1,0,1.0,0,38,0
SUBJ_NER_143,41,memory_match,1,1.0,1490,0,0,1.0,0,39,0
SUBJ_NER_143,42,pattern_recognition,1,0.0,2103,1,0,1.0,0,40,0
SUBJ_NER_143,43,routine_recall,1,1.0,2247,0,0,1.0,0,41,0
SUBJ_NER_143,44,object_memory,1,1.0,1499,0,0,1.0,0,42,0
SUBJ_NER_143,45,reminiscence,1,1.0,2290,0,0,1.0,0,43,0
SUBJ_NER_143,46,memory_match,1,0.0,2128,2,0,1.0,0,44,0
SUBJ_NER_143,47,pattern_recognition,1,1.0,1862,0,0,1.0,0,45,0
SUBJ_NER_143,48,routine_recall,1,0.0,2740,2,0,1.0,0,46,0
SUBJ_NER_143,49,object_memory,1,0.0,2552,1,0,1.0,0,47,0
SUBJ_NER_143,50,reminiscence,1,0.0,2416,1,0,1.0,0,48,0
SUBJ_NER_143,51,memory_match,1,1.0,1552,0,0,1.0,0,49,0
SUBJ_NER_143,52,pattern_recognition,1,1.0,1852,0,0,1.0,0,50,0
SUBJ_NER_143,53,routine_recall,1,1.0,1638,0,0,1.0,0,51,0
SUBJ_NER_143,54,object_memory,1,0.0,3582,2,1,1.0,0,52,0
SUBJ_NER_143,55,reminiscence,1,0.0,1972,1,0,1.0,0,53,0
SUBJ_NER_143,56,memory_match,1,1.0,1914,0,0,0.8,0,54,0
SUBJ_NER_143,57,pattern_recognition,1,1.0,1857,0,0,1.0,0,55,0
SUBJ_NER_143,58,routine_recall,1,0.0,1827,2,2,0.8,0,56,0
SUBJ_NER_143,59,object_memory,1,0.0,2112,1,2,0.8,0,57,0
SUBJ_NER_143,60,reminiscence,1,1.0,1353,0,0,1.0,0,58,0
SUBJ_NER_144,1,memory_match,1,1.0,1019,0,0,1.0,1,0,1
SUBJ_NER_144,2,pattern_recognition,1,0.0,1462,1,0,1.0,0,1,0
SUBJ_NER_144,3,routine_recall,1,0.0,1794,1,0,1.0,0,2,0
SUBJ_NER_144,4,object_memory,1,0.0,1793,2,0,1.0,0,3,0
SUBJ_NER_144,5,reminiscence,1,0.0,1711,1,0,1.0,0,4,0
SUBJ_NER_144,6,memory_match,1,0.0,2197,3,0,1.0,0,5,0
SUBJ_NER_144,7,pattern_recognition,1,1.0,1543,0,0,1.0,0,6,0
SUBJ_NER_144,8,routine_recall,1,1.0,1255,0,0,1.0,0,7,0
SUBJ_NER_144,9,object_memory,1,1.0,945,0,0,1.0,0,8,0
SUBJ_NER_144,10,reminiscence,1,0.0,1656,2,0,1.0,0,9,0
SUBJ_NER_144,11,memory_match,1,1.0,1358,0,0,1.0,0,10,0
SUBJ_NER_144,12,pattern_recognition,1,1.0,1559,0,0,1.0,0,11,0
SUBJ_NER_144,13,routine_recall,1,0.0,1441,1,0,1.0,0,12,0
SUBJ_NER_144,14,object_memory,1,0.0,1780,2,0,1.0,0,13,0
SUBJ_NER_144,15,reminiscence,1,1.0,1287,0,0,1.0,0,14,0
SUBJ_NER_144,16,memory_match,1,1.0,1359,0,0,1.0,0,15,0
SUBJ_NER_144,17,pattern_recognition,1,1.0,1277,0,0,1.0,0,16,0
SUBJ_NER_144,18,routine_recall,1,1.0,1256,0,0,1.0,0,17,0
SUBJ_NER_144,19,object_memory,1,1.0,1299,0,0,1.0,0,18,0
SUBJ_NER_144,20,reminiscence,1,0.0,1641,1,1,1.0,0,19,0
SUBJ_NER_144,21,memory_match,1,1.0,1440,0,0,1.0,0,20,0
SUBJ_NER_144,22,pattern_recognition,1,1.0,1740,0,0,1.0,0,21,0
SUBJ_NER_144,23,routine_recall,1,0.0,1810,2,1,1.0,0,22,0
SUBJ_NER_144,24,object_memory,1,0.0,1901,1,0,1.0,0,23,0
SUBJ_NER_144,25,reminiscence,1,0.0,1311,1,1,1.0,0,24,0
SUBJ_NER_144,26,memory_match,1,0.0,1888,2,0,1.0,0,25,0
SUBJ_NER_144,27,pattern_recognition,1,0.0,2089,2,0,1.0,0,26,0
SUBJ_NER_144,28,routine_recall,1,1.0,1389,0,0,1.0,0,27,0
SUBJ_NER_144,29,object_memory,1,1.0,1692,0,0,1.0,0,28,0
SUBJ_NER_144,30,reminiscence,1,0.0,1617,2,0,1.0,0,29,0
SUBJ_NER_144,31,memory_match,1,1.0,1160,0,0,1.0,0,30,0
SUBJ_NER_144,32,pattern_recognition,1,0.0,1172,1,0,1.0,0,31,0
SUBJ_NER_144,33,routine_recall,1,1.0,1139,0,0,1.0,0,32,0
SUBJ_NER_144,34,object_memory,1,1.0,1461,0,0,1.0,0,33,0
SUBJ_NER_144,35,reminiscence,1,0.0,1782,1,0,1.0,0,34,0
SUBJ_NER_144,36,memory_match,1,0.0,1624,3,0,1.0,0,35,0
SUBJ_NER_144,37,pattern_recognition,1,0.0,2123,1,0,1.0,0,36,0
SUBJ_NER_144,38,routine_recall,1,0.0,1432,3,0,1.0,0,37,0
SUBJ_NER_144,39,object_memory,1,1.0,1126,0,0,1.0,0,38,0
SUBJ_NER_144,40,reminiscence,1,0.0,1385,2,0,1.0,0,39,0
SUBJ_NER_144,41,memory_match,1,1.0,1737,0,0,1.0,0,40,0
SUBJ_NER_144,42,pattern_recognition,1,1.0,1119,0,0,1.0,0,41,0
SUBJ_NER_144,43,routine_recall,1,1.0,1776,0,0,1.0,0,42,0
SUBJ_NER_144,44,object_memory,1,0.0,2126,1,1,1.0,0,43,0
SUBJ_NER_144,45,reminiscence,1,0.0,1597,1,0,1.0,0,44,0
SUBJ_NER_144,46,memory_match,1,1.0,1393,0,0,1.0,0,45,0
SUBJ_NER_144,47,pattern_recognition,1,0.0,1564,2,0,1.0,0,46,0
SUBJ_NER_144,48,routine_recall,1,1.0,1553,0,0,1.0,0,47,0
SUBJ_NER_144,49,object_memory,1,0.0,1819,1,0,1.0,0,48,0
SUBJ_NER_144,50,reminiscence,1,1.0,1537,0,0,1.0,0,49,0
SUBJ_NER_144,51,memory_match,1,1.0,1081,0,0,1.0,0,50,0
SUBJ_NER_144,52,pattern_recognition,1,1.0,1254,0,0,1.0,0,51,0
SUBJ_NER_144,53,routine_recall,1,0.0,1732,1,0,1.0,0,52,0
SUBJ_NER_144,54,object_memory,1,0.0,2027,1,2,1.0,0,53,0
SUBJ_NER_144,55,reminiscence,1,0.0,1475,3,2,1.0,0,54,0
SUBJ_NER_144,56,memory_match,1,1.0,1660,0,0,1.0,0,55,0
SUBJ_NER_144,57,pattern_recognition,1,0.0,1713,1,0,1.0,0,56,0
SUBJ_NER_144,58,routine_recall,1,1.0,1183,0,0,1.0,0,57,0
SUBJ_NER_144,59,object_memory,1,0.0,1412,1,0,1.0,0,58,0
SUBJ_NER_144,60,reminiscence,1,1.0,2211,0,0,1.0,0,59,0
SUBJ_NER_145,1,memory_match,1,0.0,1779,1,0,1.0,0,1,0
SUBJ_NER_145,2,pattern_recognition,1,1.0,1210,0,0,1.0,1,0,1
SUBJ_NER_145,3,routine_recall,1,1.0,1295,0,0,1.0,2,0,2
SUBJ_NER_145,4,object_memory,2,1.0,1124,0,0,1.0,3,0,2
SUBJ_NER_145,5,reminiscence,3,1.0,1700,0,0,1.0,4,0,2
SUBJ_NER_145,6,memory_match,4,1.0,1590,0,0,1.0,5,0,2
SUBJ_NER_145,7,pattern_recognition,5,1.0,1746,0,0,1.0,6,0,2
SUBJ_NER_145,8,routine_recall,6,1.0,2413,0,0,1.0,7,0,2
SUBJ_NER_145,9,object_memory,7,0.0,3134,1,0,1.0,0,1,0
SUBJ_NER_145,10,reminiscence,6,1.0,1564,0,0,1.0,1,0,1
SUBJ_NER_145,11,memory_match,6,0.0,2504,2,0,1.0,0,1,0
SUBJ_NER_145,12,pattern_recognition,5,0.0,2172,1,0,1.0,0,2,0
SUBJ_NER_145,13,routine_recall,4,1.0,1440,0,0,1.0,0,3,0
SUBJ_NER_145,14,object_memory,3,0.0,1511,2,0,1.0,0,4,0
SUBJ_NER_145,15,reminiscence,2,0.0,1988,1,0,1.0,0,5,0
SUBJ_NER_145,16,memory_match,1,1.0,1294,0,0,1.0,0,6,0
SUBJ_NER_145,17,pattern_recognition,1,1.0,1687,0,0,1.0,0,7,0
SUBJ_NER_145,18,routine_recall,1,0.0,1259,1,0,1.0,0,8,0
SUBJ_NER_145,19,object_memory,1,0.0,2159,1,1,1.0,0,9,0
SUBJ_NER_145,20,reminiscence,1,1.0,1538,0,0,1.0,0,10,0
SUBJ_NER_145,21,memory_match,1,1.0,1072,0,0,1.0,0,11,0
SUBJ_NER_145,22,pattern_recognition,1,1.0,1454,0,0,1.0,0,12,0
SUBJ_NER_145,23,routine_recall,1,0.0,1572,1,0,1.0,0,13,0
SUBJ_NER_145,24,object_memory,1,1.0,1682,0,0,1.0,0,14,0
SUBJ_NER_145,25,reminiscence,1,1.0,1523,0,0,1.0,0,15,0
SUBJ_NER_145,26,memory_match,1,1.0,1312,0,0,1.0,0,16,0
SUBJ_NER_145,27,pattern_recognition,1,0.0,1447,1,0,1.0,0,17,0
SUBJ_NER_145,28,routine_recall,1,1.0,939,0,0,1.0,0,18,0
SUBJ_NER_145,29,object_memory,1,1.0,1208,0,0,1.0,0,19,0
SUBJ_NER_145,30,reminiscence,1,0.0,1493,2,1,1.0,0,20,0
SUBJ_NER_145,31,memory_match,1,0.0,1912,3,0,1.0,0,21,0
SUBJ_NER_145,32,pattern_recognition,1,0.0,1529,1,0,1.0,0,22,0
SUBJ_NER_145,33,routine_recall,1,1.0,1221,0,0,1.0,0,23,0
SUBJ_NER_145,34,object_memory,1,1.0,1024,0,0,1.0,0,24,0
SUBJ_NER_145,35,reminiscence,1,1.0,2030,0,0,1.0,0,25,0
SUBJ_NER_145,36,memory_match,1,1.0,1356,0,0,1.0,0,26,0
SUBJ_NER_145,37,pattern_recognition,1,1.0,1272,0,0,1.0,0,27,0
SUBJ_NER_145,38,routine_recall,1,1.0,1545,0,0,1.0,0,28,0
SUBJ_NER_145,39,object_memory,1,1.0,1314,0,0,1.0,0,29,0
SUBJ_NER_145,40,reminiscence,1,1.0,1051,0,0,1.0,0,30,0
SUBJ_NER_145,41,memory_match,1,1.0,1021,0,0,1.0,0,31,0
SUBJ_NER_145,42,pattern_recognition,1,1.0,1720,0,0,1.0,0,32,0
SUBJ_NER_145,43,routine_recall,1,1.0,1380,0,0,1.0,0,33,0
SUBJ_NER_145,44,object_memory,1,1.0,1123,0,0,1.0,0,34,0
SUBJ_NER_145,45,reminiscence,1,1.0,1826,0,0,1.0,0,35,0
SUBJ_NER_145,46,memory_match,1,1.0,1901,0,0,1.0,0,36,0
SUBJ_NER_145,47,pattern_recognition,1,1.0,979,0,0,1.0,0,37,0
SUBJ_NER_145,48,routine_recall,1,1.0,1185,0,0,1.0,0,38,0
SUBJ_NER_145,49,object_memory,1,0.0,1303,2,0,1.0,0,39,0
SUBJ_NER_145,50,reminiscence,1,1.0,1233,0,0,1.0,0,40,0
SUBJ_NER_145,51,memory_match,1,0.0,2086,1,0,1.0,0,41,0
SUBJ_NER_145,52,pattern_recognition,1,1.0,1575,0,0,1.0,0,42,0
SUBJ_NER_145,53,routine_recall,1,1.0,1271,0,0,1.0,0,43,0
SUBJ_NER_145,54,object_memory,1,1.0,1517,0,0,1.0,0,44,0
SUBJ_NER_145,55,reminiscence,1,1.0,1262,0,0,1.0,0,45,0
SUBJ_NER_145,56,memory_match,1,1.0,1661,0,0,1.0,0,46,0
SUBJ_NER_145,57,pattern_recognition,1,1.0,1878,0,0,1.0,0,47,0
SUBJ_NER_145,58,routine_recall,1,0.0,1227,1,0,1.0,0,48,0
SUBJ_NER_145,59,object_memory,1,1.0,1213,0,0,0.5,0,49,0
SUBJ_NER_145,60,reminiscence,1,1.0,1481,0,0,1.0,0,50,0
SUBJ_NER_146,1,memory_match,1,1.0,2654,0,0,1.0,1,0,1
SUBJ_NER_146,2,pattern_recognition,1,0.0,2832,1,0,1.0,0,1,0
SUBJ_NER_146,3,routine_recall,1,1.0,2350,0,0,1.0,1,0,1
SUBJ_NER_146,4,object_memory,1,1.0,1933,0,0,1.0,2,0,2
SUBJ_NER_146,5,reminiscence,2,0.0,2439,1,0,1.0,0,1,0
SUBJ_NER_146,6,memory_match,1,1.0,2110,0,0,1.0,1,0,1
SUBJ_NER_146,7,pattern_recognition,1,0.0,3234,1,0,1.0,0,1,0
SUBJ_NER_146,8,routine_recall,1,1.0,1952,0,0,1.0,1,0,1
SUBJ_NER_146,9,object_memory,1,1.0,2029,0,0,1.0,2,0,2
SUBJ_NER_146,10,reminiscence,2,0.0,4383,2,0,1.0,0,1,0
SUBJ_NER_146,11,memory_match,1,1.0,2034,0,0,1.0,1,0,1
SUBJ_NER_146,12,pattern_recognition,1,0.0,2194,2,1,1.0,0,1,0
SUBJ_NER_146,13,routine_recall,1,1.0,2140,0,0,1.0,1,0,1
SUBJ_NER_146,14,object_memory,1,1.0,2558,0,0,1.0,2,0,2
SUBJ_NER_146,15,reminiscence,2,0.0,3218,1,0,1.0,0,1,0
SUBJ_NER_146,16,memory_match,1,0.0,2348,1,0,1.0,0,2,0
SUBJ_NER_146,17,pattern_recognition,1,1.0,2392,0,0,1.0,0,3,0
SUBJ_NER_146,18,routine_recall,1,0.0,3705,2,1,1.0,0,4,0
SUBJ_NER_146,19,object_memory,1,0.0,2192,1,0,1.0,0,5,0
SUBJ_NER_146,20,reminiscence,1,1.0,2576,0,0,1.0,0,6,0
SUBJ_NER_146,21,memory_match,1,1.0,2785,0,0,1.0,0,7,0
SUBJ_NER_146,22,pattern_recognition,1,0.0,3081,2,0,1.0,0,8,0
SUBJ_NER_146,23,routine_recall,1,0.0,2635,2,0,1.0,0,9,0
SUBJ_NER_146,24,object_memory,1,1.0,1677,0,0,1.0,0,10,0
SUBJ_NER_146,25,reminiscence,1,1.0,2669,0,0,1.0,0,11,0
SUBJ_NER_146,26,memory_match,1,1.0,2151,0,0,1.0,0,12,0
SUBJ_NER_146,27,pattern_recognition,1,0.0,3823,1,0,1.0,0,13,0
SUBJ_NER_146,28,routine_recall,1,1.0,1472,0,0,1.0,0,14,0
SUBJ_NER_146,29,object_memory,1,0.0,1485,1,0,1.0,0,15,0
SUBJ_NER_146,30,reminiscence,1,1.0,2692,0,0,1.0,0,16,0
SUBJ_NER_146,31,memory_match,1,1.0,1645,0,0,1.0,0,17,0
SUBJ_NER_146,32,pattern_recognition,1,1.0,1772,0,0,1.0,0,18,0
SUBJ_NER_146,33,routine_recall,1,1.0,1736,0,0,1.0,0,19,0
SUBJ_NER_146,34,object_memory,1,1.0,1836,0,0,1.0,0,20,0
SUBJ_NER_146,35,reminiscence,1,1.0,3276,0,0,1.0,0,21,0
SUBJ_NER_146,36,memory_match,1,1.0,2750,0,0,1.0,0,22,0
SUBJ_NER_146,37,pattern_recognition,1,1.0,2240,0,0,1.0,0,23,0
SUBJ_NER_146,38,routine_recall,1,1.0,2375,0,0,1.0,0,24,0
SUBJ_NER_146,39,object_memory,1,1.0,1672,0,0,1.0,0,25,0
SUBJ_NER_146,40,reminiscence,1,0.0,2562,1,1,1.0,0,26,0
SUBJ_NER_146,41,memory_match,1,0.0,3887,2,1,1.0,0,27,0
SUBJ_NER_146,42,pattern_recognition,1,0.0,3039,1,0,1.0,0,28,0
SUBJ_NER_146,43,routine_recall,1,1.0,2430,0,0,1.0,0,29,0
SUBJ_NER_146,44,object_memory,1,1.0,2395,0,0,1.0,0,30,0
SUBJ_NER_146,45,reminiscence,1,0.0,3755,2,1,1.0,0,31,0
SUBJ_NER_146,46,memory_match,1,1.0,2537,0,0,1.0,0,32,0
SUBJ_NER_146,47,pattern_recognition,1,1.0,2671,0,0,1.0,0,33,0
SUBJ_NER_146,48,routine_recall,1,1.0,2374,0,0,1.0,0,34,0
SUBJ_NER_146,49,object_memory,1,1.0,3328,0,0,1.0,0,35,0
SUBJ_NER_146,50,reminiscence,1,1.0,2092,0,0,1.0,0,36,0
SUBJ_NER_146,51,memory_match,1,1.0,2030,0,0,1.0,0,37,0
SUBJ_NER_146,52,pattern_recognition,1,1.0,2011,0,0,1.0,0,38,0
SUBJ_NER_146,53,routine_recall,1,1.0,2012,0,0,1.0,0,39,0
SUBJ_NER_146,54,object_memory,1,1.0,2680,0,0,1.0,0,40,0
SUBJ_NER_146,55,reminiscence,1,1.0,3176,0,0,1.0,0,41,0
SUBJ_NER_146,56,memory_match,1,1.0,2702,0,0,1.0,0,42,0
SUBJ_NER_146,57,pattern_recognition,1,1.0,3381,0,0,0.5,0,43,0
SUBJ_NER_146,58,routine_recall,1,1.0,1917,0,0,1.0,0,44,0
SUBJ_NER_146,59,object_memory,1,0.0,2931,1,0,1.0,0,45,0
SUBJ_NER_146,60,reminiscence,1,1.0,1313,0,0,1.0,0,46,0
SUBJ_NER_147,1,memory_match,1,1.0,1804,0,0,1.0,1,0,1
SUBJ_NER_147,2,pattern_recognition,1,1.0,2324,0,0,1.0,2,0,2
SUBJ_NER_147,3,routine_recall,2,0.0,3277,1,0,1.0,0,1,0
SUBJ_NER_147,4,object_memory,1,1.0,1710,0,0,1.0,1,0,1
SUBJ_NER_147,5,reminiscence,1,0.0,2712,2,0,1.0,0,1,0
SUBJ_NER_147,6,memory_match,1,1.0,3148,0,0,1.0,1,0,1
SUBJ_NER_147,7,pattern_recognition,1,0.0,2035,1,1,1.0,0,1,0
SUBJ_NER_147,8,routine_recall,1,1.0,2503,0,0,1.0,1,0,1
SUBJ_NER_147,9,object_memory,1,1.0,1934,0,0,1.0,2,0,2
SUBJ_NER_147,10,reminiscence,2,0.0,3170,1,1,1.0,0,1,0
SUBJ_NER_147,11,memory_match,1,0.0,2657,1,2,1.0,0,2,0
SUBJ_NER_147,12,pattern_recognition,1,0.0,2926,1,0,1.0,0,3,0
SUBJ_NER_147,13,routine_recall,1,1.0,4706,0,0,1.0,0,4,0
SUBJ_NER_147,14,object_memory,1,1.0,2536,0,0,1.0,0,5,0
SUBJ_NER_147,15,reminiscence,1,0.0,2560,2,0,1.0,0,6,0
SUBJ_NER_147,16,memory_match,1,1.0,2160,0,0,1.0,0,7,0
SUBJ_NER_147,17,pattern_recognition,1,0.0,3672,2,0,1.0,0,8,0
SUBJ_NER_147,18,routine_recall,1,1.0,2494,0,0,1.0,0,9,0
SUBJ_NER_147,19,object_memory,1,1.0,2044,0,0,1.0,0,10,0
SUBJ_NER_147,20,reminiscence,1,1.0,3139,0,0,1.0,0,11,0
SUBJ_NER_147,21,memory_match,1,0.0,2178,1,0,1.0,0,12,0
SUBJ_NER_147,22,pattern_recognition,1,1.0,1985,0,0,1.0,0,13,0
SUBJ_NER_147,23,routine_recall,1,1.0,2246,0,0,1.0,0,14,0
SUBJ_NER_147,24,object_memory,1,0.0,1656,1,0,1.0,0,15,0
SUBJ_NER_147,25,reminiscence,1,0.0,3172,2,0,1.0,0,16,0
SUBJ_NER_147,26,memory_match,1,1.0,1741,0,0,1.0,0,17,0
SUBJ_NER_147,27,pattern_recognition,1,1.0,2741,0,0,1.0,0,18,0
SUBJ_NER_147,28,routine_recall,1,1.0,3350,0,0,1.0,0,19,0
SUBJ_NER_147,29,object_memory,1,0.0,2547,1,0,1.0,0,20,0
SUBJ_NER_147,30,reminiscence,1,1.0,2243,0,0,1.0,0,21,0
SUBJ_NER_147,31,memory_match,1,1.0,2799,0,0,1.0,0,22,0
SUBJ_NER_147,32,pattern_recognition,1,0.0,2870,1,0,1.0,0,23,0
SUBJ_NER_147,33,routine_recall,1,1.0,1813,0,0,1.0,0,24,0
SUBJ_NER_147,34,object_memory,1,0.0,2500,2,0,1.0,0,25,0
SUBJ_NER_147,35,reminiscence,1,1.0,2708,0,0,1.0,0,26,0
SUBJ_NER_147,36,memory_match,1,1.0,1749,0,0,1.0,0,27,0
SUBJ_NER_147,37,pattern_recognition,1,0.0,2487,2,0,1.0,0,28,0
SUBJ_NER_147,38,routine_recall,1,0.0,2573,1,0,1.0,0,29,0
SUBJ_NER_147,39,object_memory,1,0.0,4325,1,0,1.0,0,30,0
SUBJ_NER_147,40,reminiscence,1,1.0,1956,0,0,1.0,0,31,0
SUBJ_NER_147,41,memory_match,1,0.0,2984,1,0,1.0,0,32,0
SUBJ_NER_147,42,pattern_recognition,1,0.0,2215,1,1,1.0,0,33,0
SUBJ_NER_147,43,routine_recall,1,1.0,2516,0,0,1.0,0,34,0
SUBJ_NER_147,44,object_memory,1,0.0,3026,1,1,1.0,0,35,0
SUBJ_NER_147,45,reminiscence,1,0.0,2795,2,0,1.0,0,36,0
SUBJ_NER_147,46,memory_match,1,1.0,1802,0,0,1.0,0,37,0
SUBJ_NER_147,47,pattern_recognition,1,0.0,3768,3,0,1.0,0,38,0
SUBJ_NER_147,48,routine_recall,1,0.0,3835,2,2,1.0,0,39,0
SUBJ_NER_147,49,object_memory,1,1.0,2282,0,0,1.0,0,40,0
SUBJ_NER_147,50,reminiscence,1,1.0,3114,0,0,1.0,0,41,0
SUBJ_NER_147,51,memory_match,1,0.0,1855,1,1,1.0,0,42,0
SUBJ_NER_147,52,pattern_recognition,1,0.0,1973,2,0,1.0,0,43,0
SUBJ_NER_147,53,routine_recall,1,0.0,2814,2,0,1.0,0,44,0
SUBJ_NER_147,54,object_memory,1,0.0,3121,2,0,1.0,0,45,0
SUBJ_NER_147,55,reminiscence,1,0.0,3175,3,0,1.0,0,46,0
SUBJ_NER_147,56,memory_match,1,1.0,2547,0,0,1.0,0,47,0
SUBJ_NER_147,57,pattern_recognition,1,1.0,1897,0,0,1.0,0,48,0
SUBJ_NER_147,58,routine_recall,1,1.0,2465,0,0,1.0,0,49,0
SUBJ_NER_147,59,object_memory,1,0.0,3114,1,0,1.0,0,50,0
SUBJ_NER_147,60,reminiscence,1,1.0,2249,0,0,0.8,0,51,0
SUBJ_NER_148,1,memory_match,1,0.0,2376,1,1,1.0,0,1,0
SUBJ_NER_148,2,pattern_recognition,1,1.0,2149,0,0,1.0,1,0,1
SUBJ_NER_148,3,routine_recall,1,1.0,1952,0,0,1.0,2,0,2
SUBJ_NER_148,4,object_memory,2,1.0,2020,0,0,1.0,3,0,2
SUBJ_NER_148,5,reminiscence,3,1.0,2003,0,0,1.0,4,0,2
SUBJ_NER_148,6,memory_match,4,0.0,2017,1,0,1.0,0,1,0
SUBJ_NER_148,7,pattern_recognition,3,0.0,1878,2,0,1.0,0,2,0
SUBJ_NER_148,8,routine_recall,2,0.0,2460,1,0,1.0,0,3,0
SUBJ_NER_148,9,object_memory,1,1.0,1745,0,0,1.0,0,4,0
SUBJ_NER_148,10,reminiscence,1,1.0,1210,0,0,1.0,0,5,0
SUBJ_NER_148,11,memory_match,1,1.0,1533,0,0,1.0,0,6,0
SUBJ_NER_148,12,pattern_recognition,1,1.0,1782,0,0,1.0,0,7,0
SUBJ_NER_148,13,routine_recall,1,1.0,1388,0,0,1.0,0,8,0
SUBJ_NER_148,14,object_memory,1,1.0,2164,0,0,1.0,0,9,0
SUBJ_NER_148,15,reminiscence,1,0.0,2440,2,0,1.0,0,10,0
SUBJ_NER_148,16,memory_match,1,1.0,1676,0,0,1.0,0,11,0
SUBJ_NER_148,17,pattern_recognition,1,0.0,1385,1,1,1.0,0,12,0
SUBJ_NER_148,18,routine_recall,1,1.0,1615,0,0,1.0,0,13,0
SUBJ_NER_148,19,object_memory,1,1.0,1819,0,0,1.0,0,14,0
SUBJ_NER_148,20,reminiscence,1,1.0,2322,0,0,1.0,0,15,0
SUBJ_NER_148,21,memory_match,1,1.0,2067,0,0,1.0,0,16,0
SUBJ_NER_148,22,pattern_recognition,1,1.0,1424,0,0,1.0,0,17,0
SUBJ_NER_148,23,routine_recall,1,0.0,2297,2,0,1.0,0,18,0
SUBJ_NER_148,24,object_memory,1,1.0,1769,0,0,1.0,0,19,0
SUBJ_NER_148,25,reminiscence,1,1.0,1804,0,0,1.0,0,20,0
SUBJ_NER_148,26,memory_match,1,0.0,2620,2,0,1.0,0,21,0
SUBJ_NER_148,27,pattern_recognition,1,1.0,1726,0,0,1.0,0,22,0
SUBJ_NER_148,28,routine_recall,1,1.0,1613,0,0,1.0,0,23,0
SUBJ_NER_148,29,object_memory,1,1.0,1385,0,0,1.0,0,24,0
SUBJ_NER_148,30,reminiscence,1,0.0,2561,2,1,1.0,0,25,0
SUBJ_NER_148,31,memory_match,1,1.0,2155,0,0,1.0,0,26,0
SUBJ_NER_148,32,pattern_recognition,1,1.0,1773,0,0,1.0,0,27,0
SUBJ_NER_148,33,routine_recall,1,0.0,1917,2,0,1.0,0,28,0
SUBJ_NER_148,34,object_memory,1,0.0,2096,1,0,1.0,0,29,0
SUBJ_NER_148,35,reminiscence,1,0.0,2972,1,1,1.0,0,30,0
SUBJ_NER_148,36,memory_match,1,0.0,2039,1,0,1.0,0,31,0
SUBJ_NER_148,37,pattern_recognition,1,0.0,2277,2,0,1.0,0,32,0
SUBJ_NER_148,38,routine_recall,1,1.0,1832,0,0,1.0,0,33,0
SUBJ_NER_148,39,object_memory,1,1.0,1745,0,0,1.0,0,34,0
SUBJ_NER_148,40,reminiscence,1,0.0,1580,1,0,1.0,0,35,0
SUBJ_NER_148,41,memory_match,1,0.0,2127,2,0,1.0,0,36,0
SUBJ_NER_148,42,pattern_recognition,1,1.0,1755,0,0,1.0,0,37,0
SUBJ_NER_148,43,routine_recall,1,1.0,2021,0,0,1.0,0,38,0
SUBJ_NER_148,44,object_memory,1,0.0,1924,1,0,1.0,0,39,0
SUBJ_NER_148,45,reminiscence,1,1.0,1199,0,0,1.0,0,40,0
SUBJ_NER_148,46,memory_match,1,1.0,1031,0,0,1.0,0,41,0
SUBJ_NER_148,47,pattern_recognition,1,0.0,1785,1,1,1.0,0,42,0
SUBJ_NER_148,48,routine_recall,1,1.0,2016,0,0,1.0,0,43,0
SUBJ_NER_148,49,object_memory,1,0.0,3206,1,0,1.0,0,44,0
SUBJ_NER_148,50,reminiscence,1,0.0,2042,2,1,1.0,0,45,0
SUBJ_NER_148,51,memory_match,1,0.0,1422,3,0,1.0,0,46,0
SUBJ_NER_148,52,pattern_recognition,1,1.0,1071,0,0,1.0,0,47,0
SUBJ_NER_148,53,routine_recall,1,0.0,1761,1,0,1.0,0,48,0
SUBJ_NER_148,54,object_memory,1,1.0,1809,0,0,1.0,0,49,0
SUBJ_NER_148,55,reminiscence,1,0.0,1903,2,0,1.0,0,50,0
SUBJ_NER_148,56,memory_match,1,1.0,1390,0,0,1.0,0,51,0
SUBJ_NER_148,57,pattern_recognition,1,1.0,1888,0,0,1.0,0,52,0
SUBJ_NER_148,58,routine_recall,1,0.0,2460,1,0,1.0,0,53,0
SUBJ_NER_148,59,object_memory,1,1.0,1729,0,0,1.0,0,54,0
SUBJ_NER_148,60,reminiscence,1,1.0,1610,0,0,1.0,0,55,0
SUBJ_NER_149,1,memory_match,1,0.0,1531,1,0,1.0,0,1,0
SUBJ_NER_149,2,pattern_recognition,1,0.0,1545,1,0,1.0,0,2,0
SUBJ_NER_149,3,routine_recall,1,0.0,1984,1,1,1.0,0,3,0
SUBJ_NER_149,4,object_memory,1,0.0,965,2,0,1.0,0,4,0
SUBJ_NER_149,5,reminiscence,1,1.0,1242,0,0,1.0,0,5,0
SUBJ_NER_149,6,memory_match,1,0.0,1111,2,0,1.0,0,6,0
SUBJ_NER_149,7,pattern_recognition,1,1.0,1059,0,0,1.0,0,7,0
SUBJ_NER_149,8,routine_recall,1,1.0,594,0,0,1.0,0,8,0
SUBJ_NER_149,9,object_memory,1,0.0,1481,1,0,1.0,0,9,0
SUBJ_NER_149,10,reminiscence,1,0.0,1900,1,0,1.0,0,10,0
SUBJ_NER_149,11,memory_match,1,1.0,897,0,0,1.0,0,11,0
SUBJ_NER_149,12,pattern_recognition,1,0.0,1463,1,2,1.0,0,12,0
SUBJ_NER_149,13,routine_recall,1,0.0,1738,2,2,1.0,0,13,0
SUBJ_NER_149,14,object_memory,1,0.0,1897,3,1,1.0,0,14,0
SUBJ_NER_149,15,reminiscence,1,0.0,1677,1,0,1.0,0,15,0
SUBJ_NER_149,16,memory_match,1,0.0,1238,1,1,1.0,0,16,0
SUBJ_NER_149,17,pattern_recognition,1,1.0,1207,0,0,1.0,0,17,0
SUBJ_NER_149,18,routine_recall,1,0.0,1350,1,0,1.0,0,18,0
SUBJ_NER_149,19,object_memory,1,0.0,1635,2,0,1.0,0,19,0
SUBJ_NER_149,20,reminiscence,1,0.0,1658,1,0,1.0,0,20,0
SUBJ_NER_149,21,memory_match,1,0.0,1467,1,0,1.0,0,21,0
SUBJ_NER_149,22,pattern_recognition,1,0.0,1345,1,0,1.0,0,22,0
SUBJ_NER_149,23,routine_recall,1,0.0,1547,2,0,1.0,0,23,0
SUBJ_NER_149,24,object_memory,1,1.0,1517,0,0,1.0,0,24,0
SUBJ_NER_149,25,reminiscence,1,0.0,1326,2,0,1.0,0,25,0
SUBJ_NER_149,26,memory_match,1,0.0,1506,2,0,1.0,0,26,0
SUBJ_NER_149,27,pattern_recognition,1,0.0,1454,1,0,1.0,0,27,0
SUBJ_NER_149,28,routine_recall,1,0.0,1425,1,0,1.0,0,28,0
SUBJ_NER_149,29,object_memory,1,0.0,1172,1,2,1.0,0,29,0
SUBJ_NER_149,30,reminiscence,1,1.0,1609,0,0,1.0,0,30,0
SUBJ_NER_149,31,memory_match,1,0.0,1869,1,0,1.0,0,31,0
SUBJ_NER_149,32,pattern_recognition,1,1.0,1409,0,0,1.0,0,32,0
SUBJ_NER_149,33,routine_recall,1,0.0,1397,2,0,1.0,0,33,0
SUBJ_NER_149,34,object_memory,1,0.0,1433,1,0,1.0,0,34,0
SUBJ_NER_149,35,reminiscence,1,0.0,1154,1,1,1.0,0,35,0
SUBJ_NER_149,36,memory_match,1,0.0,1543,1,0,1.0,0,36,0
SUBJ_NER_149,37,pattern_recognition,1,0.0,1039,1,0,1.0,0,37,0
SUBJ_NER_149,38,routine_recall,1,0.0,1058,1,0,1.0,0,38,0
SUBJ_NER_149,39,object_memory,1,0.0,1932,3,1,1.0,0,39,0
SUBJ_NER_149,40,reminiscence,1,0.0,1154,3,0,1.0,0,40,0
SUBJ_NER_149,41,memory_match,1,1.0,1145,0,0,1.0,0,41,0
SUBJ_NER_149,42,pattern_recognition,1,0.0,1204,2,0,1.0,0,42,0
SUBJ_NER_149,43,routine_recall,1,0.0,1229,1,0,1.0,0,43,0
SUBJ_NER_149,44,object_memory,1,0.0,1020,1,0,1.0,0,44,0
SUBJ_NER_149,45,reminiscence,1,0.0,1093,2,0,1.0,0,45,0
SUBJ_NER_149,46,memory_match,1,0.0,1436,1,0,1.0,0,46,0
SUBJ_NER_149,47,pattern_recognition,1,0.0,1343,2,2,1.0,0,47,0
SUBJ_NER_149,48,routine_recall,1,0.0,1573,1,0,1.0,0,48,0
SUBJ_NER_149,49,object_memory,1,0.0,1393,1,0,1.0,0,49,0
SUBJ_NER_149,50,reminiscence,1,0.0,1456,1,1,1.0,0,50,0
SUBJ_NER_149,51,memory_match,1,0.0,942,1,1,1.0,0,51,0
SUBJ_NER_149,52,pattern_recognition,1,1.0,735,0,0,1.0,0,52,0
SUBJ_NER_149,53,routine_recall,1,0.0,2102,1,1,1.0,0,53,0
SUBJ_NER_149,54,object_memory,1,0.0,1226,1,1,1.0,0,54,0
SUBJ_NER_149,55,reminiscence,1,0.0,1425,2,1,1.0,0,55,0
SUBJ_NER_149,56,memory_match,1,0.0,1021,1,0,1.0,0,56,0
SUBJ_NER_149,57,pattern_recognition,1,1.0,1262,0,0,1.0,0,57,0
SUBJ_NER_149,58,routine_recall,1,0.0,1284,1,1,0.8,0,58,0
SUBJ_NER_149,59,object_memory,1,0.0,1548,2,0,0.8,0,59,0
SUBJ_NER_149,60,reminiscence,1,0.0,1070,2,2,1.0,0,60,0
SUBJ_NER_150,1,memory_match,1,1.0,1804,0,0,1.0,1,0,1
SUBJ_NER_150,2,pattern_recognition,1,0.0,2070,1,0,1.0,0,1,0
SUBJ_NER_150,3,routine_recall,1,0.0,1804,1,1,1.0,0,2,0
SUBJ_NER_150,4,object_memory,1,0.0,1869,2,0,1.0,0,3,0
SUBJ_NER_150,5,reminiscence,1,1.0,1757,0,0,1.0,0,4,0
SUBJ_NER_150,6,memory_match,1,1.0,1638,0,0,1.0,0,5,0
SUBJ_NER_150,7,pattern_recognition,1,1.0,1630,0,0,1.0,0,6,0
SUBJ_NER_150,8,routine_recall,1,1.0,1751,0,0,1.0,0,7,0
SUBJ_NER_150,9,object_memory,1,1.0,1729,0,0,1.0,0,8,0
SUBJ_NER_150,10,reminiscence,1,0.0,2147,2,1,1.0,0,9,0
SUBJ_NER_150,11,memory_match,1,0.0,2500,2,0,1.0,0,10,0
SUBJ_NER_150,12,pattern_recognition,1,1.0,1445,0,0,1.0,0,11,0
SUBJ_NER_150,13,routine_recall,1,1.0,1611,0,0,1.0,0,12,0
SUBJ_NER_150,14,object_memory,1,0.0,2911,3,0,1.0,0,13,0
SUBJ_NER_150,15,reminiscence,1,1.0,2142,0,0,1.0,0,14,0
SUBJ_NER_150,16,memory_match,1,0.0,3137,1,2,1.0,0,15,0
SUBJ_NER_150,17,pattern_recognition,1,1.0,2130,0,0,1.0,0,16,0
SUBJ_NER_150,18,routine_recall,1,0.0,2601,2,0,1.0,0,17,0
SUBJ_NER_150,19,object_memory,1,0.0,1975,1,0,1.0,0,18,0
SUBJ_NER_150,20,reminiscence,1,0.0,1864,1,0,1.0,0,19,0
SUBJ_NER_150,21,memory_match,1,0.0,1894,1,0,1.0,0,20,0
SUBJ_NER_150,22,pattern_recognition,1,0.0,2226,1,0,1.0,0,21,0
SUBJ_NER_150,23,routine_recall,1,0.0,2455,2,2,1.0,0,22,0
SUBJ_NER_150,24,object_memory,1,0.0,2102,1,1,1.0,0,23,0
SUBJ_NER_150,25,reminiscence,1,1.0,1971,0,0,1.0,0,24,0
SUBJ_NER_150,26,memory_match,1,0.0,2046,2,1,1.0,0,25,0
SUBJ_NER_150,27,pattern_recognition,1,0.0,1879,1,0,1.0,0,26,0
SUBJ_NER_150,28,routine_recall,1,1.0,1933,0,0,1.0,0,27,0
SUBJ_NER_150,29,object_memory,1,0.0,2576,1,0,1.0,0,28,0
SUBJ_NER_150,30,reminiscence,1,1.0,1460,0,0,1.0,0,29,0
SUBJ_NER_150,31,memory_match,1,0.0,2019,1,0,1.0,0,30,0
SUBJ_NER_150,32,pattern_recognition,1,1.0,1663,0,0,1.0,0,31,0
SUBJ_NER_150,33,routine_recall,1,0.0,2606,1,0,1.0,0,32,0
SUBJ_NER_150,34,object_memory,1,0.0,2366,1,0,1.0,0,33,0
SUBJ_NER_150,35,reminiscence,1,0.0,1706,1,0,1.0,0,34,0
SUBJ_NER_150,36,memory_match,1,1.0,2175,0,0,1.0,0,35,0
SUBJ_NER_150,37,pattern_recognition,1,0.0,2290,1,1,1.0,0,36,0
SUBJ_NER_150,38,routine_recall,1,1.0,1785,0,0,1.0,0,37,0
SUBJ_NER_150,39,object_memory,1,1.0,1993,0,0,1.0,0,38,0
SUBJ_NER_150,40,reminiscence,1,1.0,1981,0,0,1.0,0,39,0
SUBJ_NER_150,41,memory_match,1,0.0,2422,2,0,1.0,0,40,0
SUBJ_NER_150,42,pattern_recognition,1,0.0,1956,1,0,1.0,0,41,0
SUBJ_NER_150,43,routine_recall,1,0.0,2420,1,0,1.0,0,42,0
SUBJ_NER_150,44,object_memory,1,0.0,2644,2,1,1.0,0,43,0
SUBJ_NER_150,45,reminiscence,1,1.0,1435,0,0,1.0,0,44,0
SUBJ_NER_150,46,memory_match,1,1.0,2415,0,0,1.0,0,45,0
SUBJ_NER_150,47,pattern_recognition,1,1.0,2016,0,0,1.0,0,46,0
SUBJ_NER_150,48,routine_recall,1,1.0,1998,0,0,1.0,0,47,0
SUBJ_NER_150,49,object_memory,1,0.0,1462,1,0,1.0,0,48,0
SUBJ_NER_150,50,reminiscence,1,1.0,1926,0,0,1.0,0,49,0
SUBJ_NER_150,51,memory_match,1,1.0,1918,0,0,1.0,0,50,0
SUBJ_NER_150,52,pattern_recognition,1,0.0,2054,1,0,1.0,0,51,0
SUBJ_NER_150,53,routine_recall,1,0.0,2349,1,1,1.0,0,52,0
SUBJ_NER_150,54,object_memory,1,0.0,2455,1,0,1.0,0,53,0
SUBJ_NER_150,55,reminiscence,1,0.0,2367,1,0,1.0,0,54,0
SUBJ_NER_150,56,memory_match,1,1.0,1981,0,0,1.0,0,55,0
SUBJ_NER_150,57,pattern_recognition,1,1.0,2029,0,0,1.0,0,56,0
SUBJ_NER_150,58,routine_recall,1,1.0,1890,0,0,1.0,0,57,0
SUBJ_NER_150,59,object_memory,1,0.0,1814,1,0,1.0,0,58,0
SUBJ_NER_150,60,reminiscence,1,1.0,1583,0,0,1.0,0,59,0
