dataset_accession,participant_id,run_id,trial_index,task_paradigm,stimulus_condition,raw_onset_sec,raw_duration_sec,raw_response_time_sec,response_time_ms,accuracy,is_cognitive_conflict,prev_response_time_ms,prev_accuracy,cumulative_trial_num,rt_zscore_subject
ds000102,sub-01,1,1,flanker,incongruent,0.0,2.0,1.095,1095.0,1.0,1.0,,,1,3.895360558345828
ds000102,sub-01,1,2,flanker,incongruent,10.0,2.0,0.988,988.0,1.0,1.0,1095.0,1.0,2,3.2109540234640486
ds000102,sub-01,1,3,flanker,congruent,20.0,2.0,0.591,591.0,1.0,0.0,988.0,1.0,3,0.6716138893699704
ds000102,sub-01,1,4,flanker,congruent,30.0,2.0,0.499,499.0,1.0,0.0,591.0,1.0,4,0.08315219582675823
ds000102,sub-01,1,5,flanker,incongruent,40.0,2.0,0.719,719.0,1.0,1.0,499.0,1.0,5,1.4903432021257437
ds000102,sub-01,1,6,flanker,congruent,52.0,2.0,0.544,544.0,1.0,0.0,719.0,1.0,6,0.3709867198424598
ds000102,sub-01,1,7,flanker,congruent,64.0,2.0,0.436,436.0,1.0,0.0,544.0,1.0,7,-0.319816137795224
ds000102,sub-01,1,8,flanker,incongruent,76.0,2.0,0.47,470.0,1.0,1.0,436.0,1.0,8,-0.10234116409447168
ds000102,sub-01,1,9,flanker,congruent,88.0,2.0,0.409,409.0,1.0,0.0,470.0,1.0,9,-0.4925168522046449
ds000102,sub-01,1,10,flanker,incongruent,102.0,2.0,0.563,563.0,1.0,1.0,409.0,1.0,10,0.4925168522046449
ds000102,sub-01,1,11,flanker,congruent,116.0,2.0,0.493,493.0,1.0,0.0,563.0,1.0,11,0.04477425929133136
ds000102,sub-01,1,12,flanker,congruent,130.0,2.0,0.398,398.0,1.0,0.0,493.0,1.0,12,-0.5628764025195941
ds000102,sub-01,1,13,flanker,congruent,140.0,2.0,0.466,466.0,1.0,0.0,398.0,1.0,13,-0.1279264551180896
ds000102,sub-01,1,14,flanker,incongruent,150.0,2.0,0.518,518.0,1.0,1.0,466.0,1.0,14,0.20468232818894336
ds000102,sub-01,1,15,flanker,incongruent,164.0,2.0,0.56,560.0,1.0,1.0,518.0,1.0,15,0.4733278839369315
ds000102,sub-01,1,16,flanker,incongruent,174.0,2.0,0.533,533.0,1.0,1.0,560.0,1.0,16,0.30062716952751056
ds000102,sub-01,1,17,flanker,congruent,184.0,2.0,0.439,439.0,1.0,0.0,533.0,1.0,17,-0.30062716952751056
ds000102,sub-01,1,18,flanker,congruent,196.0,2.0,0.458,458.0,1.0,0.0,439.0,1.0,18,-0.17909703716532543
ds000102,sub-01,1,19,flanker,incongruent,208.0,2.0,0.734,734.0,1.0,1.0,458.0,1.0,19,1.586288043464311
ds000102,sub-01,1,20,flanker,incongruent,220.0,2.0,0.479,479.0,1.0,1.0,734.0,1.0,20,-0.04477425929133136
ds000102,sub-01,1,21,flanker,incongruent,232.0,2.0,0.538,538.0,1.0,1.0,479.0,1.0,21,0.3326087833070329
ds000102,sub-01,1,22,flanker,congruent,246.0,2.0,0.54,540.0,1.0,0.0,538.0,1.0,22,0.3454014288188419
ds000102,sub-01,1,23,flanker,incongruent,260.0,2.0,0.622,622.0,1.0,1.0,540.0,1.0,23,0.8698998948030092
ds000102,sub-01,1,24,flanker,congruent,274.0,2.0,0.488,488.0,1.0,0.0,622.0,1.0,24,0.01279264551180896
ds000102,sub-01,2,1,flanker,incongruent,0.0,2.0,0.56,560.0,1.0,1.0,,,1,0.4733278839369315
ds000102,sub-01,2,2,flanker,incongruent,10.0,2.0,0.356,356.0,1.0,1.0,560.0,1.0,2,-0.8315219582675824
ds000102,sub-01,2,3,flanker,congruent,20.0,2.0,0.416,416.0,1.0,0.0,356.0,1.0,3,-0.4477425929133136
ds000102,sub-01,2,4,flanker,congruent,30.0,2.0,0.363,363.0,1.0,0.0,416.0,1.0,4,-0.786747698976251
ds000102,sub-01,2,5,flanker,incongruent,42.0,2.0,0.406,406.0,1.0,1.0,363.0,1.0,5,-0.5117058204723584
ds000102,sub-01,2,6,flanker,congruent,54.0,2.0,0.537,537.0,1.0,0.0,406.0,1.0,6,0.32621246055112846
ds000102,sub-01,2,7,flanker,congruent,64.0,2.0,0.484,484.0,1.0,0.0,537.0,1.0,7,-0.01279264551180896
ds000102,sub-01,2,8,flanker,incongruent,76.0,2.0,0.479,479.0,1.0,1.0,484.0,1.0,8,-0.04477425929133136
ds000102,sub-01,2,9,flanker,congruent,88.0,2.0,0.49,490.0,1.0,0.0,479.0,1.0,9,0.02558529102361792
ds000102,sub-01,2,10,flanker,incongruent,102.0,2.0,0.42,420.0,1.0,1.0,490.0,1.0,10,-0.42215730188969564
ds000102,sub-01,2,11,flanker,congruent,116.0,2.0,0.374,374.0,1.0,0.0,420.0,1.0,11,-0.7163881486613017
ds000102,sub-01,2,12,flanker,congruent,130.0,2.0,0.483,483.0,1.0,0.0,374.0,1.0,12,-0.01918896826771344
ds000102,sub-01,2,13,flanker,congruent,144.0,2.0,0.521,521.0,1.0,0.0,483.0,1.0,13,0.2238712964566568
ds000102,sub-01,2,14,flanker,incongruent,154.0,2.0,0.471,471.0,1.0,1.0,521.0,1.0,14,-0.09594484133856719
ds000102,sub-01,2,15,flanker,incongruent,164.0,2.0,0.448,448.0,1.0,1.0,471.0,1.0,15,-0.24306026472437023
ds000102,sub-01,2,16,flanker,incongruent,174.0,2.0,0.38,380.0,1.0,1.0,448.0,1.0,16,-0.6780102121258749
ds000102,sub-01,2,17,flanker,congruent,184.0,2.0,0.392,392.0,0.0,0.0,380.0,1.0,17,-0.6012543390550211
ds000102,sub-01,2,18,flanker,congruent,196.0,2.0,0.604,604.0,1.0,0.0,392.0,0.0,18,0.7547660851967286
ds000102,sub-01,2,19,flanker,incongruent,208.0,2.0,0.53,530.0,1.0,1.0,604.0,1.0,19,0.28143820125979707
ds000102,sub-01,2,20,flanker,incongruent,220.0,2.0,0.466,466.0,1.0,1.0,530.0,1.0,20,-0.1279264551180896
ds000102,sub-01,2,21,flanker,incongruent,232.0,2.0,0.427,427.0,1.0,1.0,466.0,1.0,21,-0.3773830425983643
ds000102,sub-01,2,22,flanker,congruent,246.0,2.0,1.022,1022.0,1.0,0.0,427.0,1.0,22,3.428428997164801
ds000102,sub-01,2,23,flanker,incongruent,260.0,2.0,0.455,455.0,1.0,1.0,1022.0,1.0,23,-0.19828600543303887
ds000102,sub-01,2,24,flanker,congruent,274.0,2.0,0.616,616.0,1.0,0.0,455.0,1.0,24,0.8315219582675824
ds000102,sub-02,1,1,flanker,congruent,0.0,2.0,0.51,510.0,1.0,0.0,,,1,-0.9676985546086738
ds000102,sub-02,1,2,flanker,incongruent,10.0,2.0,0.864,864.0,1.0,1.0,510.0,1.0,2,1.7619053364787407
ds000102,sub-02,1,3,flanker,congruent,20.0,2.0,0.54,540.0,1.0,0.0,864.0,1.0,3,-0.736376190957198
ds000102,sub-02,1,4,flanker,incongruent,30.0,2.0,0.863,863.0,1.0,1.0,540.0,1.0,4,1.7541945910236916
ds000102,sub-02,1,5,flanker,incongruent,40.0,2.0,0.746,746.0,1.0,1.0,863.0,1.0,5,0.8520373727829359
ds000102,sub-02,1,6,flanker,congruent,52.0,2.0,0.501,501.0,1.0,0.0,746.0,1.0,6,-1.0370952637041166
ds000102,sub-02,1,7,flanker,congruent,64.0,2.0,0.576,576.0,1.0,0.0,501.0,1.0,7,-0.458789354575427
ds000102,sub-02,1,8,flanker,incongruent,76.0,2.0,0.548,548.0,1.0,1.0,576.0,1.0,8,-0.6746902273168045
ds000102,sub-02,1,9,flanker,incongruent,88.0,2.0,0.735,735.0,1.0,1.0,548.0,1.0,9,0.7672191727773948
ds000102,sub-02,1,10,flanker,incongruent,102.0,2.0,0.6,600.0,1.0,1.0,735.0,1.0,10,-0.2737314636542464
ds000102,sub-02,1,11,flanker,incongruent,116.0,2.0,0.674,674.0,1.0,1.0,600.0,1.0,11,0.29686370001939394
ds000102,sub-02,1,12,flanker,congruent,126.0,2.0,0.509,509.0,1.0,0.0,674.0,1.0,12,-0.9754093000637231
ds000102,sub-02,1,13,flanker,incongruent,140.0,2.0,0.792,792.0,1.0,1.0,509.0,1.0,13,1.2067316637151988
ds000102,sub-02,1,14,flanker,congruent,150.0,2.0,0.723,723.0,1.0,0.0,792.0,1.0,14,0.6746902273168045
ds000102,sub-02,1,15,flanker,congruent,164.0,2.0,0.468,468.0,1.0,0.0,723.0,1.0,15,-1.2915498637207399
ds000102,sub-02,1,16,flanker,congruent,174.0,2.0,0.521,521.0,1.0,0.0,468.0,1.0,16,-0.8828803546031327
ds000102,sub-02,1,17,flanker,incongruent,184.0,2.0,0.684,684.0,1.0,1.0,521.0,1.0,17,0.3739711545698859
ds000102,sub-02,1,18,flanker,incongruent,196.0,2.0,0.615,615.0,1.0,1.0,684.0,1.0,18,-0.15807028182850846
ds000102,sub-02,1,19,flanker,incongruent,208.0,2.0,0.593,593.0,1.0,1.0,615.0,1.0,19,-0.32770668183959073
ds000102,sub-02,1,20,flanker,congruent,222.0,2.0,0.597,597.0,1.0,0.0,593.0,1.0,20,-0.29686370001939394
ds000102,sub-02,1,21,flanker,congruent,234.0,2.0,0.638,638.0,1.0,0.0,597.0,1.0,21,0.019276863637622984
ds000102,sub-02,1,22,flanker,congruent,246.0,2.0,0.562,562.0,1.0,0.0,638.0,1.0,22,-0.5667397909461157
ds000102,sub-02,1,23,flanker,congruent,260.0,2.0,0.676,676.0,1.0,0.0,562.0,1.0,23,0.31228519092949236
ds000102,sub-02,1,24,flanker,incongruent,274.0,2.0,0.934,934.0,1.0,1.0,676.0,1.0,24,2.3016575183321843
ds000102,sub-02,2,1,flanker,congruent,0.0,2.0,0.763,763.0,1.0,0.0,,,1,0.9831200455187722
ds000102,sub-02,2,2,flanker,incongruent,10.0,2.0,0.613,613.0,1.0,1.0,763.0,1.0,2,-0.17349177273860686
ds000102,sub-02,2,3,flanker,congruent,20.0,2.0,0.737,737.0,1.0,0.0,613.0,1.0,3,0.7826406636874932
ds000102,sub-02,2,4,flanker,incongruent,32.0,2.0,0.869,869.0,1.0,1.0,737.0,1.0,4,1.8004590637539868
ds000102,sub-02,2,5,flanker,incongruent,44.0,2.0,0.647,647.0,1.0,1.0,869.0,1.0,5,0.08867357273306573
ds000102,sub-02,2,6,flanker,congruent,54.0,2.0,0.595,595.0,1.0,0.0,647.0,1.0,6,-0.31228519092949236
ds000102,sub-02,2,7,flanker,congruent,64.0,2.0,0.509,509.0,1.0,0.0,595.0,1.0,7,-0.9754093000637231
ds000102,sub-02,2,8,flanker,incongruent,76.0,2.0,0.545,545.0,1.0,1.0,509.0,1.0,8,-0.697822463681952
ds000102,sub-02,2,9,flanker,incongruent,88.0,2.0,0.533,533.0,1.0,1.0,545.0,1.0,9,-0.7903514091425424
ds000102,sub-02,2,10,flanker,incongruent,102.0,2.0,0.495,495.0,1.0,1.0,533.0,1.0,10,-1.0833597364344116
ds000102,sub-02,2,11,flanker,incongruent,116.0,2.0,0.728,728.0,1.0,1.0,495.0,1.0,11,0.7132439545920505
ds000102,sub-02,2,12,flanker,congruent,130.0,2.0,0.633,633.0,1.0,0.0,728.0,1.0,12,-0.019276863637622984
ds000102,sub-02,2,13,flanker,incongruent,140.0,2.0,0.854,854.0,1.0,1.0,633.0,1.0,13,1.6847978819282488
ds000102,sub-02,2,14,flanker,congruent,154.0,2.0,0.824,824.0,1.0,0.0,854.0,1.0,14,1.4534755182767731
ds000102,sub-02,2,15,flanker,congruent,164.0,2.0,0.643,643.0,1.0,0.0,824.0,1.0,15,0.057830590912868955
ds000102,sub-02,2,16,flanker,congruent,174.0,2.0,0.671,671.0,1.0,0.0,643.0,1.0,16,0.2737314636542464
ds000102,sub-02,2,17,flanker,incongruent,184.0,2.0,0.826,826.0,1.0,1.0,671.0,1.0,17,1.4688970091868714
ds000102,sub-02,2,18,flanker,incongruent,196.0,2.0,0.918,918.0,1.0,1.0,826.0,1.0,18,2.1782855910513974
ds000102,sub-02,2,19,flanker,incongruent,208.0,2.0,0.48,480.0,1.0,1.0,918.0,1.0,19,-1.1990209182601497
ds000102,sub-02,2,20,flanker,congruent,220.0,2.0,0.547,547.0,1.0,0.0,480.0,1.0,20,-0.6824009727718536
ds000102,sub-02,2,21,flanker,congruent,232.0,2.0,0.662,662.0,1.0,0.0,547.0,1.0,21,0.20433475455880365
ds000102,sub-02,2,22,flanker,congruent,246.0,2.0,0.495,495.0,1.0,0.0,662.0,1.0,22,-1.0833597364344116
ds000102,sub-02,2,23,flanker,congruent,260.0,2.0,0.754,754.0,1.0,0.0,495.0,1.0,23,0.9137233364233295
ds000102,sub-02,2,24,flanker,incongruent,274.0,2.0,0.508,508.0,1.0,1.0,754.0,1.0,24,-0.9831200455187722
ds000102,sub-03,1,1,flanker,incongruent,0.0,2.0,0.889,889.0,1.0,1.0,,,1,0.9454177241847579
ds000102,sub-03,1,2,flanker,congruent,10.0,2.0,0.773,773.0,1.0,0.0,889.0,1.0,2,0.41561841981069064
ds000102,sub-03,1,3,flanker,incongruent,20.0,2.0,0.897,897.0,1.0,1.0,773.0,1.0,3,0.9819556072450384
ds000102,sub-03,1,4,flanker,congruent,30.0,2.0,0.587,587.0,1.0,0.0,897.0,1.0,4,-0.4338873613408309
ds000102,sub-03,1,5,flanker,incongruent,40.0,2.0,0.711,711.0,1.0,1.0,587.0,1.0,5,0.1324498260935168
ds000102,sub-03,1,6,flanker,incongruent,52.0,2.0,0.756,756.0,1.0,1.0,711.0,1.0,6,0.3379754183075946
ds000102,sub-03,1,7,flanker,congruent,64.0,2.0,0.581,581.0,1.0,0.0,756.0,1.0,7,-0.46129077363604126
ds000102,sub-03,1,8,flanker,congruent,76.0,2.0,1.216,1216.0,1.0,0.0,581.0,1.0,8,2.438903694273723
ds000102,sub-03,1,9,flanker,congruent,88.0,2.0,0.587,587.0,1.0,0.0,1216.0,1.0,9,-0.4338873613408309
ds000102,sub-03,1,10,flanker,congruent,102.0,2.0,0.541,541.0,1.0,0.0,587.0,1.0,10,-0.6439801889374438
ds000102,sub-03,1,11,flanker,congruent,116.0,2.0,0.446,446.0,1.0,0.0,541.0,1.0,11,-1.0778675502782746
ds000102,sub-03,1,12,flanker,congruent,126.0,2.0,0.49,490.0,1.0,0.0,446.0,1.0,12,-0.8769091934467319
ds000102,sub-03,1,13,flanker,incongruent,136.0,2.0,0.862,862.0,1.0,1.0,490.0,1.0,13,0.8221023688563112
ds000102,sub-03,1,14,flanker,incongruent,150.0,2.0,0.651,651.0,1.0,1.0,862.0,1.0,14,-0.14158429685858692
ds000102,sub-03,1,15,flanker,incongruent,164.0,2.0,0.69,690.0,1.0,1.0,651.0,1.0,15,0.036537883060280496
ds000102,sub-03,1,16,flanker,incongruent,174.0,2.0,0.694,694.0,1.0,1.0,690.0,1.0,16,0.054806824590420744
ds000102,sub-03,1,17,flanker,incongruent,184.0,2.0,1.186,1186.0,1.0,1.0,694.0,1.0,17,2.3018866327976713
ds000102,sub-03,1,18,flanker,incongruent,196.0,2.0,0.876,876.0,1.0,1.0,1186.0,1.0,18,0.886043664211802
ds000102,sub-03,1,19,flanker,congruent,208.0,2.0,0.535,535.0,1.0,0.0,876.0,1.0,19,-0.6713836012326542
ds000102,sub-03,1,20,flanker,incongruent,220.0,2.0,0.689,689.0,1.0,1.0,535.0,1.0,20,0.031970647677745434
ds000102,sub-03,1,21,flanker,incongruent,234.0,2.0,0.828,828.0,1.0,1.0,689.0,1.0,21,0.666816365850119
ds000102,sub-03,1,22,flanker,congruent,248.0,2.0,0.55,550.0,1.0,0.0,828.0,1.0,22,-0.6028750704946282
ds000102,sub-03,1,23,flanker,congruent,260.0,2.0,0.801,801.0,1.0,0.0,550.0,1.0,23,0.5435010105216724
ds000102,sub-03,1,24,flanker,congruent,274.0,2.0,0.45,450.0,1.0,0.0,801.0,1.0,24,-1.0595986087481344
ds000102,sub-03,2,1,flanker,incongruent,0.0,2.0,0.759,759.0,1.0,1.0,,,1,0.3516771244551998
ds000102,sub-03,2,2,flanker,congruent,10.0,2.0,0.507,507.0,1.0,0.0,759.0,1.0,2,-0.7992661919436359
ds000102,sub-03,2,3,flanker,incongruent,20.0,2.0,0.686,686.0,1.0,1.0,507.0,1.0,3,0.018268941530140248
ds000102,sub-03,2,4,flanker,congruent,30.0,2.0,0.578,578.0,1.0,0.0,686.0,1.0,4,-0.47499247978364645
ds000102,sub-03,2,5,flanker,incongruent,40.0,2.0,0.678,678.0,1.0,1.0,578.0,1.0,5,-0.018268941530140248
ds000102,sub-03,2,6,flanker,incongruent,52.0,2.0,0.528,528.0,1.0,1.0,678.0,1.0,6,-0.7033542489103995
ds000102,sub-03,2,7,flanker,congruent,64.0,2.0,0.49,490.0,0.0,0.0,528.0,1.0,7,-0.8769091934467319
ds000102,sub-03,2,8,flanker,congruent,76.0,2.0,0.622,622.0,1.0,0.0,490.0,0.0,8,-0.2740341229521037
ds000102,sub-03,2,9,flanker,congruent,88.0,2.0,0.791,791.0,1.0,0.0,622.0,1.0,9,0.49782865669632176
ds000102,sub-03,2,10,flanker,congruent,102.0,2.0,0.626,626.0,1.0,0.0,791.0,1.0,10,-0.2557651814219635
ds000102,sub-03,2,11,flanker,congruent,116.0,2.0,0.716,716.0,1.0,0.0,626.0,1.0,11,0.1552860030061921
ds000102,sub-03,2,12,flanker,congruent,130.0,2.0,0.71,710.0,1.0,0.0,716.0,1.0,12,0.12788259071098174
ds000102,sub-03,2,13,flanker,incongruent,144.0,2.0,0.64,640.0,1.0,1.0,710.0,1.0,13,-0.1918238860664726
ds000102,sub-03,2,14,flanker,incongruent,154.0,2.0,0.524,524.0,1.0,1.0,640.0,1.0,14,-0.7216231904405398
ds000102,sub-03,2,15,flanker,incongruent,164.0,2.0,1.031,1031.0,1.0,1.0,524.0,1.0,15,1.5939651485047368
ds000102,sub-03,2,16,flanker,incongruent,174.0,2.0,0.861,861.0,1.0,1.0,1031.0,1.0,16,0.8175351334737762
ds000102,sub-03,2,17,flanker,incongruent,184.0,2.0,1.55,1550.0,1.0,1.0,861.0,1.0,17,3.964360312040434
ds000102,sub-03,2,18,flanker,incongruent,196.0,2.0,0.465,465.0,1.0,1.0,1550.0,1.0,18,-0.9910900780101085
ds000102,sub-03,2,19,flanker,congruent,208.0,2.0,0.651,651.0,1.0,0.0,465.0,1.0,19,-0.14158429685858692
ds000102,sub-03,2,20,flanker,incongruent,220.0,2.0,0.559,559.0,1.0,1.0,651.0,1.0,20,-0.5617699520518127
ds000102,sub-03,2,21,flanker,incongruent,232.0,2.0,0.378,378.0,1.0,1.0,559.0,1.0,21,-1.3884395562906588
ds000102,sub-03,2,22,flanker,congruent,246.0,2.0,0.699,699.0,1.0,0.0,378.0,1.0,22,0.07764300150309605
ds000102,sub-03,2,23,flanker,congruent,260.0,2.0,0.446,446.0,1.0,0.0,699.0,1.0,23,-1.0778675502782746
ds000102,sub-03,2,24,flanker,congruent,274.0,2.0,0.783,783.0,1.0,0.0,446.0,1.0,24,0.46129077363604126
ds000102,sub-04,1,1,flanker,incongruent,0.0,2.0,1.342,1342.0,1.0,1.0,,,1,3.8071969486662938
ds000102,sub-04,1,2,flanker,congruent,10.0,2.0,1.043,1043.0,1.0,0.0,1342.0,1.0,2,1.7374662438458903
ds000102,sub-04,1,3,flanker,incongruent,20.0,2.0,1.141,1141.0,1.0,1.0,1043.0,1.0,3,2.415839518335521
ds000102,sub-04,1,4,flanker,congruent,30.0,2.0,0.961,961.0,1.0,0.0,1141.0,1.0,4,1.1698477896810975
ds000102,sub-04,1,5,flanker,incongruent,40.0,2.0,0.997,997.0,1.0,1.0,961.0,1.0,5,1.419046135411982
ds000102,sub-04,1,6,flanker,congruent,52.0,2.0,0.783,783.0,1.0,0.0,997.0,1.0,6,-0.06229958643272117
ds000102,sub-04,1,7,flanker,congruent,64.0,2.0,0.787,787.0,1.0,0.0,783.0,1.0,7,-0.03461088135151176
ds000102,sub-04,1,8,flanker,incongruent,76.0,2.0,1.046,1046.0,1.0,1.0,787.0,1.0,8,1.7582327726567974
ds000102,sub-04,1,9,flanker,congruent,88.0,2.0,0.8,800.0,1.0,0.0,1046.0,1.0,9,0.055377410162418816
ds000102,sub-04,1,10,flanker,congruent,102.0,2.0,0.77,770.0,1.0,0.0,800.0,1.0,10,-0.15228787794665175
ds000102,sub-04,1,11,flanker,incongruent,116.0,2.0,0.883,883.0,1.0,1.0,770.0,1.0,11,0.629918040597514
ds000102,sub-04,1,12,flanker,congruent,130.0,2.0,0.765,765.0,1.0,0.0,883.0,1.0,12,-0.1868987592981635
ds000102,sub-04,1,13,flanker,incongruent,140.0,2.0,0.858,858.0,1.0,1.0,765.0,1.0,13,0.4568636338399552
ds000102,sub-04,1,14,flanker,incongruent,154.0,2.0,0.851,851.0,1.0,1.0,858.0,1.0,14,0.4084083999478388
ds000102,sub-04,1,15,flanker,congruent,164.0,2.0,0.67,670.0,1.0,0.0,851.0,1.0,15,-0.8445055049768869
ds000102,sub-04,1,16,flanker,incongruent,174.0,2.0,0.77,770.0,1.0,1.0,670.0,1.0,16,-0.15228787794665175
ds000102,sub-04,1,17,flanker,congruent,184.0,2.0,0.613,613.0,1.0,0.0,770.0,1.0,17,-1.239069552384121
ds000102,sub-04,1,18,flanker,congruent,196.0,2.0,0.777,777.0,1.0,0.0,613.0,1.0,18,-0.10383264405453528
ds000102,sub-04,1,19,flanker,congruent,208.0,2.0,0.62,620.0,1.0,0.0,777.0,1.0,19,-1.1906143184920046
ds000102,sub-04,1,20,flanker,incongruent,222.0,2.0,0.821,821.0,1.0,1.0,620.0,1.0,20,0.2007431118387682
ds000102,sub-04,1,21,flanker,incongruent,234.0,2.0,0.825,825.0,1.0,1.0,821.0,1.0,21,0.2284318169199776
ds000102,sub-04,1,22,flanker,incongruent,246.0,2.0,0.73,730.0,1.0,1.0,825.0,1.0,22,-0.4291749287587458
ds000102,sub-04,1,23,flanker,incongruent,260.0,2.0,0.781,781.0,1.0,1.0,730.0,1.0,23,-0.07614393897332587
ds000102,sub-04,1,24,flanker,congruent,274.0,2.0,0.726,726.0,1.0,0.0,781.0,1.0,24,-0.4568636338399552
ds000102,sub-04,2,1,flanker,incongruent,0.0,2.0,0.933,933.0,1.0,1.0,,,1,0.9760268541126317
ds000102,sub-04,2,2,flanker,congruent,10.0,2.0,0.721,721.0,1.0,0.0,933.0,1.0,2,-0.491474515191467
ds000102,sub-04,2,3,flanker,incongruent,20.0,2.0,0.628,628.0,1.0,1.0,721.0,1.0,3,-1.1352369083295857
ds000102,sub-04,2,4,flanker,congruent,30.0,2.0,0.783,783.0,1.0,0.0,628.0,1.0,4,-0.06229958643272117
ds000102,sub-04,2,5,flanker,incongruent,42.0,2.0,0.97,970.0,1.0,1.0,783.0,1.0,5,1.2321473761138186
ds000102,sub-04,2,6,flanker,congruent,52.0,2.0,0.797,797.0,1.0,0.0,970.0,1.0,6,0.03461088135151176
ds000102,sub-04,2,7,flanker,congruent,64.0,2.0,0.697,697.0,1.0,0.0,797.0,1.0,7,-0.6576067456787235
ds000102,sub-04,2,8,flanker,incongruent,76.0,2.0,0.772,772.0,1.0,1.0,697.0,1.0,8,-0.13844352540604704
ds000102,sub-04,2,9,flanker,congruent,88.0,2.0,0.75,750.0,1.0,0.0,772.0,1.0,9,-0.29073140335269876
ds000102,sub-04,2,10,flanker,congruent,102.0,2.0,0.849,849.0,1.0,0.0,750.0,1.0,10,0.39456404740723405
ds000102,sub-04,2,11,flanker,incongruent,116.0,2.0,0.802,802.0,1.0,1.0,849.0,1.0,11,0.06922176270302352
ds000102,sub-04,2,12,flanker,congruent,126.0,2.0,0.91,910.0,1.0,0.0,802.0,1.0,12,0.8168167998956776
ds000102,sub-04,2,13,flanker,incongruent,140.0,2.0,0.935,935.0,1.0,1.0,910.0,1.0,13,0.9898712066532364
ds000102,sub-04,2,14,flanker,incongruent,154.0,2.0,0.97,970.0,1.0,1.0,935.0,1.0,14,1.2321473761138186
ds000102,sub-04,2,15,flanker,congruent,164.0,2.0,0.845,845.0,1.0,0.0,970.0,1.0,15,0.36687534232602464
ds000102,sub-04,2,16,flanker,incongruent,174.0,2.0,0.752,752.0,1.0,1.0,845.0,1.0,16,-0.2768870508120941
ds000102,sub-04,2,17,flanker,congruent,184.0,2.0,0.813,813.0,1.0,0.0,752.0,1.0,17,0.14536570167634938
ds000102,sub-04,2,18,flanker,congruent,196.0,2.0,0.894,894.0,1.0,0.0,813.0,1.0,18,0.7060619795708399
ds000102,sub-04,2,19,flanker,congruent,208.0,2.0,0.587,587.0,1.0,0.0,894.0,1.0,19,-1.419046135411982
ds000102,sub-04,2,20,flanker,incongruent,220.0,2.0,0.733,733.0,1.0,1.0,587.0,1.0,20,-0.4084083999478388
ds000102,sub-04,2,21,flanker,incongruent,234.0,2.0,0.726,726.0,1.0,1.0,733.0,1.0,21,-0.4568636338399552
ds000102,sub-04,2,22,flanker,incongruent,246.0,2.0,0.632,632.0,1.0,1.0,726.0,1.0,22,-1.1075482032483763
ds000102,sub-04,2,23,flanker,incongruent,260.0,2.0,0.828,828.0,1.0,1.0,632.0,1.0,23,0.24919834573088467
ds000102,sub-04,2,24,flanker,congruent,274.0,2.0,0.614,614.0,1.0,0.0,828.0,1.0,24,-1.2321473761138186
ds000102,sub-05,1,1,flanker,incongruent,0.0,2.0,1.019,1018.9999999999999,1.0,1.0,,,1,3.6339541416497805
ds000102,sub-05,1,2,flanker,incongruent,10.0,2.0,0.927,927.0,1.0,1.0,1018.9999999999999,1.0,2,2.859159747601624
ds000102,sub-05,1,3,flanker,incongruent,20.0,2.0,0.747,747.0,1.0,1.0,927.0,1.0,3,1.3432576722900118
ds000102,sub-05,1,4,flanker,congruent,32.0,2.0,0.653,653.0,1.0,0.0,747.0,1.0,4,0.5516199218495033
ds000102,sub-05,1,5,flanker,congruent,42.0,2.0,0.744,744.0,1.0,0.0,653.0,1.0,5,1.317992637701485
ds000102,sub-05,1,6,flanker,congruent,52.0,2.0,0.588,588.0,1.0,0.0,744.0,1.0,6,0.004210839098087811
ds000102,sub-05,1,7,flanker,congruent,64.0,2.0,0.56,560.0,1.0,0.0,588.0,1.0,7,-0.23159615039482964
ds000102,sub-05,1,8,flanker,incongruent,76.0,2.0,0.715,715.0,1.0,1.0,560.0,1.0,8,1.073763970012392
ds000102,sub-05,1,9,flanker,incongruent,88.0,2.0,0.67,670.0,1.0,1.0,715.0,1.0,9,0.694788451184489
ds000102,sub-05,1,10,flanker,incongruent,102.0,2.0,0.719,719.0,1.0,1.0,670.0,1.0,10,1.1074506827970945
ds000102,sub-05,1,11,flanker,congruent,116.0,2.0,0.674,674.0,1.0,0.0,719.0,1.0,11,0.7284751639691914
ds000102,sub-05,1,12,flanker,congruent,130.0,2.0,0.555,555.0,1.0,0.0,674.0,1.0,12,-0.27370454137570777
ds000102,sub-05,1,13,flanker,incongruent,144.0,2.0,0.693,693.0,1.0,1.0,555.0,1.0,13,0.8884870496965283
ds000102,sub-05,1,14,flanker,incongruent,154.0,2.0,0.705,705.0,1.0,1.0,693.0,1.0,14,0.9895471880506357
ds000102,sub-05,1,15,flanker,congruent,164.0,2.0,0.612,612.0,1.0,0.0,705.0,1.0,15,0.20633111580630276
ds000102,sub-05,1,16,flanker,congruent,174.0,2.0,0.558,558.0,1.0,0.0,612.0,1.0,16,-0.24843950678718088
ds000102,sub-05,1,17,flanker,congruent,184.0,2.0,0.531,531.0,1.0,0.0,558.0,1.0,17,-0.4758248180839227
ds000102,sub-05,1,18,flanker,congruent,196.0,2.0,0.446,446.0,1.0,0.0,531.0,1.0,18,-1.1916674647588508
ds000102,sub-05,1,19,flanker,congruent,208.0,2.0,0.483,483.0,1.0,0.0,446.0,1.0,19,-0.8800653715003526
ds000102,sub-05,1,20,flanker,incongruent,222.0,2.0,0.644,644.0,1.0,1.0,483.0,1.0,20,0.4758248180839227
ds000102,sub-05,1,21,flanker,incongruent,234.0,2.0,0.83,830.0,1.0,1.0,644.0,1.0,21,2.0422569625725884
ds000102,sub-05,1,22,flanker,incongruent,246.0,2.0,0.696,696.0,1.0,1.0,830.0,1.0,22,0.913752084285055
ds000102,sub-05,1,23,flanker,congruent,260.0,2.0,0.538,538.0,1.0,0.0,696.0,1.0,23,-0.41687307071069335
ds000102,sub-05,1,24,flanker,incongruent,274.0,2.0,0.62,620.0,1.0,1.0,538.0,1.0,24,0.27370454137570777
ds000102,sub-05,2,1,flanker,incongruent,0.0,2.0,0.649,649.0,1.0,1.0,,,1,0.5179332090648008
ds000102,sub-05,2,2,flanker,incongruent,10.0,2.0,0.598,598.0,1.0,1.0,649.0,1.0,2,0.08842762105984404
ds000102,sub-05,2,3,flanker,incongruent,20.0,2.0,0.536,536.0,1.0,1.0,598.0,1.0,3,-0.4337164271030446
ds000102,sub-05,2,4,flanker,congruent,30.0,2.0,0.451,451.0,1.0,0.0,536.0,1.0,4,-1.1495590737779726
ds000102,sub-05,2,5,flanker,congruent,40.0,2.0,0.409,409.0,1.0,0.0,451.0,1.0,5,-1.5032695580173487
ds000102,sub-05,2,6,flanker,congruent,52.0,2.0,0.587,587.0,1.0,0.0,409.0,1.0,6,-0.004210839098087811
ds000102,sub-05,2,7,flanker,congruent,64.0,2.0,0.477,477.0,1.0,0.0,587.0,1.0,7,-0.9305954406774063
ds000102,sub-05,2,8,flanker,incongruent,76.0,2.0,0.559,559.0,1.0,1.0,477.0,1.0,8,-0.24001782859100526
ds000102,sub-05,2,9,flanker,incongruent,88.0,2.0,0.563,563.0,1.0,1.0,559.0,1.0,9,-0.20633111580630276
ds000102,sub-05,2,10,flanker,incongruent,102.0,2.0,0.492,492.0,1.0,1.0,563.0,1.0,10,-0.804270267734772
ds000102,sub-05,2,11,flanker,congruent,116.0,2.0,0.583,583.0,1.0,0.0,492.0,1.0,11,-0.0378975518827903
ds000102,sub-05,2,12,flanker,congruent,130.0,2.0,0.576,576.0,1.0,0.0,583.0,1.0,12,-0.09684929925601966
ds000102,sub-05,2,13,flanker,incongruent,144.0,2.0,0.539,539.0,1.0,1.0,576.0,1.0,13,-0.40845139251451773
ds000102,sub-05,2,14,flanker,incongruent,154.0,2.0,0.599,599.0,1.0,1.0,539.0,1.0,14,0.09684929925601966
ds000102,sub-05,2,15,flanker,congruent,164.0,2.0,0.61,610.0,1.0,0.0,599.0,1.0,15,0.18948775941395152
ds000102,sub-05,2,16,flanker,congruent,174.0,2.0,0.581,581.0,1.0,0.0,610.0,1.0,16,-0.05474090827514155
ds000102,sub-05,2,17,flanker,congruent,184.0,2.0,0.497,497.0,1.0,0.0,581.0,1.0,17,-0.7621618767538939
ds000102,sub-05,2,18,flanker,congruent,196.0,2.0,0.596,596.0,1.0,0.0,497.0,1.0,18,0.07158426466749279
ds000102,sub-05,2,19,flanker,congruent,208.0,2.0,0.559,559.0,1.0,0.0,596.0,1.0,19,-0.24001782859100526
ds000102,sub-05,2,20,flanker,incongruent,220.0,2.0,0.577,577.0,1.0,1.0,559.0,1.0,20,-0.08842762105984404
ds000102,sub-05,2,21,flanker,incongruent,234.0,2.0,0.451,451.0,1.0,1.0,577.0,1.0,21,-1.1495590737779726
ds000102,sub-05,2,22,flanker,incongruent,246.0,2.0,0.653,653.0,1.0,1.0,451.0,1.0,22,0.5516199218495033
ds000102,sub-05,2,23,flanker,congruent,260.0,2.0,0.441,441.0,1.0,0.0,653.0,1.0,23,-1.2337758557397287
ds000102,sub-05,2,24,flanker,incongruent,274.0,2.0,0.595,595.0,1.0,1.0,441.0,1.0,24,0.06316258647131717
ds000102,sub-06,1,1,flanker,congruent,0.0,2.0,1.21,1210.0,1.0,0.0,,,1,2.7459737672888447
ds000102,sub-06,1,2,flanker,congruent,10.0,2.0,1.054,1054.0,1.0,0.0,1210.0,1.0,2,1.4915904358186842
ds000102,sub-06,1,3,flanker,congruent,20.0,2.0,1.128,1128.0,1.0,0.0,1054.0,1.0,3,2.086618426387863
ds000102,sub-06,1,4,flanker,incongruent,32.0,2.0,1.045,1045.0,1.0,1.0,1128.0,1.0,4,1.4192221666954057
ds000102,sub-06,1,5,flanker,incongruent,42.0,2.0,0.945,945.0,1.0,1.0,1045.0,1.0,5,0.6151302875478671
ds000102,sub-06,1,6,flanker,incongruent,52.0,2.0,0.972,972.0,1.0,1.0,945.0,1.0,6,0.8322350949177025
ds000102,sub-06,1,7,flanker,congruent,64.0,2.0,0.895,895.0,1.0,0.0,972.0,1.0,7,0.21308434797409775
ds000102,sub-06,1,8,flanker,incongruent,76.0,2.0,1.001,1000.9999999999999,1.0,1.0,895.0,1.0,8,1.065421739870488
ds000102,sub-06,1,9,flanker,incongruent,88.0,2.0,0.843,843.0,1.0,1.0,1000.9999999999999,1.0,9,-0.20504342918262236
ds000102,sub-06,1,10,flanker,incongruent,102.0,2.0,0.95,950.0,1.0,1.0,843.0,1.0,10,0.655334881505244
ds000102,sub-06,1,11,flanker,congruent,116.0,2.0,0.792,792.0,1.0,0.0,950.0,1.0,11,-0.6151302875478671
ds000102,sub-06,1,12,flanker,incongruent,130.0,2.0,0.914,914.0,1.0,1.0,792.0,1.0,12,0.3658618050121301
ds000102,sub-06,1,13,flanker,congruent,140.0,2.0,0.844,844.0,1.0,0.0,914.0,1.0,13,-0.19700251039114697
ds000102,sub-06,1,14,flanker,incongruent,154.0,2.0,0.912,912.0,1.0,1.0,844.0,1.0,14,0.34977996742917933
ds000102,sub-06,1,15,flanker,congruent,164.0,2.0,0.81,810.0,1.0,0.0,912.0,1.0,15,-0.4703937493013101
ds000102,sub-06,1,16,flanker,congruent,174.0,2.0,0.703,703.0,1.0,0.0,810.0,1.0,16,-1.3307720599891766
ds000102,sub-06,1,17,flanker,congruent,184.0,2.0,0.746,746.0,1.0,0.0,703.0,1.0,17,-0.9850125519557349
ds000102,sub-06,1,18,flanker,incongruent,196.0,2.0,0.901,901.0,1.0,1.0,746.0,1.0,18,0.26132986072295006
ds000102,sub-06,1,19,flanker,congruent,208.0,2.0,0.631,631.0,1.0,0.0,901.0,1.0,19,-1.9097182129754044
ds000102,sub-06,1,20,flanker,incongruent,220.0,2.0,0.89,890.0,1.0,1.0,631.0,1.0,20,0.17287975401672082
ds000102,sub-06,1,21,flanker,congruent,232.0,2.0,0.766,766.0,1.0,0.0,890.0,1.0,21,-0.8241941761262271
ds000102,sub-06,1,22,flanker,incongruent,246.0,2.0,0.895,895.0,1.0,1.0,766.0,1.0,22,0.21308434797409775
ds000102,sub-06,1,23,flanker,congruent,260.0,2.0,0.609,609.0,1.0,0.0,895.0,1.0,23,-2.086618426387863
ds000102,sub-06,1,24,flanker,incongruent,274.0,2.0,0.748,748.0,1.0,1.0,609.0,1.0,24,-0.9689307143727841
ds000102,sub-06,2,1,flanker,congruent,0.0,2.0,0.912,912.0,1.0,0.0,,,1,0.34977996742917933
ds000102,sub-06,2,2,flanker,congruent,10.0,2.0,0.892,892.0,1.0,0.0,912.0,1.0,2,0.1889615915996716
ds000102,sub-06,2,3,flanker,congruent,20.0,2.0,0.743,743.0,1.0,0.0,892.0,1.0,3,-1.009135308330161
ds000102,sub-06,2,4,flanker,incongruent,30.0,2.0,0.699,699.0,1.0,1.0,743.0,1.0,4,-1.3629357351550782
ds000102,sub-06,2,5,flanker,incongruent,42.0,2.0,0.862,862.0,1.0,1.0,699.0,1.0,5,-0.052265972144590014
ds000102,sub-06,2,6,flanker,incongruent,52.0,2.0,0.89,890.0,1.0,1.0,862.0,1.0,6,0.17287975401672082
ds000102,sub-06,2,7,flanker,congruent,64.0,2.0,0.9,900.0,1.0,0.0,890.0,1.0,7,0.25328894193147466
ds000102,sub-06,2,8,flanker,incongruent,76.0,2.0,0.744,744.0,1.0,1.0,900.0,1.0,8,-1.0010943895386857
ds000102,sub-06,2,9,flanker,incongruent,88.0,2.0,0.794,794.0,1.0,1.0,744.0,1.0,9,-0.5990484499649164
ds000102,sub-06,2,10,flanker,incongruent,102.0,2.0,0.859,859.0,1.0,1.0,794.0,1.0,10,-0.07638872851901618
ds000102,sub-06,2,11,flanker,congruent,116.0,2.0,0.878,878.0,1.0,0.0,859.0,1.0,11,0.07638872851901618
ds000102,sub-06,2,12,flanker,incongruent,130.0,2.0,0.711,711.0,1.0,1.0,878.0,1.0,12,-1.2664447096573734
ds000102,sub-06,2,13,flanker,congruent,140.0,2.0,0.762,762.0,1.0,0.0,711.0,1.0,13,-0.8563578512921287
ds000102,sub-06,2,14,flanker,incongruent,150.0,2.0,0.783,783.0,1.0,1.0,762.0,1.0,14,-0.6874985566711456
ds000102,sub-06,2,15,flanker,congruent,164.0,2.0,0.834,834.0,1.0,0.0,783.0,1.0,15,-0.27741169830590084
ds000102,sub-06,2,16,flanker,congruent,174.0,2.0,0.884,884.0,1.0,0.0,834.0,1.0,16,0.1246342412678685
ds000102,sub-06,2,17,flanker,congruent,184.0,2.0,0.76,760.0,1.0,0.0,884.0,1.0,17,-0.8724396888750795
ds000102,sub-06,2,18,flanker,incongruent,196.0,2.0,0.707,707.0,1.0,1.0,760.0,1.0,18,-1.298608384823275
ds000102,sub-06,2,19,flanker,congruent,208.0,2.0,0.831,831.0,1.0,0.0,707.0,1.0,19,-0.301534454680327
ds000102,sub-06,2,20,flanker,incongruent,220.0,2.0,0.882,882.0,1.0,1.0,831.0,1.0,20,0.10855240368491773
ds000102,sub-06,2,21,flanker,congruent,232.0,2.0,0.875,875.0,1.0,0.0,882.0,1.0,21,0.052265972144590014
ds000102,sub-06,2,22,flanker,incongruent,246.0,2.0,0.973,973.0,1.0,1.0,875.0,1.0,22,0.8402760137091779
ds000102,sub-06,2,23,flanker,congruent,260.0,2.0,1.031,1031.0,1.0,0.0,973.0,1.0,23,1.3066493036147504
ds000102,sub-06,2,24,flanker,incongruent,274.0,2.0,0.657,657.0,1.0,1.0,1031.0,1.0,24,-1.7006543243970442
ds000102,sub-07,1,1,flanker,incongruent,0.0,2.0,0.584,584.0,1.0,1.0,,,1,2.1014943049279813
ds000102,sub-07,1,2,flanker,congruent,10.0,2.0,0.492,492.0,1.0,0.0,584.0,1.0,2,0.6798952163002292
ds000102,sub-07,1,3,flanker,congruent,20.0,2.0,0.408,408.0,1.0,0.0,492.0,1.0,3,-0.6180865602729356
ds000102,sub-07,1,4,flanker,congruent,30.0,2.0,0.347,347.0,1.0,0.0,408.0,1.0,4,-1.5606685646891625
ds000102,sub-07,1,5,flanker,incongruent,42.0,2.0,0.502,502.0,1.0,1.0,347.0,1.0,5,0.8344168563684632
ds000102,sub-07,1,6,flanker,congruent,52.0,2.0,0.385,385.0,1.0,0.0,502.0,1.0,6,-0.9734863324298737
ds000102,sub-07,1,7,flanker,incongruent,64.0,2.0,0.356,356.0,0.0,1.0,385.0,1.0,7,-1.421599088627752
ds000102,sub-07,1,8,flanker,incongruent,76.0,2.0,0.511,511.0,1.0,1.0,356.0,0.0,8,0.9734863324298737
ds000102,sub-07,1,9,flanker,incongruent,88.0,2.0,0.579,579.0,1.0,1.0,511.0,1.0,9,2.0242334848938643
ds000102,sub-07,1,10,flanker,congruent,102.0,2.0,0.404,404.0,1.0,0.0,579.0,1.0,10,-0.6798952163002292
ds000102,sub-07,1,11,flanker,congruent,116.0,2.0,0.366,366.0,1.0,0.0,404.0,1.0,11,-1.2670774485595182
ds000102,sub-07,1,12,flanker,incongruent,130.0,2.0,0.488,488.0,1.0,1.0,366.0,1.0,12,0.6180865602729356
ds000102,sub-07,1,13,flanker,incongruent,144.0,2.0,0.488,488.0,1.0,1.0,488.0,1.0,13,0.6180865602729356
ds000102,sub-07,1,14,flanker,congruent,154.0,2.0,0.446,446.0,1.0,0.0,488.0,1.0,14,-0.030904328013646783
ds000102,sub-07,1,15,flanker,incongruent,164.0,2.0,0.498,498.0,1.0,1.0,446.0,1.0,15,0.7726082003411696
ds000102,sub-07,1,16,flanker,congruent,174.0,2.0,0.382,382.0,1.0,0.0,498.0,1.0,16,-1.019842824450344
ds000102,sub-07,1,17,flanker,incongruent,184.0,2.0,0.585,585.0,1.0,1.0,382.0,1.0,17,2.1169464689348048
ds000102,sub-07,1,18,flanker,incongruent,196.0,2.0,0.46,460.0,1.0,1.0,585.0,1.0,18,0.1854259680818807
ds000102,sub-07,1,19,flanker,incongruent,208.0,2.0,0.51,510.0,1.0,1.0,460.0,1.0,19,0.9580341684230502
ds000102,sub-07,1,20,flanker,congruent,222.0,2.0,0.392,392.0,1.0,0.0,510.0,1.0,20,-0.8653211843821099
ds000102,sub-07,1,21,flanker,congruent,234.0,2.0,0.404,404.0,1.0,0.0,392.0,1.0,21,-0.6798952163002292
ds000102,sub-07,1,22,flanker,congruent,246.0,2.0,0.381,381.0,1.0,0.0,404.0,1.0,22,-1.0352949884571672
ds000102,sub-07,1,23,flanker,congruent,260.0,2.0,0.367,367.0,1.0,0.0,381.0,1.0,23,-1.2516252845526947
ds000102,sub-07,1,24,flanker,incongruent,274.0,2.0,0.48,480.0,1.0,1.0,367.0,1.0,24,0.49446924821834853
ds000102,sub-07,2,1,flanker,incongruent,0.0,2.0,0.545,545.0,1.0,1.0,,,1,1.498859908661869
ds000102,sub-07,2,2,flanker,congruent,10.0,2.0,0.437,437.0,1.0,0.0,545.0,1.0,2,-0.1699738040750573
ds000102,sub-07,2,3,flanker,congruent,20.0,2.0,0.481,481.0,0.0,0.0,437.0,1.0,3,0.509921412225172
ds000102,sub-07,2,4,flanker,congruent,30.0,2.0,0.397,397.0,1.0,0.0,481.0,0.0,4,-0.788060364347993
ds000102,sub-07,2,5,flanker,incongruent,42.0,2.0,0.52,520.0,1.0,1.0,397.0,1.0,5,1.112555808491284
ds000102,sub-07,2,6,flanker,congruent,52.0,2.0,0.539,539.0,1.0,0.0,520.0,1.0,6,1.4061469246209286
ds000102,sub-07,2,7,flanker,incongruent,64.0,2.0,0.414,414.0,1.0,1.0,539.0,1.0,7,-0.5253735762319953
ds000102,sub-07,2,8,flanker,incongruent,76.0,2.0,0.449,449.0,1.0,1.0,414.0,1.0,8,0.015452164006823392
ds000102,sub-07,2,9,flanker,incongruent,88.0,2.0,0.372,372.0,1.0,1.0,449.0,1.0,9,-1.1743644645185778
ds000102,sub-07,2,10,flanker,congruent,102.0,2.0,0.484,484.0,1.0,0.0,372.0,1.0,10,0.556277904245642
ds000102,sub-07,2,11,flanker,congruent,116.0,2.0,0.471,471.0,1.0,0.0,484.0,1.0,11,0.355399772156938
ds000102,sub-07,2,12,flanker,incongruent,130.0,2.0,0.497,497.0,1.0,1.0,471.0,1.0,12,0.7571560363343461
ds000102,sub-07,2,13,flanker,incongruent,140.0,2.0,0.565,565.0,1.0,1.0,497.0,1.0,13,1.8079031887983368
ds000102,sub-07,2,14,flanker,congruent,150.0,2.0,0.408,408.0,1.0,0.0,565.0,1.0,14,-0.6180865602729356
ds000102,sub-07,2,15,flanker,incongruent,164.0,2.0,0.386,386.0,1.0,1.0,408.0,1.0,15,-0.9580341684230502
ds000102,sub-07,2,16,flanker,congruent,174.0,2.0,0.414,414.0,1.0,0.0,386.0,1.0,16,-0.5253735762319953
ds000102,sub-07,2,17,flanker,incongruent,184.0,2.0,0.497,497.0,1.0,1.0,414.0,1.0,17,0.7571560363343461
ds000102,sub-07,2,18,flanker,incongruent,196.0,2.0,0.436,436.0,1.0,1.0,497.0,1.0,18,-0.1854259680818807
ds000102,sub-07,2,19,flanker,incongruent,208.0,2.0,0.488,488.0,1.0,1.0,436.0,1.0,19,0.6180865602729356
ds000102,sub-07,2,20,flanker,congruent,220.0,2.0,0.433,433.0,1.0,0.0,488.0,1.0,20,-0.23178246010235087
ds000102,sub-07,2,21,flanker,congruent,232.0,2.0,0.524,524.0,1.0,0.0,433.0,1.0,21,1.1743644645185778
ds000102,sub-07,2,22,flanker,congruent,246.0,2.0,0.447,447.0,1.0,0.0,524.0,1.0,22,-0.015452164006823392
ds000102,sub-07,2,23,flanker,congruent,260.0,2.0,0.41,410.0,1.0,0.0,447.0,1.0,23,-0.5871822322592889
ds000102,sub-07,2,24,flanker,incongruent,274.0,2.0,0.403,403.0,1.0,1.0,410.0,1.0,24,-0.6953473803070527
ds000102,sub-08,1,1,flanker,incongruent,0.0,2.0,1.204,1204.0,1.0,1.0,,,1,3.082402921022977
ds000102,sub-08,1,2,flanker,incongruent,10.0,2.0,0.808,808.0,1.0,1.0,1204.0,1.0,2,1.0879069133022272
ds000102,sub-08,1,3,flanker,incongruent,20.0,2.0,0.699,699.0,1.0,1.0,808.0,1.0,3,0.5389168505710107
ds000102,sub-08,1,4,flanker,congruent,32.0,2.0,0.567,567.0,1.0,0.0,699.0,1.0,4,-0.1259151520025726
ds000102,sub-08,1,5,flanker,congruent,42.0,2.0,0.49,490.0,1.0,0.0,567.0,1.0,5,-0.5137338201704962
ds000102,sub-08,1,6,flanker,incongruent,52.0,2.0,0.837,837.0,1.0,1.0,490.0,1.0,6,1.2339684896252114
ds000102,sub-08,1,7,flanker,congruent,64.0,2.0,0.592,592.0,1.0,0.0,837.0,1.0,7,0.0
ds000102,sub-08,1,8,flanker,congruent,76.0,2.0,0.411,411.0,1.0,0.0,592.0,1.0,8,-0.9116257004986256
ds000102,sub-08,1,9,flanker,incongruent,88.0,2.0,0.646,646.0,1.0,1.0,411.0,1.0,9,0.2719767283255568
ds000102,sub-08,1,10,flanker,congruent,102.0,2.0,0.463,463.0,1.0,0.0,646.0,1.0,10,-0.6497221843332746
ds000102,sub-08,1,11,flanker,congruent,116.0,2.0,0.425,425.0,1.0,0.0,463.0,1.0,11,-0.841113215377185
ds000102,sub-08,1,12,flanker,incongruent,130.0,2.0,0.603,603.0,1.0,1.0,425.0,1.0,12,0.05540266688113194
ds000102,sub-08,1,13,flanker,incongruent,144.0,2.0,0.59,590.0,1.0,1.0,603.0,1.0,13,-0.010073212160205808
ds000102,sub-08,1,14,flanker,congruent,154.0,2.0,0.401,401.0,1.0,0.0,590.0,1.0,14,-0.9619917612996547
ds000102,sub-08,1,15,flanker,congruent,164.0,2.0,0.397,397.0,1.0,0.0,401.0,1.0,15,-0.9821381856200663
ds000102,sub-08,1,16,flanker,incongruent,174.0,2.0,0.624,624.0,1.0,1.0,397.0,1.0,16,0.16117139456329294
ds000102,sub-08,1,17,flanker,congruent,184.0,2.0,0.493,493.0,1.0,0.0,624.0,1.0,17,-0.49862400193018747
ds000102,sub-08,1,18,flanker,congruent,196.0,2.0,0.479,479.0,1.0,0.0,493.0,1.0,18,-0.5691364870516281
ds000102,sub-08,1,19,flanker,congruent,208.0,2.0,0.377,377.0,1.0,0.0,479.0,1.0,19,-1.0828703072221244
ds000102,sub-08,1,20,flanker,congruent,222.0,2.0,0.468,468.0,1.0,0.0,377.0,1.0,20,-0.62453915393276
ds000102,sub-08,1,21,flanker,incongruent,236.0,2.0,0.382,382.0,0.0,1.0,468.0,1.0,21,-1.05768727682161
ds000102,sub-08,1,22,flanker,incongruent,248.0,2.0,0.769,769.0,1.0,1.0,382.0,0.0,22,0.891479276178214
ds000102,sub-08,1,23,flanker,incongruent,260.0,2.0,0.699,699.0,1.0,1.0,769.0,1.0,23,0.5389168505710107
ds000102,sub-08,1,24,flanker,incongruent,274.0,2.0,0.597,597.0,1.0,1.0,699.0,1.0,24,0.02518303040051452
ds000102,sub-08,2,1,flanker,incongruent,0.0,2.0,0.841,841.0,1.0,1.0,,,1,1.2541149139456231
ds000102,sub-08,2,2,flanker,incongruent,10.0,2.0,0.558,558.0,1.0,1.0,841.0,1.0,2,-0.17124460672349873
ds000102,sub-08,2,3,flanker,incongruent,20.0,2.0,0.562,562.0,1.0,1.0,558.0,1.0,3,-0.15109818240308712
ds000102,sub-08,2,4,flanker,congruent,30.0,2.0,0.685,685.0,1.0,0.0,562.0,1.0,4,0.4684043654495701
ds000102,sub-08,2,5,flanker,congruent,40.0,2.0,0.464,464.0,1.0,0.0,685.0,1.0,5,-0.6446855782531717
ds000102,sub-08,2,6,flanker,incongruent,52.0,2.0,0.659,659.0,1.0,1.0,464.0,1.0,6,0.3374526073668946
ds000102,sub-08,2,7,flanker,congruent,64.0,2.0,0.653,653.0,1.0,0.0,659.0,1.0,7,0.30723297088627716
ds000102,sub-08,2,8,flanker,congruent,76.0,2.0,0.674,674.0,1.0,0.0,653.0,1.0,8,0.4130016985684381
ds000102,sub-08,2,9,flanker,incongruent,88.0,2.0,0.987,987.0,1.0,1.0,674.0,1.0,9,1.989459401640647
ds000102,sub-08,2,10,flanker,congruent,102.0,2.0,0.43,430.0,1.0,0.0,987.0,1.0,10,-0.8159301849766705
ds000102,sub-08,2,11,flanker,congruent,116.0,2.0,0.399,399.0,1.0,0.0,430.0,1.0,11,-0.9720649734598604
ds000102,sub-08,2,12,flanker,incongruent,130.0,2.0,0.458,458.0,1.0,1.0,399.0,1.0,12,-0.6749052147337892
ds000102,sub-08,2,13,flanker,incongruent,140.0,2.0,0.551,551.0,1.0,1.0,458.0,1.0,13,-0.20650084928421905
ds000102,sub-08,2,14,flanker,congruent,150.0,2.0,1.225,1225.0,1.0,0.0,551.0,1.0,14,3.188171648705138
ds000102,sub-08,2,15,flanker,congruent,164.0,2.0,0.738,738.0,1.0,0.0,1225.0,1.0,15,0.735344487695024
ds000102,sub-08,2,16,flanker,incongruent,174.0,2.0,0.621,621.0,1.0,1.0,738.0,1.0,16,0.14606157632298422
ds000102,sub-08,2,17,flanker,congruent,184.0,2.0,0.0,,0.0,0.0,621.0,1.0,17,
ds000102,sub-08,2,18,flanker,congruent,196.0,2.0,0.677,677.0,1.0,0.0,,0.0,18,0.4281115168087468
ds000102,sub-08,2,19,flanker,congruent,208.0,2.0,0.542,542.0,1.0,0.0,677.0,1.0,19,-0.2518303040051452
ds000102,sub-08,2,20,flanker,congruent,220.0,2.0,0.561,561.0,1.0,0.0,542.0,1.0,20,-0.15613478848319
ds000102,sub-08,2,21,flanker,incongruent,232.0,2.0,1.077,1077.0,1.0,1.0,561.0,1.0,21,2.4427539488499086
ds000102,sub-08,2,22,flanker,incongruent,246.0,2.0,0.519,519.0,1.0,1.0,1077.0,1.0,22,-0.367672243847512
ds000102,sub-08,2,23,flanker,incongruent,260.0,2.0,0.592,592.0,1.0,1.0,519.0,1.0,23,0.0
ds000102,sub-08,2,24,flanker,incongruent,274.0,2.0,0.611,611.0,1.0,1.0,592.0,1.0,24,0.09569551552195517
ds000102,sub-09,1,1,flanker,congruent,0.0,2.0,0.856,856.0,1.0,0.0,,,1,4.196495031901972
ds000102,sub-09,1,2,flanker,incongruent,10.0,2.0,0.644,644.0,1.0,1.0,856.0,1.0,2,1.6140365507315277
ds000102,sub-09,1,3,flanker,congruent,20.0,2.0,0.543,543.0,1.0,0.0,644.0,1.0,3,0.3837143497965519
ds000102,sub-09,1,4,flanker,incongruent,30.0,2.0,0.554,554.0,1.0,1.0,543.0,1.0,4,0.5177098370270938
ds000102,sub-09,1,5,flanker,incongruent,40.0,2.0,0.599,599.0,1.0,1.0,554.0,1.0,5,1.0658731938793107
ds000102,sub-09,1,6,flanker,congruent,52.0,2.0,0.442,442.0,1.0,0.0,599.0,1.0,6,-0.846607851138424
ds000102,sub-09,1,7,flanker,congruent,64.0,2.0,0.428,428.0,1.0,0.0,442.0,1.0,7,-1.0171475621591137
ds000102,sub-09,1,8,flanker,incongruent,76.0,2.0,0.51,510.0,1.0,1.0,428.0,1.0,8,-0.018272111895073898
ds000102,sub-09,1,9,flanker,congruent,88.0,2.0,0.458,458.0,1.0,0.0,510.0,1.0,9,-0.6517053242576357
ds000102,sub-09,1,10,flanker,congruent,102.0,2.0,0.435,435.0,1.0,0.0,458.0,1.0,10,-0.9318777066487688
ds000102,sub-09,1,11,flanker,congruent,116.0,2.0,0.453,453.0,1.0,0.0,435.0,1.0,11,-0.7126123639078821
ds000102,sub-09,1,12,flanker,incongruent,126.0,2.0,0.561,561.0,1.0,1.0,453.0,1.0,12,0.6029796925374387
ds000102,sub-09,1,13,flanker,incongruent,140.0,2.0,0.571,571.0,1.0,1.0,561.0,1.0,13,0.7247937718379314
ds000102,sub-09,1,14,flanker,incongruent,154.0,2.0,0.58,580.0,1.0,1.0,571.0,1.0,14,0.8344264432083747
ds000102,sub-09,1,15,flanker,incongruent,164.0,2.0,0.513,513.0,1.0,1.0,580.0,1.0,15,0.018272111895073898
ds000102,sub-09,1,16,flanker,congruent,174.0,2.0,0.46,460.0,1.0,0.0,513.0,1.0,16,-0.6273425083975371
ds000102,sub-09,1,17,flanker,incongruent,184.0,2.0,0.616,616.0,1.0,1.0,460.0,1.0,17,1.2729571286901482
ds000102,sub-09,1,18,flanker,incongruent,196.0,2.0,0.514,514.0,1.0,1.0,616.0,1.0,18,0.030453519825123166
ds000102,sub-09,1,19,flanker,incongruent,208.0,2.0,0.548,548.0,1.0,1.0,514.0,1.0,19,0.4446213894467982
ds000102,sub-09,1,20,flanker,congruent,222.0,2.0,0.439,439.0,1.0,0.0,548.0,1.0,20,-0.8831520749285717
ds000102,sub-09,1,21,flanker,incongruent,234.0,2.0,0.585,585.0,1.0,1.0,439.0,1.0,21,0.895333482858621
ds000102,sub-09,1,22,flanker,congruent,248.0,2.0,0.451,451.0,1.0,0.0,585.0,1.0,22,-0.7369751797679805
ds000102,sub-09,1,23,flanker,congruent,260.0,2.0,0.48,480.0,1.0,0.0,451.0,1.0,23,-0.3837143497965519
ds000102,sub-09,1,24,flanker,congruent,274.0,2.0,0.472,472.0,1.0,0.0,480.0,1.0,24,-0.481165613236946
ds000102,sub-09,2,1,flanker,congruent,0.0,2.0,0.59,590.0,1.0,0.0,,,1,0.9562405225088674
ds000102,sub-09,2,2,flanker,incongruent,10.0,2.0,0.474,474.0,1.0,1.0,590.0,1.0,2,-0.4568027973768475
ds000102,sub-09,2,3,flanker,congruent,20.0,2.0,0.446,446.0,1.0,0.0,474.0,1.0,3,-0.7978822194182269
ds000102,sub-09,2,4,flanker,incongruent,30.0,2.0,0.529,529.0,1.0,1.0,446.0,1.0,4,0.21317463877586215
ds000102,sub-09,2,5,flanker,incongruent,40.0,2.0,0.485,485.0,1.0,1.0,529.0,1.0,5,-0.32280731014630554
ds000102,sub-09,2,6,flanker,congruent,52.0,2.0,0.536,536.0,1.0,0.0,485.0,1.0,6,0.298444494286207
ds000102,sub-09,2,7,flanker,congruent,64.0,2.0,0.522,522.0,1.0,0.0,536.0,1.0,7,0.1279047832655173
ds000102,sub-09,2,8,flanker,incongruent,76.0,2.0,0.421,421.0,1.0,1.0,522.0,1.0,8,-1.1024174176694586
ds000102,sub-09,2,9,flanker,congruent,88.0,2.0,0.439,439.0,1.0,0.0,421.0,1.0,9,-0.8831520749285717
ds000102,sub-09,2,10,flanker,congruent,102.0,2.0,0.451,451.0,1.0,0.0,439.0,1.0,10,-0.7369751797679805
ds000102,sub-09,2,11,flanker,congruent,116.0,2.0,0.643,643.0,1.0,0.0,451.0,1.0,11,1.6018551428014784
ds000102,sub-09,2,12,flanker,incongruent,130.0,2.0,0.534,534.0,1.0,1.0,643.0,1.0,12,0.2740816784261085
ds000102,sub-09,2,13,flanker,incongruent,144.0,2.0,0.479,479.0,1.0,1.0,534.0,1.0,13,-0.3958957577266011
ds000102,sub-09,2,14,flanker,incongruent,154.0,2.0,0.524,524.0,1.0,1.0,479.0,1.0,14,0.15226759912561583
ds000102,sub-09,2,15,flanker,incongruent,164.0,2.0,0.51,510.0,1.0,1.0,524.0,1.0,15,-0.018272111895073898
ds000102,sub-09,2,16,flanker,congruent,174.0,2.0,0.435,435.0,1.0,0.0,510.0,1.0,16,-0.9318777066487688
ds000102,sub-09,2,17,flanker,incongruent,184.0,2.0,0.583,583.0,1.0,1.0,435.0,1.0,17,0.8709706669985225
ds000102,sub-09,2,18,flanker,incongruent,196.0,2.0,0.52,520.0,1.0,1.0,583.0,1.0,18,0.10354196740541875
ds000102,sub-09,2,19,flanker,incongruent,208.0,2.0,0.435,435.0,1.0,1.0,520.0,1.0,19,-0.9318777066487688
ds000102,sub-09,2,20,flanker,congruent,220.0,2.0,0.535,535.0,1.0,0.0,435.0,1.0,20,0.28626308635615777
ds000102,sub-09,2,21,flanker,incongruent,234.0,2.0,0.488,488.0,1.0,1.0,535.0,1.0,21,-0.28626308635615777
ds000102,sub-09,2,22,flanker,congruent,246.0,2.0,0.466,466.0,1.0,0.0,488.0,1.0,22,-0.5542540608172416
ds000102,sub-09,2,23,flanker,congruent,260.0,2.0,0.701,701.0,1.0,0.0,466.0,1.0,23,2.308376802744336
ds000102,sub-09,2,24,flanker,congruent,274.0,2.0,0.479,479.0,1.0,0.0,701.0,1.0,24,-0.3958957577266011
ds000102,sub-10,1,1,flanker,incongruent,0.0,2.0,0.63,630.0,1.0,1.0,,,1,0.4968250371567113
ds000102,sub-10,1,2,flanker,congruent,10.0,2.0,0.496,496.0,1.0,0.0,630.0,1.0,2,-1.0696350799962135
ds000102,sub-10,1,3,flanker,congruent,20.0,2.0,0.5,500.0,1.0,0.0,496.0,1.0,3,-1.0228750764991115
ds000102,sub-10,1,4,flanker,congruent,30.0,2.0,0.529,529.0,1.0,0.0,500.0,1.0,4,-0.6838650511451202
ds000102,sub-10,1,5,flanker,incongruent,42.0,2.0,0.531,531.0,1.0,1.0,529.0,1.0,5,-0.660485049396569
ds000102,sub-10,1,6,flanker,incongruent,52.0,2.0,0.639,639.0,1.0,1.0,531.0,1.0,6,0.6020350450251913
ds000102,sub-10,1,7,flanker,incongruent,64.0,2.0,0.577,577.0,1.0,1.0,639.0,1.0,7,-0.12274500917989337
ds000102,sub-10,1,8,flanker,congruent,76.0,2.0,0.532,532.0,1.0,0.0,577.0,1.0,8,-0.6487950485222935
ds000102,sub-10,1,9,flanker,incongruent,88.0,2.0,0.631,631.0,1.0,1.0,532.0,1.0,9,0.5085150380309869
ds000102,sub-10,1,10,flanker,congruent,102.0,2.0,0.592,592.0,1.0,0.0,631.0,1.0,10,0.052605003934240016
ds000102,sub-10,1,11,flanker,congruent,116.0,2.0,0.491,491.0,1.0,0.0,592.0,1.0,11,-1.1280850843675914
ds000102,sub-10,1,12,flanker,congruent,130.0,2.0,0.436,436.0,1.0,0.0,491.0,1.0,12,-1.7710351324527471
ds000102,sub-10,1,13,flanker,congruent,140.0,2.0,0.448,448.0,1.0,0.0,436.0,1.0,13,-1.6307551219614405
ds000102,sub-10,1,14,flanker,incongruent,150.0,2.0,0.588,588.0,1.0,1.0,448.0,1.0,14,0.0058450004371377795
ds000102,sub-10,1,15,flanker,incongruent,164.0,2.0,0.646,646.0,1.0,1.0,588.0,1.0,15,0.6838650511451202
ds000102,sub-10,1,16,flanker,incongruent,174.0,2.0,0.538,538.0,1.0,1.0,646.0,1.0,16,-0.5786550432766402
ds000102,sub-10,1,17,flanker,incongruent,184.0,2.0,0.893,893.0,1.0,1.0,538.0,1.0,17,3.5712952670911835
ds000102,sub-10,1,18,flanker,congruent,196.0,2.0,0.664,664.0,1.0,0.0,893.0,1.0,18,0.8942850668820803
ds000102,sub-10,1,19,flanker,congruent,208.0,2.0,0.667,667.0,1.0,0.0,664.0,1.0,19,0.929355069504907
ds000102,sub-10,1,20,flanker,incongruent,220.0,2.0,0.606,606.0,1.0,1.0,667.0,1.0,20,0.21626501617409785
ds000102,sub-10,1,21,flanker,incongruent,232.0,2.0,0.553,553.0,1.0,1.0,606.0,1.0,21,-0.4033050301625068
ds000102,sub-10,1,22,flanker,congruent,246.0,2.0,0.466,466.0,1.0,0.0,553.0,1.0,22,-1.4203351062244804
ds000102,sub-10,1,23,flanker,congruent,260.0,2.0,0.459,459.0,1.0,0.0,466.0,1.0,23,-1.5021651123444093
ds000102,sub-10,1,24,flanker,incongruent,274.0,2.0,0.662,662.0,1.0,1.0,459.0,1.0,24,0.8709050651335292
ds000102,sub-10,2,1,flanker,incongruent,0.0,2.0,0.672,672.0,1.0,1.0,,,1,0.9878050738762847
ds000102,sub-10,2,2,flanker,congruent,10.0,2.0,0.621,621.0,1.0,0.0,672.0,1.0,2,0.3916150292882312
ds000102,sub-10,2,3,flanker,congruent,20.0,2.0,0.55,550.0,1.0,0.0,621.0,1.0,3,-0.43837503278533346
ds000102,sub-10,2,4,flanker,congruent,30.0,2.0,0.532,532.0,1.0,0.0,550.0,1.0,4,-0.6487950485222935
ds000102,sub-10,2,5,flanker,incongruent,42.0,2.0,0.486,486.0,1.0,1.0,532.0,1.0,5,-1.1865350887389692
ds000102,sub-10,2,6,flanker,incongruent,52.0,2.0,0.537,537.0,1.0,1.0,486.0,1.0,6,-0.5903450441509157
ds000102,sub-10,2,7,flanker,incongruent,64.0,2.0,0.54,540.0,1.0,1.0,537.0,1.0,7,-0.555275041528089
ds000102,sub-10,2,8,flanker,congruent,76.0,2.0,0.607,607.0,1.0,0.0,540.0,1.0,8,0.2279550170483734
ds000102,sub-10,2,9,flanker,incongruent,88.0,2.0,0.602,602.0,1.0,1.0,607.0,1.0,9,0.1695050126769956
ds000102,sub-10,2,10,flanker,congruent,102.0,2.0,0.573,573.0,1.0,0.0,602.0,1.0,10,-0.1695050126769956
ds000102,sub-10,2,11,flanker,congruent,116.0,2.0,0.717,717.0,1.0,0.0,573.0,1.0,11,1.5138551132186848
ds000102,sub-10,2,12,flanker,congruent,130.0,2.0,0.607,607.0,1.0,0.0,717.0,1.0,12,0.2279550170483734
ds000102,sub-10,2,13,flanker,congruent,140.0,2.0,0.724,724.0,1.0,0.0,607.0,1.0,13,1.595685119338614
ds000102,sub-10,2,14,flanker,incongruent,154.0,2.0,0.581,581.0,1.0,1.0,724.0,1.0,14,-0.07598500568279114
ds000102,sub-10,2,15,flanker,incongruent,164.0,2.0,0.561,561.0,1.0,1.0,581.0,1.0,15,-0.3097850231683023
ds000102,sub-10,2,16,flanker,incongruent,174.0,2.0,0.652,652.0,1.0,1.0,561.0,1.0,16,0.7540050563907735
ds000102,sub-10,2,17,flanker,incongruent,184.0,2.0,0.624,624.0,1.0,1.0,652.0,1.0,17,0.4266850319110579
ds000102,sub-10,2,18,flanker,congruent,196.0,2.0,0.587,587.0,1.0,0.0,624.0,1.0,18,-0.0058450004371377795
ds000102,sub-10,2,19,flanker,congruent,208.0,2.0,0.541,541.0,1.0,0.0,587.0,1.0,19,-0.5435850406538135
ds000102,sub-10,2,20,flanker,incongruent,220.0,2.0,0.599,599.0,1.0,1.0,541.0,1.0,20,0.13443501005416894
ds000102,sub-10,2,21,flanker,incongruent,232.0,2.0,0.715,715.0,1.0,1.0,599.0,1.0,21,1.4904751114701338
ds000102,sub-10,2,22,flanker,congruent,246.0,2.0,0.478,478.0,1.0,0.0,715.0,1.0,22,-1.2800550957331738
ds000102,sub-10,2,23,flanker,congruent,260.0,2.0,0.678,678.0,1.0,0.0,478.0,1.0,23,1.057945079121938
ds000102,sub-10,2,24,flanker,incongruent,274.0,2.0,0.617,617.0,1.0,1.0,678.0,1.0,24,0.344855025791129
ds000102,sub-11,1,1,flanker,incongruent,0.0,2.0,0.671,671.0,1.0,1.0,,,1,2.8256378641121227
ds000102,sub-11,1,2,flanker,incongruent,10.0,2.0,0.723,723.0,1.0,1.0,671.0,1.0,2,3.3962521123988423
ds000102,sub-11,1,3,flanker,incongruent,20.0,2.0,0.473,473.0,1.0,1.0,723.0,1.0,3,0.6529143802511507
ds000102,sub-11,1,4,flanker,congruent,32.0,2.0,0.409,409.0,1.0,0.0,473.0,1.0,4,-0.04938007917865845
ds000102,sub-11,1,5,flanker,congruent,42.0,2.0,0.373,373.0,1.0,0.0,409.0,1.0,5,-0.4444207126079261
ds000102,sub-11,1,6,flanker,congruent,52.0,2.0,0.481,481.0,1.0,0.0,373.0,1.0,6,0.7407011876798768
ds000102,sub-11,1,7,flanker,congruent,64.0,2.0,0.381,381.0,1.0,0.0,481.0,1.0,7,-0.3566339051791999
ds000102,sub-11,1,8,flanker,incongruent,76.0,2.0,0.624,624.0,1.0,1.0,381.0,1.0,8,2.3098903704683567
ds000102,sub-11,1,9,flanker,incongruent,88.0,2.0,0.481,481.0,1.0,1.0,624.0,1.0,9,0.7407011876798768
ds000102,sub-11,1,10,flanker,congruent,102.0,2.0,0.412,412.0,1.0,0.0,481.0,1.0,10,-0.01646002639288615
ds000102,sub-11,1,11,flanker,congruent,116.0,2.0,0.356,356.0,1.0,0.0,412.0,1.0,11,-0.6309676783939691
ds000102,sub-11,1,12,flanker,incongruent,130.0,2.0,0.471,471.0,1.0,1.0,356.0,1.0,12,0.6309676783939691
ds000102,sub-11,1,13,flanker,congruent,144.0,2.0,0.378,378.0,1.0,0.0,471.0,1.0,13,-0.3895539579649722
ds000102,sub-11,1,14,flanker,incongruent,154.0,2.0,0.469,469.0,1.0,1.0,378.0,1.0,14,0.6090209765367876
ds000102,sub-11,1,15,flanker,congruent,164.0,2.0,0.377,377.0,1.0,0.0,469.0,1.0,15,-0.40052730889356297
ds000102,sub-11,1,16,flanker,incongruent,174.0,2.0,0.652,652.0,1.0,1.0,377.0,1.0,16,2.6171441964688977
ds000102,sub-11,1,17,flanker,incongruent,184.0,2.0,0.472,472.0,1.0,1.0,652.0,1.0,17,0.6419410293225599
ds000102,sub-11,1,18,flanker,incongruent,196.0,2.0,0.563,563.0,1.0,1.0,472.0,1.0,18,1.6405159638243196
ds000102,sub-11,1,19,flanker,congruent,208.0,2.0,0.423,423.0,1.0,0.0,563.0,1.0,19,0.10424683382161229
ds000102,sub-11,1,20,flanker,congruent,220.0,2.0,0.376,376.0,1.0,0.0,423.0,1.0,20,-0.4115006598221538
ds000102,sub-11,1,21,flanker,congruent,232.0,2.0,0.34,340.0,1.0,0.0,376.0,1.0,21,-0.8065412932514214
ds000102,sub-11,1,22,flanker,incongruent,246.0,2.0,0.453,453.0,1.0,1.0,340.0,1.0,22,0.4334473616793353
ds000102,sub-11,1,23,flanker,congruent,260.0,2.0,0.375,375.0,1.0,0.0,453.0,1.0,23,-0.42247401075074453
ds000102,sub-11,1,24,flanker,incongruent,274.0,2.0,0.441,441.0,1.0,1.0,375.0,1.0,24,0.3017671505362461
ds000102,sub-11,2,1,flanker,incongruent,0.0,2.0,0.382,382.0,1.0,1.0,,,1,-0.34566055425060915
ds000102,sub-11,2,2,flanker,incongruent,10.0,2.0,0.498,498.0,1.0,1.0,382.0,1.0,2,0.9272481534659198
ds000102,sub-11,2,3,flanker,incongruent,20.0,2.0,0.415,415.0,1.0,1.0,498.0,1.0,3,0.01646002639288615
ds000102,sub-11,2,4,flanker,congruent,30.0,2.0,0.497,497.0,1.0,0.0,415.0,1.0,4,0.9162748025373291
ds000102,sub-11,2,5,flanker,congruent,40.0,2.0,0.381,381.0,1.0,0.0,497.0,1.0,5,-0.3566339051791999
ds000102,sub-11,2,6,flanker,congruent,52.0,2.0,0.385,385.0,1.0,0.0,381.0,1.0,6,-0.31274050146483684
ds000102,sub-11,2,7,flanker,congruent,64.0,2.0,0.379,379.0,1.0,0.0,385.0,1.0,7,-0.37858060703638147
ds000102,sub-11,2,8,flanker,incongruent,76.0,2.0,0.342,342.0,0.0,1.0,379.0,1.0,8,-0.7845945913942398
ds000102,sub-11,2,9,flanker,incongruent,88.0,2.0,0.351,351.0,1.0,1.0,342.0,0.0,9,-0.6858344330369229
ds000102,sub-11,2,10,flanker,congruent,102.0,2.0,0.45,450.0,1.0,0.0,351.0,1.0,10,0.40052730889356297
ds000102,sub-11,2,11,flanker,congruent,116.0,2.0,0.485,485.0,1.0,0.0,450.0,1.0,11,0.7845945913942398
ds000102,sub-11,2,12,flanker,incongruent,130.0,2.0,0.374,374.0,1.0,1.0,485.0,1.0,12,-0.4334473616793353
ds000102,sub-11,2,13,flanker,congruent,144.0,2.0,0.352,352.0,1.0,0.0,374.0,1.0,13,-0.6748610821083322
ds000102,sub-11,2,14,flanker,incongruent,154.0,2.0,0.355,355.0,1.0,1.0,352.0,1.0,14,-0.6419410293225599
ds000102,sub-11,2,15,flanker,congruent,164.0,2.0,0.463,463.0,1.0,0.0,355.0,1.0,15,0.5431808709652429
ds000102,sub-11,2,16,flanker,incongruent,174.0,2.0,0.451,451.0,1.0,1.0,463.0,1.0,16,0.4115006598221538
ds000102,sub-11,2,17,flanker,incongruent,184.0,2.0,0.406,406.0,1.0,1.0,451.0,1.0,17,-0.08230013196443076
ds000102,sub-11,2,18,flanker,incongruent,196.0,2.0,0.482,482.0,1.0,1.0,406.0,1.0,18,0.7516745386084676
ds000102,sub-11,2,19,flanker,congruent,208.0,2.0,0.363,363.0,1.0,0.0,482.0,1.0,19,-0.5541542218938338
ds000102,sub-11,2,20,flanker,congruent,220.0,2.0,0.311,311.0,1.0,0.0,363.0,1.0,20,-1.1247684701805536
ds000102,sub-11,2,21,flanker,congruent,234.0,2.0,0.296,296.0,0.0,0.0,311.0,1.0,21,-1.289368734109415
ds000102,sub-11,2,22,flanker,incongruent,246.0,2.0,0.388,388.0,1.0,1.0,296.0,0.0,22,-0.2798204486790646
ds000102,sub-11,2,23,flanker,congruent,260.0,2.0,0.478,478.0,1.0,0.0,388.0,1.0,23,0.7077811348941044
ds000102,sub-11,2,24,flanker,incongruent,274.0,2.0,0.486,486.0,1.0,1.0,478.0,1.0,24,0.7955679423228306
ds000102,sub-12,1,1,flanker,incongruent,0.0,2.0,0.884,884.0,1.0,1.0,,,1,0.8631254352886697
ds000102,sub-12,1,2,flanker,congruent,10.0,2.0,1.071,1071.0,1.0,0.0,884.0,1.0,2,2.4076656879105
ds000102,sub-12,1,3,flanker,congruent,20.0,2.0,0.955,955.0,1.0,0.0,1071.0,1.0,3,1.4495551568723593
ds000102,sub-12,1,4,flanker,incongruent,30.0,2.0,1.255,1255.0,1.0,1.0,955.0,1.0,4,3.927427219902033
ds000102,sub-12,1,5,flanker,congruent,40.0,2.0,0.812,812.0,1.0,0.0,1255.0,1.0,5,0.268436140161548
ds000102,sub-12,1,6,flanker,incongruent,52.0,2.0,0.822,822.0,1.0,1.0,812.0,1.0,6,0.35103187559587046
ds000102,sub-12,1,7,flanker,congruent,64.0,2.0,0.793,793.0,1.0,0.0,822.0,1.0,7,0.11150424283633532
ds000102,sub-12,1,8,flanker,incongruent,76.0,2.0,0.85,850.0,1.0,1.0,793.0,1.0,8,0.5822999348119733
ds000102,sub-12,1,9,flanker,congruent,88.0,2.0,0.765,765.0,1.0,0.0,850.0,1.0,9,-0.11976381637976756
ds000102,sub-12,1,10,flanker,congruent,102.0,2.0,0.775,775.0,1.0,0.0,765.0,1.0,10,-0.0371680809454451
ds000102,sub-12,1,11,flanker,incongruent,116.0,2.0,0.946,946.0,1.0,1.0,775.0,1.0,11,1.375218994981469
ds000102,sub-12,1,12,flanker,incongruent,130.0,2.0,0.891,891.0,1.0,1.0,946.0,1.0,12,0.9209424500926954
ds000102,sub-12,1,13,flanker,congruent,144.0,2.0,0.782,782.0,1.0,0.0,891.0,1.0,13,0.020648933858580614
ds000102,sub-12,1,14,flanker,congruent,154.0,2.0,0.753,753.0,1.0,0.0,782.0,1.0,14,-0.21887869890095452
ds000102,sub-12,1,15,flanker,incongruent,164.0,2.0,0.885,885.0,1.0,1.0,753.0,1.0,15,0.8713850088321019
ds000102,sub-12,1,16,flanker,incongruent,174.0,2.0,0.809,809.0,1.0,1.0,885.0,1.0,16,0.24365741953125125
ds000102,sub-12,1,17,flanker,congruent,184.0,2.0,0.709,709.0,1.0,0.0,809.0,1.0,17,-0.5822999348119733
ds000102,sub-12,1,18,flanker,incongruent,196.0,2.0,0.806,806.0,1.0,1.0,709.0,1.0,18,0.21887869890095452
ds000102,sub-12,1,19,flanker,incongruent,208.0,2.0,0.777,777.0,1.0,1.0,806.0,1.0,19,-0.020648933858580614
ds000102,sub-12,1,20,flanker,congruent,220.0,2.0,0.733,733.0,1.0,0.0,777.0,1.0,20,-0.38407016976959946
ds000102,sub-12,1,21,flanker,incongruent,232.0,2.0,0.84,840.0,1.0,1.0,733.0,1.0,21,0.49970419937765087
ds000102,sub-12,1,22,flanker,congruent,246.0,2.0,0.713,713.0,1.0,0.0,840.0,1.0,22,-0.5492616406382443
ds000102,sub-12,1,23,flanker,congruent,260.0,2.0,0.724,724.0,1.0,0.0,713.0,1.0,23,-0.45840633166048966
ds000102,sub-12,1,24,flanker,incongruent,274.0,2.0,0.829,829.0,1.0,1.0,724.0,1.0,24,0.4088488903998962
ds000102,sub-12,2,1,flanker,incongruent,0.0,2.0,0.854,854.0,1.0,1.0,,,1,0.6153382289857023
ds000102,sub-12,2,2,flanker,congruent,10.0,2.0,0.584,584.0,1.0,0.0,854.0,1.0,2,-1.614746627741004
ds000102,sub-12,2,3,flanker,congruent,20.0,2.0,0.828,828.0,1.0,0.0,584.0,1.0,3,0.40058931685646393
ds000102,sub-12,2,4,flanker,incongruent,30.0,2.0,0.743,743.0,1.0,1.0,828.0,1.0,4,-0.301474434335277
ds000102,sub-12,2,5,flanker,congruent,40.0,2.0,0.691,691.0,1.0,0.0,743.0,1.0,5,-0.7309722585937538
ds000102,sub-12,2,6,flanker,incongruent,52.0,2.0,0.829,829.0,1.0,1.0,691.0,1.0,6,0.4088488903998962
ds000102,sub-12,2,7,flanker,congruent,64.0,2.0,0.786,786.0,1.0,0.0,829.0,1.0,7,0.053687228032309596
ds000102,sub-12,2,8,flanker,incongruent,76.0,2.0,0.635,635.0,1.0,1.0,786.0,1.0,8,-1.1935083770259596
ds000102,sub-12,2,9,flanker,congruent,88.0,2.0,0.646,646.0,1.0,0.0,635.0,1.0,9,-1.1026530680482047
ds000102,sub-12,2,10,flanker,congruent,102.0,2.0,0.639,639.0,1.0,0.0,646.0,1.0,10,-1.1604700828522305
ds000102,sub-12,2,11,flanker,incongruent,116.0,2.0,0.802,802.0,1.0,1.0,639.0,1.0,11,0.18584040472722554
ds000102,sub-12,2,12,flanker,incongruent,130.0,2.0,0.756,756.0,1.0,1.0,802.0,1.0,12,-0.19409997827065778
ds000102,sub-12,2,13,flanker,congruent,144.0,2.0,0.693,693.0,1.0,0.0,756.0,1.0,13,-0.7144531115068893
ds000102,sub-12,2,14,flanker,congruent,154.0,2.0,0.707,707.0,1.0,0.0,693.0,1.0,14,-0.5988190818988378
ds000102,sub-12,2,15,flanker,incongruent,164.0,2.0,0.87,870.0,1.0,1.0,707.0,1.0,15,0.7474914056806182
ds000102,sub-12,2,16,flanker,incongruent,174.0,2.0,0.905,905.0,1.0,1.0,870.0,1.0,16,1.0365764797007468
ds000102,sub-12,2,17,flanker,congruent,184.0,2.0,0.684,684.0,1.0,0.0,905.0,1.0,17,-0.7887892733977795
ds000102,sub-12,2,18,flanker,incongruent,196.0,2.0,0.775,775.0,1.0,1.0,684.0,1.0,18,-0.0371680809454451
ds000102,sub-12,2,19,flanker,incongruent,208.0,2.0,0.706,706.0,1.0,1.0,775.0,1.0,19,-0.60707865544227
ds000102,sub-12,2,20,flanker,congruent,222.0,2.0,0.684,684.0,1.0,0.0,706.0,1.0,20,-0.7887892733977795
ds000102,sub-12,2,21,flanker,incongruent,234.0,2.0,0.95,950.0,1.0,1.0,684.0,1.0,21,1.4082572891551979
ds000102,sub-12,2,22,flanker,congruent,248.0,2.0,0.608,608.0,1.0,0.0,950.0,1.0,22,-1.4165168626986302
ds000102,sub-12,2,23,flanker,congruent,260.0,2.0,0.699,699.0,1.0,0.0,608.0,1.0,23,-0.6648956702462958
ds000102,sub-12,2,24,flanker,incongruent,274.0,2.0,0.653,653.0,1.0,1.0,699.0,1.0,24,-1.0448360532441792
ds000102,sub-13,1,1,flanker,incongruent,0.0,2.0,0.935,935.0,1.0,1.0,,,1,2.6028460104593636
ds000102,sub-13,1,2,flanker,congruent,10.0,2.0,0.836,836.0,1.0,0.0,935.0,1.0,2,1.8347930893402071
ds000102,sub-13,1,3,flanker,congruent,20.0,2.0,0.591,591.0,1.0,0.0,836.0,1.0,3,-0.06594393767184677
ds000102,sub-13,1,4,flanker,incongruent,30.0,2.0,0.873,873.0,1.0,1.0,591.0,1.0,4,2.1218431709705987
ds000102,sub-13,1,5,flanker,incongruent,40.0,2.0,0.63,630.0,1.0,1.0,873.0,1.0,5,0.23662236458721486
ds000102,sub-13,1,6,flanker,incongruent,52.0,2.0,0.784,784.0,1.0,1.0,630.0,1.0,6,1.4313713529947916
ds000102,sub-13,1,7,flanker,congruent,64.0,2.0,0.571,571.0,1.0,0.0,784.0,1.0,7,-0.22110614395854503
ds000102,sub-13,1,8,flanker,congruent,76.0,2.0,0.639,639.0,1.0,0.0,571.0,1.0,8,0.3064453574162291
ds000102,sub-13,1,9,flanker,incongruent,88.0,2.0,0.72,720.0,1.0,1.0,639.0,1.0,9,0.934852292877357
ds000102,sub-13,1,10,flanker,congruent,102.0,2.0,0.499,499.0,1.0,0.0,720.0,1.0,10,-0.7796900865906587
ds000102,sub-13,1,11,flanker,congruent,116.0,2.0,0.445,445.0,1.0,0.0,499.0,1.0,11,-1.198628043564744
ds000102,sub-13,1,12,flanker,congruent,130.0,2.0,0.495,495.0,1.0,0.0,445.0,1.0,12,-0.8107225278479985
ds000102,sub-13,1,13,flanker,incongruent,140.0,2.0,0.755,755.0,1.0,1.0,495.0,1.0,13,1.206386153879079
ds000102,sub-13,1,14,flanker,congruent,154.0,2.0,0.556,556.0,1.0,0.0,755.0,1.0,14,-0.33747779867356875
ds000102,sub-13,1,15,flanker,incongruent,164.0,2.0,0.721,721.0,1.0,1.0,556.0,1.0,15,0.942610403191692
ds000102,sub-13,1,16,flanker,incongruent,174.0,2.0,0.699,699.0,1.0,1.0,721.0,1.0,16,0.7719319762763239
ds000102,sub-13,1,17,flanker,incongruent,184.0,2.0,0.664,664.0,1.0,1.0,699.0,1.0,17,0.5003981152746019
ds000102,sub-13,1,18,flanker,congruent,196.0,2.0,0.539,539.0,1.0,0.0,664.0,1.0,18,-0.46936567401726226
ds000102,sub-13,1,19,flanker,congruent,208.0,2.0,0.54,540.0,1.0,0.0,539.0,1.0,19,-0.4616075637029273
ds000102,sub-13,1,20,flanker,incongruent,220.0,2.0,0.672,672.0,1.0,1.0,540.0,1.0,20,0.5624629977892812
ds000102,sub-13,1,21,flanker,congruent,232.0,2.0,1.01,1010.0,1.0,0.0,672.0,1.0,21,3.184704284034482
ds000102,sub-13,1,22,flanker,incongruent,246.0,2.0,0.604,604.0,1.0,1.0,1010.0,1.0,22,0.03491149641450711
ds000102,sub-13,1,23,flanker,incongruent,260.0,2.0,0.654,654.0,1.0,1.0,604.0,1.0,23,0.4228170121312528
ds000102,sub-13,1,24,flanker,congruent,274.0,2.0,0.497,497.0,1.0,0.0,654.0,1.0,24,-0.7952063072193286
ds000102,sub-13,2,1,flanker,incongruent,0.0,2.0,0.554,554.0,1.0,1.0,,,1,-0.35299401930223856
ds000102,sub-13,2,2,flanker,congruent,10.0,2.0,0.534,534.0,1.0,0.0,554.0,1.0,2,-0.5081562255889368
ds000102,sub-13,2,3,flanker,congruent,20.0,2.0,0.507,507.0,1.0,0.0,534.0,1.0,3,-0.7176252040759795
ds000102,sub-13,2,4,flanker,incongruent,30.0,2.0,0.51,510.0,1.0,1.0,507.0,1.0,4,-0.6943508731329747
ds000102,sub-13,2,5,flanker,incongruent,42.0,2.0,0.585,585.0,1.0,1.0,510.0,1.0,5,-0.11249259955785625
ds000102,sub-13,2,6,flanker,incongruent,54.0,2.0,0.731,731.0,1.0,1.0,585.0,1.0,6,1.020191506335041
ds000102,sub-13,2,7,flanker,congruent,64.0,2.0,0.648,648.0,1.0,0.0,731.0,1.0,7,0.3762683502452433
ds000102,sub-13,2,8,flanker,congruent,76.0,2.0,0.619,619.0,1.0,0.0,648.0,1.0,8,0.1512831511295308
ds000102,sub-13,2,9,flanker,incongruent,88.0,2.0,0.501,501.0,1.0,1.0,619.0,1.0,9,-0.764173865961989
ds000102,sub-13,2,10,flanker,congruent,102.0,2.0,0.471,471.0,1.0,0.0,501.0,1.0,10,-0.9969171753920364
ds000102,sub-13,2,11,flanker,congruent,116.0,2.0,0.704,704.0,1.0,0.0,471.0,1.0,11,0.8107225278479985
ds000102,sub-13,2,12,flanker,congruent,130.0,2.0,0.402,402.0,1.0,0.0,704.0,1.0,12,-1.5322267870811455
ds000102,sub-13,2,13,flanker,incongruent,140.0,2.0,0.479,479.0,1.0,1.0,402.0,1.0,13,-0.934852292877357
ds000102,sub-13,2,14,flanker,congruent,150.0,2.0,0.57,570.0,1.0,0.0,479.0,1.0,14,-0.22886425427287996
ds000102,sub-13,2,15,flanker,incongruent,164.0,2.0,0.612,612.0,1.0,1.0,570.0,1.0,15,0.09697637892918642
ds000102,sub-13,2,16,flanker,incongruent,174.0,2.0,0.649,649.0,1.0,1.0,612.0,1.0,16,0.38402646055957823
ds000102,sub-13,2,17,flanker,incongruent,184.0,2.0,0.571,571.0,1.0,1.0,649.0,1.0,17,-0.22110614395854503
ds000102,sub-13,2,18,flanker,congruent,196.0,2.0,0.487,487.0,1.0,0.0,571.0,1.0,18,-0.8727874103626777
ds000102,sub-13,2,19,flanker,congruent,208.0,2.0,0.64,640.0,1.0,0.0,487.0,1.0,19,0.314203467730564
ds000102,sub-13,2,20,flanker,incongruent,220.0,2.0,0.636,636.0,1.0,1.0,640.0,1.0,20,0.28317102647322434
ds000102,sub-13,2,21,flanker,congruent,232.0,2.0,0.454,454.0,1.0,0.0,636.0,1.0,21,-1.12880505073573
ds000102,sub-13,2,22,flanker,incongruent,246.0,2.0,0.656,656.0,1.0,1.0,454.0,1.0,22,0.4383332327599226
ds000102,sub-13,2,23,flanker,incongruent,260.0,2.0,0.595,595.0,1.0,1.0,656.0,1.0,23,-0.03491149641450711
ds000102,sub-13,2,24,flanker,congruent,274.0,2.0,0.445,445.0,1.0,0.0,595.0,1.0,24,-1.198628043564744
ds000102,sub-14,1,1,flanker,congruent,0.0,2.0,1.398,1398.0,1.0,0.0,,,1,1.8017804277241998
ds000102,sub-14,1,2,flanker,congruent,10.0,2.0,0.77,770.0,1.0,0.0,1398.0,1.0,2,-0.43663323916165075
ds000102,sub-14,1,3,flanker,incongruent,20.0,2.0,1.526,1526.0,1.0,1.0,770.0,1.0,3,2.2580176082359653
ds000102,sub-14,1,4,flanker,congruent,30.0,2.0,0.635,635.0,1.0,0.0,1526.0,1.0,4,-0.9178208904826537
ds000102,sub-14,1,5,flanker,incongruent,42.0,2.0,1.236,1236.0,1.0,1.0,635.0,1.0,5,1.2243552461389962
ds000102,sub-14,1,6,flanker,congruent,52.0,2.0,0.696,696.0,1.0,0.0,1236.0,1.0,6,-0.7003953591450153
ds000102,sub-14,1,7,flanker,incongruent,64.0,2.0,1.258,1258.0,1.0,1.0,696.0,1.0,7,1.302771011539456
ds000102,sub-14,1,8,flanker,incongruent,76.0,2.0,1.037,1037.0,1.0,1.0,1258.0,1.0,8,0.5150490045621104
ds000102,sub-14,1,9,flanker,incongruent,88.0,2.0,0.894,894.0,1.0,1.0,1037.0,1.0,9,0.005346529459122254
ds000102,sub-14,1,10,flanker,congruent,102.0,2.0,0.747,747.0,1.0,0.0,894.0,1.0,10,-0.5186133575348587
ds000102,sub-14,1,11,flanker,congruent,116.0,2.0,0.651,651.0,1.0,0.0,747.0,1.0,11,-0.8607912429186829
ds000102,sub-14,1,12,flanker,incongruent,130.0,2.0,1.094,1094.0,1.0,1.0,651.0,1.0,12,0.7182171240087561
ds000102,sub-14,1,13,flanker,congruent,144.0,2.0,0.728,728.0,1.0,0.0,1094.0,1.0,13,-0.5863360640170739
ds000102,sub-14,1,14,flanker,incongruent,154.0,2.0,1.116,1116.0,1.0,1.0,728.0,1.0,14,0.796632889409216
ds000102,sub-14,1,15,flanker,congruent,164.0,2.0,0.927,927.0,1.0,0.0,1116.0,1.0,15,0.12297017755981185
ds000102,sub-14,1,16,flanker,incongruent,174.0,2.0,0.891,891.0,1.0,1.0,927.0,1.0,16,-0.005346529459122254
ds000102,sub-14,1,17,flanker,congruent,184.0,2.0,0.774,774.0,1.0,0.0,891.0,1.0,17,-0.4223758272706581
ds000102,sub-14,1,18,flanker,congruent,196.0,2.0,0.896,896.0,1.0,0.0,774.0,1.0,18,0.012475235404618593
ds000102,sub-14,1,19,flanker,incongruent,208.0,2.0,0.9,900.0,1.0,1.0,896.0,1.0,19,0.026732647295611273
ds000102,sub-14,1,20,flanker,congruent,220.0,2.0,0.935,935.0,1.0,0.0,900.0,1.0,20,0.1514850013417972
ds000102,sub-14,1,21,flanker,congruent,234.0,2.0,0.769,769.0,1.0,0.0,935.0,1.0,21,-0.44019759213439896
ds000102,sub-14,1,22,flanker,incongruent,248.0,2.0,0.914,914.0,1.0,1.0,769.0,1.0,22,0.07663358891408564
ds000102,sub-14,1,23,flanker,incongruent,260.0,2.0,0.933,933.0,1.0,1.0,914.0,1.0,23,0.14435629539630088
ds000102,sub-14,1,24,flanker,incongruent,274.0,2.0,0.727,727.0,1.0,1.0,933.0,1.0,24,-0.5899004169898221
ds000102,sub-14,2,1,flanker,congruent,0.0,2.0,1.044,1044.0,1.0,0.0,,,1,0.5399994753713477
ds000102,sub-14,2,2,flanker,congruent,10.0,2.0,0.761,761.0,1.0,0.0,1044.0,1.0,2,-0.4687124159163843
ds000102,sub-14,2,3,flanker,incongruent,20.0,2.0,0.668,668.0,1.0,1.0,761.0,1.0,3,-0.8001972423819641
ds000102,sub-14,2,4,flanker,congruent,30.0,2.0,0.695,695.0,1.0,0.0,668.0,1.0,4,-0.7039597121177635
ds000102,sub-14,2,5,flanker,incongruent,40.0,2.0,0.524,524.0,1.0,1.0,695.0,1.0,5,-1.3134640704577005
ds000102,sub-14,2,6,flanker,congruent,52.0,2.0,0.806,806.0,1.0,0.0,524.0,1.0,6,-0.30831653214271665
ds000102,sub-14,2,7,flanker,incongruent,64.0,2.0,1.169,1169.0,1.0,1.0,806.0,1.0,7,0.9855435969648689
ds000102,sub-14,2,8,flanker,incongruent,76.0,2.0,1.963,1963.0,1.0,1.0,1169.0,1.0,8,3.8156398573269157
ds000102,sub-14,2,9,flanker,incongruent,88.0,2.0,0.582,582.0,1.0,1.0,1963.0,1.0,9,-1.1067315980383066
ds000102,sub-14,2,10,flanker,congruent,102.0,2.0,0.648,648.0,1.0,0.0,582.0,1.0,10,-0.8714843018369275
ds000102,sub-14,2,11,flanker,congruent,116.0,2.0,0.706,706.0,1.0,0.0,648.0,1.0,11,-0.6647518294175336
ds000102,sub-14,2,12,flanker,incongruent,126.0,2.0,1.03,1030.0,1.0,1.0,706.0,1.0,12,0.4900985337528733
ds000102,sub-14,2,13,flanker,congruent,140.0,2.0,0.952,952.0,1.0,0.0,1030.0,1.0,13,0.21207900187851608
ds000102,sub-14,2,14,flanker,incongruent,154.0,2.0,0.938,938.0,1.0,1.0,952.0,1.0,14,0.16217806026004172
ds000102,sub-14,2,15,flanker,congruent,164.0,2.0,0.758,758.0,1.0,0.0,938.0,1.0,15,-0.4794054748346288
ds000102,sub-14,2,16,flanker,incongruent,174.0,2.0,0.816,816.0,1.0,1.0,758.0,1.0,16,-0.27267300241523496
ds000102,sub-14,2,17,flanker,congruent,184.0,2.0,0.581,581.0,1.0,0.0,816.0,1.0,17,-1.1102959510110548
ds000102,sub-14,2,18,flanker,congruent,196.0,2.0,1.383,1383.0,1.0,0.0,581.0,1.0,18,1.7483151331329772
ds000102,sub-14,2,19,flanker,incongruent,208.0,2.0,0.921,921.0,1.0,1.0,1383.0,1.0,19,0.10158405972332284
ds000102,sub-14,2,20,flanker,congruent,220.0,2.0,0.669,669.0,1.0,0.0,921.0,1.0,20,-0.796632889409216
ds000102,sub-14,2,21,flanker,congruent,232.0,2.0,0.496,496.0,1.0,0.0,669.0,1.0,21,-1.4132659536946492
ds000102,sub-14,2,22,flanker,incongruent,246.0,2.0,1.042,1042.0,1.0,1.0,496.0,1.0,22,0.5328707694258513
ds000102,sub-14,2,23,flanker,incongruent,260.0,2.0,1.187,1187.0,1.0,1.0,1042.0,1.0,23,1.049701950474336
ds000102,sub-14,2,24,flanker,incongruent,274.0,2.0,0.779,779.0,1.0,1.0,1187.0,1.0,24,-0.40455406240691727
ds000102,sub-15,1,1,flanker,congruent,0.0,2.0,0.675,675.0,1.0,0.0,,,1,1.0034620048471272
ds000102,sub-15,1,2,flanker,incongruent,10.0,2.0,0.679,679.0,1.0,1.0,675.0,1.0,2,1.0463908606694643
ds000102,sub-15,1,3,flanker,incongruent,20.0,2.0,0.667,667.0,1.0,1.0,679.0,1.0,3,0.9176042932024533
ds000102,sub-15,1,4,flanker,incongruent,30.0,2.0,0.703,703.0,1.0,1.0,667.0,1.0,4,1.3039639956034863
ds000102,sub-15,1,5,flanker,congruent,42.0,2.0,0.641,641.0,1.0,0.0,703.0,1.0,5,0.6385667303572629
ds000102,sub-15,1,6,flanker,congruent,52.0,2.0,0.518,518.0,1.0,0.0,641.0,1.0,6,-0.6814955861795998
ds000102,sub-15,1,7,flanker,congruent,64.0,2.0,0.575,575.0,1.0,0.0,518.0,1.0,7,-0.06975939071129762
ds000102,sub-15,1,8,flanker,incongruent,76.0,2.0,0.721,721.0,1.0,1.0,575.0,1.0,8,1.4971438468040028
ds000102,sub-15,1,9,flanker,incongruent,88.0,2.0,0.573,573.0,1.0,1.0,721.0,1.0,9,-0.09122381862246612
ds000102,sub-15,1,10,flanker,congruent,102.0,2.0,0.552,552.0,1.0,0.0,573.0,1.0,10,-0.31660031168973535
ds000102,sub-15,1,11,flanker,incongruent,116.0,2.0,0.81,810.0,1.0,1.0,552.0,1.0,11,2.452310888851001
ds000102,sub-15,1,12,flanker,congruent,130.0,2.0,0.57,570.0,1.0,0.0,810.0,1.0,12,-0.12342046048921887
ds000102,sub-15,1,13,flanker,incongruent,144.0,2.0,0.652,652.0,1.0,1.0,570.0,1.0,13,0.7566210838686895
ds000102,sub-15,1,14,flanker,congruent,154.0,2.0,0.52,520.0,1.0,0.0,652.0,1.0,14,-0.6600311582684313
ds000102,sub-15,1,15,flanker,incongruent,164.0,2.0,0.66,660.0,1.0,1.0,520.0,1.0,15,0.8424787955133636
ds000102,sub-15,1,16,flanker,congruent,174.0,2.0,0.536,536.0,1.0,0.0,660.0,1.0,16,-0.4883157349790833
ds000102,sub-15,1,17,flanker,incongruent,184.0,2.0,0.643,643.0,1.0,1.0,536.0,1.0,17,0.6600311582684313
ds000102,sub-15,1,18,flanker,incongruent,196.0,2.0,0.805,805.0,1.0,1.0,643.0,1.0,18,2.39864981907308
ds000102,sub-15,1,19,flanker,congruent,208.0,2.0,0.609,609.0,1.0,0.0,805.0,1.0,19,0.29513588377856687
ds000102,sub-15,1,20,flanker,congruent,220.0,2.0,0.531,531.0,1.0,0.0,609.0,1.0,20,-0.5419768047570046
ds000102,sub-15,1,21,flanker,incongruent,232.0,2.0,0.653,653.0,1.0,1.0,531.0,1.0,21,0.7673532978242739
ds000102,sub-15,1,22,flanker,congruent,246.0,2.0,0.513,513.0,1.0,0.0,653.0,1.0,22,-0.7351566559575211
ds000102,sub-15,1,23,flanker,incongruent,260.0,2.0,0.707,707.0,1.0,1.0,513.0,1.0,23,1.3468928514258232
ds000102,sub-15,1,24,flanker,congruent,274.0,2.0,0.508,508.0,1.0,0.0,707.0,1.0,24,-0.7888177257354423
ds000102,sub-15,2,1,flanker,congruent,0.0,2.0,0.728,728.0,1.0,0.0,,,1,1.5722693444930924
ds000102,sub-15,2,2,flanker,incongruent,10.0,2.0,0.683,683.0,1.0,1.0,728.0,1.0,2,1.0893197164918014
ds000102,sub-15,2,3,flanker,incongruent,20.0,2.0,0.535,535.0,1.0,1.0,683.0,1.0,3,-0.4990479489346676
ds000102,sub-15,2,4,flanker,incongruent,30.0,2.0,0.506,506.0,1.0,1.0,535.0,1.0,4,-0.8102821536466108
ds000102,sub-15,2,5,flanker,congruent,40.0,2.0,0.631,631.0,1.0,0.0,506.0,1.0,5,0.5312445908014203
ds000102,sub-15,2,6,flanker,congruent,52.0,2.0,0.562,562.0,1.0,0.0,631.0,1.0,6,-0.20927817213389285
ds000102,sub-15,2,7,flanker,congruent,64.0,2.0,0.54,540.0,1.0,0.0,562.0,1.0,7,-0.44538687915674635
ds000102,sub-15,2,8,flanker,incongruent,76.0,2.0,0.488,488.0,1.0,1.0,540.0,1.0,8,-1.0034620048471272
ds000102,sub-15,2,9,flanker,incongruent,88.0,2.0,0.459,459.0,1.0,1.0,488.0,1.0,9,-1.3146962095590704
ds000102,sub-15,2,10,flanker,congruent,102.0,2.0,0.46,460.0,1.0,0.0,459.0,1.0,10,-1.3039639956034863
ds000102,sub-15,2,11,flanker,incongruent,116.0,2.0,0.51,510.0,1.0,1.0,460.0,1.0,11,-0.7673532978242739
ds000102,sub-15,2,12,flanker,congruent,126.0,2.0,0.553,553.0,1.0,0.0,510.0,1.0,12,-0.3058680977341511
ds000102,sub-15,2,13,flanker,incongruent,136.0,2.0,0.749,749.0,1.0,1.0,553.0,1.0,13,1.7976458375603617
ds000102,sub-15,2,14,flanker,congruent,150.0,2.0,0.679,679.0,1.0,0.0,749.0,1.0,14,1.0463908606694643
ds000102,sub-15,2,15,flanker,incongruent,164.0,2.0,0.584,584.0,1.0,1.0,679.0,1.0,15,0.026830534888960623
ds000102,sub-15,2,16,flanker,congruent,174.0,2.0,0.637,637.0,1.0,0.0,584.0,1.0,16,0.5956378745349258
ds000102,sub-15,2,17,flanker,incongruent,184.0,2.0,0.579,579.0,1.0,1.0,637.0,1.0,17,-0.026830534888960623
ds000102,sub-15,2,18,flanker,incongruent,196.0,2.0,0.516,516.0,1.0,1.0,579.0,1.0,18,-0.7029600140907684
ds000102,sub-15,2,19,flanker,congruent,208.0,2.0,0.607,607.0,1.0,0.0,516.0,1.0,19,0.2736714558673983
ds000102,sub-15,2,20,flanker,congruent,220.0,2.0,0.44,440.0,1.0,0.0,607.0,1.0,20,-1.5186082747151712
ds000102,sub-15,2,21,flanker,incongruent,232.0,2.0,0.499,499.0,1.0,1.0,440.0,1.0,21,-0.8854076513357005
ds000102,sub-15,2,22,flanker,congruent,246.0,2.0,0.429,429.0,1.0,0.0,499.0,1.0,22,-1.636662628226598
ds000102,sub-15,2,23,flanker,incongruent,260.0,2.0,0.681,681.0,1.0,1.0,429.0,1.0,23,1.0678552885806327
ds000102,sub-15,2,24,flanker,congruent,274.0,2.0,0.593,593.0,1.0,0.0,681.0,1.0,24,0.12342046048921887
ds000102,sub-16,1,1,flanker,congruent,0.0,2.0,0.96,960.0,1.0,0.0,,,1,3.002193305355801
ds000102,sub-16,1,2,flanker,congruent,10.0,2.0,0.7,700.0,1.0,0.0,960.0,1.0,2,0.65107806622174
ds000102,sub-16,1,3,flanker,congruent,20.0,2.0,0.615,615.0,1.0,0.0,700.0,1.0,3,-0.11755576195670306
ds000102,sub-16,1,4,flanker,incongruent,32.0,2.0,0.858,858.0,1.0,1.0,615.0,1.0,4,2.0798327115416697
ds000102,sub-16,1,5,flanker,incongruent,42.0,2.0,0.773,773.0,1.0,1.0,858.0,1.0,5,1.3111988833632264
ds000102,sub-16,1,6,flanker,incongruent,52.0,2.0,0.802,802.0,1.0,1.0,773.0,1.0,6,1.5734386600358716
ds000102,sub-16,1,7,flanker,incongruent,64.0,2.0,0.748,748.0,1.0,1.0,802.0,1.0,7,1.0851301103695667
ds000102,sub-16,1,8,flanker,congruent,76.0,2.0,0.551,551.0,1.0,0.0,748.0,1.0,8,-0.6962918208204719
ds000102,sub-16,1,9,flanker,congruent,88.0,2.0,0.485,485.0,1.0,0.0,551.0,1.0,9,-1.2931133815237337
ds000102,sub-16,1,10,flanker,incongruent,102.0,2.0,0.644,644.0,1.0,1.0,485.0,1.0,10,0.14468401471594222
ds000102,sub-16,1,11,flanker,congruent,116.0,2.0,0.614,614.0,1.0,0.0,644.0,1.0,11,-0.12659851287644944
ds000102,sub-16,1,12,flanker,congruent,130.0,2.0,0.584,584.0,1.0,0.0,614.0,1.0,12,-0.39788104046884115
ds000102,sub-16,1,13,flanker,incongruent,140.0,2.0,0.834,834.0,1.0,1.0,584.0,1.0,13,1.8628066894677562
ds000102,sub-16,1,14,flanker,congruent,154.0,2.0,0.51,510.0,1.0,0.0,834.0,1.0,14,-1.067044608530074
ds000102,sub-16,1,15,flanker,incongruent,164.0,2.0,0.721,721.0,1.0,1.0,510.0,1.0,15,0.8409758355364142
ds000102,sub-16,1,16,flanker,incongruent,174.0,2.0,0.812,812.0,1.0,1.0,721.0,1.0,16,1.6638661692333356
ds000102,sub-16,1,17,flanker,congruent,184.0,2.0,0.616,616.0,1.0,0.0,812.0,1.0,17,-0.10851301103695667
ds000102,sub-16,1,18,flanker,incongruent,196.0,2.0,0.659,659.0,1.0,1.0,616.0,1.0,18,0.28032527851213807
ds000102,sub-16,1,19,flanker,congruent,208.0,2.0,0.582,582.0,1.0,0.0,659.0,1.0,19,-0.4159665423083339
ds000102,sub-16,1,20,flanker,congruent,220.0,2.0,0.569,569.0,1.0,0.0,582.0,1.0,20,-0.533522304265037
ds000102,sub-16,1,21,flanker,incongruent,234.0,2.0,0.714,714.0,1.0,1.0,569.0,1.0,21,0.7776765790981894
ds000102,sub-16,1,22,flanker,congruent,246.0,2.0,0.581,581.0,1.0,0.0,714.0,1.0,22,-0.4250092932280803
ds000102,sub-16,1,23,flanker,incongruent,260.0,2.0,0.743,743.0,1.0,1.0,581.0,1.0,23,1.0399163557708349
ds000102,sub-16,1,24,flanker,incongruent,274.0,2.0,0.722,722.0,1.0,1.0,743.0,1.0,24,0.8500185864561606
ds000102,sub-16,2,1,flanker,congruent,0.0,2.0,0.702,702.0,1.0,0.0,,,1,0.6691635680612328
ds000102,sub-16,2,2,flanker,congruent,10.0,2.0,0.563,563.0,1.0,0.0,702.0,1.0,2,-0.5877788097835153
ds000102,sub-16,2,3,flanker,congruent,20.0,2.0,0.703,703.0,1.0,0.0,563.0,1.0,3,0.6782063189809792
ds000102,sub-16,2,4,flanker,incongruent,30.0,2.0,0.546,546.0,1.0,1.0,703.0,1.0,4,-0.7415055754192039
ds000102,sub-16,2,5,flanker,incongruent,40.0,2.0,0.615,615.0,1.0,1.0,546.0,1.0,5,-0.11755576195670306
ds000102,sub-16,2,6,flanker,incongruent,52.0,2.0,0.545,545.0,1.0,1.0,615.0,1.0,6,-0.7505483263389503
ds000102,sub-16,2,7,flanker,incongruent,64.0,2.0,0.699,699.0,1.0,1.0,545.0,1.0,7,0.6420353153019936
ds000102,sub-16,2,8,flanker,congruent,76.0,2.0,0.479,479.0,1.0,0.0,699.0,1.0,8,-1.347369887042212
ds000102,sub-16,2,9,flanker,congruent,88.0,2.0,0.665,665.0,1.0,0.0,479.0,1.0,9,0.3345817840306164
ds000102,sub-16,2,10,flanker,incongruent,102.0,2.0,0.547,547.0,1.0,1.0,665.0,1.0,10,-0.7324628244994575
ds000102,sub-16,2,11,flanker,congruent,116.0,2.0,0.444,444.0,1.0,0.0,547.0,1.0,11,-1.6638661692333356
ds000102,sub-16,2,12,flanker,congruent,130.0,2.0,0.712,712.0,1.0,0.0,444.0,1.0,12,0.7595910772586967
ds000102,sub-16,2,13,flanker,incongruent,144.0,2.0,0.624,624.0,1.0,1.0,712.0,1.0,13,-0.036171003678985555
ds000102,sub-16,2,14,flanker,congruent,154.0,2.0,0.613,613.0,1.0,0.0,624.0,1.0,14,-0.13564126379619584
ds000102,sub-16,2,15,flanker,incongruent,164.0,2.0,0.528,528.0,1.0,1.0,613.0,1.0,15,-0.904275091974639
ds000102,sub-16,2,16,flanker,incongruent,174.0,2.0,0.684,684.0,1.0,1.0,528.0,1.0,16,0.5063940515057977
ds000102,sub-16,2,17,flanker,congruent,184.0,2.0,0.647,647.0,1.0,0.0,684.0,1.0,17,0.17181226747518138
ds000102,sub-16,2,18,flanker,incongruent,196.0,2.0,0.595,595.0,1.0,1.0,647.0,1.0,18,-0.2984107803516308
ds000102,sub-16,2,19,flanker,congruent,208.0,2.0,0.469,469.0,1.0,0.0,595.0,1.0,19,-1.437797396239676
ds000102,sub-16,2,20,flanker,congruent,220.0,2.0,0.559,559.0,1.0,0.0,469.0,1.0,20,-0.6239498134625009
ds000102,sub-16,2,21,flanker,incongruent,234.0,2.0,0.738,738.0,0.0,1.0,559.0,1.0,21,0.9947026011721029
ds000102,sub-16,2,22,flanker,congruent,246.0,2.0,0.78,780.0,1.0,0.0,738.0,0.0,22,1.374498139801451
ds000102,sub-16,2,23,flanker,incongruent,260.0,2.0,0.551,551.0,1.0,1.0,780.0,1.0,23,-0.6962918208204719
ds000102,sub-16,2,24,flanker,incongruent,274.0,2.0,0.632,632.0,1.0,1.0,551.0,1.0,24,0.036171003678985555
ds000102,sub-17,1,1,flanker,incongruent,0.0,2.0,0.794,794.0,1.0,1.0,,,1,0.6346123564591326
ds000102,sub-17,1,2,flanker,congruent,10.0,2.0,0.684,684.0,1.0,0.0,794.0,1.0,2,-0.0058221317106342445
ds000102,sub-17,1,3,flanker,congruent,20.0,2.0,0.633,633.0,1.0,0.0,684.0,1.0,3,-0.3027508489529807
ds000102,sub-17,1,4,flanker,congruent,30.0,2.0,0.661,661.0,1.0,0.0,633.0,1.0,4,-0.13973116105522188
ds000102,sub-17,1,5,flanker,incongruent,42.0,2.0,1.271,1271.0,1.0,1.0,661.0,1.0,5,3.411769182431667
ds000102,sub-17,1,6,flanker,congruent,52.0,2.0,0.699,699.0,1.0,0.0,1271.0,1.0,6,0.08150984394887942
ds000102,sub-17,1,7,flanker,incongruent,64.0,2.0,1.029,1029.0,1.0,1.0,699.0,1.0,7,2.00281330845818
ds000102,sub-17,1,8,flanker,incongruent,76.0,2.0,1.072,1072.0,1.0,1.0,1029.0,1.0,8,2.2531649720154525
ds000102,sub-17,1,9,flanker,congruent,88.0,2.0,0.93,930.0,1.0,0.0,1072.0,1.0,9,1.4264222691053898
ds000102,sub-17,1,10,flanker,congruent,102.0,2.0,0.686,686.0,1.0,0.0,930.0,1.0,10,0.0058221317106342445
ds000102,sub-17,1,11,flanker,incongruent,116.0,2.0,1.055,1055.0,1.0,1.0,686.0,1.0,11,2.1541887329346703
ds000102,sub-17,1,12,flanker,congruent,130.0,2.0,0.592,592.0,1.0,0.0,1055.0,1.0,12,-0.5414582490889848
ds000102,sub-17,1,13,flanker,incongruent,140.0,2.0,1.035,1035.0,1.0,1.0,592.0,1.0,13,2.0377460987219855
ds000102,sub-17,1,14,flanker,incongruent,154.0,2.0,0.831,831.0,1.0,1.0,1035.0,1.0,14,0.8500312297525997
ds000102,sub-17,1,15,flanker,congruent,164.0,2.0,0.657,657.0,1.0,0.0,831.0,1.0,15,-0.16301968789775884
ds000102,sub-17,1,16,flanker,incongruent,174.0,2.0,0.733,733.0,1.0,1.0,657.0,1.0,16,0.27946232211044375
ds000102,sub-17,1,17,flanker,incongruent,184.0,2.0,0.665,665.0,1.0,1.0,733.0,1.0,17,-0.11644263421268489
ds000102,sub-17,1,18,flanker,incongruent,196.0,2.0,0.804,804.0,1.0,1.0,665.0,1.0,18,0.6928336735654751
ds000102,sub-17,1,19,flanker,incongruent,208.0,2.0,0.655,655.0,1.0,1.0,804.0,1.0,19,-0.17466395131902734
ds000102,sub-17,1,20,flanker,congruent,222.0,2.0,0.608,608.0,1.0,0.0,655.0,1.0,20,-0.4483041417188368
ds000102,sub-17,1,21,flanker,congruent,234.0,2.0,0.515,515.0,1.0,0.0,608.0,1.0,21,-0.9897623908078216
ds000102,sub-17,1,22,flanker,congruent,246.0,2.0,0.567,567.0,1.0,0.0,515.0,1.0,22,-0.6870115418548408
ds000102,sub-17,1,23,flanker,congruent,260.0,2.0,0.576,576.0,1.0,0.0,567.0,1.0,23,-0.6346123564591326
ds000102,sub-17,1,24,flanker,incongruent,274.0,2.0,0.803,803.0,1.0,1.0,576.0,1.0,24,0.6870115418548408
ds000102,sub-17,2,1,flanker,incongruent,0.0,2.0,1.067,1067.0,1.0,1.0,,,1,2.224054313462281
ds000102,sub-17,2,2,flanker,congruent,10.0,2.0,0.591,591.0,1.0,0.0,1067.0,1.0,2,-0.5472803807996189
ds000102,sub-17,2,3,flanker,congruent,20.0,2.0,0.594,594.0,1.0,0.0,591.0,1.0,3,-0.5298139856677162
ds000102,sub-17,2,4,flanker,congruent,30.0,2.0,0.781,781.0,1.0,0.0,594.0,1.0,4,0.5589246442208875
ds000102,sub-17,2,5,flanker,incongruent,40.0,2.0,0.586,586.0,1.0,1.0,781.0,1.0,5,-0.5763910393527902
ds000102,sub-17,2,6,flanker,congruent,52.0,2.0,0.483,483.0,1.0,0.0,586.0,1.0,6,-1.1760706055481174
ds000102,sub-17,2,7,flanker,incongruent,64.0,2.0,0.814,814.0,1.0,1.0,483.0,1.0,7,0.7510549906718176
ds000102,sub-17,2,8,flanker,incongruent,76.0,2.0,0.76,760.0,1.0,1.0,814.0,1.0,8,0.43665987829756836
ds000102,sub-17,2,9,flanker,congruent,88.0,2.0,0.654,654.0,1.0,0.0,760.0,1.0,9,-0.18048608302966157
ds000102,sub-17,2,10,flanker,congruent,102.0,2.0,0.575,575.0,1.0,0.0,654.0,1.0,10,-0.6404344881697669
ds000102,sub-17,2,11,flanker,incongruent,116.0,2.0,0.512,512.0,1.0,1.0,575.0,1.0,11,-1.0072287859397242
ds000102,sub-17,2,12,flanker,congruent,130.0,2.0,0.794,794.0,1.0,0.0,512.0,1.0,12,0.6346123564591326
ds000102,sub-17,2,13,flanker,incongruent,144.0,2.0,0.732,732.0,1.0,1.0,794.0,1.0,13,0.27364019039980947
ds000102,sub-17,2,14,flanker,incongruent,154.0,2.0,0.664,664.0,1.0,1.0,732.0,1.0,14,-0.12226476592331914
ds000102,sub-17,2,15,flanker,congruent,164.0,2.0,0.523,523.0,1.0,0.0,664.0,1.0,15,-0.9431853371227477
ds000102,sub-17,2,16,flanker,incongruent,174.0,2.0,0.735,735.0,1.0,1.0,523.0,1.0,16,0.2911065855317122
ds000102,sub-17,2,17,flanker,incongruent,184.0,2.0,0.682,682.0,1.0,1.0,735.0,1.0,17,-0.017466395131902734
ds000102,sub-17,2,18,flanker,incongruent,196.0,2.0,0.748,748.0,1.0,1.0,682.0,1.0,18,0.3667942977699574
ds000102,sub-17,2,19,flanker,incongruent,208.0,2.0,0.712,712.0,1.0,1.0,748.0,1.0,19,0.1571975561871246
ds000102,sub-17,2,20,flanker,congruent,220.0,2.0,0.562,562.0,1.0,0.0,712.0,1.0,20,-0.7161222004080121
ds000102,sub-17,2,21,flanker,congruent,232.0,2.0,0.686,686.0,1.0,0.0,562.0,1.0,21,0.0058221317106342445
ds000102,sub-17,2,22,flanker,congruent,246.0,2.0,0.671,671.0,1.0,0.0,686.0,1.0,22,-0.08150984394887942
ds000102,sub-17,2,23,flanker,congruent,260.0,2.0,0.513,513.0,1.0,0.0,671.0,1.0,23,-1.00140665422909
ds000102,sub-17,2,24,flanker,incongruent,274.0,2.0,0.795,795.0,1.0,1.0,513.0,1.0,24,0.6404344881697669
ds000102,sub-18,1,1,flanker,incongruent,0.0,2.0,0.687,687.0,1.0,1.0,,,1,3.6217271560550346
ds000102,sub-18,1,2,flanker,congruent,10.0,2.0,0.611,611.0,1.0,0.0,687.0,1.0,2,2.561028644069745
ds000102,sub-18,1,3,flanker,congruent,20.0,2.0,0.502,502.0,1.0,0.0,611.0,1.0,3,1.0397636729329482
ds000102,sub-18,1,4,flanker,congruent,30.0,2.0,0.425,425.0,1.0,0.0,502.0,1.0,4,-0.03489139842056873
ds000102,sub-18,1,5,flanker,incongruent,42.0,2.0,0.564,564.0,1.0,1.0,425.0,1.0,5,1.9050703537630527
ds000102,sub-18,1,6,flanker,congruent,52.0,2.0,0.416,416.0,1.0,0.0,564.0,1.0,6,-0.16050043273461617
ds000102,sub-18,1,7,flanker,incongruent,64.0,2.0,0.491,491.0,1.0,1.0,416.0,1.0,7,0.8862415198824458
ds000102,sub-18,1,8,flanker,incongruent,76.0,2.0,0.502,502.0,1.0,1.0,491.0,1.0,8,1.0397636729329482
ds000102,sub-18,1,9,flanker,congruent,88.0,2.0,0.448,448.0,1.0,0.0,502.0,1.0,9,0.2861094670486636
ds000102,sub-18,1,10,flanker,incongruent,102.0,2.0,0.394,394.0,1.0,1.0,448.0,1.0,10,-0.46754473883562103
ds000102,sub-18,1,11,flanker,congruent,116.0,2.0,0.397,397.0,1.0,0.0,394.0,1.0,11,-0.4256750607309385
ds000102,sub-18,1,12,flanker,incongruent,130.0,2.0,0.503,503.0,1.0,1.0,397.0,1.0,12,1.0537202323011756
ds000102,sub-18,1,13,flanker,incongruent,144.0,2.0,0.448,448.0,1.0,1.0,503.0,1.0,13,0.2861094670486636
ds000102,sub-18,1,14,flanker,incongruent,154.0,2.0,0.444,444.0,1.0,1.0,448.0,1.0,14,0.23028322957575365
ds000102,sub-18,1,15,flanker,congruent,164.0,2.0,0.432,432.0,1.0,0.0,444.0,1.0,15,0.06280451715702372
ds000102,sub-18,1,16,flanker,congruent,174.0,2.0,0.386,386.0,1.0,0.0,432.0,1.0,16,-0.579197213781441
ds000102,sub-18,1,17,flanker,incongruent,184.0,2.0,0.492,492.0,1.0,1.0,386.0,1.0,17,0.9001980792506733
ds000102,sub-18,1,18,flanker,congruent,196.0,2.0,0.378,378.0,1.0,0.0,492.0,1.0,18,-0.6908496887272609
ds000102,sub-18,1,19,flanker,incongruent,208.0,2.0,0.484,484.0,1.0,1.0,378.0,1.0,19,0.7885456043048533
ds000102,sub-18,1,20,flanker,congruent,220.0,2.0,0.375,375.0,1.0,0.0,484.0,1.0,20,-0.7327193668319434
ds000102,sub-18,1,21,flanker,congruent,232.0,2.0,0.402,402.0,1.0,0.0,375.0,1.0,21,-0.35589226388980105
ds000102,sub-18,1,22,flanker,incongruent,246.0,2.0,0.5,500.0,1.0,1.0,402.0,1.0,22,1.0118505541964933
ds000102,sub-18,1,23,flanker,congruent,260.0,2.0,0.43,430.0,1.0,0.0,500.0,1.0,23,0.03489139842056873
ds000102,sub-18,1,24,flanker,incongruent,274.0,2.0,0.479,479.0,1.0,1.0,430.0,1.0,24,0.7187628074637159
ds000102,sub-18,2,1,flanker,incongruent,0.0,2.0,0.497,497.0,1.0,1.0,,,1,0.9699808760918107
ds000102,sub-18,2,2,flanker,congruent,10.0,2.0,0.339,339.0,1.0,0.0,497.0,1.0,2,-1.235155504088133
ds000102,sub-18,2,3,flanker,congruent,20.0,2.0,0.377,377.0,1.0,0.0,339.0,1.0,3,-0.7048062480954884
ds000102,sub-18,2,4,flanker,congruent,30.0,2.0,0.492,492.0,1.0,0.0,377.0,1.0,4,0.9001980792506733
ds000102,sub-18,2,5,flanker,incongruent,40.0,2.0,0.399,399.0,1.0,1.0,492.0,1.0,5,-0.39776194199448356
ds000102,sub-18,2,6,flanker,congruent,52.0,2.0,0.475,475.0,1.0,0.0,399.0,1.0,6,0.6629365699908059
ds000102,sub-18,2,7,flanker,incongruent,64.0,2.0,0.42,420.0,1.0,1.0,475.0,1.0,7,-0.1046741952617062
ds000102,sub-18,2,8,flanker,incongruent,76.0,2.0,0.337,337.0,1.0,1.0,420.0,1.0,8,-1.2630686228245882
ds000102,sub-18,2,9,flanker,congruent,88.0,2.0,0.37,370.0,1.0,0.0,337.0,1.0,9,-0.8025021636730808
ds000102,sub-18,2,10,flanker,incongruent,102.0,2.0,0.453,453.0,1.0,1.0,370.0,1.0,10,0.35589226388980105
ds000102,sub-18,2,11,flanker,congruent,116.0,2.0,0.455,455.0,1.0,0.0,453.0,1.0,11,0.3838053826262561
ds000102,sub-18,2,12,flanker,incongruent,130.0,2.0,0.464,464.0,1.0,1.0,455.0,1.0,12,0.5094144169403035
ds000102,sub-18,2,13,flanker,incongruent,140.0,2.0,0.388,388.0,1.0,1.0,464.0,1.0,13,-0.551284095044986
ds000102,sub-18,2,14,flanker,incongruent,150.0,2.0,0.36,360.0,1.0,1.0,388.0,1.0,14,-0.9420677573553558
ds000102,sub-18,2,15,flanker,congruent,164.0,2.0,0.353,353.0,1.0,0.0,360.0,1.0,15,-1.0397636729329482
ds000102,sub-18,2,16,flanker,congruent,174.0,2.0,0.332,332.0,1.0,0.0,353.0,1.0,16,-1.3328514196657255
ds000102,sub-18,2,17,flanker,incongruent,184.0,2.0,0.513,513.0,1.0,1.0,332.0,1.0,17,1.1932858259834507
ds000102,sub-18,2,18,flanker,congruent,196.0,2.0,0.379,379.0,1.0,0.0,513.0,1.0,18,-0.6768931293590335
ds000102,sub-18,2,19,flanker,incongruent,208.0,2.0,0.414,414.0,1.0,1.0,379.0,1.0,19,-0.18841355147107117
ds000102,sub-18,2,20,flanker,congruent,220.0,2.0,0.473,473.0,1.0,0.0,414.0,1.0,20,0.6350234512543509
ds000102,sub-18,2,21,flanker,congruent,232.0,2.0,0.42,420.0,1.0,0.0,473.0,1.0,21,-0.1046741952617062
ds000102,sub-18,2,22,flanker,incongruent,246.0,2.0,0.382,382.0,1.0,1.0,420.0,1.0,22,-0.6350234512543509
ds000102,sub-18,2,23,flanker,congruent,260.0,2.0,0.335,335.0,0.0,0.0,382.0,1.0,23,-1.2909817415610432
ds000102,sub-18,2,24,flanker,incongruent,274.0,2.0,0.419,419.0,1.0,1.0,335.0,0.0,24,-0.1186307546299337
ds000102,sub-19,1,1,flanker,congruent,0.0,2.0,0.791,791.0,1.0,0.0,,,1,0.8789871558564042
ds000102,sub-19,1,2,flanker,incongruent,10.0,2.0,1.185,1185.0,1.0,1.0,791.0,1.0,2,3.3705047055500965
ds000102,sub-19,1,3,flanker,congruent,20.0,2.0,0.814,814.0,1.0,0.0,1185.0,1.0,3,1.0244310737319242
ds000102,sub-19,1,4,flanker,incongruent,30.0,2.0,0.731,731.0,1.0,1.0,814.0,1.0,4,0.4995682396593952
ds000102,sub-19,1,5,flanker,congruent,40.0,2.0,0.614,614.0,1.0,0.0,731.0,1.0,5,-0.24029864692477237
ds000102,sub-19,1,6,flanker,congruent,52.0,2.0,0.648,648.0,1.0,0.0,614.0,1.0,6,-0.025294594413133933
ds000102,sub-19,1,7,flanker,incongruent,64.0,2.0,0.866,866.0,1.0,1.0,648.0,1.0,7,1.3532608011026654
ds000102,sub-19,1,8,flanker,incongruent,76.0,2.0,0.703,703.0,1.0,1.0,866.0,1.0,8,0.3225060787674576
ds000102,sub-19,1,9,flanker,incongruent,88.0,2.0,0.76,760.0,1.0,1.0,703.0,1.0,9,0.6829540491546162
ds000102,sub-19,1,10,flanker,congruent,102.0,2.0,0.595,595.0,1.0,0.0,760.0,1.0,10,-0.36044797038715853
ds000102,sub-19,1,11,flanker,incongruent,116.0,2.0,0.757,757.0,1.0,1.0,595.0,1.0,11,0.6639831033447657
ds000102,sub-19,1,12,flanker,congruent,130.0,2.0,0.647,647.0,1.0,0.0,757.0,1.0,12,-0.03161824301641742
ds000102,sub-19,1,13,flanker,congruent,144.0,2.0,0.897,897.0,1.0,0.0,647.0,1.0,13,1.5492939078044534
ds000102,sub-19,1,14,flanker,incongruent,154.0,2.0,0.787,787.0,1.0,1.0,897.0,1.0,14,0.8536925614432702
ds000102,sub-19,1,15,flanker,congruent,164.0,2.0,0.543,543.0,1.0,0.0,787.0,1.0,15,-0.6892776977578997
ds000102,sub-19,1,16,flanker,incongruent,174.0,2.0,0.635,635.0,1.0,1.0,543.0,1.0,16,-0.10750202625581921
ds000102,sub-19,1,17,flanker,incongruent,184.0,2.0,1.022,1022.0,1.0,1.0,635.0,1.0,17,2.339749983214889
ds000102,sub-19,1,18,flanker,incongruent,196.0,2.0,0.649,649.0,1.0,1.0,1022.0,1.0,18,-0.01897094580985045
ds000102,sub-19,1,19,flanker,congruent,208.0,2.0,0.564,564.0,1.0,0.0,649.0,1.0,19,-0.5564810770889466
ds000102,sub-19,1,20,flanker,congruent,220.0,2.0,0.607,607.0,1.0,0.0,564.0,1.0,20,-0.2845641871477568
ds000102,sub-19,1,21,flanker,incongruent,232.0,2.0,0.794,794.0,1.0,1.0,607.0,1.0,21,0.8979581016662547
ds000102,sub-19,1,22,flanker,incongruent,246.0,2.0,0.548,548.0,1.0,1.0,794.0,1.0,22,-0.6576594547414822
ds000102,sub-19,1,23,flanker,congruent,260.0,2.0,0.453,453.0,1.0,0.0,548.0,1.0,23,-1.2584060720534131
ds000102,sub-19,1,24,flanker,congruent,274.0,2.0,0.567,567.0,1.0,0.0,453.0,1.0,24,-0.5375101312790961
ds000102,sub-19,2,1,flanker,congruent,0.0,2.0,0.772,772.0,1.0,0.0,,,1,0.758837832394018
ds000102,sub-19,2,2,flanker,incongruent,10.0,2.0,0.95,950.0,1.0,1.0,772.0,1.0,2,1.884447283778478
ds000102,sub-19,2,3,flanker,congruent,20.0,2.0,0.618,618.0,1.0,0.0,950.0,1.0,3,-0.21500405251163843
ds000102,sub-19,2,4,flanker,incongruent,30.0,2.0,0.655,655.0,1.0,1.0,618.0,1.0,4,0.01897094580985045
ds000102,sub-19,2,5,flanker,congruent,42.0,2.0,0.537,537.0,1.0,0.0,655.0,1.0,5,-0.7272195893776006
ds000102,sub-19,2,6,flanker,congruent,52.0,2.0,0.524,524.0,1.0,0.0,537.0,1.0,6,-0.8094270212202859
ds000102,sub-19,2,7,flanker,incongruent,64.0,2.0,0.624,624.0,1.0,1.0,524.0,1.0,7,-0.17706216089193755
ds000102,sub-19,2,8,flanker,incongruent,76.0,2.0,0.578,578.0,1.0,1.0,624.0,1.0,8,-0.46794999664297776
ds000102,sub-19,2,9,flanker,incongruent,88.0,2.0,0.636,636.0,1.0,1.0,578.0,1.0,9,-0.10117837765253573
ds000102,sub-19,2,10,flanker,congruent,102.0,2.0,0.584,584.0,1.0,0.0,636.0,1.0,10,-0.43000810502327685
ds000102,sub-19,2,11,flanker,incongruent,116.0,2.0,0.624,624.0,1.0,1.0,584.0,1.0,11,-0.17706216089193755
ds000102,sub-19,2,12,flanker,congruent,126.0,2.0,0.685,685.0,1.0,0.0,624.0,1.0,12,0.20868040390835496
ds000102,sub-19,2,13,flanker,congruent,136.0,2.0,1.129,1129.0,1.0,0.0,685.0,1.0,13,3.0163803837662218
ds000102,sub-19,2,14,flanker,incongruent,150.0,2.0,0.595,595.0,1.0,1.0,1129.0,1.0,14,-0.36044797038715853
ds000102,sub-19,2,15,flanker,congruent,164.0,2.0,0.845,845.0,1.0,0.0,595.0,1.0,15,1.2204641804337122
ds000102,sub-19,2,16,flanker,incongruent,174.0,2.0,0.704,704.0,1.0,1.0,845.0,1.0,16,0.3288297273707411
ds000102,sub-19,2,17,flanker,incongruent,184.0,2.0,0.868,868.0,1.0,1.0,704.0,1.0,17,1.3659080983092324
ds000102,sub-19,2,18,flanker,incongruent,196.0,2.0,0.51,510.0,1.0,1.0,868.0,1.0,18,-0.8979581016662547
ds000102,sub-19,2,19,flanker,congruent,208.0,2.0,0.568,568.0,1.0,0.0,510.0,1.0,19,-0.5311864826758126
ds000102,sub-19,2,20,flanker,congruent,220.0,2.0,0.755,755.0,1.0,0.0,568.0,1.0,20,0.6513358061381987
ds000102,sub-19,2,21,flanker,incongruent,234.0,2.0,0.662,662.0,1.0,1.0,755.0,1.0,21,0.06323648603283484
ds000102,sub-19,2,22,flanker,incongruent,246.0,2.0,0.801,801.0,1.0,1.0,662.0,1.0,22,0.942223641889239
ds000102,sub-19,2,23,flanker,congruent,260.0,2.0,0.571,571.0,1.0,0.0,801.0,1.0,23,-0.5122155368659621
ds000102,sub-19,2,24,flanker,congruent,274.0,2.0,0.885,885.0,1.0,0.0,571.0,1.0,24,1.4734101245650517
ds000102,sub-20,1,1,flanker,incongruent,0.0,2.0,1.106,1106.0,1.0,1.0,,,1,1.6042024269434907
ds000102,sub-20,1,2,flanker,congruent,10.0,2.0,0.869,869.0,1.0,0.0,1106.0,1.0,2,0.4067347885636252
ds000102,sub-20,1,3,flanker,incongruent,20.0,2.0,1.081,1081.0,1.0,1.0,869.0,1.0,3,1.4778872752156569
ds000102,sub-20,1,4,flanker,congruent,30.0,2.0,0.813,813.0,1.0,0.0,1081.0,1.0,4,0.12378884869327723
ds000102,sub-20,1,5,flanker,incongruent,40.0,2.0,0.977,977.0,1.0,1.0,813.0,1.0,5,0.9524162440278677
ds000102,sub-20,1,6,flanker,congruent,52.0,2.0,0.797,797.0,1.0,0.0,977.0,1.0,6,0.04294715158746353
ds000102,sub-20,1,7,flanker,incongruent,64.0,2.0,0.869,869.0,1.0,1.0,797.0,1.0,7,0.4067347885636252
ds000102,sub-20,1,8,flanker,congruent,76.0,2.0,0.706,706.0,1.0,0.0,869.0,1.0,8,-0.4168400007018519
ds000102,sub-20,1,9,flanker,incongruent,88.0,2.0,0.805,805.0,1.0,1.0,706.0,1.0,9,0.08336800014037038
ds000102,sub-20,1,10,flanker,incongruent,102.0,2.0,0.669,669.0,1.0,1.0,805.0,1.0,10,-0.6037864252590461
ds000102,sub-20,1,11,flanker,congruent,116.0,2.0,0.656,656.0,1.0,0.0,669.0,1.0,11,-0.6694703041575197
ds000102,sub-20,1,12,flanker,congruent,130.0,2.0,0.834,834.0,1.0,0.0,656.0,1.0,12,0.22989357614465772
ds000102,sub-20,1,13,flanker,congruent,144.0,2.0,0.676,676.0,1.0,0.0,834.0,1.0,13,-0.5684181827752526
ds000102,sub-20,1,14,flanker,congruent,154.0,2.0,0.655,655.0,1.0,0.0,676.0,1.0,14,-0.6745229102266331
ds000102,sub-20,1,15,flanker,incongruent,164.0,2.0,0.938,938.0,1.0,1.0,655.0,1.0,15,0.7553646073324468
ds000102,sub-20,1,16,flanker,incongruent,174.0,2.0,0.823,823.0,1.0,1.0,938.0,1.0,16,0.1743149093844108
ds000102,sub-20,1,17,flanker,incongruent,184.0,2.0,0.763,763.0,1.0,1.0,823.0,1.0,17,-0.1288414547623906
ds000102,sub-20,1,18,flanker,incongruent,196.0,2.0,0.837,837.0,1.0,1.0,763.0,1.0,18,0.2450513943519978
ds000102,sub-20,1,19,flanker,congruent,208.0,2.0,0.919,919.0,1.0,0.0,837.0,1.0,19,0.659365092019293
ds000102,sub-20,1,20,flanker,congruent,220.0,2.0,0.867,867.0,1.0,0.0,919.0,1.0,20,0.3966295764253985
ds000102,sub-20,1,21,flanker,incongruent,232.0,2.0,1.661,1661.0,1.0,1.0,867.0,1.0,21,4.408398795301403
ds000102,sub-20,1,22,flanker,congruent,246.0,2.0,0.792,792.0,1.0,0.0,1661.0,1.0,22,0.01768412124189675
ds000102,sub-20,1,23,flanker,incongruent,260.0,2.0,0.761,761.0,1.0,1.0,792.0,1.0,23,-0.1389466669006173
ds000102,sub-20,1,24,flanker,congruent,274.0,2.0,0.819,819.0,1.0,0.0,761.0,1.0,24,0.15410448510795738
ds000102,sub-20,2,1,flanker,incongruent,0.0,2.0,0.767,767.0,1.0,1.0,,,1,-0.10863103048593717
ds000102,sub-20,2,2,flanker,congruent,10.0,2.0,0.58,580.0,1.0,0.0,767.0,1.0,2,-1.0534683654101349
ds000102,sub-20,2,3,flanker,incongruent,20.0,2.0,0.695,695.0,1.0,1.0,580.0,1.0,3,-0.4724186674620988
ds000102,sub-20,2,4,flanker,congruent,30.0,2.0,0.785,785.0,1.0,0.0,695.0,1.0,4,-0.01768412124189675
ds000102,sub-20,2,5,flanker,incongruent,42.0,2.0,0.797,797.0,1.0,1.0,785.0,1.0,5,0.04294715158746353
ds000102,sub-20,2,6,flanker,congruent,52.0,2.0,0.615,615.0,1.0,0.0,797.0,1.0,6,-0.8766271529911673
ds000102,sub-20,2,7,flanker,incongruent,64.0,2.0,0.947,947.0,1.0,1.0,615.0,1.0,7,0.800838061954467
ds000102,sub-20,2,8,flanker,congruent,76.0,2.0,0.654,654.0,1.0,0.0,947.0,1.0,8,-0.6795755162957464
ds000102,sub-20,2,9,flanker,incongruent,88.0,2.0,0.746,746.0,1.0,1.0,654.0,1.0,9,-0.21473575793731767
ds000102,sub-20,2,10,flanker,incongruent,102.0,2.0,0.883,883.0,1.0,1.0,746.0,1.0,10,0.4774712735312122
ds000102,sub-20,2,11,flanker,congruent,116.0,2.0,0.557,557.0,1.0,0.0,883.0,1.0,11,-1.1696783049997421
ds000102,sub-20,2,12,flanker,congruent,130.0,2.0,0.687,687.0,1.0,0.0,557.0,1.0,12,-0.5128395160150057
ds000102,sub-20,2,13,flanker,congruent,144.0,2.0,0.792,792.0,1.0,0.0,687.0,1.0,13,0.01768412124189675
ds000102,sub-20,2,14,flanker,congruent,154.0,2.0,0.821,821.0,1.0,0.0,792.0,1.0,14,0.1642096972461841
ds000102,sub-20,2,15,flanker,incongruent,164.0,2.0,0.768,768.0,1.0,1.0,821.0,1.0,15,-0.10357842441682381
ds000102,sub-20,2,16,flanker,incongruent,174.0,2.0,0.732,732.0,1.0,1.0,768.0,1.0,16,-0.28547224290490464
ds000102,sub-20,2,17,flanker,incongruent,184.0,2.0,0.648,648.0,1.0,1.0,732.0,1.0,17,-0.7098911527104266
ds000102,sub-20,2,18,flanker,incongruent,196.0,2.0,0.707,707.0,1.0,1.0,648.0,1.0,18,-0.41178739463273856
ds000102,sub-20,2,19,flanker,congruent,208.0,2.0,0.677,677.0,1.0,0.0,707.0,1.0,19,-0.5633655767061393
ds000102,sub-20,2,20,flanker,congruent,220.0,2.0,1.343,1343.0,1.0,0.0,677.0,1.0,20,2.801670065323356
ds000102,sub-20,2,21,flanker,incongruent,234.0,2.0,0.578,578.0,1.0,1.0,1343.0,1.0,21,-1.0635735775483615
ds000102,sub-20,2,22,flanker,congruent,246.0,2.0,0.55,550.0,1.0,0.0,578.0,1.0,22,-1.2050465474835355
ds000102,sub-20,2,23,flanker,incongruent,260.0,2.0,0.903,903.0,1.0,1.0,550.0,1.0,23,0.5785233949134794
ds000102,sub-20,2,24,flanker,congruent,274.0,2.0,0.537,537.0,1.0,0.0,903.0,1.0,24,-1.2707304263820092
ds000102,sub-21,1,1,flanker,congruent,0.0,2.0,1.752,1752.0,1.0,0.0,,,1,2.189357558311184
ds000102,sub-21,1,2,flanker,congruent,10.0,2.0,0.677,677.0,1.0,0.0,1752.0,1.0,2,-0.477565246430485
ds000102,sub-21,1,3,flanker,incongruent,20.0,2.0,1.217,1217.0,0.0,1.0,677.0,1.0,3,0.8620983019978884
ds000102,sub-21,1,4,flanker,congruent,30.0,2.0,0.771,771.0,1.0,0.0,1217.0,0.0,4,-0.24436455466702736
ds000102,sub-21,1,5,flanker,incongruent,42.0,2.0,2.294,2294.0,1.0,1.0,771.0,1.0,5,3.5339828235855886
ds000102,sub-21,1,6,flanker,incongruent,52.0,2.0,1.425,1425.0,1.0,1.0,2294.0,1.0,6,1.3781168539851139
ds000102,sub-21,1,7,flanker,incongruent,64.0,2.0,1.204,1204.0,0.0,1.0,1425.0,1.0,7,0.8298471424986869
ds000102,sub-21,1,8,flanker,congruent,76.0,2.0,0.815,815.0,1.0,0.0,1204.0,0.0,8,-0.13520678405434508
ds000102,sub-21,1,9,flanker,incongruent,88.0,2.0,1.282,1282.0,1.0,1.0,815.0,1.0,9,1.0233540994938963
ds000102,sub-21,1,10,flanker,incongruent,102.0,2.0,1.348,1348.0,1.0,1.0,1282.0,1.0,10,1.1870907554129198
ds000102,sub-21,1,11,flanker,congruent,116.0,2.0,0.901,901.0,1.0,0.0,1348.0,1.0,11,0.07814704032498845
ds000102,sub-21,1,12,flanker,congruent,130.0,2.0,0.608,608.0,1.0,0.0,901.0,1.0,12,-0.6487444776185549
ds000102,sub-21,1,13,flanker,incongruent,144.0,2.0,1.241,1241.0,1.0,1.0,608.0,1.0,13,0.9216389041502606
ds000102,sub-21,1,14,flanker,congruent,154.0,2.0,0.654,654.0,1.0,0.0,1241.0,1.0,14,-0.5346249901598417
ds000102,sub-21,1,15,flanker,congruent,164.0,2.0,0.778,778.0,1.0,0.0,654.0,1.0,15,-0.22699854570591882
ds000102,sub-21,1,16,flanker,incongruent,174.0,2.0,1.125,1125.0,1.0,1.0,778.0,1.0,16,0.6338593270804619
ds000102,sub-21,1,17,flanker,congruent,184.0,2.0,0.735,735.0,1.0,0.0,1125.0,1.0,17,-0.3336754578955856
ds000102,sub-21,1,18,flanker,incongruent,196.0,2.0,0.963,963.0,1.0,1.0,735.0,1.0,18,0.23196026255194985
ds000102,sub-21,1,19,flanker,incongruent,208.0,2.0,1.534,1534.0,1.0,1.0,963.0,1.0,19,1.648530422093804
ds000102,sub-21,1,20,flanker,incongruent,220.0,2.0,0.92,920.0,1.0,1.0,1534.0,1.0,20,0.12528335036228308
ds000102,sub-21,1,21,flanker,incongruent,234.0,2.0,0.931,931.0,1.0,1.0,920.0,1.0,21,0.15257279301545365
ds000102,sub-21,1,22,flanker,congruent,248.0,2.0,0.66,660.0,1.0,0.0,931.0,1.0,22,-0.5197398396217485
ds000102,sub-21,1,23,flanker,congruent,260.0,2.0,0.574,574.0,1.0,0.0,660.0,1.0,23,-0.7330936640010821
ds000102,sub-21,1,24,flanker,congruent,274.0,2.0,0.545,545.0,1.0,0.0,574.0,1.0,24,-0.8050385582685318
ds000102,sub-21,2,1,flanker,congruent,0.0,2.0,0.609,609.0,1.0,0.0,,,1,-0.6462636191955394
ds000102,sub-21,2,2,flanker,congruent,10.0,2.0,0.565,565.0,1.0,0.0,609.0,1.0,2,-0.7554213898082217
ds000102,sub-21,2,3,flanker,incongruent,20.0,2.0,1.09,1090.0,1.0,1.0,565.0,1.0,3,0.5470292822749191
ds000102,sub-21,2,4,flanker,congruent,30.0,2.0,1.244,1244.0,1.0,0.0,1090.0,1.0,4,0.9290814794193071
ds000102,sub-21,2,5,flanker,incongruent,40.0,2.0,0.968,968.0,1.0,1.0,1244.0,1.0,5,0.24436455466702736
ds000102,sub-21,2,6,flanker,incongruent,52.0,2.0,0.875,875.0,1.0,1.0,968.0,1.0,6,0.013644721326585285
ds000102,sub-21,2,7,flanker,incongruent,64.0,2.0,0.669,669.0,1.0,1.0,875.0,1.0,7,-0.49741211381460904
ds000102,sub-21,2,8,flanker,congruent,76.0,2.0,0.432,432.0,1.0,0.0,669.0,1.0,8,-1.085375560069284
ds000102,sub-21,2,9,flanker,incongruent,88.0,2.0,0.539,539.0,1.0,1.0,432.0,1.0,9,-0.8199237088066248
ds000102,sub-21,2,10,flanker,incongruent,102.0,2.0,0.596,596.0,1.0,1.0,539.0,1.0,10,-0.678514778694741
ds000102,sub-21,2,11,flanker,congruent,116.0,2.0,0.59,590.0,1.0,0.0,596.0,1.0,11,-0.693399929232834
ds000102,sub-21,2,12,flanker,congruent,126.0,2.0,0.89,890.0,1.0,0.0,590.0,1.0,12,0.05085759767181788
ds000102,sub-21,2,13,flanker,incongruent,140.0,2.0,2.068,2068.0,1.0,1.0,890.0,1.0,13,2.9733088199840845
ds000102,sub-21,2,14,flanker,congruent,154.0,2.0,0.973,973.0,1.0,0.0,2068.0,1.0,14,0.2567688467821049
ds000102,sub-21,2,15,flanker,congruent,164.0,2.0,0.667,667.0,1.0,0.0,973.0,1.0,15,-0.50237383066064
ds000102,sub-21,2,16,flanker,incongruent,174.0,2.0,0.822,822.0,1.0,1.0,667.0,1.0,16,-0.11784077509323655
ds000102,sub-21,2,17,flanker,congruent,184.0,2.0,1.064,1064.0,1.0,0.0,822.0,1.0,17,0.48252696327651595
ds000102,sub-21,2,18,flanker,incongruent,196.0,2.0,0.564,564.0,1.0,1.0,1064.0,1.0,18,-0.7579022482312372
ds000102,sub-21,2,19,flanker,incongruent,208.0,2.0,0.567,567.0,1.0,1.0,564.0,1.0,19,-0.7504596729621906
ds000102,sub-21,2,20,flanker,incongruent,220.0,2.0,0.577,577.0,1.0,1.0,567.0,1.0,20,-0.7256510887320355
ds000102,sub-21,2,21,flanker,incongruent,234.0,2.0,1.339,1339.0,1.0,1.0,577.0,1.0,21,1.1647630296057803
ds000102,sub-21,2,22,flanker,congruent,246.0,2.0,1.158,1158.0,1.0,0.0,1339.0,1.0,22,0.7157276550399736
ds000102,sub-21,2,23,flanker,congruent,260.0,2.0,0.864,864.0,1.0,0.0,1158.0,1.0,23,-0.013644721326585285
ds000102,sub-21,2,24,flanker,congruent,274.0,2.0,0.554,554.0,1.0,0.0,864.0,1.0,24,-0.7827108324613923
ds000102,sub-22,1,1,flanker,congruent,0.0,2.0,0.964,964.0,1.0,0.0,,,1,2.4490977535046166
ds000102,sub-22,1,2,flanker,congruent,10.0,2.0,0.774,774.0,1.0,0.0,964.0,1.0,2,0.863651166908783
ds000102,sub-22,1,3,flanker,congruent,20.0,2.0,0.634,634.0,1.0,0.0,774.0,1.0,3,-0.30457263374077853
ds000102,sub-22,1,4,flanker,incongruent,32.0,2.0,0.951,951.0,1.0,1.0,634.0,1.0,4,2.340619829158586
ds000102,sub-22,1,5,flanker,incongruent,42.0,2.0,0.769,769.0,1.0,1.0,951.0,1.0,5,0.8219288883141558
ds000102,sub-22,1,6,flanker,congruent,52.0,2.0,0.54,540.0,1.0,0.0,769.0,1.0,6,-1.0889514713197699
ds000102,sub-22,1,7,flanker,incongruent,64.0,2.0,0.711,711.0,1.0,1.0,540.0,1.0,7,0.3379504566164803
ds000102,sub-22,1,8,flanker,incongruent,76.0,2.0,0.674,674.0,1.0,1.0,711.0,1.0,8,0.02920559501623904
ds000102,sub-22,1,9,flanker,incongruent,88.0,2.0,0.606,606.0,1.0,1.0,674.0,1.0,9,-0.5382173938706909
ds000102,sub-22,1,10,flanker,congruent,102.0,2.0,0.534,534.0,1.0,0.0,606.0,1.0,10,-1.1390182056333225
ds000102,sub-22,1,11,flanker,incongruent,116.0,2.0,0.681,681.0,1.0,1.0,534.0,1.0,11,0.08761678504871712
ds000102,sub-22,1,12,flanker,congruent,130.0,2.0,0.57,570.0,1.0,0.0,681.0,1.0,12,-0.8386177997520067
ds000102,sub-22,1,13,flanker,congruent,144.0,2.0,0.637,637.0,1.0,0.0,570.0,1.0,13,-0.27953926658400224
ds000102,sub-22,1,14,flanker,incongruent,154.0,2.0,0.793,793.0,1.0,1.0,637.0,1.0,14,1.0221958255683663
ds000102,sub-22,1,15,flanker,incongruent,164.0,2.0,0.851,851.0,1.0,1.0,793.0,1.0,15,1.506174257266042
ds000102,sub-22,1,16,flanker,congruent,174.0,2.0,0.776,776.0,1.0,0.0,851.0,1.0,16,0.8803400783466339
ds000102,sub-22,1,17,flanker,incongruent,184.0,2.0,0.748,748.0,1.0,1.0,776.0,1.0,17,0.6466953182167215
ds000102,sub-22,1,18,flanker,incongruent,196.0,2.0,0.886,886.0,1.0,1.0,748.0,1.0,18,1.7982302074284322
ds000102,sub-22,1,19,flanker,congruent,208.0,2.0,0.593,593.0,1.0,0.0,886.0,1.0,19,-0.6466953182167215
ds000102,sub-22,1,20,flanker,incongruent,220.0,2.0,0.732,732.0,1.0,1.0,593.0,1.0,20,0.5131840267139145
ds000102,sub-22,1,21,flanker,congruent,234.0,2.0,0.629,629.0,1.0,0.0,732.0,1.0,21,-0.34629491233540577
ds000102,sub-22,1,22,flanker,congruent,246.0,2.0,0.768,768.0,1.0,0.0,629.0,1.0,22,0.8135844325952304
ds000102,sub-22,1,23,flanker,incongruent,260.0,2.0,0.825,825.0,1.0,1.0,768.0,1.0,23,1.2892184085739804
ds000102,sub-22,1,24,flanker,congruent,274.0,2.0,0.908,908.0,1.0,0.0,825.0,1.0,24,1.981808233244792
ds000102,sub-22,2,1,flanker,congruent,0.0,2.0,0.551,551.0,1.0,0.0,,,1,-0.99716245841159
ds000102,sub-22,2,2,flanker,congruent,10.0,2.0,0.698,698.0,1.0,0.0,551.0,1.0,2,0.2294725322704496
ds000102,sub-22,2,3,flanker,congruent,20.0,2.0,0.576,576.0,1.0,0.0,698.0,1.0,3,-0.7885510654384541
ds000102,sub-22,2,4,flanker,incongruent,30.0,2.0,0.506,506.0,1.0,1.0,576.0,1.0,4,-1.3726629657632348
ds000102,sub-22,2,5,flanker,incongruent,42.0,2.0,0.829,829.0,1.0,1.0,506.0,1.0,5,1.3225962314496822
ds000102,sub-22,2,6,flanker,congruent,52.0,2.0,0.569,569.0,1.0,0.0,829.0,1.0,6,-0.8469622554709322
ds000102,sub-22,2,7,flanker,incongruent,64.0,2.0,0.644,644.0,1.0,1.0,569.0,1.0,7,-0.22112807655152417
ds000102,sub-22,2,8,flanker,incongruent,76.0,2.0,0.846,846.0,1.0,1.0,644.0,1.0,8,1.4644519786714147
ds000102,sub-22,2,9,flanker,incongruent,88.0,2.0,0.592,592.0,1.0,1.0,846.0,1.0,9,-0.655039773935647
ds000102,sub-22,2,10,flanker,congruent,102.0,2.0,0.667,667.0,1.0,0.0,592.0,1.0,10,-0.02920559501623904
ds000102,sub-22,2,11,flanker,incongruent,116.0,2.0,0.621,621.0,1.0,1.0,667.0,1.0,11,-0.4130505580868093
ds000102,sub-22,2,12,flanker,congruent,130.0,2.0,0.814,814.0,1.0,0.0,621.0,1.0,12,1.1974293956658006
ds000102,sub-22,2,13,flanker,congruent,140.0,2.0,0.537,537.0,1.0,0.0,814.0,1.0,13,-1.1139848384765463
ds000102,sub-22,2,14,flanker,incongruent,150.0,2.0,0.735,735.0,1.0,1.0,537.0,1.0,14,0.5382173938706909
ds000102,sub-22,2,15,flanker,incongruent,164.0,2.0,0.625,625.0,1.0,1.0,735.0,1.0,15,-0.3796727352111075
ds000102,sub-22,2,16,flanker,congruent,174.0,2.0,0.769,769.0,1.0,0.0,625.0,1.0,16,0.8219288883141558
ds000102,sub-22,2,17,flanker,incongruent,184.0,2.0,0.608,608.0,1.0,1.0,769.0,1.0,17,-0.52152848243284
ds000102,sub-22,2,18,flanker,incongruent,196.0,2.0,0.546,546.0,1.0,1.0,608.0,1.0,18,-1.0388847370062173
ds000102,sub-22,2,19,flanker,congruent,208.0,2.0,0.565,565.0,1.0,0.0,546.0,1.0,19,-0.8803400783466339
ds000102,sub-22,2,20,flanker,incongruent,220.0,2.0,0.688,688.0,1.0,1.0,565.0,1.0,20,0.1460279750811952
ds000102,sub-22,2,21,flanker,congruent,232.0,2.0,0.595,595.0,1.0,0.0,688.0,1.0,21,-0.6300064067788707
ds000102,sub-22,2,22,flanker,congruent,246.0,2.0,0.596,596.0,1.0,0.0,595.0,1.0,22,-0.6216619510599453
ds000102,sub-22,2,23,flanker,incongruent,260.0,2.0,0.558,558.0,1.0,1.0,596.0,1.0,23,-0.9387512683791119
ds000102,sub-22,2,24,flanker,congruent,274.0,2.0,0.704,704.0,1.0,0.0,558.0,1.0,24,0.27953926658400224
ds000102,sub-23,1,1,flanker,incongruent,0.0,2.0,0.821,821.0,1.0,1.0,,,1,2.7168144126908773
ds000102,sub-23,1,2,flanker,congruent,10.0,2.0,0.657,657.0,1.0,0.0,821.0,1.0,2,1.2910302089107049
ds000102,sub-23,1,3,flanker,congruent,20.0,2.0,0.494,494.0,1.0,0.0,657.0,1.0,3,-0.12606018874885672
ds000102,sub-23,1,4,flanker,incongruent,30.0,2.0,0.544,544.0,0.0,1.0,494.0,1.0,4,0.30863011728168366
ds000102,sub-23,1,5,flanker,congruent,40.0,2.0,0.605,605.0,1.0,0.0,544.0,0.0,5,0.8389522906389429
ds000102,sub-23,1,6,flanker,incongruent,52.0,2.0,0.654,654.0,1.0,1.0,605.0,1.0,6,1.2649487905488725
ds000102,sub-23,1,7,flanker,congruent,64.0,2.0,0.49,490.0,1.0,0.0,654.0,1.0,7,-0.16083541323129993
ds000102,sub-23,1,8,flanker,incongruent,76.0,2.0,0.484,484.0,1.0,1.0,490.0,1.0,8,-0.21299824995496477
ds000102,sub-23,1,9,flanker,incongruent,88.0,2.0,0.544,544.0,1.0,1.0,484.0,1.0,9,0.30863011728168366
ds000102,sub-23,1,10,flanker,congruent,102.0,2.0,0.473,473.0,1.0,0.0,544.0,1.0,10,-0.30863011728168366
ds000102,sub-23,1,11,flanker,incongruent,116.0,2.0,0.523,523.0,1.0,1.0,473.0,1.0,11,0.12606018874885672
ds000102,sub-23,1,12,flanker,congruent,130.0,2.0,0.43,430.0,1.0,0.0,523.0,1.0,12,-0.6824637804679483
ds000102,sub-23,1,13,flanker,incongruent,144.0,2.0,0.39,390.0,0.0,1.0,430.0,1.0,13,-1.0302160252923807
ds000102,sub-23,1,14,flanker,incongruent,154.0,2.0,0.603,603.0,1.0,1.0,390.0,0.0,14,0.8215646783977213
ds000102,sub-23,1,15,flanker,congruent,164.0,2.0,0.486,486.0,1.0,0.0,603.0,1.0,15,-0.19561063771374315
ds000102,sub-23,1,16,flanker,congruent,174.0,2.0,0.466,466.0,1.0,0.0,486.0,1.0,16,-0.3694867601259593
ds000102,sub-23,1,17,flanker,congruent,184.0,2.0,0.429,429.0,1.0,0.0,466.0,1.0,17,-0.6911575865885592
ds000102,sub-23,1,18,flanker,congruent,196.0,2.0,0.456,456.0,1.0,0.0,429.0,1.0,18,-0.45642482133206735
ds000102,sub-23,1,19,flanker,congruent,208.0,2.0,0.412,412.0,1.0,0.0,456.0,1.0,19,-0.8389522906389429
ds000102,sub-23,1,20,flanker,incongruent,222.0,2.0,0.758,758.0,1.0,1.0,412.0,1.0,20,2.1691046270923966
ds000102,sub-23,1,21,flanker,incongruent,234.0,2.0,0.528,528.0,1.0,1.0,758.0,1.0,21,0.16952921935191073
ds000102,sub-23,1,22,flanker,incongruent,246.0,2.0,0.539,539.0,1.0,1.0,528.0,1.0,22,0.26516108667862964
ds000102,sub-23,1,23,flanker,incongruent,260.0,2.0,0.548,548.0,1.0,1.0,539.0,1.0,23,0.3434053417641269
ds000102,sub-23,1,24,flanker,congruent,274.0,2.0,0.47,470.0,1.0,0.0,548.0,1.0,24,-0.3347115356435161
ds000102,sub-23,2,1,flanker,incongruent,0.0,2.0,0.699,699.0,1.0,1.0,,,1,1.6561700659763587
ds000102,sub-23,2,2,flanker,congruent,10.0,2.0,0.423,423.0,1.0,0.0,699.0,1.0,2,-0.743320423312224
ds000102,sub-23,2,3,flanker,congruent,20.0,2.0,0.427,427.0,0.0,0.0,423.0,1.0,3,-0.7085451988297807
ds000102,sub-23,2,4,flanker,incongruent,30.0,2.0,0.479,479.0,1.0,1.0,427.0,0.0,4,-0.2564672805580188
ds000102,sub-23,2,5,flanker,congruent,40.0,2.0,0.609,609.0,1.0,0.0,479.0,1.0,5,0.8737275151213861
ds000102,sub-23,2,6,flanker,incongruent,52.0,2.0,0.525,525.0,1.0,1.0,609.0,1.0,6,0.1434478009900783
ds000102,sub-23,2,7,flanker,congruent,64.0,2.0,0.423,423.0,1.0,0.0,525.0,1.0,7,-0.743320423312224
ds000102,sub-23,2,8,flanker,incongruent,76.0,2.0,0.49,490.0,1.0,1.0,423.0,1.0,8,-0.16083541323129993
ds000102,sub-23,2,9,flanker,incongruent,88.0,2.0,0.924,924.0,0.0,1.0,490.0,1.0,9,3.61227644311379
ds000102,sub-23,2,10,flanker,congruent,102.0,2.0,0.479,479.0,1.0,0.0,924.0,0.0,10,-0.2564672805580188
ds000102,sub-23,2,11,flanker,incongruent,116.0,2.0,0.72,720.0,1.0,1.0,479.0,1.0,11,1.8387399945091858
ds000102,sub-23,2,12,flanker,congruent,130.0,2.0,0.538,538.0,1.0,0.0,720.0,1.0,12,0.2564672805580188
ds000102,sub-23,2,13,flanker,incongruent,144.0,2.0,0.668,668.0,1.0,1.0,538.0,1.0,13,1.3866620762374238
ds000102,sub-23,2,14,flanker,incongruent,154.0,2.0,0.623,623.0,1.0,1.0,668.0,1.0,14,0.9954408008099375
ds000102,sub-23,2,15,flanker,congruent,164.0,2.0,0.475,475.0,1.0,0.0,623.0,1.0,15,-0.29124250504046206
ds000102,sub-23,2,16,flanker,congruent,174.0,2.0,0.462,462.0,1.0,0.0,475.0,1.0,16,-0.4042619846084025
ds000102,sub-23,2,17,flanker,congruent,184.0,2.0,0.379,379.0,1.0,0.0,462.0,1.0,17,-1.1258478926190996
ds000102,sub-23,2,18,flanker,congruent,196.0,2.0,0.541,541.0,1.0,0.0,379.0,1.0,18,0.28254869891985124
ds000102,sub-23,2,19,flanker,congruent,208.0,2.0,0.6,600.0,1.0,0.0,541.0,1.0,19,0.7954832600358889
ds000102,sub-23,2,20,flanker,incongruent,220.0,2.0,0.411,411.0,1.0,1.0,600.0,1.0,20,-0.8476460967595537
ds000102,sub-23,2,21,flanker,incongruent,234.0,2.0,0.436,436.0,1.0,1.0,411.0,1.0,21,-0.6303009437442835
ds000102,sub-23,2,22,flanker,incongruent,248.0,2.0,0.543,543.0,1.0,1.0,436.0,1.0,22,0.29993631116107283
ds000102,sub-23,2,23,flanker,incongruent,260.0,2.0,0.418,418.0,0.0,1.0,543.0,1.0,23,-0.786789453915278
ds000102,sub-23,2,24,flanker,congruent,274.0,2.0,0.524,524.0,1.0,0.0,418.0,0.0,24,0.1347539948694675
ds000102,sub-24,1,1,flanker,congruent,0.0,2.0,0.496,496.0,1.0,0.0,,,1,-0.3548362025447771
ds000102,sub-24,1,2,flanker,congruent,10.0,2.0,0.523,523.0,1.0,0.0,496.0,1.0,2,0.028386896203582167
ds000102,sub-24,1,3,flanker,congruent,20.0,2.0,0.423,423.0,1.0,0.0,523.0,1.0,3,-1.3909579139755262
ds000102,sub-24,1,4,flanker,congruent,32.0,2.0,0.482,482.0,1.0,0.0,423.0,1.0,4,-0.5535444759698522
ds000102,sub-24,1,5,flanker,incongruent,44.0,2.0,0.589,589.0,1.0,1.0,482.0,1.0,5,0.9651544709217936
ds000102,sub-24,1,6,flanker,incongruent,54.0,2.0,0.528,528.0,1.0,1.0,589.0,1.0,6,0.09935413671253758
ds000102,sub-24,1,7,flanker,incongruent,64.0,2.0,0.572,572.0,1.0,1.0,528.0,1.0,7,0.7238658531913452
ds000102,sub-24,1,8,flanker,incongruent,76.0,2.0,0.518,518.0,1.0,1.0,572.0,1.0,8,-0.042580344305373254
ds000102,sub-24,1,9,flanker,incongruent,88.0,2.0,0.577,577.0,1.0,1.0,518.0,1.0,9,0.7948330937003006
ds000102,sub-24,1,10,flanker,congruent,102.0,2.0,0.379,379.0,1.0,0.0,577.0,1.0,10,-2.015469630454334
ds000102,sub-24,1,11,flanker,incongruent,116.0,2.0,0.693,693.0,1.0,1.0,379.0,1.0,11,2.4412730735080665
ds000102,sub-24,1,12,flanker,incongruent,130.0,2.0,0.583,583.0,1.0,1.0,693.0,1.0,12,0.8799937823110472
ds000102,sub-24,1,13,flanker,congruent,140.0,2.0,0.532,532.0,1.0,0.0,583.0,1.0,13,0.1561279291197019
ds000102,sub-24,1,14,flanker,congruent,154.0,2.0,0.437,437.0,1.0,0.0,532.0,1.0,14,-1.192249640550451
ds000102,sub-24,1,15,flanker,incongruent,164.0,2.0,0.658,658.0,1.0,1.0,437.0,1.0,15,1.9445023899453784
ds000102,sub-24,1,16,flanker,congruent,174.0,2.0,0.49,490.0,1.0,0.0,658.0,1.0,16,-0.4399968911555236
ds000102,sub-24,1,17,flanker,congruent,184.0,2.0,0.44,440.0,1.0,0.0,490.0,1.0,17,-1.1496692962450779
ds000102,sub-24,1,18,flanker,congruent,196.0,2.0,0.427,427.0,1.0,0.0,440.0,1.0,18,-1.3341841215683619
ds000102,sub-24,1,19,flanker,incongruent,208.0,2.0,0.574,574.0,1.0,1.0,427.0,1.0,19,0.7522527493949275
ds000102,sub-24,1,20,flanker,incongruent,220.0,2.0,0.512,512.0,1.0,1.0,574.0,1.0,20,-0.12774103291611974
ds000102,sub-24,1,21,flanker,incongruent,232.0,2.0,0.563,563.0,1.0,1.0,512.0,1.0,21,0.5961248202752255
ds000102,sub-24,1,22,flanker,congruent,246.0,2.0,0.509,509.0,1.0,0.0,563.0,1.0,22,-0.17032137722149301
ds000102,sub-24,1,23,flanker,congruent,260.0,2.0,0.391,391.0,1.0,0.0,509.0,1.0,23,-1.845148253232841
ds000102,sub-24,1,24,flanker,incongruent,274.0,2.0,0.529,529.0,1.0,1.0,391.0,1.0,24,0.11354758481432867
ds000102,sub-24,2,1,flanker,congruent,0.0,2.0,0.443,443.0,1.0,0.0,,,1,-1.1070889519397045
ds000102,sub-24,2,2,flanker,congruent,10.0,2.0,0.623,623.0,1.0,0.0,443.0,1.0,2,1.4477317063826904
ds000102,sub-24,2,3,flanker,congruent,20.0,2.0,0.475,475.0,1.0,0.0,623.0,1.0,3,-0.6528986126823898
ds000102,sub-24,2,4,flanker,congruent,30.0,2.0,0.607,607.0,1.0,0.0,475.0,1.0,4,1.2206365367540333
ds000102,sub-24,2,5,flanker,incongruent,40.0,2.0,0.561,561.0,1.0,1.0,607.0,1.0,5,0.5677379240716434
ds000102,sub-24,2,6,flanker,incongruent,52.0,2.0,0.5,500.0,1.0,1.0,561.0,1.0,6,-0.29806241013761275
ds000102,sub-24,2,7,flanker,incongruent,64.0,2.0,0.494,494.0,1.0,1.0,500.0,1.0,7,-0.38322309874835925
ds000102,sub-24,2,8,flanker,incongruent,76.0,2.0,0.577,577.0,1.0,1.0,494.0,1.0,8,0.7948330937003006
ds000102,sub-24,2,9,flanker,incongruent,88.0,2.0,0.413,413.0,1.0,1.0,577.0,1.0,9,-1.532892394993437
ds000102,sub-24,2,10,flanker,congruent,102.0,2.0,0.575,575.0,1.0,0.0,413.0,1.0,10,0.7664461974967185
ds000102,sub-24,2,11,flanker,incongruent,116.0,2.0,0.546,546.0,1.0,1.0,575.0,1.0,11,0.3548362025447771
ds000102,sub-24,2,12,flanker,incongruent,130.0,2.0,0.401,401.0,1.0,1.0,546.0,1.0,12,-1.70321377221493
ds000102,sub-24,2,13,flanker,congruent,140.0,2.0,0.519,519.0,1.0,0.0,401.0,1.0,13,-0.028386896203582167
ds000102,sub-24,2,14,flanker,congruent,154.0,2.0,0.48,480.0,1.0,0.0,519.0,1.0,14,-0.5819313721734344
ds000102,sub-24,2,15,flanker,incongruent,164.0,2.0,0.571,571.0,1.0,1.0,480.0,1.0,15,0.7096724050895542
ds000102,sub-24,2,16,flanker,congruent,174.0,2.0,0.519,519.0,1.0,0.0,571.0,1.0,16,-0.028386896203582167
ds000102,sub-24,2,17,flanker,congruent,184.0,2.0,0.538,538.0,1.0,0.0,519.0,1.0,17,0.2412886177304484
ds000102,sub-24,2,18,flanker,congruent,196.0,2.0,0.526,526.0,1.0,0.0,538.0,1.0,18,0.07096724050895542
ds000102,sub-24,2,19,flanker,incongruent,208.0,2.0,0.527,527.0,1.0,1.0,526.0,1.0,19,0.08516068861074651
ds000102,sub-24,2,20,flanker,incongruent,220.0,2.0,0.447,447.0,1.0,1.0,527.0,1.0,20,-1.0503151595325402
ds000102,sub-24,2,21,flanker,incongruent,232.0,2.0,0.406,406.0,1.0,1.0,447.0,1.0,21,-1.6322465317059747
ds000102,sub-24,2,22,flanker,congruent,246.0,2.0,0.431,431.0,1.0,0.0,406.0,1.0,22,-1.2774103291611976
ds000102,sub-24,2,23,flanker,congruent,260.0,2.0,0.57,570.0,1.0,0.0,431.0,1.0,23,0.6954789569877631
ds000102,sub-24,2,24,flanker,incongruent,274.0,2.0,0.532,532.0,1.0,1.0,570.0,1.0,24,0.1561279291197019
ds000102,sub-25,1,1,flanker,congruent,0.0,2.0,1.074,1074.0,1.0,0.0,,,1,0.7302428649645291
ds000102,sub-25,1,2,flanker,incongruent,10.0,2.0,1.039,1039.0,1.0,1.0,1074.0,1.0,2,0.5489769055761708
ds000102,sub-25,1,3,flanker,incongruent,20.0,2.0,0.954,954.0,1.0,1.0,1039.0,1.0,3,0.10875957563301497
ds000102,sub-25,1,4,flanker,incongruent,30.0,2.0,0.965,965.0,1.0,1.0,954.0,1.0,4,0.16572887715507043
ds000102,sub-25,1,5,flanker,congruent,42.0,2.0,0.864,864.0,1.0,0.0,965.0,1.0,5,-0.35735289136562065
ds000102,sub-25,1,6,flanker,congruent,52.0,2.0,0.925,925.0,1.0,0.0,864.0,1.0,6,-0.041432219288767606
ds000102,sub-25,1,7,flanker,congruent,64.0,2.0,1.158,1158.0,1.0,0.0,925.0,1.0,7,1.165281167496589
ds000102,sub-25,1,8,flanker,incongruent,76.0,2.0,1.097,1097.0,1.0,1.0,1158.0,1.0,8,0.849360495419736
ds000102,sub-25,1,9,flanker,incongruent,88.0,2.0,0.94,940.0,1.0,1.0,1097.0,1.0,9,0.036253191877671655
ds000102,sub-25,1,10,flanker,congruent,102.0,2.0,0.895,895.0,1.0,0.0,940.0,1.0,10,-0.19680304162164614
ds000102,sub-25,1,11,flanker,incongruent,116.0,2.0,0.888,888.0,1.0,1.0,895.0,1.0,11,-0.2330562334993178
ds000102,sub-25,1,12,flanker,incongruent,130.0,2.0,1.217,1217.0,1.0,1.0,888.0,1.0,12,1.47084378475125
ds000102,sub-25,1,13,flanker,incongruent,140.0,2.0,1.094,1094.0,1.0,1.0,1217.0,1.0,13,0.8338234131864481
ds000102,sub-25,1,14,flanker,congruent,150.0,2.0,1.233,1233.0,1.0,0.0,1094.0,1.0,14,1.5537082233287853
ds000102,sub-25,1,15,flanker,congruent,164.0,2.0,1.139,1139.0,1.0,0.0,1233.0,1.0,15,1.066879646685766
ds000102,sub-25,1,16,flanker,congruent,174.0,2.0,0.936,936.0,1.0,0.0,1139.0,1.0,16,0.015537082233287853
ds000102,sub-25,1,17,flanker,congruent,184.0,2.0,0.93,930.0,1.0,0.0,936.0,1.0,17,-0.015537082233287853
ds000102,sub-25,1,18,flanker,incongruent,196.0,2.0,1.365,1365.0,1.0,1.0,930.0,1.0,18,2.237339841593451
ds000102,sub-25,1,19,flanker,incongruent,208.0,2.0,1.089,1089.0,1.0,1.0,1365.0,1.0,19,0.8079282761309684
ds000102,sub-25,1,20,flanker,congruent,220.0,2.0,0.986,986.0,1.0,0.0,1089.0,1.0,20,0.2744884527880854
ds000102,sub-25,1,21,flanker,incongruent,232.0,2.0,1.069,1069.0,1.0,1.0,986.0,1.0,21,0.7043477279090493
ds000102,sub-25,1,22,flanker,congruent,246.0,2.0,0.688,688.0,1.0,0.0,1069.0,1.0,22,-1.268861715718508
ds000102,sub-25,1,23,flanker,incongruent,260.0,2.0,0.93,930.0,1.0,1.0,688.0,1.0,23,-0.015537082233287853
ds000102,sub-25,1,24,flanker,congruent,274.0,2.0,1.26,1260.0,1.0,0.0,930.0,1.0,24,1.693541963428376
ds000102,sub-25,2,1,flanker,congruent,0.0,2.0,1.137,1137.0,1.0,0.0,,,1,1.056521591863574
ds000102,sub-25,2,2,flanker,incongruent,10.0,2.0,0.747,747.0,1.0,1.0,1137.0,1.0,2,-0.9632990984638469
ds000102,sub-25,2,3,flanker,incongruent,20.0,2.0,1.344,1344.0,1.0,1.0,747.0,1.0,3,2.128580265960436
ds000102,sub-25,2,4,flanker,incongruent,30.0,2.0,0.987,987.0,1.0,1.0,1344.0,1.0,4,0.27966748019918136
ds000102,sub-25,2,5,flanker,congruent,40.0,2.0,0.904,904.0,1.0,0.0,987.0,1.0,5,-0.15019179492178258
ds000102,sub-25,2,6,flanker,congruent,52.0,2.0,0.707,707.0,1.0,0.0,904.0,1.0,6,-1.170460194907685
ds000102,sub-25,2,7,flanker,congruent,64.0,2.0,0.798,798.0,1.0,0.0,707.0,1.0,7,-0.6991687004979534
ds000102,sub-25,2,8,flanker,incongruent,76.0,2.0,1.209,1209.0,1.0,1.0,798.0,1.0,8,1.4294115654624826
ds000102,sub-25,2,9,flanker,incongruent,88.0,2.0,1.018,1018.0,1.0,1.0,1209.0,1.0,9,0.4402173299431558
ds000102,sub-25,2,10,flanker,congruent,102.0,2.0,0.742,742.0,1.0,0.0,1018.0,1.0,10,-0.9891942355193266
ds000102,sub-25,2,11,flanker,incongruent,116.0,2.0,0.918,918.0,1.0,1.0,742.0,1.0,11,-0.07768541116643926
ds000102,sub-25,2,12,flanker,incongruent,130.0,2.0,0.664,664.0,1.0,1.0,918.0,1.0,12,-1.3931583735848108
ds000102,sub-25,2,13,flanker,incongruent,144.0,2.0,1.211,1211.0,1.0,1.0,664.0,1.0,13,1.4397696202846744
ds000102,sub-25,2,14,flanker,congruent,154.0,2.0,0.701,701.0,1.0,0.0,1211.0,1.0,14,-1.2015343593742607
ds000102,sub-25,2,15,flanker,congruent,164.0,2.0,0.858,858.0,1.0,0.0,701.0,1.0,15,-0.38842705583219633
ds000102,sub-25,2,16,flanker,congruent,174.0,2.0,0.702,702.0,1.0,0.0,858.0,1.0,16,-1.1963553319631648
ds000102,sub-25,2,17,flanker,congruent,184.0,2.0,0.705,705.0,1.0,0.0,702.0,1.0,17,-1.180818249729877
ds000102,sub-25,2,18,flanker,incongruent,196.0,2.0,0.701,701.0,1.0,1.0,705.0,1.0,18,-1.2015343593742607
ds000102,sub-25,2,19,flanker,incongruent,208.0,2.0,0.903,903.0,1.0,1.0,701.0,1.0,19,-0.15537082233287852
ds000102,sub-25,2,20,flanker,congruent,220.0,2.0,0.912,912.0,1.0,0.0,903.0,1.0,20,-0.10875957563301497
ds000102,sub-25,2,21,flanker,incongruent,234.0,2.0,0.851,851.0,1.0,1.0,912.0,1.0,21,-0.424680247709868
ds000102,sub-25,2,22,flanker,congruent,246.0,2.0,0.869,869.0,1.0,0.0,851.0,1.0,22,-0.33145775431014085
ds000102,sub-25,2,23,flanker,incongruent,260.0,2.0,0.671,671.0,1.0,1.0,869.0,1.0,23,-1.3569051817071391
ds000102,sub-25,2,24,flanker,congruent,274.0,2.0,1.33,1330.0,1.0,0.0,671.0,1.0,24,2.0560738822050926
ds000102,sub-26,1,1,flanker,congruent,0.0,2.0,0.966,966.0,1.0,0.0,,,1,3.3774792462166903
ds000102,sub-26,1,2,flanker,incongruent,10.0,2.0,0.914,914.0,1.0,1.0,966.0,1.0,2,2.9522276219957027
ds000102,sub-26,1,3,flanker,congruent,20.0,2.0,0.797,797.0,1.0,0.0,914.0,1.0,3,1.9954114674984804
ds000102,sub-26,1,4,flanker,incongruent,30.0,2.0,0.873,873.0,1.0,1.0,797.0,1.0,4,2.6169330721291546
ds000102,sub-26,1,5,flanker,congruent,40.0,2.0,0.636,636.0,1.0,0.0,873.0,1.0,5,0.6787670155834995
ds000102,sub-26,1,6,flanker,incongruent,52.0,2.0,0.552,552.0,1.0,1.0,636.0,1.0,6,-0.008177915850403608
ds000102,sub-26,1,7,flanker,incongruent,64.0,2.0,0.69,690.0,1.0,1.0,552.0,1.0,7,1.1203744715052943
ds000102,sub-26,1,8,flanker,congruent,76.0,2.0,0.542,542.0,1.0,0.0,690.0,1.0,8,-0.08995707435443968
ds000102,sub-26,1,9,flanker,congruent,88.0,2.0,0.52,520.0,1.0,0.0,542.0,1.0,9,-0.26987122306331907
ds000102,sub-26,1,10,flanker,congruent,102.0,2.0,0.41,410.0,1.0,0.0,520.0,1.0,10,-1.1694419666077158
ds000102,sub-26,1,11,flanker,incongruent,116.0,2.0,0.562,562.0,1.0,1.0,410.0,1.0,11,0.07360124265363246
ds000102,sub-26,1,12,flanker,incongruent,130.0,2.0,0.605,605.0,1.0,1.0,562.0,1.0,12,0.4252516242209876
ds000102,sub-26,1,13,flanker,incongruent,144.0,2.0,0.592,592.0,1.0,1.0,605.0,1.0,13,0.3189387181657407
ds000102,sub-26,1,14,flanker,congruent,154.0,2.0,0.578,578.0,1.0,0.0,592.0,1.0,14,0.2044478962600902
ds000102,sub-26,1,15,flanker,congruent,164.0,2.0,0.55,550.0,1.0,0.0,578.0,1.0,15,-0.024533747551210825
ds000102,sub-26,1,16,flanker,incongruent,174.0,2.0,0.546,546.0,1.0,1.0,550.0,1.0,16,-0.05724541095282525
ds000102,sub-26,1,17,flanker,incongruent,184.0,2.0,0.542,542.0,1.0,1.0,546.0,1.0,17,-0.08995707435443968
ds000102,sub-26,1,18,flanker,incongruent,196.0,2.0,0.424,424.0,0.0,1.0,542.0,1.0,18,-1.0549511447020654
ds000102,sub-26,1,19,flanker,congruent,208.0,2.0,0.499,499.0,1.0,0.0,424.0,0.0,19,-0.44160745592179484
ds000102,sub-26,1,20,flanker,congruent,220.0,2.0,0.631,631.0,1.0,0.0,499.0,1.0,20,0.6378774363314814
ds000102,sub-26,1,21,flanker,congruent,232.0,2.0,0.473,473.0,1.0,0.0,631.0,1.0,21,-0.6542332680322887
ds000102,sub-26,1,22,flanker,incongruent,246.0,2.0,0.571,571.0,1.0,1.0,473.0,1.0,22,0.14720248530726493
ds000102,sub-26,1,23,flanker,incongruent,260.0,2.0,0.581,581.0,1.0,1.0,571.0,1.0,23,0.228981643811301
ds000102,sub-26,1,24,flanker,congruent,274.0,2.0,0.407,407.0,1.0,0.0,581.0,1.0,24,-1.1939757141589267
ds000102,sub-26,2,1,flanker,congruent,0.0,2.0,0.703,703.0,1.0,0.0,,,1,1.2266873775605411
ds000102,sub-26,2,2,flanker,incongruent,10.0,2.0,0.554,554.0,1.0,1.0,703.0,1.0,2,0.008177915850403608
ds000102,sub-26,2,3,flanker,congruent,20.0,2.0,0.655,655.0,1.0,0.0,554.0,1.0,3,0.834147416741168
ds000102,sub-26,2,4,flanker,incongruent,30.0,2.0,0.546,546.0,1.0,1.0,655.0,1.0,4,-0.05724541095282525
ds000102,sub-26,2,5,flanker,congruent,40.0,2.0,0.661,661.0,1.0,0.0,546.0,1.0,5,0.8832149118435897
ds000102,sub-26,2,6,flanker,incongruent,52.0,2.0,0.497,497.0,1.0,1.0,661.0,1.0,6,-0.457963287622602
ds000102,sub-26,2,7,flanker,incongruent,64.0,2.0,0.475,475.0,1.0,1.0,497.0,1.0,7,-0.6378774363314814
ds000102,sub-26,2,8,flanker,congruent,76.0,2.0,0.542,542.0,1.0,0.0,475.0,1.0,8,-0.08995707435443968
ds000102,sub-26,2,9,flanker,congruent,88.0,2.0,0.583,583.0,1.0,0.0,542.0,1.0,9,0.24533747551210824
ds000102,sub-26,2,10,flanker,congruent,102.0,2.0,0.65,650.0,1.0,0.0,583.0,1.0,10,0.79325783748915
ds000102,sub-26,2,11,flanker,incongruent,116.0,2.0,0.42,420.0,1.0,1.0,650.0,1.0,11,-1.0876628081036799
ds000102,sub-26,2,12,flanker,incongruent,130.0,2.0,0.599,599.0,1.0,1.0,420.0,1.0,12,0.37618412911856597
ds000102,sub-26,2,13,flanker,incongruent,140.0,2.0,0.498,498.0,1.0,1.0,599.0,1.0,13,-0.44978537177219846
ds000102,sub-26,2,14,flanker,congruent,154.0,2.0,0.396,396.0,1.0,0.0,498.0,1.0,14,-1.2839327885133665
ds000102,sub-26,2,15,flanker,congruent,164.0,2.0,0.56,560.0,1.0,0.0,396.0,1.0,15,0.05724541095282525
ds000102,sub-26,2,16,flanker,incongruent,174.0,2.0,0.475,475.0,1.0,1.0,560.0,1.0,16,-0.6378774363314814
ds000102,sub-26,2,17,flanker,incongruent,184.0,2.0,0.638,638.0,1.0,1.0,475.0,1.0,17,0.6951228472843066
ds000102,sub-26,2,18,flanker,incongruent,196.0,2.0,0.457,457.0,1.0,1.0,638.0,1.0,18,-0.7850799216387464
ds000102,sub-26,2,19,flanker,congruent,208.0,2.0,0.556,556.0,1.0,0.0,457.0,1.0,19,0.024533747551210825
ds000102,sub-26,2,20,flanker,congruent,220.0,2.0,0.575,575.0,1.0,0.0,556.0,1.0,20,0.17991414870887937
ds000102,sub-26,2,21,flanker,congruent,234.0,2.0,0.544,544.0,1.0,0.0,575.0,1.0,21,-0.07360124265363246
ds000102,sub-26,2,22,flanker,incongruent,248.0,2.0,0.476,476.0,1.0,1.0,544.0,1.0,22,-0.6296995204810778
ds000102,sub-26,2,23,flanker,incongruent,260.0,2.0,0.534,534.0,1.0,1.0,476.0,1.0,23,-0.15538040115766855
ds000102,sub-26,2,24,flanker,congruent,274.0,2.0,0.448,448.0,1.0,0.0,534.0,1.0,24,-0.8586811642923788
ds000164,sub-001,1,1,stroop,neutral,0.342,1.0,1.186,1186.0,1.0,0.0,,,1,2.280695143094526
ds000164,sub-001,1,2,stroop,congruent,3.345,1.0,0.667,667.0,1.0,0.0,1186.0,1.0,2,-1.0772645143978399
ds000164,sub-001,1,3,stroop,congruent,12.346,1.0,0.614,614.0,1.0,0.0,667.0,1.0,3,-1.4201775430049601
ds000164,sub-001,1,4,stroop,neutral,15.349,1.0,0.696,696.0,1.0,0.0,614.0,1.0,4,-0.8896328572354534
ds000164,sub-001,1,5,stroop,neutral,18.35,1.0,0.752,752.0,1.0,0.0,696.0,1.0,5,-0.5273096571977415
ds000164,sub-001,1,6,stroop,incongruent,21.351,1.0,0.864,864.0,1.0,1.0,752.0,1.0,6,0.19733674287768238
ds000164,sub-001,1,7,stroop,congruent,24.352,1.0,0.793,793.0,1.0,0.0,864.0,1.0,7,-0.2620373143129881
ds000164,sub-001,1,8,stroop,neutral,27.353,1.0,0.662,662.0,1.0,0.0,793.0,1.0,8,-1.1096148001154928
ds000164,sub-001,1,9,stroop,neutral,31.854,1.0,0.715,715.0,1.0,0.0,662.0,1.0,9,-0.7667017715083726
ds000164,sub-001,1,10,stroop,incongruent,34.855,1.0,0.792,792.0,1.0,1.0,715.0,1.0,10,-0.26850737145651865
ds000164,sub-001,1,11,stroop,neutral,43.856,1.0,0.739,739.0,1.0,0.0,792.0,1.0,11,-0.6114204000636388
ds000164,sub-001,1,12,stroop,congruent,46.859,1.0,1.028,1028.0,1.0,0.0,739.0,1.0,12,1.258426114416696
ds000164,sub-001,1,13,stroop,incongruent,49.86,1.0,0.785,785.0,1.0,1.0,1028.0,1.0,13,-0.31379777146123267
ds000164,sub-001,1,14,stroop,congruent,52.861,1.0,0.789,789.0,1.0,0.0,785.0,1.0,14,-0.28791754288711036
ds000164,sub-001,1,15,stroop,neutral,55.862,1.0,0.898,898.0,0.0,0.0,789.0,1.0,15,0.4173186857577218
ds000164,sub-001,1,16,stroop,neutral,58.863,1.0,0.907,907.0,1.0,0.0,898.0,0.0,16,0.4755492000494969
ds000164,sub-001,1,17,stroop,incongruent,66.364,1.0,1.055,1055.0,1.0,1.0,907.0,1.0,17,1.4331176572920212
ds000164,sub-001,1,18,stroop,incongruent,69.367,1.0,0.654,654.0,1.0,1.0,1055.0,1.0,18,-1.1613752572637372
ds000164,sub-001,1,19,stroop,incongruent,81.368,1.0,0.662,662.0,1.0,1.0,654.0,1.0,19,-1.1096148001154928
ds000164,sub-001,1,20,stroop,incongruent,84.372,1.0,0.661,661.0,1.0,1.0,662.0,1.0,20,-1.1160848572590234
ds000164,sub-001,1,21,stroop,neutral,90.373,1.0,0.847,847.0,0.0,0.0,661.0,1.0,21,0.0873457714376627
ds000164,sub-001,1,22,stroop,neutral,94.875,1.0,0.811,811.0,1.0,0.0,847.0,0.0,22,-0.14557628572943782
ds000164,sub-001,1,23,stroop,congruent,99.376,1.0,0.801,801.0,1.0,0.0,811.0,1.0,23,-0.21027685716474354
ds000164,sub-001,1,24,stroop,incongruent,106.878,1.0,0.737,737.0,1.0,1.0,801.0,1.0,24,-0.6243605143507001
ds000164,sub-001,1,25,stroop,congruent,112.88,1.0,1.007,1006.9999999999999,1.0,0.0,737.0,1.0,25,1.1225549144025533
ds000164,sub-001,1,26,stroop,neutral,118.882,1.0,1.016,1016.0,1.0,0.0,1006.9999999999999,1.0,26,1.1807854286943291
ds000164,sub-001,1,27,stroop,neutral,121.885,1.0,0.745,745.0,1.0,0.0,1016.0,1.0,27,-0.5726000572024554
ds000164,sub-001,1,28,stroop,congruent,126.386,1.0,0.923,923.0,1.0,0.0,745.0,1.0,28,0.579070114345986
ds000164,sub-001,1,29,stroop,congruent,141.387,1.0,0.938,938.0,1.0,0.0,923.0,1.0,29,0.6761209714989446
ds000164,sub-001,1,30,stroop,neutral,144.392,1.0,0.747,747.0,1.0,0.0,938.0,1.0,30,-0.5596599429153943
ds000164,sub-001,1,31,stroop,incongruent,148.893,1.0,1.106,1106.0,1.0,1.0,747.0,1.0,31,1.7630905716120804
ds000164,sub-001,1,32,stroop,incongruent,151.895,1.0,1.191,1191.0,1.0,1.0,1106.0,1.0,32,2.313045428812179
ds000164,sub-001,1,33,stroop,congruent,154.896,1.0,0.67,670.0,1.0,0.0,1191.0,1.0,33,-1.0578543429672482
ds000164,sub-001,1,34,stroop,congruent,157.897,1.0,0.967,967.0,1.0,0.0,670.0,1.0,34,0.8637526286613311
ds000164,sub-001,1,35,stroop,neutral,162.398,1.0,0.835,835.0,1.0,0.0,967.0,1.0,35,0.009705085715295856
ds000164,sub-001,1,36,stroop,neutral,165.399,1.0,0.796,796.0,1.0,0.0,835.0,1.0,36,-0.24262714288239637
ds000164,sub-001,1,37,stroop,congruent,171.4,1.0,0.889,889.0,1.0,0.0,796.0,1.0,37,0.3590881714659466
ds000164,sub-001,1,38,stroop,congruent,174.402,1.0,0.788,788.0,1.0,0.0,889.0,1.0,38,-0.29438760003064096
ds000164,sub-001,1,39,stroop,congruent,177.403,1.0,0.627,627.0,1.0,0.0,788.0,1.0,39,-1.3360668001390628
ds000164,sub-001,1,40,stroop,incongruent,180.404,1.0,0.926,926.0,0.0,1.0,627.0,1.0,40,0.5984802857765777
ds000164,sub-001,1,41,stroop,neutral,183.405,1.0,0.778,778.0,0.0,0.0,926.0,0.0,41,-0.3590881714659466
ds000164,sub-001,1,42,stroop,neutral,189.406,1.0,0.823,823.0,1.0,0.0,778.0,0.0,42,-0.06793560000707098
ds000164,sub-001,1,43,stroop,neutral,196.908,1.0,0.702,702.0,1.0,0.0,823.0,1.0,43,-0.85081251437427
ds000164,sub-001,1,44,stroop,neutral,202.911,1.0,0.622,622.0,1.0,0.0,702.0,1.0,44,-1.3684170858567155
ds000164,sub-001,1,45,stroop,incongruent,205.913,1.0,1.036,1036.0,1.0,1.0,622.0,1.0,45,1.3101865715649403
ds000164,sub-001,1,46,stroop,incongruent,210.414,1.0,0.552,552.0,1.0,1.0,1036.0,1.0,46,-1.8213210859038556
ds000164,sub-001,1,47,stroop,neutral,213.415,1.0,0.891,891.0,1.0,0.0,552.0,1.0,47,0.3720282857530078
ds000164,sub-001,1,48,stroop,incongruent,216.416,1.0,0.853,853.0,1.0,1.0,891.0,1.0,48,0.1261661142988461
ds000164,sub-001,1,49,stroop,congruent,219.417,1.0,1.052,1052.0,1.0,0.0,853.0,1.0,49,1.4137074858614296
ds000164,sub-001,1,50,stroop,congruent,223.918,1.0,0.637,637.0,1.0,0.0,1052.0,1.0,50,-1.271366228703757
ds000164,sub-001,1,51,stroop,congruent,234.42,1.0,0.918,918.0,1.0,0.0,637.0,1.0,51,0.5467198286283331
ds000164,sub-001,1,52,stroop,incongruent,237.424,1.0,0.924,924.0,1.0,1.0,918.0,1.0,52,0.5855401714895166
ds000164,sub-001,1,53,stroop,neutral,241.924,1.0,0.835,835.0,1.0,0.0,924.0,1.0,53,0.009705085715295856
ds000164,sub-001,1,54,stroop,neutral,244.926,1.0,0.709,709.0,1.0,0.0,835.0,1.0,54,-0.805522114369556
ds000164,sub-001,1,55,stroop,incongruent,249.427,1.0,0.825,825.0,1.0,1.0,709.0,1.0,55,-0.05499548572000985
ds000164,sub-001,1,56,stroop,congruent,252.429,1.0,0.727,727.0,1.0,0.0,825.0,1.0,56,-0.6890610857860057
ds000164,sub-001,1,57,stroop,congruent,255.43,1.0,0.743,743.0,1.0,0.0,727.0,1.0,57,-0.5855401714895166
ds000164,sub-001,1,58,stroop,incongruent,265.931,1.0,0.0,,0.0,1.0,743.0,1.0,58,
ds000164,sub-001,1,59,stroop,congruent,274.934,1.0,0.697,697.0,1.0,0.0,,0.0,59,-0.8831628000919228
ds000164,sub-001,1,60,stroop,congruent,277.937,1.0,0.689,689.0,1.0,0.0,697.0,1.0,60,-0.9349232572401673
ds000164,sub-001,1,61,stroop,incongruent,282.438,1.0,0.87,870.0,1.0,1.0,689.0,1.0,61,0.23615708573886582
ds000164,sub-001,1,62,stroop,congruent,289.94,1.0,0.695,695.0,1.0,0.0,870.0,1.0,62,-0.8961029143789839
ds000164,sub-001,1,63,stroop,neutral,294.442,1.0,0.851,851.0,1.0,0.0,695.0,1.0,63,0.11322600001178498
ds000164,sub-001,1,64,stroop,incongruent,297.444,1.0,1.148,1148.0,1.0,1.0,851.0,1.0,64,2.0348329716403644
ds000164,sub-001,1,65,stroop,neutral,303.445,1.0,0.921,921.0,1.0,0.0,1148.0,1.0,65,0.5661300000589249
ds000164,sub-001,1,66,stroop,incongruent,306.447,1.0,1.23,1230.0,1.0,1.0,921.0,1.0,66,2.5653776574098712
ds000164,sub-001,1,67,stroop,congruent,309.448,1.0,0.804,804.0,1.0,0.0,1230.0,1.0,67,-0.19086668573415183
ds000164,sub-001,1,68,stroop,incongruent,312.449,1.0,0.985,985.0,1.0,1.0,804.0,1.0,68,0.9802136572448814
ds000164,sub-001,1,69,stroop,incongruent,321.45,1.0,1.022,1022.0,1.0,1.0,985.0,1.0,69,1.2196057715555124
ds000164,sub-001,1,70,stroop,neutral,327.453,1.0,0.895,895.0,0.0,0.0,1022.0,1.0,70,0.39790851432713004
ds000164,sub-001,1,71,stroop,neutral,336.455,1.0,0.695,695.0,1.0,0.0,895.0,0.0,71,-0.8961029143789839
ds000164,sub-001,1,72,stroop,congruent,339.458,1.0,0.931,931.0,1.0,0.0,695.0,1.0,72,0.6308305714942306
ds000164,sub-001,1,73,stroop,incongruent,342.459,1.0,1.093,1093.0,1.0,1.0,931.0,1.0,73,1.678979828746183
ds000164,sub-001,1,74,stroop,neutral,346.96,1.0,0.744,744.0,1.0,0.0,1093.0,1.0,74,-0.579070114345986
ds000164,sub-001,1,75,stroop,congruent,349.961,1.0,0.953,953.0,1.0,0.0,744.0,1.0,75,0.7731718286519031
ds000164,sub-001,1,76,stroop,congruent,352.962,1.0,0.923,923.0,1.0,0.0,953.0,1.0,76,0.579070114345986
ds000164,sub-001,1,77,stroop,incongruent,355.963,1.0,1.127,1127.0,1.0,1.0,923.0,1.0,77,1.8989617716262224
ds000164,sub-001,1,78,stroop,neutral,361.964,1.0,0.873,873.0,1.0,0.0,1127.0,1.0,78,0.2555672571694575
ds000164,sub-001,1,79,stroop,incongruent,369.467,1.0,0.945,945.0,1.0,1.0,873.0,1.0,79,0.7214113715036585
ds000164,sub-001,1,80,stroop,incongruent,379.969,1.0,1.219,1219.0,1.0,1.0,945.0,1.0,80,2.4942070288310347
ds000164,sub-001,1,81,stroop,incongruent,382.973,1.0,1.078,1078.0,1.0,1.0,1219.0,1.0,81,1.5819289715932243
ds000164,sub-001,1,82,stroop,neutral,387.474,1.0,0.691,691.0,1.0,0.0,1078.0,1.0,82,-0.9219831429531062
ds000164,sub-001,1,83,stroop,neutral,390.475,1.0,0.808,808.0,1.0,0.0,691.0,1.0,83,-0.16498645716002955
ds000164,sub-001,1,84,stroop,congruent,393.476,1.0,0.935,935.0,1.0,0.0,808.0,1.0,84,0.6567108000683529
ds000164,sub-001,1,85,stroop,neutral,397.977,1.0,0.752,752.0,1.0,0.0,935.0,1.0,85,-0.5273096571977415
ds000164,sub-001,1,86,stroop,congruent,405.479,1.0,0.801,801.0,1.0,0.0,752.0,1.0,86,-0.21027685716474354
ds000164,sub-001,1,87,stroop,neutral,408.481,1.0,1.0,1000.0,1.0,0.0,801.0,1.0,87,1.0772645143978399
ds000164,sub-001,1,88,stroop,incongruent,412.982,1.0,0.692,692.0,1.0,1.0,1000.0,1.0,88,-0.9155130858095757
ds000164,sub-001,1,89,stroop,neutral,418.984,1.0,0.832,832.0,1.0,0.0,692.0,1.0,89,-0.009705085715295856
ds000164,sub-001,1,90,stroop,incongruent,421.986,1.0,0.974,974.0,0.0,1.0,832.0,1.0,90,0.9090430286660451
ds000164,sub-001,1,91,stroop,congruent,424.987,1.0,0.768,768.0,1.0,0.0,974.0,0.0,91,-0.42378874290125235
ds000164,sub-001,1,92,stroop,congruent,427.988,1.0,0.624,624.0,1.0,0.0,768.0,1.0,92,-1.3554769715696544
ds000164,sub-001,1,93,stroop,incongruent,433.989,1.0,1.036,1036.0,1.0,1.0,624.0,1.0,93,1.3101865715649403
ds000164,sub-001,1,94,stroop,congruent,436.991,1.0,0.761,761.0,1.0,0.0,1036.0,1.0,94,-0.4690791429059663
ds000164,sub-001,1,95,stroop,congruent,439.992,1.0,0.635,635.0,1.0,0.0,761.0,1.0,95,-1.2843063429908181
ds000164,sub-001,1,96,stroop,incongruent,442.993,1.0,0.922,922.0,0.0,1.0,635.0,1.0,96,0.5726000572024554
ds000164,sub-001,1,97,stroop,congruent,448.994,1.0,0.78,780.0,1.0,0.0,922.0,0.0,97,-0.3461480571788855
ds000164,sub-001,1,98,stroop,congruent,451.996,1.0,0.694,694.0,1.0,0.0,780.0,1.0,98,-0.9025729715225145
ds000164,sub-001,1,99,stroop,incongruent,457.997,1.0,0.979,979.0,1.0,1.0,694.0,1.0,99,0.941393314383698
ds000164,sub-001,1,100,stroop,congruent,460.999,1.0,0.911,911.0,1.0,0.0,979.0,1.0,100,0.5014294286236192
ds000164,sub-001,1,101,stroop,congruent,464.0,1.0,0.787,787.0,1.0,0.0,911.0,1.0,101,-0.3008576571741715
ds000164,sub-001,1,102,stroop,congruent,467.001,1.0,0.841,841.0,1.0,0.0,787.0,1.0,102,0.048525428576479276
ds000164,sub-001,1,103,stroop,neutral,470.002,1.0,0.878,878.0,1.0,0.0,841.0,1.0,103,0.28791754288711036
ds000164,sub-001,1,104,stroop,neutral,473.003,1.0,0.714,714.0,1.0,0.0,878.0,1.0,104,-0.7731718286519031
ds000164,sub-001,1,105,stroop,congruent,476.004,1.0,0.869,869.0,1.0,0.0,714.0,1.0,105,0.22968702859533524
ds000164,sub-001,1,106,stroop,neutral,479.005,1.0,0.801,801.0,1.0,0.0,869.0,1.0,106,-0.21027685716474354
ds000164,sub-001,1,107,stroop,neutral,482.006,1.0,1.05,1050.0,1.0,0.0,801.0,1.0,107,1.4007673715743685
ds000164,sub-001,1,108,stroop,neutral,486.507,1.0,1.031,1031.0,1.0,0.0,1050.0,1.0,108,1.2778362858472876
ds000164,sub-001,1,109,stroop,incongruent,489.509,1.0,1.048,1048.0,0.0,1.0,1031.0,1.0,109,1.3878272572873074
ds000164,sub-001,1,110,stroop,neutral,492.51,1.0,0.792,792.0,1.0,0.0,1048.0,0.0,110,-0.26850737145651865
ds000164,sub-001,1,111,stroop,incongruent,495.511,1.0,1.158,1158.0,1.0,1.0,792.0,1.0,111,2.09953354307567
ds000164,sub-001,1,112,stroop,congruent,498.512,1.0,0.757,757.0,1.0,0.0,1158.0,1.0,112,-0.4949593714800886
ds000164,sub-001,1,113,stroop,neutral,504.513,1.0,0.91,910.0,1.0,0.0,757.0,1.0,113,0.4949593714800886
ds000164,sub-001,1,114,stroop,congruent,509.015,1.0,0.666,666.0,1.0,0.0,910.0,1.0,114,-1.0837345715413704
ds000164,sub-001,1,115,stroop,neutral,512.016,1.0,1.067,1067.0,1.0,0.0,666.0,1.0,115,1.510758343014388
ds000164,sub-001,1,116,stroop,incongruent,515.017,1.0,0.0,,0.0,1.0,1067.0,1.0,116,
ds000164,sub-001,1,117,stroop,neutral,524.018,1.0,1.089,1089.0,1.0,0.0,,0.0,117,1.6530996001720606
ds000164,sub-001,1,118,stroop,congruent,527.021,1.0,0.653,653.0,1.0,0.0,1089.0,1.0,118,-1.1678453144072678
ds000164,sub-001,1,119,stroop,congruent,530.022,1.0,0.642,642.0,1.0,0.0,653.0,1.0,119,-1.239015942986104
ds000164,sub-001,1,120,stroop,incongruent,533.023,1.0,0.961,961.0,1.0,1.0,642.0,1.0,120,0.8249322858001477
ds000164,sub-002,1,1,stroop,neutral,3.396,1.0,0.888,888.0,1.0,0.0,,,1,0.0
ds000164,sub-002,1,2,stroop,congruent,6.399,1.0,0.597,597.0,1.0,0.0,888.0,1.0,2,-1.046731189803477
ds000164,sub-002,1,3,stroop,incongruent,15.4,1.0,1.428,1428.0,1.0,1.0,597.0,1.0,3,1.9423877748930503
ds000164,sub-002,1,4,stroop,neutral,24.403,1.0,0.87,870.0,0.0,0.0,1428.0,1.0,4,-0.06474625916310167
ds000164,sub-002,1,5,stroop,incongruent,27.406,1.0,0.0,,0.0,1.0,870.0,0.0,5,
ds000164,sub-002,1,6,stroop,neutral,30.407,1.0,0.888,888.0,1.0,0.0,,0.0,6,0.0
ds000164,sub-002,1,7,stroop,incongruent,33.408,1.0,0.742,742.0,0.0,1.0,888.0,1.0,7,-0.5251641021007136
ds000164,sub-002,1,8,stroop,congruent,36.409,1.0,1.511,1511.0,1.0,0.0,742.0,0.0,8,2.2409399699229082
ds000164,sub-002,1,9,stroop,incongruent,39.41,1.0,0.717,717.0,1.0,1.0,1511.0,1.0,9,-0.6150894620494659
ds000164,sub-002,1,10,stroop,neutral,42.411,1.0,0.564,564.0,1.0,0.0,717.0,1.0,10,-1.1654326649358302
ds000164,sub-002,1,11,stroop,incongruent,49.912,1.0,1.102,1102.0,1.0,1.0,564.0,1.0,11,0.7697610811613199
ds000164,sub-002,1,12,stroop,incongruent,52.915,1.0,0.836,836.0,1.0,1.0,1102.0,1.0,12,-0.18704474869340484
ds000164,sub-002,1,13,stroop,incongruent,55.916,1.0,0.802,802.0,1.0,1.0,836.0,1.0,13,-0.309343238223708
ds000164,sub-002,1,14,stroop,neutral,63.417,1.0,0.478,478.0,1.0,0.0,802.0,1.0,14,-1.4747759031595382
ds000164,sub-002,1,15,stroop,neutral,66.42,1.0,0.777,777.0,1.0,0.0,478.0,1.0,15,-0.39926859817246035
ds000164,sub-002,1,16,stroop,congruent,69.421,1.0,1.133,1133.0,1.0,0.0,777.0,1.0,16,0.8812685274977728
ds000164,sub-002,1,17,stroop,incongruent,72.422,1.0,0.957,957.0,1.0,1.0,1133.0,1.0,17,0.24819399345855642
ds000164,sub-002,1,18,stroop,congruent,76.923,1.0,0.833,833.0,1.0,0.0,957.0,1.0,18,-0.1978357918872551
ds000164,sub-002,1,19,stroop,congruent,84.424,1.0,0.773,773.0,1.0,0.0,833.0,1.0,19,-0.4136566557642607
ds000164,sub-002,1,20,stroop,neutral,87.427,1.0,1.005,1004.9999999999999,0.0,0.0,773.0,1.0,20,0.4208506845601605
ds000164,sub-002,1,21,stroop,congruent,91.928,1.0,0.954,954.0,1.0,0.0,1004.9999999999999,0.0,21,0.23740295026470615
ds000164,sub-002,1,22,stroop,incongruent,97.929,1.0,1.212,1212.0,1.0,1.0,954.0,1.0,22,1.1654326649358302
ds000164,sub-002,1,23,stroop,neutral,102.431,1.0,0.801,801.0,1.0,0.0,1212.0,1.0,23,-0.3129402526216581
ds000164,sub-002,1,24,stroop,neutral,105.433,1.0,0.647,647.0,1.0,0.0,801.0,1.0,24,-0.8668804699059725
ds000164,sub-002,1,25,stroop,neutral,108.434,1.0,0.734,734.0,1.0,0.0,647.0,1.0,25,-0.5539402172843143
ds000164,sub-002,1,26,stroop,congruent,112.935,1.0,0.862,862.0,1.0,0.0,734.0,1.0,26,-0.09352237434670242
ds000164,sub-002,1,27,stroop,neutral,115.936,1.0,0.638,638.0,1.0,0.0,862.0,1.0,27,-0.8992535994875233
ds000164,sub-002,1,28,stroop,incongruent,120.437,1.0,1.212,1212.0,1.0,1.0,638.0,1.0,28,1.1654326649358302
ds000164,sub-002,1,29,stroop,congruent,124.939,1.0,0.793,793.0,1.0,0.0,1212.0,1.0,29,-0.3417163678052588
ds000164,sub-002,1,30,stroop,neutral,129.44,1.0,0.927,927.0,1.0,0.0,793.0,1.0,30,0.14028356152005364
ds000164,sub-002,1,31,stroop,congruent,132.442,1.0,0.792,792.0,1.0,0.0,927.0,1.0,31,-0.34531338220320895
ds000164,sub-002,1,32,stroop,incongruent,135.443,1.0,1.087,1087.0,1.0,1.0,792.0,1.0,32,0.7158058651920686
ds000164,sub-002,1,33,stroop,neutral,144.444,1.0,0.942,942.0,1.0,0.0,1087.0,1.0,33,0.19423877748930504
ds000164,sub-002,1,34,stroop,congruent,147.447,1.0,0.756,756.0,1.0,0.0,942.0,1.0,34,-0.4748059005294123
ds000164,sub-002,1,35,stroop,congruent,150.448,1.0,0.827,827.0,1.0,0.0,756.0,1.0,35,-0.21941787827495568
ds000164,sub-002,1,36,stroop,congruent,153.449,1.0,0.774,774.0,1.0,0.0,827.0,1.0,36,-0.4100596413663106
ds000164,sub-002,1,37,stroop,congruent,157.95,1.0,0.655,655.0,1.0,0.0,774.0,1.0,37,-0.8381043547223717
ds000164,sub-002,1,38,stroop,incongruent,160.951,1.0,1.009,1008.9999999999999,1.0,1.0,655.0,1.0,38,0.43523874215196084
ds000164,sub-002,1,39,stroop,incongruent,163.952,1.0,0.993,993.0,1.0,1.0,1008.9999999999999,1.0,39,0.37768651178475976
ds000164,sub-002,1,40,stroop,incongruent,171.453,1.0,0.786,786.0,1.0,1.0,993.0,1.0,40,-0.3668954685909095
ds000164,sub-002,1,41,stroop,neutral,178.956,1.0,0.987,987.0,1.0,0.0,786.0,1.0,41,0.3561044253970592
ds000164,sub-002,1,42,stroop,congruent,184.959,1.0,0.682,682.0,1.0,0.0,987.0,1.0,42,-0.7409849659777192
ds000164,sub-002,1,43,stroop,incongruent,187.961,1.0,0.0,,0.0,1.0,682.0,1.0,43,
ds000164,sub-002,1,44,stroop,incongruent,190.962,1.0,0.898,898.0,1.0,1.0,,0.0,44,0.035970143979500935
ds000164,sub-002,1,45,stroop,neutral,195.463,1.0,0.668,668.0,1.0,0.0,898.0,1.0,45,-0.7913431675490205
ds000164,sub-002,1,46,stroop,congruent,198.464,1.0,0.685,685.0,1.0,0.0,668.0,1.0,46,-0.730193922783869
ds000164,sub-002,1,47,stroop,congruent,202.965,1.0,0.896,896.0,1.0,0.0,685.0,1.0,47,0.028776115183600747
ds000164,sub-002,1,48,stroop,congruent,205.967,1.0,1.76,1760.0,1.0,0.0,896.0,1.0,48,3.1365965550124812
ds000164,sub-002,1,49,stroop,neutral,211.968,1.0,0.827,827.0,1.0,0.0,1760.0,1.0,49,-0.21941787827495568
ds000164,sub-002,1,50,stroop,congruent,220.97,1.0,0.776,776.0,1.0,0.0,827.0,1.0,50,-0.4028656125704104
ds000164,sub-002,1,51,stroop,incongruent,226.973,1.0,0.952,952.0,1.0,1.0,776.0,1.0,51,0.23020892146880598
ds000164,sub-002,1,52,stroop,congruent,229.975,1.0,0.706,706.0,1.0,0.0,952.0,1.0,52,-0.654656620426917
ds000164,sub-002,1,53,stroop,congruent,232.976,1.0,0.0,,0.0,0.0,706.0,1.0,53,
ds000164,sub-002,1,54,stroop,congruent,235.977,1.0,0.804,804.0,1.0,0.0,,0.0,54,-0.3021492094278078
ds000164,sub-002,1,55,stroop,incongruent,241.978,1.0,0.934,934.0,1.0,1.0,804.0,1.0,55,0.16546266230570428
ds000164,sub-002,1,56,stroop,congruent,244.98,1.0,1.258,1258.0,1.0,0.0,934.0,1.0,56,1.3308953272415345
ds000164,sub-002,1,57,stroop,neutral,247.981,1.0,0.0,,0.0,0.0,1258.0,1.0,57,
ds000164,sub-002,1,58,stroop,congruent,250.982,1.0,0.638,638.0,1.0,0.0,,0.0,58,-0.8992535994875233
ds000164,sub-002,1,59,stroop,congruent,256.983,1.0,1.449,1449.0,1.0,0.0,638.0,1.0,59,2.0179250772500024
ds000164,sub-002,1,60,stroop,congruent,262.985,1.0,0.635,635.0,1.0,0.0,1449.0,1.0,60,-0.9100446426813735
ds000164,sub-002,1,61,stroop,incongruent,265.987,1.0,1.339,1339.0,1.0,1.0,635.0,1.0,61,1.622253493475492
ds000164,sub-002,1,62,stroop,neutral,270.488,1.0,1.908,1908.0,1.0,0.0,1339.0,1.0,62,3.668954685909095
ds000164,sub-002,1,63,stroop,neutral,279.489,1.0,0.635,635.0,0.0,0.0,1908.0,1.0,63,-0.9100446426813735
ds000164,sub-002,1,64,stroop,congruent,285.492,1.0,1.358,1358.0,1.0,0.0,635.0,0.0,64,1.6905967670365438
ds000164,sub-002,1,65,stroop,neutral,292.994,1.0,1.236,1236.0,1.0,0.0,1358.0,1.0,65,1.2517610104866324
ds000164,sub-002,1,66,stroop,incongruent,295.997,1.0,0.812,812.0,0.0,1.0,1236.0,1.0,66,-0.2733730942442071
ds000164,sub-002,1,67,stroop,incongruent,301.998,1.0,1.57,1570.0,0.0,1.0,812.0,0.0,67,2.4531638194019636
ds000164,sub-002,1,68,stroop,incongruent,305.0,1.0,0.0,,0.0,1.0,1570.0,0.0,68,
ds000164,sub-002,1,69,stroop,congruent,309.501,1.0,0.871,871.0,1.0,0.0,,0.0,69,-0.061149244765151586
ds000164,sub-002,1,70,stroop,neutral,315.503,1.0,1.356,1356.0,1.0,0.0,871.0,1.0,70,1.6834027382406436
ds000164,sub-002,1,71,stroop,congruent,320.005,1.0,0.0,,0.0,0.0,1356.0,1.0,71,
ds000164,sub-002,1,72,stroop,incongruent,326.006,1.0,1.027,1027.0,0.0,1.0,,0.0,72,0.49998500131506296
ds000164,sub-002,1,73,stroop,incongruent,329.008,1.0,0.0,,0.0,1.0,1027.0,0.0,73,
ds000164,sub-002,1,74,stroop,incongruent,332.009,1.0,0.0,,0.0,1.0,,0.0,74,
ds000164,sub-002,1,75,stroop,incongruent,335.01,1.0,0.88,880.0,0.0,1.0,,0.0,75,-0.028776115183600747
ds000164,sub-002,1,76,stroop,congruent,338.011,1.0,0.869,869.0,1.0,0.0,880.0,0.0,76,-0.06834327356105177
ds000164,sub-002,1,77,stroop,neutral,341.012,1.0,0.778,778.0,1.0,0.0,869.0,1.0,77,-0.3956715837745102
ds000164,sub-002,1,78,stroop,neutral,347.013,1.0,1.006,1006.0,1.0,0.0,778.0,1.0,78,0.424447698958111
ds000164,sub-002,1,79,stroop,incongruent,350.015,1.0,0.0,,0.0,1.0,1006.0,1.0,79,
ds000164,sub-002,1,80,stroop,incongruent,353.016,1.0,0.917,917.0,1.0,1.0,,0.0,80,0.1043134175405527
ds000164,sub-002,1,81,stroop,neutral,362.017,1.0,0.0,,0.0,0.0,917.0,1.0,81,
ds000164,sub-002,1,82,stroop,neutral,365.02,1.0,0.998,998.0,1.0,0.0,,0.0,82,0.3956715837745102
ds000164,sub-002,1,83,stroop,incongruent,368.021,1.0,1.199,1199.0,1.0,1.0,998.0,1.0,83,1.1186714777624789
ds000164,sub-002,1,84,stroop,neutral,371.022,1.0,1.051,1051.0,1.0,0.0,1199.0,1.0,84,0.5863133468658652
ds000164,sub-002,1,85,stroop,congruent,374.023,1.0,0.716,716.0,1.0,0.0,1051.0,1.0,85,-0.618686476447416
ds000164,sub-002,1,86,stroop,congruent,380.024,1.0,1.789,1789.0,1.0,0.0,716.0,1.0,86,3.240909972553034
ds000164,sub-002,1,87,stroop,neutral,384.526,1.0,0.0,,0.0,0.0,1789.0,1.0,87,
ds000164,sub-002,1,88,stroop,neutral,389.028,1.0,0.858,858.0,1.0,0.0,,0.0,88,-0.10791043193850279
ds000164,sub-002,1,89,stroop,neutral,398.029,1.0,0.0,,0.0,0.0,858.0,1.0,89,
ds000164,sub-002,1,90,stroop,congruent,407.032,1.0,0.727,727.0,0.0,0.0,,0.0,90,-0.579119318069965
ds000164,sub-002,1,91,stroop,congruent,410.035,1.0,0.629,629.0,1.0,0.0,727.0,0.0,91,-0.9316267290690742
ds000164,sub-002,1,92,stroop,neutral,414.536,1.0,1.31,1310.0,1.0,0.0,629.0,1.0,92,1.5179400759349393
ds000164,sub-002,1,93,stroop,congruent,417.538,1.0,0.0,,0.0,0.0,1310.0,1.0,93,
ds000164,sub-002,1,94,stroop,congruent,420.539,1.0,0.0,,0.0,0.0,,0.0,94,
ds000164,sub-002,1,95,stroop,incongruent,423.54,1.0,1.082,1082.0,1.0,1.0,,0.0,95,0.697820793202318
ds000164,sub-002,1,96,stroop,neutral,426.541,1.0,1.164,1164.0,1.0,0.0,1082.0,1.0,96,0.9927759738342257
ds000164,sub-002,1,97,stroop,congruent,429.542,1.0,0.725,725.0,1.0,0.0,1164.0,1.0,97,-0.5863133468658652
ds000164,sub-002,1,98,stroop,incongruent,432.543,1.0,0.0,,0.0,1.0,725.0,1.0,98,
ds000164,sub-002,1,99,stroop,congruent,435.544,1.0,0.756,756.0,1.0,0.0,,0.0,99,-0.4748059005294123
ds000164,sub-002,1,100,stroop,neutral,441.545,1.0,0.919,919.0,1.0,0.0,756.0,1.0,100,0.11150744633645289
ds000164,sub-002,1,101,stroop,incongruent,444.547,1.0,0.0,,0.0,1.0,919.0,1.0,101,
ds000164,sub-002,1,102,stroop,neutral,450.548,1.0,0.0,,0.0,0.0,,0.0,102,
ds000164,sub-002,1,103,stroop,congruent,458.05,1.0,0.717,717.0,1.0,0.0,,0.0,103,-0.6150894620494659
ds000164,sub-002,1,104,stroop,incongruent,461.053,1.0,0.889,889.0,1.0,1.0,717.0,1.0,104,0.0035970143979500934
ds000164,sub-002,1,105,stroop,congruent,468.554,1.0,1.043,1043.0,1.0,0.0,889.0,1.0,105,0.5575372316822644
ds000164,sub-002,1,106,stroop,neutral,471.556,1.0,0.0,,0.0,0.0,1043.0,1.0,106,
ds000164,sub-002,1,107,stroop,neutral,474.557,1.0,1.371,1371.0,1.0,0.0,,0.0,107,1.737357954209895
ds000164,sub-002,1,108,stroop,neutral,482.058,1.0,0.852,852.0,1.0,0.0,1371.0,1.0,108,-0.12949251832620334
ds000164,sub-002,1,109,stroop,neutral,486.561,1.0,0.0,,0.0,0.0,852.0,1.0,109,
ds000164,sub-002,1,110,stroop,neutral,491.062,1.0,1.17,1170.0,1.0,0.0,,0.0,110,1.0143580602219262
ds000164,sub-002,1,111,stroop,neutral,494.064,1.0,0.0,,0.0,0.0,1170.0,1.0,111,
ds000164,sub-002,1,112,stroop,neutral,498.565,1.0,0.774,774.0,1.0,0.0,,0.0,112,-0.4100596413663106
ds000164,sub-002,1,113,stroop,congruent,504.566,1.0,1.225,1225.0,1.0,0.0,774.0,1.0,113,1.2121938521091813
ds000164,sub-002,1,114,stroop,congruent,507.568,1.0,0.0,,0.0,0.0,1225.0,1.0,114,
ds000164,sub-002,1,115,stroop,neutral,512.069,1.0,0.922,922.0,1.0,0.0,,0.0,115,0.12229848953030317
ds000164,sub-002,1,116,stroop,neutral,515.071,1.0,0.0,,0.0,0.0,922.0,1.0,116,
ds000164,sub-002,1,117,stroop,incongruent,519.572,1.0,0.0,,0.0,1.0,,0.0,117,
ds000164,sub-002,1,118,stroop,incongruent,525.573,1.0,1.208,1208.0,1.0,1.0,,0.0,118,1.15104460734403
ds000164,sub-002,1,119,stroop,incongruent,528.575,1.0,0.987,987.0,1.0,1.0,1208.0,1.0,119,0.3561044253970592
ds000164,sub-003,1,1,stroop,incongruent,1.896,1.0,0.532,532.0,1.0,1.0,,,1,-1.1176183580494339
ds000164,sub-003,1,2,stroop,neutral,7.907,1.0,0.602,602.0,1.0,0.0,532.0,1.0,2,-0.7164220243906627
ds000164,sub-003,1,3,stroop,incongruent,10.909,1.0,0.754,754.0,1.0,1.0,602.0,1.0,3,0.15474715726838315
ds000164,sub-003,1,4,stroop,incongruent,15.41,1.0,0.753,753.0,1.0,1.0,754.0,1.0,4,0.14901578107325783
ds000164,sub-003,1,5,stroop,congruent,18.412,1.0,0.614,614.0,1.0,0.0,753.0,1.0,5,-0.647645510049159
ds000164,sub-003,1,6,stroop,incongruent,22.913,1.0,0.727,727.0,1.0,1.0,614.0,1.0,6,0.0
ds000164,sub-003,1,7,stroop,congruent,25.914,1.0,0.601,601.0,1.0,0.0,727.0,1.0,7,-0.722153400585788
ds000164,sub-003,1,8,stroop,congruent,31.915,1.0,0.7,700.0,0.0,0.0,601.0,1.0,8,-0.15474715726838315
ds000164,sub-003,1,9,stroop,congruent,34.917,1.0,0.689,689.0,1.0,0.0,700.0,0.0,9,-0.21779229541476147
ds000164,sub-003,1,10,stroop,neutral,40.918,1.0,0.71,710.0,1.0,0.0,689.0,1.0,10,-0.09743339531713013
ds000164,sub-003,1,11,stroop,congruent,43.92,1.0,0.611,611.0,1.0,0.0,710.0,1.0,11,-0.664839638634535
ds000164,sub-003,1,12,stroop,congruent,55.921,1.0,0.69,690.0,1.0,0.0,611.0,1.0,12,-0.21206091921963616
ds000164,sub-003,1,13,stroop,congruent,58.925,1.0,0.621,621.0,1.0,0.0,690.0,1.0,13,-0.607525876683282
ds000164,sub-003,1,14,stroop,neutral,61.926,1.0,0.748,748.0,1.0,0.0,621.0,1.0,14,0.12035890009763134
ds000164,sub-003,1,15,stroop,neutral,64.927,1.0,0.577,577.0,1.0,0.0,748.0,1.0,15,-0.8597064292687953
ds000164,sub-003,1,16,stroop,neutral,73.928,1.0,0.665,665.0,1.0,0.0,577.0,1.0,16,-0.3553453240977687
ds000164,sub-003,1,17,stroop,incongruent,76.932,1.0,0.544,544.0,1.0,1.0,665.0,1.0,17,-1.04884184370793
ds000164,sub-003,1,18,stroop,neutral,79.933,1.0,0.633,633.0,1.0,0.0,544.0,1.0,18,-0.5387493623417784
ds000164,sub-003,1,19,stroop,congruent,85.934,1.0,0.636,636.0,1.0,0.0,633.0,1.0,19,-0.5215552337564024
ds000164,sub-003,1,20,stroop,neutral,90.436,1.0,0.679,679.0,1.0,0.0,636.0,1.0,20,-0.27510605736601446
ds000164,sub-003,1,21,stroop,congruent,93.437,1.0,0.57,570.0,1.0,0.0,679.0,1.0,21,-0.8998260626346724
ds000164,sub-003,1,22,stroop,neutral,97.938,1.0,0.895,895.0,1.0,0.0,570.0,1.0,22,0.9628712007810507
ds000164,sub-003,1,23,stroop,congruent,102.44,1.0,0.68,680.0,1.0,0.0,895.0,1.0,23,-0.2693746811708892
ds000164,sub-003,1,24,stroop,neutral,105.441,1.0,0.604,604.0,0.0,0.0,680.0,1.0,24,-0.7049592720004121
ds000164,sub-003,1,25,stroop,incongruent,108.442,1.0,0.78,780.0,1.0,1.0,604.0,0.0,25,0.303762938341641
ds000164,sub-003,1,26,stroop,neutral,111.443,1.0,0.973,973.0,1.0,0.0,780.0,1.0,26,1.4099185440008242
ds000164,sub-003,1,27,stroop,incongruent,114.444,1.0,0.619,619.0,1.0,1.0,973.0,1.0,27,-0.6189886290735326
ds000164,sub-003,1,28,stroop,incongruent,117.445,1.0,0.628,628.0,1.0,1.0,619.0,1.0,28,-0.5674062433174049
ds000164,sub-003,1,29,stroop,incongruent,120.446,1.0,1.047,1047.0,1.0,1.0,628.0,1.0,29,1.8340403824400966
ds000164,sub-003,1,30,stroop,neutral,129.447,1.0,0.899,899.0,1.0,0.0,1047.0,1.0,30,0.9857967055615519
ds000164,sub-003,1,31,stroop,incongruent,132.45,1.0,0.766,766.0,1.0,1.0,899.0,1.0,31,0.22352367160988676
ds000164,sub-003,1,32,stroop,congruent,135.451,1.0,0.922,922.0,1.0,0.0,766.0,1.0,32,1.1176183580494339
ds000164,sub-003,1,33,stroop,neutral,138.452,1.0,0.676,676.0,1.0,0.0,922.0,1.0,33,-0.2923001859513904
ds000164,sub-003,1,34,stroop,neutral,142.953,1.0,0.795,795.0,1.0,0.0,676.0,1.0,34,0.38973358126852053
ds000164,sub-003,1,35,stroop,congruent,151.955,1.0,1.033,1033.0,1.0,0.0,795.0,1.0,35,1.7538011157083424
ds000164,sub-003,1,36,stroop,neutral,154.958,1.0,0.635,635.0,1.0,0.0,1033.0,1.0,36,-0.5272866099515278
ds000164,sub-003,1,37,stroop,congruent,157.959,1.0,0.72,720.0,1.0,0.0,635.0,1.0,37,-0.040119633365877115
ds000164,sub-003,1,38,stroop,neutral,163.96,1.0,0.723,723.0,1.0,0.0,720.0,1.0,38,-0.022925504780501208
ds000164,sub-003,1,39,stroop,incongruent,168.462,1.0,0.78,780.0,1.0,1.0,723.0,1.0,39,0.303762938341641
ds000164,sub-003,1,40,stroop,incongruent,174.463,1.0,1.0,1000.0,1.0,1.0,780.0,1.0,40,1.5646657012692073
ds000164,sub-003,1,41,stroop,incongruent,178.965,1.0,0.968,968.0,1.0,1.0,1000.0,1.0,41,1.3812616630251977
ds000164,sub-003,1,42,stroop,congruent,181.967,1.0,0.967,967.0,1.0,0.0,968.0,1.0,42,1.3755302868300725
ds000164,sub-003,1,43,stroop,congruent,184.968,1.0,0.709,709.0,1.0,0.0,967.0,1.0,43,-0.10316477151225543
ds000164,sub-003,1,44,stroop,congruent,192.469,1.0,0.645,645.0,1.0,0.0,709.0,1.0,44,-0.4699728480002747
ds000164,sub-003,1,45,stroop,neutral,195.472,1.0,0.742,742.0,1.0,0.0,645.0,1.0,45,0.08597064292687953
ds000164,sub-003,1,46,stroop,neutral,198.473,1.0,0.821,821.0,1.0,0.0,742.0,1.0,46,0.5387493623417784
ds000164,sub-003,1,47,stroop,neutral,205.974,1.0,0.91,910.0,1.0,0.0,821.0,1.0,47,1.04884184370793
ds000164,sub-003,1,48,stroop,congruent,208.976,1.0,1.174,1174.0,1.0,0.0,910.0,1.0,48,2.5619251592210097
ds000164,sub-003,1,49,stroop,congruent,211.977,1.0,0.581,581.0,1.0,0.0,1174.0,1.0,49,-0.836780924488294
ds000164,sub-003,1,50,stroop,neutral,216.478,1.0,0.722,722.0,1.0,0.0,581.0,1.0,50,-0.02865688097562651
ds000164,sub-003,1,51,stroop,neutral,222.48,1.0,0.96,960.0,1.0,0.0,722.0,1.0,51,1.3354106534641952
ds000164,sub-003,1,52,stroop,neutral,231.482,1.0,0.746,746.0,1.0,0.0,960.0,1.0,52,0.10889614770738074
ds000164,sub-003,1,53,stroop,neutral,235.985,1.0,0.696,696.0,1.0,0.0,746.0,1.0,53,-0.17767266204888435
ds000164,sub-003,1,54,stroop,incongruent,240.486,1.0,0.828,828.0,1.0,1.0,696.0,1.0,54,0.5788689957076555
ds000164,sub-003,1,55,stroop,congruent,243.488,1.0,0.894,894.0,1.0,0.0,828.0,1.0,55,0.9571398245859254
ds000164,sub-003,1,56,stroop,congruent,247.989,1.0,0.685,685.0,1.0,0.0,894.0,1.0,56,-0.24071780019526268
ds000164,sub-003,1,57,stroop,incongruent,250.99,1.0,0.726,726.0,1.0,1.0,685.0,1.0,57,-0.005731376195125302
ds000164,sub-003,1,58,stroop,incongruent,256.991,1.0,0.747,747.0,1.0,1.0,726.0,1.0,58,0.11462752390250604
ds000164,sub-003,1,59,stroop,incongruent,259.993,1.0,1.358,1358.0,1.0,1.0,747.0,1.0,59,3.6164983791240655
ds000164,sub-003,1,60,stroop,neutral,262.994,1.0,1.38,1380.0,1.0,0.0,1358.0,1.0,60,3.742588655416822
ds000164,sub-003,1,61,stroop,neutral,265.995,1.0,0.544,544.0,1.0,0.0,1380.0,1.0,61,-1.04884184370793
ds000164,sub-003,1,62,stroop,congruent,268.996,1.0,0.505,505.0,1.0,0.0,544.0,1.0,62,-1.272365515317817
ds000164,sub-003,1,63,stroop,congruent,279.497,1.0,0.86,860.0,0.0,0.0,505.0,1.0,63,0.7622730339516651
ds000164,sub-003,1,64,stroop,neutral,282.501,1.0,0.826,826.0,1.0,0.0,860.0,0.0,64,0.5674062433174049
ds000164,sub-003,1,65,stroop,incongruent,288.502,1.0,0.844,844.0,1.0,1.0,826.0,1.0,65,0.6705710148296603
ds000164,sub-003,1,66,stroop,incongruent,291.504,1.0,0.673,673.0,1.0,1.0,844.0,1.0,66,-0.3094943145367663
ds000164,sub-003,1,67,stroop,congruent,297.505,1.0,0.719,719.0,1.0,0.0,673.0,1.0,67,-0.045851009561002416
ds000164,sub-003,1,68,stroop,incongruent,300.507,1.0,1.223,1223.0,1.0,1.0,719.0,1.0,68,2.8427625927821496
ds000164,sub-003,1,69,stroop,congruent,306.508,1.0,0.598,598.0,1.0,0.0,1223.0,1.0,69,-0.7393475291711639
ds000164,sub-003,1,70,stroop,congruent,312.51,1.0,0.662,662.0,1.0,0.0,598.0,1.0,70,-0.3725394526831446
ds000164,sub-003,1,71,stroop,incongruent,317.012,1.0,1.009,1008.9999999999999,1.0,1.0,662.0,1.0,71,1.6162480870253344
ds000164,sub-003,1,72,stroop,congruent,323.014,1.0,0.804,804.0,1.0,0.0,1008.9999999999999,1.0,72,0.4413159670246482
ds000164,sub-003,1,73,stroop,neutral,327.516,1.0,0.947,947.0,1.0,0.0,804.0,1.0,73,1.2609027629275664
ds000164,sub-003,1,74,stroop,congruent,330.517,1.0,0.831,831.0,1.0,0.0,947.0,1.0,74,0.5960631242930313
ds000164,sub-003,1,75,stroop,incongruent,333.518,1.0,0.963,963.0,1.0,1.0,831.0,1.0,75,1.3526047820495712
ds000164,sub-003,1,76,stroop,neutral,336.519,1.0,0.657,657.0,1.0,0.0,963.0,1.0,76,-0.4011963336587711
ds000164,sub-003,1,77,stroop,neutral,339.52,1.0,0.938,938.0,0.0,0.0,657.0,1.0,77,1.2093203771714387
ds000164,sub-003,1,78,stroop,neutral,344.021,1.0,0.83,830.0,1.0,0.0,938.0,0.0,78,0.5903317480979061
ds000164,sub-003,1,79,stroop,neutral,347.023,1.0,0.839,839.0,1.0,0.0,830.0,1.0,79,0.6419141338540338
ds000164,sub-003,1,80,stroop,incongruent,353.024,1.0,1.178,1178.0,1.0,1.0,839.0,1.0,80,2.584850664001511
ds000164,sub-003,1,81,stroop,neutral,359.026,1.0,0.721,721.0,1.0,0.0,1178.0,1.0,81,-0.03438825717075181
ds000164,sub-003,1,82,stroop,incongruent,362.028,1.0,0.917,917.0,1.0,1.0,721.0,1.0,82,1.0889614770738074
ds000164,sub-003,1,83,stroop,neutral,366.529,1.0,0.528,528.0,1.0,0.0,917.0,1.0,83,-1.1405438628299351
ds000164,sub-003,1,84,stroop,congruent,371.03,1.0,0.772,772.0,1.0,0.0,528.0,1.0,84,0.25791192878063857
ds000164,sub-003,1,85,stroop,neutral,374.032,1.0,0.806,806.0,1.0,0.0,772.0,1.0,85,0.45277871941489883
ds000164,sub-003,1,86,stroop,neutral,380.033,1.0,0.759,759.0,1.0,0.0,806.0,1.0,86,0.18340403824400967
ds000164,sub-003,1,87,stroop,incongruent,387.535,1.0,0.688,688.0,1.0,1.0,759.0,1.0,87,-0.22352367160988676
ds000164,sub-003,1,88,stroop,congruent,393.537,1.0,0.757,757.0,1.0,0.0,688.0,1.0,88,0.17194128585375906
ds000164,sub-003,1,89,stroop,neutral,396.539,1.0,0.714,714.0,1.0,0.0,757.0,1.0,89,-0.07450789053662892
ds000164,sub-003,1,90,stroop,congruent,402.54,1.0,0.627,627.0,1.0,0.0,714.0,1.0,90,-0.5731376195125302
ds000164,sub-003,1,91,stroop,neutral,405.542,1.0,0.578,578.0,1.0,0.0,627.0,1.0,91,-0.8539750530736699
ds000164,sub-003,1,92,stroop,incongruent,408.543,1.0,0.575,575.0,1.0,1.0,578.0,1.0,92,-0.8711691816590459
ds000164,sub-003,1,93,stroop,congruent,425.044,1.0,0.689,689.0,1.0,0.0,575.0,1.0,93,-0.21779229541476147
ds000164,sub-003,1,94,stroop,incongruent,429.55,1.0,0.673,673.0,1.0,1.0,689.0,1.0,94,-0.3094943145367663
ds000164,sub-003,1,95,stroop,neutral,434.051,1.0,0.764,764.0,1.0,0.0,673.0,1.0,95,0.21206091921963616
ds000164,sub-003,1,96,stroop,incongruent,437.053,1.0,0.838,838.0,1.0,1.0,764.0,1.0,96,0.6361827576589085
ds000164,sub-003,1,97,stroop,neutral,441.554,1.0,0.72,720.0,1.0,0.0,838.0,1.0,97,-0.040119633365877115
ds000164,sub-003,1,98,stroop,neutral,449.056,1.0,0.692,692.0,1.0,0.0,720.0,1.0,98,-0.20059816682938555
ds000164,sub-003,1,99,stroop,congruent,452.058,1.0,0.536,536.0,1.0,0.0,692.0,1.0,99,-1.0946928532689326
ds000164,sub-003,1,100,stroop,neutral,455.059,1.0,0.837,837.0,1.0,0.0,536.0,1.0,100,0.6304513814637832
ds000164,sub-003,1,101,stroop,congruent,458.06,1.0,0.674,674.0,1.0,0.0,837.0,1.0,101,-0.303762938341641
ds000164,sub-003,1,102,stroop,incongruent,461.061,1.0,0.653,653.0,1.0,1.0,674.0,1.0,102,-0.4241218384392723
ds000164,sub-003,1,103,stroop,congruent,464.062,1.0,0.854,854.0,1.0,0.0,653.0,1.0,103,0.7278847767809133
ds000164,sub-003,1,104,stroop,incongruent,467.063,1.0,0.0,,0.0,1.0,854.0,1.0,104,
ds000164,sub-003,1,105,stroop,neutral,470.064,1.0,1.18,1180.0,1.0,0.0,,0.0,105,2.596313416391762
ds000164,sub-003,1,106,stroop,congruent,473.065,1.0,0.71,710.0,1.0,0.0,1180.0,1.0,106,-0.09743339531713013
ds000164,sub-003,1,107,stroop,incongruent,476.066,1.0,0.916,916.0,1.0,1.0,710.0,1.0,107,1.083230100878682
ds000164,sub-003,1,108,stroop,congruent,479.067,1.0,0.69,690.0,1.0,0.0,916.0,1.0,108,-0.21206091921963616
ds000164,sub-003,1,109,stroop,congruent,482.068,1.0,0.744,744.0,1.0,0.0,690.0,1.0,109,0.09743339531713013
ds000164,sub-003,1,110,stroop,incongruent,485.069,1.0,0.0,,0.0,1.0,744.0,1.0,110,
ds000164,sub-003,1,111,stroop,congruent,488.07,1.0,0.797,797.0,1.0,0.0,,0.0,111,0.4011963336587711
ds000164,sub-003,1,112,stroop,congruent,491.071,1.0,0.784,784.0,1.0,0.0,797.0,1.0,112,0.3266884431221422
ds000164,sub-003,1,113,stroop,incongruent,498.572,1.0,1.327,1327.0,1.0,1.0,784.0,1.0,113,3.438825717075181
ds000164,sub-003,1,114,stroop,congruent,503.075,1.0,0.617,617.0,1.0,0.0,1327.0,1.0,114,-0.6304513814637832
ds000164,sub-003,1,115,stroop,congruent,507.576,1.0,0.676,676.0,1.0,0.0,617.0,1.0,115,-0.2923001859513904
ds000164,sub-003,1,116,stroop,incongruent,513.578,1.0,0.902,902.0,1.0,1.0,676.0,1.0,116,1.0029908341469278
ds000164,sub-003,1,117,stroop,incongruent,518.08,1.0,0.858,858.0,1.0,1.0,902.0,1.0,117,0.7508102815614145
ds000164,sub-003,1,118,stroop,neutral,524.081,1.0,0.719,719.0,1.0,0.0,858.0,1.0,118,-0.045851009561002416
ds000164,sub-003,1,119,stroop,congruent,533.083,1.0,0.741,741.0,1.0,0.0,719.0,1.0,119,0.08023926673175423
ds000164,sub-004,1,1,stroop,neutral,0.383,1.0,0.863,863.0,1.0,0.0,,,1,1.2718288245307658
ds000164,sub-004,1,2,stroop,incongruent,3.39,1.0,0.655,655.0,1.0,1.0,863.0,1.0,2,-0.1353009387798687
ds000164,sub-004,1,3,stroop,incongruent,6.391,1.0,0.656,656.0,1.0,1.0,655.0,1.0,3,-0.12853589184087527
ds000164,sub-004,1,4,stroop,incongruent,9.392,1.0,0.45,450.0,1.0,1.0,656.0,1.0,4,-1.5221355612735228
ds000164,sub-004,1,5,stroop,congruent,12.393,1.0,0.774,774.0,1.0,0.0,450.0,1.0,5,0.66973964696035
ds000164,sub-004,1,6,stroop,congruent,25.894,1.0,0.826,826.0,1.0,0.0,774.0,1.0,6,1.0215220877880087
ds000164,sub-004,1,7,stroop,neutral,28.898,1.0,0.568,568.0,1.0,0.0,826.0,1.0,7,-0.7238600224722975
ds000164,sub-004,1,8,stroop,neutral,36.4,1.0,0.82,820.0,1.0,0.0,568.0,1.0,8,0.9809318061540481
ds000164,sub-004,1,9,stroop,incongruent,39.402,1.0,1.016,1016.0,1.0,1.0,820.0,1.0,9,2.3068810061967615
ds000164,sub-004,1,10,stroop,congruent,43.903,1.0,0.493,493.0,1.0,0.0,1016.0,1.0,10,-1.2312385428968051
ds000164,sub-004,1,11,stroop,congruent,46.905,1.0,0.554,554.0,1.0,0.0,493.0,1.0,11,-0.8185706796182056
ds000164,sub-004,1,12,stroop,congruent,55.906,1.0,0.824,824.0,1.0,0.0,554.0,1.0,12,1.0079919939100217
ds000164,sub-004,1,13,stroop,incongruent,60.409,1.0,1.03,1030.0,1.0,1.0,824.0,1.0,13,2.4015916633426695
ds000164,sub-004,1,14,stroop,incongruent,63.41,1.0,0.742,742.0,1.0,1.0,1030.0,1.0,14,0.4532581449125601
ds000164,sub-004,1,15,stroop,incongruent,69.411,1.0,0.8,800.0,1.0,1.0,742.0,1.0,15,0.8456308673741794
ds000164,sub-004,1,16,stroop,incongruent,72.413,1.0,0.531,531.0,1.0,1.0,800.0,1.0,16,-0.9741667592150546
ds000164,sub-004,1,17,stroop,incongruent,76.914,1.0,0.655,655.0,1.0,1.0,531.0,1.0,17,-0.1353009387798687
ds000164,sub-004,1,18,stroop,neutral,82.916,1.0,0.616,616.0,1.0,0.0,655.0,1.0,18,-0.39913776940061263
ds000164,sub-004,1,19,stroop,neutral,85.918,1.0,0.722,722.0,1.0,0.0,616.0,1.0,19,0.31795720613269146
ds000164,sub-004,1,20,stroop,incongruent,88.919,1.0,0.769,769.0,1.0,1.0,722.0,1.0,20,0.6359144122653829
ds000164,sub-004,1,21,stroop,neutral,96.42,1.0,0.728,728.0,1.0,0.0,769.0,1.0,21,0.3585474877666521
ds000164,sub-004,1,22,stroop,incongruent,100.922,1.0,0.658,658.0,1.0,1.0,728.0,1.0,22,-0.11500579796288839
ds000164,sub-004,1,23,stroop,incongruent,103.924,1.0,0.515,515.0,1.0,1.0,658.0,1.0,23,-1.0824075102389497
ds000164,sub-004,1,24,stroop,congruent,106.925,1.0,0.621,621.0,1.0,0.0,515.0,1.0,24,-0.3653125347056455
ds000164,sub-004,1,25,stroop,neutral,109.926,1.0,0.639,639.0,1.0,0.0,621.0,1.0,25,-0.24354168980376364
ds000164,sub-004,1,26,stroop,congruent,114.427,1.0,0.601,601.0,1.0,0.0,639.0,1.0,26,-0.5006134734855142
ds000164,sub-004,1,27,stroop,neutral,117.428,1.0,0.71,710.0,1.0,0.0,601.0,1.0,27,0.2367766428647702
ds000164,sub-004,1,28,stroop,incongruent,121.929,1.0,0.665,665.0,1.0,1.0,710.0,1.0,28,-0.06765046938993435
ds000164,sub-004,1,29,stroop,neutral,127.931,1.0,0.653,653.0,1.0,0.0,665.0,1.0,29,-0.14883103265785558
ds000164,sub-004,1,30,stroop,neutral,132.433,1.0,0.545,545.0,1.0,0.0,653.0,1.0,30,-0.8794561020691465
ds000164,sub-004,1,31,stroop,neutral,135.434,1.0,0.739,739.0,1.0,0.0,545.0,1.0,31,0.4329630040955798
ds000164,sub-004,1,32,stroop,neutral,139.935,1.0,0.674,674.0,1.0,0.0,739.0,1.0,32,-0.0067650469389934345
ds000164,sub-004,1,33,stroop,incongruent,142.937,1.0,0.852,852.0,0.0,1.0,674.0,1.0,33,1.197413308201838
ds000164,sub-004,1,34,stroop,incongruent,145.938,1.0,0.883,883.0,1.0,1.0,852.0,0.0,34,1.4071297633106346
ds000164,sub-004,1,35,stroop,congruent,150.439,1.0,0.765,765.0,1.0,0.0,883.0,1.0,35,0.6088542245094092
ds000164,sub-004,1,36,stroop,congruent,154.941,1.0,0.48,480.0,1.0,0.0,765.0,1.0,36,-1.3191841531037198
ds000164,sub-004,1,37,stroop,incongruent,157.942,1.0,0.717,717.0,1.0,1.0,480.0,1.0,37,0.2841319714377243
ds000164,sub-004,1,38,stroop,congruent,162.443,1.0,0.673,673.0,1.0,0.0,717.0,1.0,38,-0.013530093877986869
ds000164,sub-004,1,39,stroop,neutral,165.445,1.0,0.632,632.0,1.0,0.0,673.0,1.0,39,-0.2908970183767177
ds000164,sub-004,1,40,stroop,congruent,169.946,1.0,0.553,553.0,1.0,0.0,632.0,1.0,40,-0.825335726557199
ds000164,sub-004,1,41,stroop,neutral,172.947,1.0,0.649,649.0,1.0,0.0,553.0,1.0,41,-0.17589122041382932
ds000164,sub-004,1,42,stroop,neutral,175.948,1.0,0.588,588.0,1.0,0.0,649.0,1.0,42,-0.5885590836924288
ds000164,sub-004,1,43,stroop,neutral,178.949,1.0,0.555,555.0,1.0,0.0,588.0,1.0,43,-0.8118056326792121
ds000164,sub-004,1,44,stroop,congruent,181.95,1.0,0.536,536.0,1.0,0.0,555.0,1.0,44,-0.9403415245200875
ds000164,sub-004,1,45,stroop,neutral,184.951,1.0,0.496,496.0,1.0,0.0,536.0,1.0,45,-1.2109434020798249
ds000164,sub-004,1,46,stroop,incongruent,187.952,1.0,0.748,748.0,1.0,1.0,496.0,1.0,46,0.4938484265465207
ds000164,sub-004,1,47,stroop,incongruent,190.953,1.0,0.817,817.0,1.0,1.0,748.0,1.0,47,0.9606366653370677
ds000164,sub-004,1,48,stroop,congruent,196.954,1.0,0.71,710.0,1.0,0.0,817.0,1.0,48,0.2367766428647702
ds000164,sub-004,1,49,stroop,incongruent,201.456,1.0,0.664,664.0,1.0,1.0,710.0,1.0,49,-0.07441551632892779
ds000164,sub-004,1,50,stroop,congruent,207.458,1.0,0.627,627.0,1.0,0.0,664.0,1.0,50,-0.3247222530716849
ds000164,sub-004,1,51,stroop,neutral,211.96,1.0,0.655,655.0,1.0,0.0,627.0,1.0,51,-0.1353009387798687
ds000164,sub-004,1,52,stroop,neutral,214.961,1.0,0.694,694.0,1.0,0.0,655.0,1.0,52,0.12853589184087527
ds000164,sub-004,1,53,stroop,congruent,219.462,1.0,0.643,643.0,1.0,0.0,694.0,1.0,53,-0.2164815020477899
ds000164,sub-004,1,54,stroop,congruent,222.464,1.0,0.632,632.0,1.0,0.0,643.0,1.0,54,-0.2908970183767177
ds000164,sub-004,1,55,stroop,congruent,225.465,1.0,0.449,449.0,1.0,0.0,632.0,1.0,55,-1.5289006082125163
ds000164,sub-004,1,56,stroop,neutral,229.966,1.0,0.555,555.0,1.0,0.0,449.0,1.0,56,-0.8118056326792121
ds000164,sub-004,1,57,stroop,incongruent,232.967,1.0,0.821,821.0,1.0,1.0,555.0,1.0,57,0.9876968530930414
ds000164,sub-004,1,58,stroop,neutral,235.968,1.0,0.533,533.0,1.0,0.0,821.0,1.0,58,-0.9606366653370677
ds000164,sub-004,1,59,stroop,congruent,244.969,1.0,0.722,722.0,1.0,0.0,533.0,1.0,59,0.31795720613269146
ds000164,sub-004,1,60,stroop,congruent,247.972,1.0,0.631,631.0,1.0,0.0,722.0,1.0,60,-0.29766206531571116
ds000164,sub-004,1,61,stroop,neutral,253.973,1.0,0.704,704.0,1.0,0.0,631.0,1.0,61,0.19618636123080962
ds000164,sub-004,1,62,stroop,neutral,264.475,1.0,0.618,618.0,1.0,0.0,704.0,1.0,62,-0.3856076755226258
ds000164,sub-004,1,63,stroop,neutral,267.479,1.0,0.61,610.0,1.0,0.0,618.0,1.0,63,-0.43972805103457324
ds000164,sub-004,1,64,stroop,incongruent,270.48,1.0,0.642,642.0,1.0,1.0,610.0,1.0,64,-0.22324654898678334
ds000164,sub-004,1,65,stroop,congruent,273.481,1.0,0.551,551.0,1.0,0.0,642.0,1.0,65,-0.8388658204351859
ds000164,sub-004,1,66,stroop,congruent,276.482,1.0,0.557,557.0,1.0,0.0,551.0,1.0,66,-0.7982755388012253
ds000164,sub-004,1,67,stroop,neutral,280.983,1.0,0.604,604.0,1.0,0.0,557.0,1.0,67,-0.48031833266853385
ds000164,sub-004,1,68,stroop,incongruent,283.985,1.0,0.648,648.0,1.0,1.0,604.0,1.0,68,-0.18265626735282275
ds000164,sub-004,1,69,stroop,incongruent,291.486,1.0,1.192,1192.0,1.0,1.0,648.0,1.0,69,3.4975292674596057
ds000164,sub-004,1,70,stroop,neutral,294.488,1.0,0.759,759.0,1.0,0.0,1192.0,1.0,70,0.5682639428754486
ds000164,sub-004,1,71,stroop,neutral,301.989,1.0,0.812,812.0,1.0,0.0,759.0,1.0,71,0.9268114306421006
ds000164,sub-004,1,72,stroop,congruent,304.992,1.0,0.648,648.0,1.0,0.0,812.0,1.0,72,-0.18265626735282275
ds000164,sub-004,1,73,stroop,incongruent,313.993,1.0,1.091,1091.0,1.0,1.0,648.0,1.0,73,2.814259526621269
ds000164,sub-004,1,74,stroop,incongruent,321.496,1.0,0.971,971.0,1.0,1.0,1091.0,1.0,74,2.002453893942057
ds000164,sub-004,1,75,stroop,incongruent,324.498,1.0,0.912,912.0,1.0,1.0,971.0,1.0,75,1.603316124541444
ds000164,sub-004,1,76,stroop,congruent,328.999,1.0,0.561,561.0,1.0,0.0,912.0,1.0,76,-0.7712153510452516
ds000164,sub-004,1,77,stroop,neutral,332.001,1.0,0.76,760.0,1.0,0.0,561.0,1.0,77,0.575028989814442
ds000164,sub-004,1,78,stroop,neutral,341.002,1.0,0.492,492.0,1.0,0.0,760.0,1.0,78,-1.2380035898357986
ds000164,sub-004,1,79,stroop,congruent,348.505,1.0,0.612,612.0,1.0,0.0,492.0,1.0,79,-0.42619795715658637
ds000164,sub-004,1,80,stroop,congruent,351.507,1.0,0.692,692.0,1.0,0.0,612.0,1.0,80,0.11500579796288839
ds000164,sub-004,1,81,stroop,congruent,357.508,1.0,0.61,610.0,1.0,0.0,692.0,1.0,81,-0.43972805103457324
ds000164,sub-004,1,82,stroop,congruent,360.51,1.0,0.679,679.0,1.0,0.0,610.0,1.0,82,0.027060187755973738
ds000164,sub-004,1,83,stroop,incongruent,363.511,1.0,0.83,830.0,0.0,1.0,679.0,1.0,83,1.0485822755439824
ds000164,sub-004,1,84,stroop,neutral,366.512,1.0,0.642,642.0,1.0,0.0,830.0,0.0,84,-0.22324654898678334
ds000164,sub-004,1,85,stroop,incongruent,378.513,1.0,1.233,1233.0,1.0,1.0,642.0,1.0,85,3.774896191958337
ds000164,sub-004,1,86,stroop,congruent,381.517,1.0,0.724,724.0,1.0,0.0,1233.0,1.0,86,0.33148730001067833
ds000164,sub-004,1,87,stroop,neutral,387.518,1.0,0.89,890.0,1.0,0.0,724.0,1.0,87,1.4544850918835885
ds000164,sub-004,1,88,stroop,congruent,392.02,1.0,0.739,739.0,1.0,0.0,890.0,1.0,88,0.4329630040955798
ds000164,sub-004,1,89,stroop,congruent,396.522,1.0,0.705,705.0,1.0,0.0,739.0,1.0,89,0.20295140816980303
ds000164,sub-004,1,90,stroop,congruent,402.524,1.0,0.591,591.0,1.0,0.0,705.0,1.0,90,-0.5682639428754486
ds000164,sub-004,1,91,stroop,congruent,407.026,1.0,0.934,934.0,1.0,0.0,591.0,1.0,91,1.7521471571992997
ds000164,sub-004,1,92,stroop,incongruent,410.027,1.0,0.775,775.0,1.0,1.0,934.0,1.0,92,0.6765046938993435
ds000164,sub-004,1,93,stroop,incongruent,414.528,1.0,0.862,862.0,1.0,1.0,775.0,1.0,93,1.2650637775917724
ds000164,sub-004,1,94,stroop,congruent,417.53,1.0,0.718,718.0,1.0,0.0,862.0,1.0,94,0.2908970183767177
ds000164,sub-004,1,95,stroop,congruent,422.031,1.0,0.686,686.0,1.0,0.0,718.0,1.0,95,0.07441551632892779
ds000164,sub-004,1,96,stroop,neutral,426.532,1.0,0.83,830.0,1.0,0.0,686.0,1.0,96,1.0485822755439824
ds000164,sub-004,1,97,stroop,congruent,429.534,1.0,0.747,747.0,1.0,0.0,830.0,1.0,97,0.4870833796075273
ds000164,sub-004,1,98,stroop,incongruent,432.535,1.0,0.619,619.0,1.0,1.0,747.0,1.0,98,-0.3788426285836324
ds000164,sub-004,1,99,stroop,congruent,435.536,1.0,0.681,681.0,1.0,0.0,619.0,1.0,99,0.04059028163396061
ds000164,sub-004,1,100,stroop,congruent,440.037,1.0,0.569,569.0,1.0,0.0,681.0,1.0,100,-0.7170949755333041
ds000164,sub-004,1,101,stroop,neutral,443.038,1.0,0.675,675.0,1.0,0.0,569.0,1.0,101,0.0
ds000164,sub-004,1,102,stroop,neutral,449.039,1.0,0.638,638.0,1.0,0.0,675.0,1.0,102,-0.2503067367427571
ds000164,sub-004,1,103,stroop,congruent,456.541,1.0,0.629,629.0,1.0,0.0,638.0,1.0,103,-0.311192159193698
ds000164,sub-004,1,104,stroop,neutral,459.544,1.0,0.668,668.0,1.0,0.0,629.0,1.0,104,-0.04735532857295405
ds000164,sub-004,1,105,stroop,incongruent,462.545,1.0,1.042,1042.0,1.0,1.0,668.0,1.0,105,2.4827722266105905
ds000164,sub-004,1,106,stroop,neutral,465.546,1.0,0.558,558.0,1.0,0.0,1042.0,1.0,106,-0.7915104918622319
ds000164,sub-004,1,107,stroop,neutral,468.547,1.0,0.755,755.0,1.0,0.0,558.0,1.0,107,0.5412037551194748
ds000164,sub-004,1,108,stroop,incongruent,471.548,1.0,0.975,975.0,1.0,1.0,755.0,1.0,108,2.0295140816980304
ds000164,sub-004,1,109,stroop,neutral,477.549,1.0,0.704,704.0,1.0,0.0,975.0,1.0,109,0.19618636123080962
ds000164,sub-004,1,110,stroop,congruent,480.551,1.0,0.706,706.0,1.0,0.0,704.0,1.0,110,0.20971645510879647
ds000164,sub-004,1,111,stroop,neutral,483.552,1.0,0.797,797.0,1.0,0.0,706.0,1.0,111,0.825335726557199
ds000164,sub-004,1,112,stroop,neutral,494.053,1.0,0.737,737.0,1.0,0.0,797.0,1.0,112,0.41943291021759294
ds000164,sub-004,1,113,stroop,neutral,501.556,1.0,0.724,724.0,1.0,0.0,737.0,1.0,113,0.33148730001067833
ds000164,sub-004,1,114,stroop,congruent,504.559,1.0,0.655,655.0,1.0,0.0,724.0,1.0,114,-0.1353009387798687
ds000164,sub-004,1,115,stroop,incongruent,507.56,1.0,0.974,974.0,1.0,1.0,655.0,1.0,115,2.022749034759037
ds000164,sub-004,1,116,stroop,neutral,513.561,1.0,0.661,661.0,1.0,0.0,974.0,1.0,116,-0.0947106571459081
ds000164,sub-004,1,117,stroop,congruent,516.563,1.0,0.577,577.0,1.0,0.0,661.0,1.0,117,-0.6629746000213567
ds000164,sub-004,1,118,stroop,incongruent,524.064,1.0,0.99,990.0,1.0,1.0,577.0,1.0,118,2.130989785782932
ds000164,sub-004,1,119,stroop,congruent,527.067,1.0,0.827,827.0,1.0,0.0,990.0,1.0,119,1.0282871347270022
ds000164,sub-005,1,1,stroop,incongruent,1.898,1.0,0.632,632.0,1.0,1.0,,,1,-0.04467746877458982
ds000164,sub-005,1,2,stroop,congruent,4.906,1.0,0.561,561.0,1.0,0.0,632.0,1.0,2,-0.5326928969278018
ds000164,sub-005,1,3,stroop,neutral,10.907,1.0,0.787,787.0,1.0,0.0,561.0,1.0,3,1.0207083250810136
ds000164,sub-005,1,4,stroop,congruent,16.909,1.0,0.76,760.0,1.0,0.0,787.0,1.0,4,0.8351249932481021
ds000164,sub-005,1,5,stroop,incongruent,19.911,1.0,0.861,861.0,1.0,1.0,760.0,1.0,5,1.5293441234378824
ds000164,sub-005,1,6,stroop,neutral,22.912,1.0,0.533,533.0,1.0,0.0,861.0,1.0,6,-0.7251496854952656
ds000164,sub-005,1,7,stroop,congruent,28.913,1.0,0.546,546.0,1.0,0.0,533.0,1.0,7,-0.6357947479460859
ds000164,sub-005,1,8,stroop,neutral,31.915,1.0,0.482,482.0,1.0,0.0,546.0,1.0,8,-1.0756959789574319
ds000164,sub-005,1,9,stroop,congruent,36.416,1.0,0.522,522.0,1.0,0.0,482.0,1.0,9,-0.8007577095753406
ds000164,sub-005,1,10,stroop,congruent,39.418,1.0,0.586,586.0,1.0,0.0,522.0,1.0,10,-0.3608564785639947
ds000164,sub-005,1,11,stroop,neutral,42.419,1.0,0.45,450.0,1.0,0.0,586.0,1.0,11,-1.2956465944631048
ds000164,sub-005,1,12,stroop,congruent,45.42,1.0,0.509,509.0,1.0,0.0,450.0,1.0,12,-0.8901126471245203
ds000164,sub-005,1,13,stroop,congruent,52.921,1.0,0.601,601.0,1.0,0.0,509.0,1.0,13,-0.2577546275457105
ds000164,sub-005,1,14,stroop,congruent,55.923,1.0,0.503,503.0,1.0,0.0,601.0,1.0,14,-0.9313533875318339
ds000164,sub-005,1,15,stroop,incongruent,64.924,1.0,0.895,895.0,1.0,1.0,503.0,1.0,15,1.76304165241266
ds000164,sub-005,1,16,stroop,incongruent,67.927,1.0,0.704,704.0,1.0,1.0,895.0,1.0,16,0.45021141611317433
ds000164,sub-005,1,17,stroop,neutral,72.428,1.0,0.732,732.0,1.0,0.0,704.0,1.0,17,0.6426682046806382
ds000164,sub-005,1,18,stroop,neutral,75.43,1.0,0.501,501.0,1.0,0.0,732.0,1.0,18,-0.9451003010009386
ds000164,sub-005,1,19,stroop,congruent,79.931,1.0,0.591,591.0,1.0,0.0,501.0,1.0,19,-0.3264891948912333
ds000164,sub-005,1,20,stroop,neutral,82.932,1.0,0.472,472.0,1.0,0.0,591.0,1.0,20,-1.1444305463029547
ds000164,sub-005,1,21,stroop,neutral,85.933,1.0,0.496,496.0,1.0,0.0,472.0,1.0,21,-0.9794675846737
ds000164,sub-005,1,22,stroop,neutral,88.934,1.0,0.478,478.0,1.0,0.0,496.0,1.0,22,-1.103189805895641
ds000164,sub-005,1,23,stroop,neutral,91.935,1.0,0.602,602.0,1.0,0.0,478.0,1.0,23,-0.25088117081115824
ds000164,sub-005,1,24,stroop,neutral,100.936,1.0,0.601,601.0,1.0,0.0,602.0,1.0,24,-0.2577546275457105
ds000164,sub-005,1,25,stroop,incongruent,103.939,1.0,0.593,593.0,1.0,1.0,601.0,1.0,25,-0.31274228142212873
ds000164,sub-005,1,26,stroop,congruent,106.94,1.0,0.547,547.0,1.0,0.0,593.0,1.0,26,-0.6289212912115336
ds000164,sub-005,1,27,stroop,neutral,109.941,1.0,0.526,526.0,0.0,0.0,547.0,1.0,27,-0.7732638826371315
ds000164,sub-005,1,28,stroop,incongruent,112.943,1.0,0.527,527.0,1.0,1.0,526.0,0.0,28,-0.7663904259025792
ds000164,sub-005,1,29,stroop,congruent,117.444,1.0,0.793,793.0,1.0,0.0,527.0,1.0,29,1.0619490654883272
ds000164,sub-005,1,30,stroop,incongruent,120.445,1.0,0.52,520.0,1.0,1.0,793.0,1.0,30,-0.8145046230444452
ds000164,sub-005,1,31,stroop,incongruent,126.446,1.0,0.818,818.0,1.0,1.0,520.0,1.0,31,1.2337854838521343
ds000164,sub-005,1,32,stroop,congruent,130.948,1.0,0.637,637.0,1.0,0.0,818.0,1.0,32,-0.01031018510182842
ds000164,sub-005,1,33,stroop,neutral,133.95,1.0,0.714,714.0,1.0,0.0,637.0,1.0,33,0.5189459834586971
ds000164,sub-005,1,34,stroop,congruent,136.951,1.0,0.683,683.0,1.0,0.0,714.0,1.0,34,0.3058688246875765
ds000164,sub-005,1,35,stroop,incongruent,139.952,1.0,0.929,929.0,1.0,1.0,683.0,1.0,35,1.9967391813874373
ds000164,sub-005,1,36,stroop,incongruent,151.953,1.0,0.85,850.0,1.0,1.0,929.0,1.0,36,1.4537360993578072
ds000164,sub-005,1,37,stroop,neutral,157.957,1.0,0.538,538.0,1.0,0.0,850.0,1.0,37,-0.6907824018225042
ds000164,sub-005,1,38,stroop,incongruent,160.959,1.0,0.66,660.0,1.0,1.0,538.0,1.0,38,0.14777931979287404
ds000164,sub-005,1,39,stroop,congruent,163.96,1.0,0.487,487.0,1.0,0.0,660.0,1.0,39,-1.0413286952846705
ds000164,sub-005,1,40,stroop,congruent,171.461,1.0,0.854,854.0,1.0,0.0,487.0,1.0,40,1.4812299262960165
ds000164,sub-005,1,41,stroop,congruent,177.463,1.0,0.485,485.0,1.0,0.0,854.0,1.0,41,-1.055075608753775
ds000164,sub-005,1,42,stroop,incongruent,183.465,1.0,0.643,643.0,1.0,1.0,485.0,1.0,42,0.03093055530548526
ds000164,sub-005,1,43,stroop,neutral,195.467,1.0,1.086,1086.0,1.0,0.0,643.0,1.0,43,3.0758718887121455
ds000164,sub-005,1,44,stroop,congruent,201.471,1.0,0.684,684.0,1.0,0.0,1086.0,1.0,44,0.31274228142212873
ds000164,sub-005,1,45,stroop,congruent,205.973,1.0,0.708,708.0,1.0,0.0,684.0,1.0,45,0.47770524305138345
ds000164,sub-005,1,46,stroop,neutral,210.475,1.0,0.622,622.0,1.0,0.0,708.0,1.0,46,-0.11341203612011262
ds000164,sub-005,1,47,stroop,incongruent,213.476,1.0,0.616,616.0,1.0,1.0,622.0,1.0,47,-0.15465277652742632
ds000164,sub-005,1,48,stroop,congruent,216.477,1.0,0.72,720.0,1.0,0.0,616.0,1.0,48,0.5601867238660109
ds000164,sub-005,1,49,stroop,neutral,219.478,1.0,0.699,699.0,1.0,0.0,720.0,1.0,49,0.41584413244041296
ds000164,sub-005,1,50,stroop,incongruent,222.479,1.0,0.958,958.0,1.0,1.0,699.0,1.0,50,2.1960694266894536
ds000164,sub-005,1,51,stroop,congruent,228.48,1.0,0.699,699.0,1.0,0.0,958.0,1.0,51,0.41584413244041296
ds000164,sub-005,1,52,stroop,congruent,231.483,1.0,0.0,,0.0,0.0,699.0,1.0,52,
ds000164,sub-005,1,53,stroop,congruent,234.484,1.0,0.872,872.0,1.0,0.0,,0.0,53,1.6049521475179573
ds000164,sub-005,1,54,stroop,incongruent,237.485,1.0,1.141,1141.0,1.0,1.0,872.0,1.0,54,3.453912009112521
ds000164,sub-005,1,55,stroop,incongruent,240.486,1.0,0.807,807.0,1.0,1.0,1141.0,1.0,55,1.1581774597720593
ds000164,sub-005,1,56,stroop,incongruent,243.487,1.0,0.651,651.0,1.0,1.0,807.0,1.0,56,0.0859182091819035
ds000164,sub-005,1,57,stroop,incongruent,246.488,1.0,0.739,739.0,1.0,1.0,651.0,1.0,57,0.6907824018225042
ds000164,sub-005,1,58,stroop,incongruent,256.989,1.0,0.82,820.0,1.0,1.0,739.0,1.0,58,1.2475323973212389
ds000164,sub-005,1,59,stroop,congruent,261.492,1.0,0.594,594.0,1.0,0.0,820.0,1.0,59,-0.3058688246875765
ds000164,sub-005,1,60,stroop,incongruent,265.994,1.0,0.612,612.0,1.0,1.0,594.0,1.0,60,-0.18214660346563544
ds000164,sub-005,1,61,stroop,congruent,274.995,1.0,0.671,671.0,1.0,0.0,612.0,1.0,61,0.22338734387294912
ds000164,sub-005,1,62,stroop,incongruent,280.998,1.0,0.649,649.0,0.0,1.0,671.0,1.0,62,0.07217129571279894
ds000164,sub-005,1,63,stroop,incongruent,284.0,1.0,0.726,726.0,1.0,1.0,649.0,0.0,63,0.6014274642733245
ds000164,sub-005,1,64,stroop,congruent,287.001,1.0,0.588,588.0,1.0,0.0,726.0,1.0,64,-0.34710956509489016
ds000164,sub-005,1,65,stroop,incongruent,290.002,1.0,0.747,747.0,1.0,1.0,588.0,1.0,65,0.7457700556989224
ds000164,sub-005,1,66,stroop,congruent,293.003,1.0,0.584,584.0,1.0,0.0,747.0,1.0,66,-0.3746033920330993
ds000164,sub-005,1,67,stroop,incongruent,297.504,1.0,0.74,740.0,1.0,1.0,584.0,1.0,67,0.6976558585570565
ds000164,sub-005,1,68,stroop,incongruent,300.506,1.0,0.549,549.0,1.0,1.0,740.0,1.0,68,-0.6151743777424291
ds000164,sub-005,1,69,stroop,congruent,303.507,1.0,0.612,612.0,1.0,0.0,549.0,1.0,69,-0.18214660346563544
ds000164,sub-005,1,70,stroop,congruent,306.508,1.0,0.516,516.0,1.0,0.0,612.0,1.0,70,-0.8419984499826543
ds000164,sub-005,1,71,stroop,incongruent,309.509,1.0,0.603,603.0,1.0,1.0,516.0,1.0,71,-0.24400771407660596
ds000164,sub-005,1,72,stroop,neutral,312.51,1.0,0.609,609.0,1.0,0.0,603.0,1.0,72,-0.20276697366929228
ds000164,sub-005,1,73,stroop,neutral,315.511,1.0,0.788,788.0,1.0,0.0,609.0,1.0,73,1.027581781815566
ds000164,sub-005,1,74,stroop,congruent,318.512,1.0,0.577,577.0,1.0,0.0,788.0,1.0,74,-0.4227175891749652
ds000164,sub-005,1,75,stroop,congruent,321.513,1.0,0.916,916.0,1.0,0.0,577.0,1.0,75,1.9073842438382578
ds000164,sub-005,1,76,stroop,neutral,326.014,1.0,0.885,885.0,1.0,0.0,916.0,1.0,76,1.6943070850671371
ds000164,sub-005,1,77,stroop,neutral,329.015,1.0,0.597,597.0,1.0,0.0,885.0,1.0,77,-0.2852484544839196
ds000164,sub-005,1,78,stroop,incongruent,333.516,1.0,0.566,566.0,0.0,1.0,597.0,1.0,78,-0.4983256132550403
ds000164,sub-005,1,79,stroop,incongruent,338.018,1.0,0.63,630.0,1.0,1.0,566.0,0.0,79,-0.05842438224369438
ds000164,sub-005,1,80,stroop,congruent,345.519,1.0,0.922,922.0,1.0,0.0,630.0,1.0,80,1.9486249842455714
ds000164,sub-005,1,81,stroop,neutral,351.522,1.0,0.517,517.0,1.0,0.0,922.0,1.0,81,-0.8351249932481021
ds000164,sub-005,1,82,stroop,congruent,356.024,1.0,0.484,484.0,1.0,0.0,517.0,1.0,82,-1.0619490654883272
ds000164,sub-005,1,83,stroop,neutral,359.026,1.0,0.705,705.0,1.0,0.0,484.0,1.0,83,0.45708487284772664
ds000164,sub-005,1,84,stroop,incongruent,362.027,1.0,0.912,912.0,1.0,1.0,705.0,1.0,84,1.8798904169000485
ds000164,sub-005,1,85,stroop,neutral,365.028,1.0,0.793,793.0,1.0,0.0,912.0,1.0,85,1.0619490654883272
ds000164,sub-005,1,86,stroop,neutral,368.029,1.0,0.9,900.0,1.0,0.0,793.0,1.0,86,1.7974089360854213
ds000164,sub-005,1,87,stroop,congruent,371.03,1.0,0.645,645.0,1.0,0.0,900.0,1.0,87,0.04467746877458982
ds000164,sub-005,1,88,stroop,incongruent,375.531,1.0,0.605,605.0,1.0,1.0,645.0,1.0,88,-0.2302608006075014
ds000164,sub-005,1,89,stroop,incongruent,378.532,1.0,1.037,1037.0,1.0,1.0,605.0,1.0,89,2.7390725087190835
ds000164,sub-005,1,90,stroop,neutral,381.533,1.0,0.706,706.0,1.0,0.0,1037.0,1.0,90,0.4639583295822789
ds000164,sub-005,1,91,stroop,congruent,384.534,1.0,0.567,567.0,1.0,0.0,706.0,1.0,91,-0.491452156520488
ds000164,sub-005,1,92,stroop,neutral,392.035,1.0,0.673,673.0,1.0,0.0,567.0,1.0,92,0.23713425734205368
ds000164,sub-005,1,93,stroop,incongruent,395.038,1.0,0.587,587.0,1.0,1.0,673.0,1.0,93,-0.3539830218294424
ds000164,sub-005,1,94,stroop,congruent,398.039,1.0,0.541,541.0,1.0,0.0,587.0,1.0,94,-0.6701620316188474
ds000164,sub-005,1,95,stroop,congruent,407.04,1.0,0.648,648.0,1.0,0.0,541.0,1.0,95,0.06529783897824666
ds000164,sub-005,1,96,stroop,neutral,410.043,1.0,0.587,587.0,1.0,0.0,648.0,1.0,96,-0.3539830218294424
ds000164,sub-005,1,97,stroop,incongruent,413.044,1.0,0.579,579.0,1.0,1.0,587.0,1.0,97,-0.40897067570586065
ds000164,sub-005,1,98,stroop,congruent,416.045,1.0,0.536,536.0,1.0,0.0,579.0,1.0,98,-0.7045293152916087
ds000164,sub-005,1,99,stroop,neutral,429.546,1.0,0.706,706.0,1.0,0.0,536.0,1.0,99,0.4639583295822789
ds000164,sub-005,1,100,stroop,neutral,432.55,1.0,0.642,642.0,1.0,0.0,706.0,1.0,100,0.02405709857093298
ds000164,sub-005,1,101,stroop,neutral,437.051,1.0,0.625,625.0,1.0,0.0,642.0,1.0,101,-0.09279166591645578
ds000164,sub-005,1,102,stroop,congruent,446.053,1.0,0.827,827.0,1.0,0.0,625.0,1.0,102,1.2956465944631048
ds000164,sub-005,1,103,stroop,neutral,449.056,1.0,0.749,749.0,1.0,0.0,827.0,1.0,103,0.7595169691680269
ds000164,sub-005,1,104,stroop,neutral,452.057,1.0,0.675,675.0,1.0,0.0,749.0,1.0,104,0.25088117081115824
ds000164,sub-005,1,105,stroop,incongruent,462.558,1.0,0.641,641.0,1.0,1.0,675.0,1.0,105,0.0171836418363807
ds000164,sub-005,1,106,stroop,neutral,470.061,1.0,1.063,1063.0,1.0,0.0,641.0,1.0,106,2.917782383817443
ds000164,sub-005,1,107,stroop,neutral,473.064,1.0,0.614,614.0,1.0,0.0,1063.0,1.0,107,-0.16839968999653088
ds000164,sub-005,1,108,stroop,congruent,476.065,1.0,0.593,593.0,1.0,0.0,614.0,1.0,108,-0.31274228142212873
ds000164,sub-005,1,109,stroop,congruent,480.566,1.0,0.637,637.0,1.0,0.0,593.0,1.0,109,-0.01031018510182842
ds000164,sub-005,1,110,stroop,neutral,483.568,1.0,0.621,621.0,1.0,0.0,637.0,1.0,110,-0.1202854928546649
ds000164,sub-005,1,111,stroop,neutral,488.069,1.0,0.0,,0.0,0.0,621.0,1.0,111,
ds000164,sub-005,1,112,stroop,incongruent,491.07,1.0,0.941,941.0,1.0,1.0,,0.0,112,2.0792206622020646
ds000164,sub-005,1,113,stroop,incongruent,494.071,1.0,0.865,865.0,1.0,1.0,941.0,1.0,113,1.5568379503760914
ds000164,sub-005,1,114,stroop,congruent,498.572,1.0,0.837,837.0,1.0,0.0,865.0,1.0,114,1.3643811618086277
ds000164,sub-005,1,115,stroop,neutral,503.074,1.0,0.683,683.0,1.0,0.0,837.0,1.0,115,0.3058688246875765
ds000164,sub-005,1,116,stroop,congruent,513.575,1.0,0.64,640.0,1.0,0.0,683.0,1.0,116,0.01031018510182842
ds000164,sub-005,1,117,stroop,neutral,519.579,1.0,0.608,608.0,1.0,0.0,640.0,1.0,117,-0.20964043040384456
ds000164,sub-005,1,118,stroop,neutral,525.581,1.0,0.551,551.0,1.0,0.0,608.0,1.0,118,-0.6014274642733245
ds000164,sub-005,1,119,stroop,neutral,533.083,1.0,0.765,765.0,1.0,0.0,551.0,1.0,119,0.8694922769208634
ds000164,sub-005,1,120,stroop,neutral,537.585,1.0,0.559,559.0,1.0,0.0,765.0,1.0,120,-0.5464398103969063
ds000164,sub-006,1,1,stroop,incongruent,1.897,1.0,0.729,729.0,1.0,1.0,,,1,0.07572212273917826
ds000164,sub-006,1,2,stroop,congruent,12.394,1.0,0.614,614.0,1.0,0.0,729.0,1.0,2,-0.6499482201779467
ds000164,sub-006,1,3,stroop,incongruent,16.898,1.0,0.77,770.0,1.0,1.0,614.0,1.0,3,0.33443937543137064
ds000164,sub-006,1,4,stroop,congruent,22.899,1.0,0.936,936.0,1.0,0.0,770.0,1.0,4,1.381928739990003
ds000164,sub-006,1,5,stroop,neutral,28.902,1.0,0.689,689.0,1.0,0.0,936.0,1.0,5,-0.1766849530580826
ds000164,sub-006,1,6,stroop,neutral,33.404,1.0,0.612,612.0,1.0,0.0,689.0,1.0,6,-0.6625685739678098
ds000164,sub-006,1,7,stroop,congruent,39.405,1.0,0.71,710.0,1.0,0.0,612.0,1.0,7,-0.04417123826452065
ds000164,sub-006,1,8,stroop,neutral,45.407,1.0,0.474,474.0,1.0,0.0,710.0,1.0,8,-1.5333729854683598
ds000164,sub-006,1,9,stroop,congruent,52.909,1.0,0.522,522.0,1.0,0.0,474.0,1.0,9,-1.2304844945116467
ds000164,sub-006,1,10,stroop,neutral,55.912,1.0,0.828,828.0,1.0,0.0,522.0,1.0,10,0.7004296353373989
ds000164,sub-006,1,11,stroop,incongruent,58.913,1.0,0.807,807.0,1.0,1.0,828.0,1.0,11,0.5679159205438369
ds000164,sub-006,1,12,stroop,neutral,64.914,1.0,0.573,573.0,1.0,0.0,807.0,1.0,12,-0.9086654728701391
ds000164,sub-006,1,13,stroop,neutral,69.416,1.0,0.531,531.0,1.0,0.0,573.0,1.0,13,-1.1736929024572629
ds000164,sub-006,1,14,stroop,incongruent,72.417,1.0,0.567,567.0,1.0,1.0,531.0,1.0,14,-0.9465265342397282
ds000164,sub-006,1,15,stroop,incongruent,75.418,1.0,0.791,791.0,1.0,1.0,567.0,1.0,15,0.4669530902249326
ds000164,sub-006,1,16,stroop,incongruent,79.919,1.0,0.625,625.0,1.0,1.0,791.0,1.0,16,-0.5805362743336999
ds000164,sub-006,1,17,stroop,incongruent,82.921,1.0,0.908,908.0,1.0,1.0,625.0,1.0,17,1.2052437869319206
ds000164,sub-006,1,18,stroop,neutral,87.422,1.0,0.761,761.0,1.0,0.0,908.0,1.0,18,0.2776477833769869
ds000164,sub-006,1,19,stroop,incongruent,93.423,1.0,0.616,616.0,1.0,1.0,761.0,1.0,19,-0.6373278663880837
ds000164,sub-006,1,20,stroop,congruent,99.425,1.0,0.882,882.0,1.0,0.0,616.0,1.0,20,1.041179187663701
ds000164,sub-006,1,21,stroop,congruent,105.427,1.0,0.547,547.0,1.0,0.0,882.0,1.0,21,-1.0727300721383586
ds000164,sub-006,1,22,stroop,congruent,108.429,1.0,0.621,621.0,1.0,0.0,547.0,1.0,22,-0.6057769819134261
ds000164,sub-006,1,23,stroop,incongruent,111.43,1.0,0.733,733.0,1.0,1.0,621.0,1.0,23,0.10096283031890434
ds000164,sub-006,1,24,stroop,incongruent,117.431,1.0,0.698,698.0,1.0,1.0,733.0,1.0,24,-0.1198933610036989
ds000164,sub-006,1,25,stroop,incongruent,120.433,1.0,0.717,717.0,1.0,1.0,698.0,1.0,25,0.0
ds000164,sub-006,1,26,stroop,incongruent,127.934,1.0,0.728,728.0,1.0,1.0,717.0,1.0,26,0.06941194584424673
ds000164,sub-006,1,27,stroop,congruent,130.937,1.0,0.622,622.0,1.0,0.0,728.0,1.0,27,-0.5994668050184946
ds000164,sub-006,1,28,stroop,neutral,136.938,1.0,0.602,602.0,1.0,0.0,622.0,1.0,28,-0.725670342917125
ds000164,sub-006,1,29,stroop,congruent,139.94,1.0,0.636,636.0,1.0,0.0,602.0,1.0,29,-0.5111243284894532
ds000164,sub-006,1,30,stroop,neutral,142.941,1.0,0.555,555.0,1.0,0.0,636.0,1.0,30,-1.0222486569789064
ds000164,sub-006,1,31,stroop,incongruent,148.942,1.0,0.611,611.0,1.0,1.0,555.0,1.0,31,-0.6688787508627413
ds000164,sub-006,1,32,stroop,incongruent,151.944,1.0,0.64,640.0,0.0,1.0,611.0,1.0,32,-0.48588362090972714
ds000164,sub-006,1,33,stroop,congruent,154.945,1.0,0.559,559.0,0.0,0.0,640.0,0.0,33,-0.9970079493991804
ds000164,sub-006,1,34,stroop,congruent,159.446,1.0,0.753,753.0,1.0,0.0,559.0,0.0,34,0.22716636821753478
ds000164,sub-006,1,35,stroop,incongruent,162.448,1.0,0.697,697.0,1.0,1.0,753.0,1.0,35,-0.12620353789863042
ds000164,sub-006,1,36,stroop,incongruent,165.449,1.0,0.856,856.0,1.0,1.0,697.0,1.0,36,0.8771145883954815
ds000164,sub-006,1,37,stroop,incongruent,168.45,1.0,1.003,1002.9999999999999,1.0,1.0,856.0,1.0,37,1.8047105919504145
ds000164,sub-006,1,38,stroop,neutral,171.451,1.0,0.697,697.0,1.0,0.0,1002.9999999999999,1.0,38,-0.12620353789863042
ds000164,sub-006,1,39,stroop,congruent,183.452,1.0,0.916,916.0,1.0,0.0,697.0,1.0,39,1.2557252020913727
ds000164,sub-006,1,40,stroop,neutral,186.456,1.0,0.69,690.0,1.0,0.0,916.0,1.0,40,-0.17037477616315108
ds000164,sub-006,1,41,stroop,congruent,190.957,1.0,0.655,655.0,1.0,0.0,690.0,1.0,41,-0.3912309674857543
ds000164,sub-006,1,42,stroop,congruent,193.958,1.0,0.739,739.0,1.0,0.0,655.0,1.0,42,0.13882389168849346
ds000164,sub-006,1,43,stroop,congruent,196.959,1.0,0.588,588.0,1.0,0.0,739.0,1.0,43,-0.8140128194461662
ds000164,sub-006,1,44,stroop,congruent,199.96,1.0,0.68,680.0,1.0,0.0,588.0,1.0,44,-0.2334765451124663
ds000164,sub-006,1,45,stroop,neutral,202.961,1.0,0.609,609.0,1.0,0.0,680.0,1.0,45,-0.6814991046526043
ds000164,sub-006,1,46,stroop,congruent,205.962,1.0,0.57,570.0,1.0,0.0,609.0,1.0,46,-0.9275960035549337
ds000164,sub-006,1,47,stroop,congruent,208.963,1.0,0.593,593.0,1.0,0.0,570.0,1.0,47,-0.7824619349715086
ds000164,sub-006,1,48,stroop,neutral,211.964,1.0,0.739,739.0,1.0,0.0,593.0,1.0,48,0.13882389168849346
ds000164,sub-006,1,49,stroop,neutral,216.465,1.0,0.661,661.0,1.0,0.0,739.0,1.0,49,-0.3533699061161652
ds000164,sub-006,1,50,stroop,incongruent,219.467,1.0,0.505,505.0,1.0,1.0,661.0,1.0,50,-1.3377575017254826
ds000164,sub-006,1,51,stroop,incongruent,222.468,1.0,0.648,648.0,1.0,1.0,505.0,1.0,51,-0.435402205750275
ds000164,sub-006,1,52,stroop,congruent,226.969,1.0,0.672,672.0,1.0,0.0,648.0,1.0,52,-0.28395796027191844
ds000164,sub-006,1,53,stroop,congruent,231.47,1.0,0.935,935.0,1.0,0.0,672.0,1.0,53,1.3756185630950717
ds000164,sub-006,1,54,stroop,neutral,235.972,1.0,0.789,789.0,1.0,0.0,935.0,1.0,54,0.45433273643506955
ds000164,sub-006,1,55,stroop,neutral,243.473,1.0,0.913,913.0,1.0,0.0,789.0,1.0,55,1.2367946714065783
ds000164,sub-006,1,56,stroop,congruent,247.976,1.0,0.602,602.0,1.0,0.0,913.0,1.0,56,-0.725670342917125
ds000164,sub-006,1,57,stroop,neutral,252.477,1.0,0.711,711.0,1.0,0.0,602.0,1.0,57,-0.03786106136958913
ds000164,sub-006,1,58,stroop,incongruent,256.979,1.0,0.91,910.0,1.0,1.0,711.0,1.0,58,1.2178641407217836
ds000164,sub-006,1,59,stroop,neutral,259.98,1.0,0.787,787.0,0.0,0.0,910.0,1.0,59,0.4417123826452065
ds000164,sub-006,1,60,stroop,incongruent,262.982,1.0,0.641,641.0,1.0,1.0,787.0,0.0,60,-0.4795734440147956
ds000164,sub-006,1,61,stroop,congruent,270.483,1.0,0.725,725.0,1.0,0.0,641.0,1.0,61,0.05048141515945217
ds000164,sub-006,1,62,stroop,neutral,280.985,1.0,0.95,950.0,1.0,0.0,725.0,1.0,62,1.4702712165190446
ds000164,sub-006,1,63,stroop,congruent,283.989,1.0,0.839,839.0,1.0,0.0,950.0,1.0,63,0.7698415811816456
ds000164,sub-006,1,64,stroop,neutral,286.99,1.0,0.718,718.0,1.0,0.0,839.0,1.0,64,0.006310176894931521
ds000164,sub-006,1,65,stroop,congruent,289.991,1.0,0.569,569.0,1.0,0.0,718.0,1.0,65,-0.9339061804498652
ds000164,sub-006,1,66,stroop,neutral,294.492,1.0,0.821,821.0,1.0,0.0,569.0,1.0,66,0.6562583970728783
ds000164,sub-006,1,67,stroop,congruent,297.493,1.0,0.737,737.0,1.0,0.0,821.0,1.0,67,0.12620353789863042
ds000164,sub-006,1,68,stroop,neutral,303.494,1.0,0.745,745.0,1.0,0.0,737.0,1.0,68,0.1766849530580826
ds000164,sub-006,1,69,stroop,incongruent,309.496,1.0,0.638,638.0,1.0,1.0,745.0,1.0,69,-0.4985039746995902
ds000164,sub-006,1,70,stroop,neutral,316.998,1.0,0.769,769.0,1.0,0.0,638.0,1.0,70,0.3281291985364391
ds000164,sub-006,1,71,stroop,neutral,330.501,1.0,0.806,806.0,1.0,0.0,769.0,1.0,71,0.5616057436489054
ds000164,sub-006,1,72,stroop,congruent,335.005,1.0,0.674,674.0,1.0,0.0,806.0,1.0,72,-0.2713376064820554
ds000164,sub-006,1,73,stroop,neutral,338.007,1.0,0.765,765.0,1.0,0.0,674.0,1.0,73,0.30288849095671305
ds000164,sub-006,1,74,stroop,incongruent,341.008,1.0,0.882,882.0,1.0,1.0,765.0,1.0,74,1.041179187663701
ds000164,sub-006,1,75,stroop,neutral,344.009,1.0,0.717,717.0,1.0,0.0,882.0,1.0,75,0.0
ds000164,sub-006,1,76,stroop,neutral,350.01,1.0,0.88,880.0,1.0,0.0,717.0,1.0,76,1.028558833873838
ds000164,sub-006,1,77,stroop,incongruent,353.012,1.0,0.687,687.0,1.0,1.0,880.0,1.0,77,-0.18930530684794564
ds000164,sub-006,1,78,stroop,congruent,359.013,1.0,0.662,662.0,1.0,0.0,687.0,1.0,78,-0.3470597292212337
ds000164,sub-006,1,79,stroop,congruent,362.015,1.0,0.711,711.0,1.0,0.0,662.0,1.0,79,-0.03786106136958913
ds000164,sub-006,1,80,stroop,congruent,365.016,1.0,0.623,623.0,1.0,0.0,711.0,1.0,80,-0.593156628123563
ds000164,sub-006,1,81,stroop,neutral,368.017,1.0,0.664,664.0,1.0,0.0,623.0,1.0,81,-0.33443937543137064
ds000164,sub-006,1,82,stroop,incongruent,372.518,1.0,0.668,668.0,1.0,1.0,664.0,1.0,82,-0.30919866785164457
ds000164,sub-006,1,83,stroop,incongruent,380.019,1.0,0.744,744.0,1.0,1.0,668.0,1.0,83,0.17037477616315108
ds000164,sub-006,1,84,stroop,congruent,383.022,1.0,0.698,698.0,1.0,0.0,744.0,1.0,84,-0.1198933610036989
ds000164,sub-006,1,85,stroop,congruent,386.023,1.0,0.654,654.0,1.0,0.0,698.0,1.0,85,-0.39754114438068583
ds000164,sub-006,1,86,stroop,neutral,389.024,1.0,0.818,818.0,1.0,0.0,654.0,1.0,86,0.6373278663880837
ds000164,sub-006,1,87,stroop,neutral,395.025,1.0,0.784,784.0,1.0,0.0,818.0,1.0,87,0.42278185196041196
ds000164,sub-006,1,88,stroop,congruent,402.527,1.0,0.839,839.0,1.0,0.0,784.0,1.0,88,0.7698415811816456
ds000164,sub-006,1,89,stroop,incongruent,405.53,1.0,0.813,813.0,0.0,1.0,839.0,1.0,89,0.6057769819134261
ds000164,sub-006,1,90,stroop,congruent,408.531,1.0,0.87,870.0,1.0,0.0,813.0,0.0,90,0.9654570649245228
ds000164,sub-006,1,91,stroop,congruent,414.532,1.0,0.685,685.0,1.0,0.0,870.0,1.0,91,-0.20192566063780867
ds000164,sub-006,1,92,stroop,neutral,417.534,1.0,1.228,1228.0,1.0,0.0,685.0,1.0,92,3.2245003933100076
ds000164,sub-006,1,93,stroop,incongruent,420.535,1.0,0.709,709.0,1.0,1.0,1228.0,1.0,93,-0.05048141515945217
ds000164,sub-006,1,94,stroop,incongruent,426.536,1.0,0.755,755.0,1.0,1.0,709.0,1.0,94,0.2397867220073978
ds000164,sub-006,1,95,stroop,incongruent,429.538,1.0,1.539,1539.0,1.0,1.0,755.0,1.0,95,5.186965407633711
ds000164,sub-006,1,96,stroop,incongruent,432.539,1.0,0.66,660.0,1.0,1.0,1539.0,1.0,96,-0.3596800830110967
ds000164,sub-006,1,97,stroop,congruent,437.04,1.0,0.633,633.0,1.0,0.0,660.0,1.0,97,-0.5300548591742478
ds000164,sub-006,1,98,stroop,neutral,441.541,1.0,0.677,677.0,1.0,0.0,633.0,1.0,98,-0.25240707579726085
ds000164,sub-006,1,99,stroop,incongruent,446.043,1.0,0.648,648.0,1.0,1.0,677.0,1.0,99,-0.435402205750275
ds000164,sub-006,1,100,stroop,congruent,449.044,1.0,0.759,759.0,1.0,0.0,648.0,1.0,100,0.2650274295871239
ds000164,sub-006,1,101,stroop,incongruent,453.545,1.0,1.026,1026.0,1.0,1.0,759.0,1.0,101,1.9498446605338402
ds000164,sub-006,1,102,stroop,congruent,458.047,1.0,0.86,860.0,1.0,0.0,1026.0,1.0,102,0.9023552959752076
ds000164,sub-006,1,103,stroop,congruent,461.048,1.0,0.706,706.0,1.0,0.0,860.0,1.0,103,-0.06941194584424673
ds000164,sub-006,1,104,stroop,incongruent,464.049,1.0,1.073,1073.0,1.0,1.0,706.0,1.0,104,2.2464229745956215
ds000164,sub-006,1,105,stroop,congruent,474.55,1.0,1.209,1209.0,0.0,0.0,1073.0,1.0,105,3.1046070323063084
ds000164,sub-006,1,106,stroop,neutral,479.054,1.0,0.873,873.0,1.0,0.0,1209.0,0.0,106,0.9843875956093173
ds000164,sub-006,1,107,stroop,incongruent,482.055,1.0,0.772,772.0,1.0,1.0,873.0,1.0,107,0.3470597292212337
ds000164,sub-006,1,108,stroop,congruent,491.056,1.0,0.804,804.0,1.0,0.0,772.0,1.0,108,0.5489853898590423
ds000164,sub-006,1,109,stroop,neutral,494.059,1.0,0.758,758.0,1.0,0.0,804.0,1.0,109,0.25871725269219237
ds000164,sub-006,1,110,stroop,neutral,497.06,1.0,0.562,562.0,1.0,0.0,758.0,1.0,110,-0.9780774187143858
ds000164,sub-006,1,111,stroop,neutral,501.561,1.0,1.006,1006.0,1.0,0.0,562.0,1.0,111,1.8236411226352096
ds000164,sub-006,1,112,stroop,neutral,504.563,1.0,0.812,812.0,1.0,0.0,1006.0,1.0,112,0.5994668050184946
ds000164,sub-006,1,113,stroop,neutral,509.064,1.0,0.679,679.0,1.0,0.0,812.0,1.0,113,-0.2397867220073978
ds000164,sub-006,1,114,stroop,congruent,512.066,1.0,0.748,748.0,1.0,0.0,679.0,1.0,114,0.19561548374287716
ds000164,sub-006,1,115,stroop,neutral,515.067,1.0,0.739,739.0,1.0,0.0,748.0,1.0,115,0.13882389168849346
ds000164,sub-006,1,116,stroop,incongruent,518.068,1.0,0.846,846.0,1.0,1.0,739.0,1.0,116,0.8140128194461662
ds000164,sub-006,1,117,stroop,congruent,522.569,1.0,0.539,539.0,1.0,0.0,846.0,1.0,117,-1.1232114872978107
ds000164,sub-006,1,118,stroop,neutral,525.57,1.0,1.125,1125.0,1.0,0.0,539.0,1.0,118,2.574552173132061
ds000164,sub-006,1,119,stroop,neutral,534.571,1.0,0.967,967.0,1.0,0.0,1125.0,1.0,119,1.5775442237328803
ds000164,sub-007,1,1,stroop,congruent,0.381,1.0,0.582,582.0,1.0,0.0,,,1,-0.4043260084798658
ds000164,sub-007,1,2,stroop,neutral,9.389,1.0,0.48,480.0,1.0,0.0,582.0,1.0,2,-1.0974563087310643
ds000164,sub-007,1,3,stroop,neutral,12.392,1.0,0.542,542.0,1.0,0.0,480.0,1.0,3,-0.6761418124999437
ds000164,sub-007,1,4,stroop,neutral,19.893,1.0,0.484,484.0,1.0,0.0,542.0,1.0,4,-1.0702747283290563
ds000164,sub-007,1,5,stroop,congruent,22.896,1.0,0.528,528.0,1.0,0.0,484.0,1.0,5,-0.7712773439069709
ds000164,sub-007,1,6,stroop,neutral,27.397,1.0,0.567,567.0,1.0,0.0,528.0,1.0,6,-0.506256934987395
ds000164,sub-007,1,7,stroop,neutral,30.398,1.0,0.608,608.0,1.0,0.0,567.0,1.0,7,-0.2276457358668152
ds000164,sub-007,1,8,stroop,congruent,33.399,1.0,0.602,602.0,1.0,0.0,608.0,1.0,8,-0.26841810646982683
ds000164,sub-007,1,9,stroop,incongruent,36.4,1.0,0.561,561.0,0.0,1.0,602.0,1.0,9,-0.5470293055904066
ds000164,sub-007,1,10,stroop,congruent,39.401,1.0,0.525,525.0,1.0,0.0,561.0,0.0,10,-0.7916635292084767
ds000164,sub-007,1,11,stroop,congruent,51.402,1.0,0.582,582.0,1.0,0.0,525.0,1.0,11,-0.4043260084798658
ds000164,sub-007,1,12,stroop,incongruent,54.406,1.0,0.646,646.0,0.0,1.0,582.0,1.0,12,0.030579277952258756
ds000164,sub-007,1,13,stroop,neutral,63.407,1.0,1.046,1046.0,1.0,0.0,646.0,0.0,13,2.748737318153037
ds000164,sub-007,1,14,stroop,congruent,70.91,1.0,0.708,708.0,1.0,0.0,1046.0,1.0,14,0.4518937741833794
ds000164,sub-007,1,15,stroop,incongruent,73.913,1.0,0.714,714.0,1.0,1.0,708.0,1.0,15,0.49266614478639104
ds000164,sub-007,1,16,stroop,congruent,84.414,1.0,0.744,744.0,1.0,0.0,714.0,1.0,16,0.6965279978014495
ds000164,sub-007,1,17,stroop,congruent,91.917,1.0,0.591,591.0,1.0,0.0,744.0,1.0,17,-0.34316745257534825
ds000164,sub-007,1,18,stroop,neutral,97.92,1.0,0.637,637.0,1.0,0.0,591.0,1.0,18,-0.030579277952258756
ds000164,sub-007,1,19,stroop,neutral,100.922,1.0,0.901,901.0,1.0,0.0,637.0,1.0,19,1.763405028580255
ds000164,sub-007,1,20,stroop,incongruent,103.923,1.0,0.745,745.0,1.0,1.0,901.0,1.0,20,0.7033233929019513
ds000164,sub-007,1,21,stroop,incongruent,106.924,1.0,0.732,732.0,1.0,1.0,745.0,1.0,21,0.6149832565954261
ds000164,sub-007,1,22,stroop,incongruent,111.425,1.0,1.166,1166.0,1.0,1.0,732.0,1.0,22,3.5641847302132703
ds000164,sub-007,1,23,stroop,neutral,118.927,1.0,0.478,478.0,1.0,0.0,1166.0,1.0,23,-1.1110470989320682
ds000164,sub-007,1,24,stroop,incongruent,121.929,1.0,0.702,702.0,1.0,1.0,478.0,1.0,24,0.4111214035803677
ds000164,sub-007,1,25,stroop,incongruent,126.43,1.0,0.651,651.0,1.0,1.0,702.0,1.0,25,0.06455625345476848
ds000164,sub-007,1,26,stroop,congruent,129.432,1.0,0.577,577.0,1.0,0.0,651.0,1.0,26,-0.4383029839823755
ds000164,sub-007,1,27,stroop,incongruent,132.433,1.0,0.794,794.0,1.0,1.0,577.0,1.0,27,1.0362977528265467
ds000164,sub-007,1,28,stroop,congruent,135.434,1.0,0.668,668.0,1.0,0.0,794.0,1.0,28,0.18007797016330157
ds000164,sub-007,1,29,stroop,congruent,138.435,1.0,0.429,429.0,1.0,0.0,668.0,1.0,29,-1.4440214588566636
ds000164,sub-007,1,30,stroop,neutral,141.436,1.0,0.593,593.0,1.0,0.0,429.0,1.0,30,-0.32957666237434435
ds000164,sub-007,1,31,stroop,incongruent,144.437,1.0,0.513,513.0,1.0,1.0,593.0,1.0,31,-0.8732082704145
ds000164,sub-007,1,32,stroop,neutral,153.438,1.0,0.635,635.0,1.0,0.0,513.0,1.0,32,-0.044170068153262645
ds000164,sub-007,1,33,stroop,neutral,159.441,1.0,0.648,648.0,1.0,0.0,635.0,1.0,33,0.044170068153262645
ds000164,sub-007,1,34,stroop,neutral,165.443,1.0,0.674,674.0,1.0,0.0,648.0,1.0,34,0.22085034076631324
ds000164,sub-007,1,35,stroop,congruent,172.945,1.0,0.646,646.0,1.0,0.0,674.0,1.0,35,0.030579277952258756
ds000164,sub-007,1,36,stroop,congruent,177.447,1.0,0.607,607.0,1.0,0.0,646.0,1.0,36,-0.2344411309673171
ds000164,sub-007,1,37,stroop,neutral,180.449,1.0,0.629,629.0,1.0,0.0,607.0,1.0,37,-0.08494243875627432
ds000164,sub-007,1,38,stroop,congruent,186.45,1.0,0.652,652.0,1.0,0.0,629.0,1.0,38,0.07135164855527043
ds000164,sub-007,1,39,stroop,neutral,189.452,1.0,0.567,567.0,1.0,0.0,652.0,1.0,39,-0.506256934987395
ds000164,sub-007,1,40,stroop,neutral,192.453,1.0,0.0,,0.0,0.0,567.0,1.0,40,
ds000164,sub-007,1,41,stroop,incongruent,195.454,1.0,0.675,675.0,0.0,1.0,,0.0,41,0.2276457358668152
ds000164,sub-007,1,42,stroop,congruent,199.955,1.0,0.655,655.0,1.0,0.0,675.0,0.0,42,0.09173783385677627
ds000164,sub-007,1,43,stroop,neutral,202.956,1.0,0.607,607.0,1.0,0.0,655.0,1.0,43,-0.2344411309673171
ds000164,sub-007,1,44,stroop,congruent,207.457,1.0,0.543,543.0,1.0,0.0,607.0,1.0,44,-0.6693464173994417
ds000164,sub-007,1,45,stroop,congruent,210.459,1.0,0.582,582.0,1.0,0.0,543.0,1.0,45,-0.4043260084798658
ds000164,sub-007,1,46,stroop,congruent,213.46,1.0,0.714,714.0,1.0,0.0,582.0,1.0,46,0.49266614478639104
ds000164,sub-007,1,47,stroop,congruent,216.461,1.0,0.545,545.0,1.0,0.0,714.0,1.0,47,-0.6557556271984377
ds000164,sub-007,1,48,stroop,congruent,219.462,1.0,0.577,577.0,1.0,0.0,545.0,1.0,48,-0.4383029839823755
ds000164,sub-007,1,49,stroop,congruent,222.463,1.0,0.561,561.0,1.0,0.0,577.0,1.0,49,-0.5470293055904066
ds000164,sub-007,1,50,stroop,incongruent,237.464,1.0,0.669,669.0,1.0,1.0,561.0,1.0,50,0.18687336526380352
ds000164,sub-007,1,51,stroop,congruent,246.469,1.0,0.684,684.0,1.0,0.0,669.0,1.0,51,0.2888042917713327
ds000164,sub-007,1,52,stroop,neutral,252.472,1.0,0.627,627.0,1.0,0.0,684.0,1.0,52,-0.09853322895727822
ds000164,sub-007,1,53,stroop,neutral,255.474,1.0,0.728,728.0,1.0,0.0,627.0,1.0,53,0.5878016761934183
ds000164,sub-007,1,54,stroop,neutral,264.475,1.0,0.895,895.0,1.0,0.0,728.0,1.0,54,1.7226326579772433
ds000164,sub-007,1,55,stroop,congruent,267.478,1.0,0.594,594.0,1.0,0.0,895.0,1.0,55,-0.32278126727384243
ds000164,sub-007,1,56,stroop,incongruent,273.479,1.0,1.027,1027.0,1.0,1.0,594.0,1.0,56,2.6196248112435
ds000164,sub-007,1,57,stroop,incongruent,280.981,1.0,0.452,452.0,1.0,1.0,1027.0,1.0,57,-1.2877273715451187
ds000164,sub-007,1,58,stroop,neutral,283.983,1.0,0.657,657.0,1.0,0.0,452.0,1.0,58,0.10532862405778017
ds000164,sub-007,1,59,stroop,congruent,286.984,1.0,0.581,581.0,1.0,0.0,657.0,1.0,59,-0.4111214035803677
ds000164,sub-007,1,60,stroop,neutral,291.485,1.0,0.462,462.0,1.0,0.0,581.0,1.0,60,-1.2197734205400992
ds000164,sub-007,1,61,stroop,neutral,295.987,1.0,0.653,653.0,1.0,0.0,462.0,1.0,61,0.07814704365577238
ds000164,sub-007,1,62,stroop,neutral,298.988,1.0,0.599,599.0,1.0,0.0,653.0,1.0,62,-0.2888042917713327
ds000164,sub-007,1,63,stroop,neutral,303.489,1.0,0.556,556.0,0.0,0.0,599.0,1.0,63,-0.5810062810929164
ds000164,sub-007,1,64,stroop,congruent,312.491,1.0,0.625,625.0,1.0,0.0,556.0,0.0,64,-0.1121240191582821
ds000164,sub-007,1,65,stroop,congruent,315.494,1.0,0.567,567.0,1.0,0.0,625.0,1.0,65,-0.506256934987395
ds000164,sub-007,1,66,stroop,neutral,318.495,1.0,0.698,698.0,1.0,0.0,567.0,1.0,66,0.38393982317835995
ds000164,sub-007,1,67,stroop,congruent,325.996,1.0,0.649,649.0,1.0,0.0,698.0,1.0,67,0.050965463253764595
ds000164,sub-007,1,68,stroop,incongruent,328.998,1.0,0.608,608.0,0.0,1.0,649.0,1.0,68,-0.2276457358668152
ds000164,sub-007,1,69,stroop,incongruent,331.999,1.0,0.724,724.0,1.0,1.0,608.0,0.0,69,0.5606200957914105
ds000164,sub-007,1,70,stroop,congruent,336.5,1.0,0.543,543.0,1.0,0.0,724.0,1.0,70,-0.6693464173994417
ds000164,sub-007,1,71,stroop,neutral,339.502,1.0,0.56,560.0,1.0,0.0,543.0,1.0,71,-0.5538247006909086
ds000164,sub-007,1,72,stroop,congruent,342.503,1.0,0.524,524.0,1.0,0.0,560.0,1.0,72,-0.7984589243089786
ds000164,sub-007,1,73,stroop,neutral,347.004,1.0,0.569,569.0,1.0,0.0,524.0,1.0,73,-0.49266614478639104
ds000164,sub-007,1,74,stroop,incongruent,350.005,1.0,0.491,491.0,1.0,1.0,569.0,1.0,74,-1.0227069626255427
ds000164,sub-007,1,75,stroop,neutral,353.006,1.0,0.522,522.0,1.0,0.0,491.0,1.0,75,-0.8120497145099825
ds000164,sub-007,1,76,stroop,incongruent,356.007,1.0,0.806,806.0,1.0,1.0,522.0,1.0,76,1.11784249403257
ds000164,sub-007,1,77,stroop,incongruent,359.008,1.0,0.698,698.0,1.0,1.0,806.0,1.0,77,0.38393982317835995
ds000164,sub-007,1,78,stroop,neutral,363.509,1.0,0.977,977.0,1.0,0.0,698.0,1.0,78,2.279855056218403
ds000164,sub-007,1,79,stroop,congruent,366.511,1.0,0.583,583.0,1.0,0.0,977.0,1.0,79,-0.39753061337936385
ds000164,sub-007,1,80,stroop,incongruent,369.512,1.0,0.0,,0.0,1.0,583.0,1.0,80,
ds000164,sub-007,1,81,stroop,neutral,374.013,1.0,0.776,776.0,1.0,0.0,,0.0,81,0.9139806410175116
ds000164,sub-007,1,82,stroop,congruent,378.514,1.0,0.733,733.0,1.0,0.0,776.0,1.0,82,0.621778651695928
ds000164,sub-007,1,83,stroop,incongruent,383.016,1.0,0.976,976.0,1.0,1.0,733.0,1.0,83,2.273059661117901
ds000164,sub-007,1,84,stroop,incongruent,386.017,1.0,1.04,1040.0,0.0,1.0,976.0,1.0,84,2.707964947550025
ds000164,sub-007,1,85,stroop,congruent,389.018,1.0,0.716,716.0,1.0,0.0,1040.0,0.0,85,0.506256934987395
ds000164,sub-007,1,86,stroop,neutral,398.019,1.0,0.668,668.0,1.0,0.0,716.0,1.0,86,0.18007797016330157
ds000164,sub-007,1,87,stroop,incongruent,401.022,1.0,0.857,857.0,1.0,1.0,668.0,1.0,87,1.4644076441581693
ds000164,sub-007,1,88,stroop,congruent,404.023,1.0,0.579,579.0,1.0,0.0,857.0,1.0,88,-0.4247121937813716
ds000164,sub-007,1,89,stroop,neutral,407.024,1.0,0.723,723.0,1.0,0.0,579.0,1.0,89,0.5538247006909086
ds000164,sub-007,1,90,stroop,incongruent,410.025,1.0,0.654,654.0,1.0,1.0,723.0,1.0,90,0.08494243875627432
ds000164,sub-007,1,91,stroop,neutral,414.526,1.0,0.668,668.0,1.0,0.0,654.0,1.0,91,0.18007797016330157
ds000164,sub-007,1,92,stroop,congruent,419.028,1.0,0.587,587.0,1.0,0.0,668.0,1.0,92,-0.37034903297735605
ds000164,sub-007,1,93,stroop,incongruent,429.529,1.0,1.127,1127.0,1.0,1.0,587.0,1.0,93,3.2991643212936945
ds000164,sub-007,1,94,stroop,congruent,434.033,1.0,0.622,622.0,1.0,0.0,1127.0,1.0,94,-0.13251020445978795
ds000164,sub-007,1,95,stroop,incongruent,440.034,1.0,0.825,825.0,1.0,1.0,622.0,1.0,95,1.246955000942107
ds000164,sub-007,1,96,stroop,neutral,443.036,1.0,0.722,722.0,1.0,0.0,825.0,1.0,96,0.5470293055904066
ds000164,sub-007,1,97,stroop,neutral,447.537,1.0,0.673,673.0,1.0,0.0,722.0,1.0,97,0.2140549456658113
ds000164,sub-007,1,98,stroop,congruent,458.039,1.0,1.049,1049.0,1.0,0.0,673.0,1.0,98,2.769123503454543
ds000164,sub-007,1,99,stroop,congruent,461.042,1.0,0.563,563.0,1.0,0.0,1049.0,1.0,99,-0.5334385153894028
ds000164,sub-007,1,100,stroop,incongruent,465.543,1.0,0.767,767.0,0.0,1.0,563.0,1.0,100,0.8528220851129942
ds000164,sub-007,1,101,stroop,neutral,471.545,1.0,0.548,548.0,1.0,0.0,767.0,0.0,101,-0.6353694418969319
ds000164,sub-007,1,102,stroop,incongruent,474.547,1.0,1.002,1002.0,1.0,1.0,548.0,1.0,102,2.4497399337309513
ds000164,sub-007,1,103,stroop,neutral,477.548,1.0,0.668,668.0,1.0,0.0,1002.0,1.0,103,0.18007797016330157
ds000164,sub-007,1,104,stroop,incongruent,482.049,1.0,0.755,755.0,1.0,1.0,668.0,1.0,104,0.7712773439069709
ds000164,sub-007,1,105,stroop,incongruent,486.55,1.0,0.845,845.0,1.0,1.0,755.0,1.0,105,1.382862902952146
ds000164,sub-007,1,106,stroop,incongruent,489.552,1.0,0.774,774.0,1.0,1.0,845.0,1.0,106,0.9003898508165078
ds000164,sub-007,1,107,stroop,congruent,492.553,1.0,0.448,448.0,1.0,0.0,774.0,1.0,107,-1.3149089519471264
ds000164,sub-007,1,108,stroop,incongruent,497.054,1.0,0.765,765.0,1.0,1.0,448.0,1.0,108,0.8392312949119903
ds000164,sub-007,1,109,stroop,neutral,500.055,1.0,0.636,636.0,1.0,0.0,765.0,1.0,109,-0.0373746730527607
ds000164,sub-007,1,110,stroop,neutral,503.056,1.0,0.515,515.0,1.0,0.0,636.0,1.0,110,-0.8596174802134962
ds000164,sub-007,1,111,stroop,incongruent,506.057,1.0,0.807,807.0,0.0,1.0,515.0,1.0,111,1.124637889133072
ds000164,sub-007,1,112,stroop,neutral,509.058,1.0,0.596,596.0,1.0,0.0,807.0,0.0,112,-0.30919047707283853
ds000164,sub-007,1,113,stroop,congruent,512.059,1.0,0.608,608.0,1.0,0.0,596.0,1.0,113,-0.2276457358668152
ds000164,sub-007,1,114,stroop,neutral,515.06,1.0,0.587,587.0,1.0,0.0,608.0,1.0,114,-0.37034903297735605
ds000164,sub-007,1,115,stroop,congruent,519.561,1.0,0.595,595.0,1.0,0.0,587.0,1.0,115,-0.31598587217334045
ds000164,sub-007,1,116,stroop,incongruent,522.563,1.0,0.744,744.0,1.0,1.0,595.0,1.0,116,0.6965279978014495
ds000164,sub-007,1,117,stroop,incongruent,527.064,1.0,0.878,878.0,1.0,1.0,744.0,1.0,117,1.6071109412687101
ds000164,sub-007,1,118,stroop,congruent,530.065,1.0,0.625,625.0,1.0,0.0,878.0,1.0,118,-0.1121240191582821
ds000164,sub-007,1,119,stroop,incongruent,533.066,1.0,0.849,849.0,1.0,1.0,625.0,1.0,119,1.4100444833541537
ds000164,sub-007,1,120,stroop,congruent,536.067,1.0,0.57,570.0,1.0,0.0,849.0,1.0,120,-0.4858707496858891
ds000164,sub-008,1,1,stroop,neutral,0.397,1.0,1.07,1070.0,0.0,0.0,,,1,1.6919001420339588
ds000164,sub-008,1,2,stroop,congruent,4.901,1.0,0.763,763.0,1.0,0.0,1070.0,0.0,2,-0.3857532323837426
ds000164,sub-008,1,3,stroop,incongruent,9.402,1.0,1.222,1222.0,0.0,1.0,763.0,1.0,3,2.720575428390606
ds000164,sub-008,1,4,stroop,incongruent,12.404,1.0,0.826,826.0,1.0,1.0,1222.0,0.0,4,0.04060560340881501
ds000164,sub-008,1,5,stroop,congruent,19.905,1.0,1.018,1018.0,1.0,0.0,826.0,1.0,5,1.3399849124908954
ds000164,sub-008,1,6,stroop,incongruent,22.907,1.0,0.789,789.0,1.0,1.0,1018.0,1.0,6,-0.20979561761221088
ds000164,sub-008,1,7,stroop,incongruent,25.908,1.0,0.826,826.0,1.0,1.0,789.0,1.0,7,0.04060560340881501
ds000164,sub-008,1,8,stroop,neutral,28.909,1.0,0.842,842.0,1.0,0.0,826.0,1.0,8,0.14888721249898837
ds000164,sub-008,1,9,stroop,neutral,31.91,1.0,0.869,869.0,1.0,0.0,842.0,1.0,9,0.3316124278386559
ds000164,sub-008,1,10,stroop,neutral,34.911,1.0,0.586,586.0,1.0,0.0,869.0,1.0,10,-1.5836185329437853
ds000164,sub-008,1,11,stroop,congruent,37.912,1.0,0.58,580.0,1.0,0.0,586.0,1.0,11,-1.6242241363526004
ds000164,sub-008,1,12,stroop,neutral,40.913,1.0,0.547,547.0,1.0,0.0,580.0,1.0,12,-1.847554955101083
ds000164,sub-008,1,13,stroop,congruent,43.914,1.0,0.633,633.0,1.0,0.0,547.0,1.0,13,-1.2655413062414012
ds000164,sub-008,1,14,stroop,incongruent,52.915,1.0,0.613,613.0,1.0,1.0,633.0,1.0,14,-1.4008933176041178
ds000164,sub-008,1,15,stroop,neutral,57.418,1.0,0.782,782.0,1.0,0.0,613.0,1.0,15,-0.2571688215891617
ds000164,sub-008,1,16,stroop,congruent,64.92,1.0,0.704,704.0,1.0,0.0,782.0,1.0,16,-0.7850416659037569
ds000164,sub-008,1,17,stroop,incongruent,69.422,1.0,0.79,790.0,0.0,1.0,704.0,1.0,17,-0.20302801704407505
ds000164,sub-008,1,18,stroop,congruent,75.424,1.0,0.698,698.0,1.0,0.0,790.0,0.0,18,-0.8256472693125718
ds000164,sub-008,1,19,stroop,neutral,78.426,1.0,0.867,867.0,0.0,0.0,698.0,1.0,19,0.31807722670238425
ds000164,sub-008,1,20,stroop,incongruent,81.427,1.0,0.82,820.0,1.0,1.0,867.0,0.0,20,0.0
ds000164,sub-008,1,21,stroop,incongruent,85.928,1.0,0.885,885.0,1.0,1.0,820.0,1.0,21,0.4398940369288293
ds000164,sub-008,1,22,stroop,congruent,88.929,1.0,0.729,729.0,1.0,0.0,885.0,1.0,22,-0.6158516517003609
ds000164,sub-008,1,23,stroop,incongruent,91.93,1.0,0.713,713.0,1.0,1.0,729.0,1.0,23,-0.7241332607905343
ds000164,sub-008,1,24,stroop,congruent,94.931,1.0,0.822,822.0,1.0,0.0,713.0,1.0,24,0.01353520113627167
ds000164,sub-008,1,25,stroop,neutral,97.932,1.0,0.841,841.0,1.0,0.0,822.0,1.0,25,0.14211961193085254
ds000164,sub-008,1,26,stroop,incongruent,100.933,1.0,0.785,785.0,0.0,1.0,841.0,1.0,26,-0.23686601988475423
ds000164,sub-008,1,27,stroop,neutral,106.934,1.0,0.923,923.0,1.0,0.0,785.0,0.0,27,0.697062858517991
ds000164,sub-008,1,28,stroop,congruent,109.936,1.0,0.647,647.0,1.0,0.0,923.0,1.0,28,-1.1707948982874994
ds000164,sub-008,1,29,stroop,incongruent,112.937,1.0,0.984,984.0,1.0,1.0,647.0,1.0,29,1.109886493174277
ds000164,sub-008,1,30,stroop,congruent,117.438,1.0,0.77,770.0,1.0,0.0,984.0,1.0,30,-0.33838002840679177
ds000164,sub-008,1,31,stroop,congruent,120.44,1.0,0.884,884.0,1.0,0.0,770.0,1.0,31,0.4331264363606934
ds000164,sub-008,1,32,stroop,neutral,123.441,1.0,0.633,633.0,1.0,0.0,884.0,1.0,32,-1.2655413062414012
ds000164,sub-008,1,33,stroop,neutral,126.442,1.0,0.725,725.0,1.0,0.0,633.0,1.0,33,-0.6429220539729044
ds000164,sub-008,1,34,stroop,neutral,129.443,1.0,0.652,652.0,1.0,0.0,725.0,1.0,34,-1.1369568954468203
ds000164,sub-008,1,35,stroop,incongruent,132.444,1.0,0.811,811.0,1.0,1.0,652.0,1.0,35,-0.060908405113222513
ds000164,sub-008,1,36,stroop,neutral,141.445,1.0,0.796,796.0,0.0,0.0,811.0,1.0,36,-0.16242241363526003
ds000164,sub-008,1,37,stroop,congruent,144.448,1.0,0.82,820.0,1.0,0.0,796.0,0.0,37,0.0
ds000164,sub-008,1,38,stroop,congruent,147.449,1.0,0.894,894.0,1.0,0.0,820.0,1.0,38,0.5008024420420518
ds000164,sub-008,1,39,stroop,incongruent,153.45,1.0,0.907,907.0,1.0,1.0,894.0,1.0,39,0.5887812494278176
ds000164,sub-008,1,40,stroop,congruent,156.452,1.0,0.638,638.0,1.0,0.0,907.0,1.0,40,-1.2317033034007219
ds000164,sub-008,1,41,stroop,congruent,160.953,1.0,0.819,819.0,1.0,0.0,638.0,1.0,41,-0.006767600568135835
ds000164,sub-008,1,42,stroop,neutral,166.954,1.0,0.832,832.0,1.0,0.0,819.0,1.0,42,0.08121120681763001
ds000164,sub-008,1,43,stroop,congruent,171.456,1.0,0.876,876.0,1.0,0.0,832.0,1.0,43,0.37898563181560674
ds000164,sub-008,1,44,stroop,neutral,175.958,1.0,0.99,990.0,1.0,0.0,876.0,1.0,44,1.150492096583092
ds000164,sub-008,1,45,stroop,neutral,181.959,1.0,0.873,873.0,0.0,0.0,990.0,1.0,45,0.3586828301111993
ds000164,sub-008,1,46,stroop,incongruent,184.961,1.0,0.804,804.0,1.0,1.0,873.0,0.0,46,-0.10828160909017336
ds000164,sub-008,1,47,stroop,congruent,189.462,1.0,0.695,695.0,1.0,0.0,804.0,1.0,47,-0.8459500710169794
ds000164,sub-008,1,48,stroop,congruent,192.464,1.0,0.839,839.0,1.0,0.0,695.0,1.0,48,0.12858441079458086
ds000164,sub-008,1,49,stroop,neutral,195.465,1.0,1.003,1002.9999999999999,1.0,0.0,839.0,1.0,49,1.238470903968857
ds000164,sub-008,1,50,stroop,incongruent,198.466,1.0,0.822,822.0,1.0,1.0,1002.9999999999999,1.0,50,0.01353520113627167
ds000164,sub-008,1,51,stroop,incongruent,201.467,1.0,0.931,931.0,1.0,1.0,822.0,1.0,51,0.7512036630630777
ds000164,sub-008,1,52,stroop,incongruent,204.468,1.0,0.885,885.0,0.0,1.0,931.0,1.0,52,0.4398940369288293
ds000164,sub-008,1,53,stroop,incongruent,213.469,1.0,0.949,949.0,1.0,1.0,885.0,0.0,53,0.8730204732895227
ds000164,sub-008,1,54,stroop,neutral,216.472,1.0,0.668,668.0,1.0,0.0,949.0,1.0,54,-1.0286752863566468
ds000164,sub-008,1,55,stroop,incongruent,223.973,1.0,0.732,732.0,1.0,1.0,668.0,1.0,55,-0.5955488499959535
ds000164,sub-008,1,56,stroop,congruent,232.975,1.0,0.817,817.0,0.0,0.0,732.0,1.0,56,-0.020302801704407503
ds000164,sub-008,1,57,stroop,congruent,238.978,1.0,0.82,820.0,1.0,0.0,817.0,0.0,57,0.0
ds000164,sub-008,1,58,stroop,incongruent,241.98,1.0,0.911,911.0,1.0,1.0,820.0,1.0,58,0.6158516517003609
ds000164,sub-008,1,59,stroop,congruent,244.981,1.0,0.75,750.0,1.0,0.0,911.0,1.0,59,-0.47373203976950845
ds000164,sub-008,1,60,stroop,incongruent,255.482,1.0,0.884,884.0,1.0,1.0,750.0,1.0,60,0.4331264363606934
ds000164,sub-008,1,61,stroop,neutral,258.486,1.0,0.665,665.0,1.0,0.0,884.0,1.0,61,-1.0489780880610544
ds000164,sub-008,1,62,stroop,neutral,264.487,1.0,0.722,722.0,0.0,0.0,665.0,1.0,62,-0.6632248556773118
ds000164,sub-008,1,63,stroop,neutral,267.489,1.0,0.791,791.0,0.0,0.0,722.0,0.0,63,-0.19626041647593923
ds000164,sub-008,1,64,stroop,congruent,270.49,1.0,0.932,932.0,1.0,0.0,791.0,0.0,64,0.7579712636312135
ds000164,sub-008,1,65,stroop,neutral,273.491,1.0,0.851,851.0,1.0,0.0,932.0,1.0,65,0.20979561761221088
ds000164,sub-008,1,66,stroop,neutral,277.992,1.0,0.763,763.0,1.0,0.0,851.0,1.0,66,-0.3857532323837426
ds000164,sub-008,1,67,stroop,incongruent,280.993,1.0,0.809,809.0,1.0,1.0,763.0,1.0,67,-0.07444360624949418
ds000164,sub-008,1,68,stroop,congruent,286.994,1.0,1.027,1027.0,1.0,0.0,809.0,1.0,68,1.4008933176041178
ds000164,sub-008,1,69,stroop,neutral,289.996,1.0,0.841,841.0,1.0,0.0,1027.0,1.0,69,0.14211961193085254
ds000164,sub-008,1,70,stroop,neutral,292.997,1.0,0.865,865.0,1.0,0.0,841.0,1.0,70,0.3045420255661126
ds000164,sub-008,1,71,stroop,incongruent,306.498,1.0,0.838,838.0,1.0,1.0,865.0,1.0,71,0.12181681022644503
ds000164,sub-008,1,72,stroop,incongruent,309.503,1.0,0.858,858.0,1.0,1.0,838.0,1.0,72,0.2571688215891617
ds000164,sub-008,1,73,stroop,neutral,312.504,1.0,0.727,727.0,1.0,0.0,858.0,1.0,73,-0.6293868528366326
ds000164,sub-008,1,74,stroop,neutral,315.505,1.0,0.683,683.0,1.0,0.0,727.0,1.0,74,-0.9271612778346094
ds000164,sub-008,1,75,stroop,neutral,318.506,1.0,0.677,677.0,1.0,0.0,683.0,1.0,75,-0.9677668812434244
ds000164,sub-008,1,76,stroop,congruent,321.507,1.0,0.851,851.0,1.0,0.0,677.0,1.0,76,0.20979561761221088
ds000164,sub-008,1,77,stroop,congruent,324.508,1.0,0.81,810.0,1.0,0.0,851.0,1.0,77,-0.06767600568135836
ds000164,sub-008,1,78,stroop,neutral,329.009,1.0,0.952,952.0,1.0,0.0,810.0,1.0,78,0.8933232749939303
ds000164,sub-008,1,79,stroop,incongruent,333.51,1.0,1.587,1587.0,1.0,1.0,952.0,1.0,79,5.190749635760185
ds000164,sub-008,1,80,stroop,neutral,339.512,1.0,0.645,645.0,1.0,0.0,1587.0,1.0,80,-1.184330099423771
ds000164,sub-008,1,81,stroop,neutral,342.514,1.0,1.007,1006.9999999999999,0.0,0.0,645.0,1.0,81,1.2655413062414003
ds000164,sub-008,1,82,stroop,neutral,347.015,1.0,0.741,741.0,1.0,0.0,1006.9999999999999,0.0,82,-0.534640444882731
ds000164,sub-008,1,83,stroop,congruent,351.516,1.0,1.026,1026.0,0.0,0.0,741.0,1.0,83,1.394125717035982
ds000164,sub-008,1,84,stroop,incongruent,356.018,1.0,0.894,894.0,0.0,1.0,1026.0,0.0,84,0.5008024420420518
ds000164,sub-008,1,85,stroop,neutral,362.02,1.0,1.127,1127.0,0.0,0.0,894.0,0.0,85,2.0776533744177015
ds000164,sub-008,1,86,stroop,incongruent,365.022,1.0,0.758,758.0,1.0,1.0,1127.0,0.0,86,-0.41959123522442177
ds000164,sub-008,1,87,stroop,incongruent,369.523,1.0,1.131,1131.0,0.0,1.0,758.0,1.0,87,2.1047237766902445
ds000164,sub-008,1,88,stroop,congruent,375.524,1.0,0.737,737.0,1.0,0.0,1131.0,0.0,88,-0.5617108471552743
ds000164,sub-008,1,89,stroop,incongruent,378.526,1.0,1.113,1113.0,0.0,1.0,737.0,1.0,89,1.9829069664637997
ds000164,sub-008,1,90,stroop,congruent,383.027,1.0,0.677,677.0,1.0,0.0,1113.0,0.0,90,-0.9677668812434244
ds000164,sub-008,1,91,stroop,incongruent,389.029,1.0,0.698,698.0,1.0,1.0,677.0,1.0,91,-0.8256472693125718
ds000164,sub-008,1,92,stroop,neutral,392.031,1.0,0.837,837.0,1.0,0.0,698.0,1.0,92,0.1150492096583092
ds000164,sub-008,1,93,stroop,congruent,399.532,1.0,0.646,646.0,0.0,0.0,837.0,1.0,93,-1.1775624988556352
ds000164,sub-008,1,94,stroop,neutral,404.034,1.0,0.834,834.0,0.0,0.0,646.0,0.0,94,0.09474640795390168
ds000164,sub-008,1,95,stroop,congruent,407.036,1.0,1.055,1055.0,0.0,0.0,834.0,0.0,95,1.5903861335119212
ds000164,sub-008,1,96,stroop,neutral,411.537,1.0,0.743,743.0,1.0,0.0,1055.0,0.0,96,-0.5211052437464593
ds000164,sub-008,1,97,stroop,congruent,417.538,1.0,0.899,899.0,1.0,0.0,743.0,1.0,97,0.534640444882731
ds000164,sub-008,1,98,stroop,congruent,420.54,1.0,0.745,745.0,1.0,0.0,899.0,1.0,98,-0.5075700426101877
ds000164,sub-008,1,99,stroop,neutral,426.541,1.0,0.898,898.0,1.0,0.0,745.0,1.0,99,0.5278728443145951
ds000164,sub-008,1,100,stroop,congruent,429.543,1.0,0.847,847.0,1.0,0.0,898.0,1.0,100,0.18272521533966754
ds000164,sub-008,1,101,stroop,neutral,432.544,1.0,0.701,701.0,1.0,0.0,847.0,1.0,101,-0.8053444676081644
ds000164,sub-008,1,102,stroop,incongruent,435.545,1.0,0.678,678.0,1.0,1.0,701.0,1.0,102,-0.9609992806752886
ds000164,sub-008,1,103,stroop,congruent,440.046,1.0,0.894,894.0,1.0,0.0,678.0,1.0,103,0.5008024420420518
ds000164,sub-008,1,104,stroop,congruent,444.548,1.0,0.765,765.0,1.0,0.0,894.0,1.0,104,-0.37221803124747094
ds000164,sub-008,1,105,stroop,congruent,447.549,1.0,0.876,876.0,0.0,0.0,765.0,1.0,105,0.37898563181560674
ds000164,sub-008,1,106,stroop,congruent,450.55,1.0,0.986,986.0,1.0,0.0,876.0,0.0,106,1.1234216943105486
ds000164,sub-008,1,107,stroop,incongruent,453.551,1.0,0.778,778.0,1.0,1.0,986.0,1.0,107,-0.2842392238617051
ds000164,sub-008,1,108,stroop,incongruent,459.552,1.0,0.888,888.0,1.0,1.0,778.0,1.0,108,0.4601968386332368
ds000164,sub-008,1,109,stroop,congruent,462.554,1.0,0.767,767.0,1.0,0.0,888.0,1.0,109,-0.3586828301111993
ds000164,sub-008,1,110,stroop,congruent,467.055,1.0,0.924,924.0,1.0,0.0,767.0,1.0,110,0.7038304590861268
ds000164,sub-008,1,111,stroop,neutral,474.557,1.0,1.143,1143.0,1.0,0.0,924.0,1.0,111,2.1859349835078747
ds000164,sub-008,1,112,stroop,incongruent,483.559,1.0,0.745,745.0,1.0,1.0,1143.0,1.0,112,-0.5075700426101877
ds000164,sub-008,1,113,stroop,congruent,497.062,1.0,0.697,697.0,1.0,0.0,745.0,1.0,113,-0.8324148698807077
ds000164,sub-008,1,114,stroop,congruent,509.067,1.0,0.991,991.0,0.0,0.0,697.0,1.0,114,1.1572596971512277
ds000164,sub-008,1,115,stroop,neutral,512.071,1.0,0.78,780.0,1.0,0.0,991.0,0.0,115,-0.2707040227254334
ds000164,sub-008,1,116,stroop,neutral,515.072,1.0,0.714,714.0,1.0,0.0,780.0,1.0,116,-0.7173656602223986
ds000164,sub-008,1,117,stroop,neutral,519.573,1.0,0.739,739.0,1.0,0.0,714.0,1.0,117,-0.5481756460190026
ds000164,sub-008,1,118,stroop,incongruent,528.574,1.0,1.066,1066.0,1.0,1.0,739.0,1.0,118,1.6648297397614154
ds000164,sub-008,1,119,stroop,congruent,531.577,1.0,0.89,890.0,1.0,0.0,1066.0,1.0,119,0.47373203976950845
ds000164,sub-009,1,1,stroop,neutral,0.397,1.0,0.606,606.0,1.0,0.0,,,1,-0.7960834162876903
ds000164,sub-009,1,2,stroop,congruent,4.892,1.0,0.56,560.0,1.0,0.0,606.0,1.0,2,-1.0557985733744546
ds000164,sub-009,1,3,stroop,neutral,7.894,1.0,0.632,632.0,1.0,0.0,560.0,1.0,3,-0.6492878927169106
ds000164,sub-009,1,4,stroop,neutral,10.895,1.0,0.716,716.0,1.0,0.0,632.0,1.0,4,-0.17502543194977588
ds000164,sub-009,1,5,stroop,neutral,16.896,1.0,0.927,927.0,1.0,0.0,716.0,1.0,5,1.01627670164386
ds000164,sub-009,1,6,stroop,neutral,19.898,1.0,0.679,679.0,1.0,0.0,927.0,1.0,6,-0.3839267539543471
ds000164,sub-009,1,7,stroop,incongruent,22.899,1.0,1.03,1030.0,0.0,1.0,679.0,1.0,7,1.5978128142511798
ds000164,sub-009,1,8,stroop,incongruent,28.9,1.0,0.956,956.0,1.0,1.0,1030.0,0.0,8,1.1800101702420374
ds000164,sub-009,1,9,stroop,neutral,36.402,1.0,0.733,733.0,1.0,0.0,956.0,1.0,9,-0.07904374346118911
ds000164,sub-009,1,10,stroop,incongruent,39.404,1.0,1.132,1132.0,0.0,1.0,733.0,1.0,10,2.1737029451827006
ds000164,sub-009,1,11,stroop,neutral,42.405,1.0,0.763,763.0,1.0,0.0,1132.0,0.0,11,0.09033570681278756
ds000164,sub-009,1,12,stroop,congruent,45.406,1.0,0.872,872.0,1.0,0.0,763.0,1.0,12,0.7057477094749028
ds000164,sub-009,1,13,stroop,incongruent,49.907,1.0,0.744,744.0,1.0,1.0,872.0,1.0,13,-0.016937945027397667
ds000164,sub-009,1,14,stroop,congruent,52.909,1.0,0.683,683.0,1.0,0.0,744.0,1.0,14,-0.36134282725115024
ds000164,sub-009,1,15,stroop,congruent,55.91,1.0,0.739,739.0,1.0,0.0,683.0,1.0,15,-0.04516785340639378
ds000164,sub-009,1,16,stroop,incongruent,58.911,1.0,0.807,807.0,1.0,1.0,739.0,1.0,16,0.3387589005479533
ds000164,sub-009,1,17,stroop,neutral,61.912,1.0,0.748,748.0,1.0,0.0,807.0,1.0,17,0.005645981675799223
ds000164,sub-009,1,18,stroop,neutral,64.913,1.0,0.607,607.0,1.0,0.0,748.0,1.0,18,-0.7904374346118911
ds000164,sub-009,1,19,stroop,incongruent,75.414,1.0,0.856,856.0,1.0,1.0,607.0,1.0,19,0.6154120026621153
ds000164,sub-009,1,20,stroop,neutral,84.417,1.0,0.785,785.0,0.0,0.0,856.0,1.0,20,0.21454730368037045
ds000164,sub-009,1,21,stroop,congruent,87.42,1.0,1.087,1087.0,1.0,0.0,785.0,0.0,21,1.9196337697717356
ds000164,sub-009,1,22,stroop,neutral,90.421,1.0,0.721,721.0,1.0,0.0,1087.0,1.0,22,-0.14679552357077977
ds000164,sub-009,1,23,stroop,congruent,96.422,1.0,0.519,519.0,1.0,0.0,721.0,1.0,23,-1.2872838220822227
ds000164,sub-009,1,24,stroop,incongruent,100.924,1.0,0.657,657.0,1.0,1.0,519.0,1.0,24,-0.50813835082193
ds000164,sub-009,1,25,stroop,congruent,103.926,1.0,0.638,638.0,1.0,0.0,657.0,1.0,25,-0.6154120026621153
ds000164,sub-009,1,26,stroop,neutral,106.927,1.0,0.583,583.0,1.0,0.0,638.0,1.0,26,-0.9259409948310725
ds000164,sub-009,1,27,stroop,congruent,109.928,1.0,0.567,567.0,0.0,0.0,583.0,1.0,27,-1.01627670164386
ds000164,sub-009,1,28,stroop,congruent,112.929,1.0,0.699,699.0,1.0,0.0,567.0,0.0,28,-0.27100712043836267
ds000164,sub-009,1,29,stroop,congruent,129.43,1.0,1.169,1169.0,1.0,0.0,699.0,1.0,29,2.3826042671872716
ds000164,sub-009,1,30,stroop,congruent,133.935,1.0,0.602,602.0,1.0,0.0,1169.0,1.0,30,-0.8186673429908873
ds000164,sub-009,1,31,stroop,neutral,139.937,1.0,0.78,780.0,1.0,0.0,602.0,1.0,31,0.18631739530137434
ds000164,sub-009,1,32,stroop,congruent,142.939,1.0,0.736,736.0,1.0,0.0,780.0,1.0,32,-0.062105798433791444
ds000164,sub-009,1,33,stroop,neutral,145.94,1.0,0.788,788.0,1.0,0.0,736.0,1.0,33,0.23148524870776813
ds000164,sub-009,1,34,stroop,congruent,148.941,1.0,0.644,644.0,1.0,0.0,788.0,1.0,34,-0.5815361126073199
ds000164,sub-009,1,35,stroop,incongruent,153.442,1.0,0.777,777.0,1.0,1.0,644.0,1.0,35,0.16937945027397666
ds000164,sub-009,1,36,stroop,neutral,156.443,1.0,0.768,768.0,1.0,0.0,777.0,1.0,36,0.11856561519178367
ds000164,sub-009,1,37,stroop,congruent,159.444,1.0,0.557,557.0,1.0,0.0,768.0,1.0,37,-1.0727365184018522
ds000164,sub-009,1,38,stroop,congruent,163.945,1.0,0.608,608.0,1.0,0.0,557.0,1.0,38,-0.7847914529360919
ds000164,sub-009,1,39,stroop,neutral,166.947,1.0,0.817,817.0,1.0,0.0,608.0,1.0,39,0.39521871730594554
ds000164,sub-009,1,40,stroop,incongruent,174.448,1.0,0.825,825.0,1.0,1.0,817.0,1.0,40,0.44038657071233933
ds000164,sub-009,1,41,stroop,congruent,184.95,1.0,0.871,871.0,0.0,0.0,825.0,1.0,41,0.7001017277991035
ds000164,sub-009,1,42,stroop,congruent,187.954,1.0,0.925,925.0,1.0,0.0,871.0,0.0,42,1.0049847382922616
ds000164,sub-009,1,43,stroop,congruent,193.955,1.0,0.833,833.0,1.0,0.0,925.0,1.0,43,0.4855544241187331
ds000164,sub-009,1,44,stroop,incongruent,196.957,1.0,0.844,844.0,1.0,1.0,833.0,1.0,44,0.5476602225525246
ds000164,sub-009,1,45,stroop,neutral,202.958,1.0,0.671,671.0,0.0,0.0,844.0,1.0,45,-0.4290946073607409
ds000164,sub-009,1,46,stroop,incongruent,207.46,1.0,0.787,787.0,1.0,1.0,671.0,0.0,46,0.22583926703196888
ds000164,sub-009,1,47,stroop,congruent,211.961,1.0,0.723,723.0,1.0,0.0,787.0,1.0,47,-0.13550356021918133
ds000164,sub-009,1,48,stroop,neutral,217.963,1.0,0.716,716.0,1.0,0.0,723.0,1.0,48,-0.17502543194977588
ds000164,sub-009,1,49,stroop,neutral,220.965,1.0,0.78,780.0,0.0,0.0,716.0,1.0,49,0.18631739530137434
ds000164,sub-009,1,50,stroop,congruent,223.966,1.0,0.726,726.0,1.0,0.0,780.0,0.0,50,-0.11856561519178367
ds000164,sub-009,1,51,stroop,congruent,226.967,1.0,1.099,1099.0,1.0,0.0,726.0,1.0,51,1.9873855498813262
ds000164,sub-009,1,52,stroop,congruent,232.968,1.0,0.678,678.0,1.0,0.0,1099.0,1.0,52,-0.3895727356301463
ds000164,sub-009,1,53,stroop,congruent,238.97,1.0,0.746,746.0,1.0,0.0,678.0,1.0,53,-0.005645981675799223
ds000164,sub-009,1,54,stroop,incongruent,241.972,1.0,0.785,785.0,0.0,1.0,746.0,1.0,54,0.21454730368037045
ds000164,sub-009,1,55,stroop,incongruent,244.973,1.0,1.334,1334.0,0.0,1.0,785.0,0.0,55,3.3141912436941436
ds000164,sub-009,1,56,stroop,incongruent,247.974,1.0,1.137,1137.0,1.0,1.0,1334.0,0.0,56,2.2019328535616967
ds000164,sub-009,1,57,stroop,incongruent,250.975,1.0,0.803,803.0,1.0,1.0,1137.0,1.0,57,0.31617497384475646
ds000164,sub-009,1,58,stroop,incongruent,253.976,1.0,0.69,690.0,1.0,1.0,803.0,1.0,58,-0.3218209555205557
ds000164,sub-009,1,59,stroop,incongruent,256.977,1.0,0.774,774.0,1.0,1.0,690.0,1.0,59,0.152441505246579
ds000164,sub-009,1,60,stroop,congruent,259.978,1.0,0.755,755.0,1.0,0.0,774.0,1.0,60,0.04516785340639378
ds000164,sub-009,1,61,stroop,congruent,262.979,1.0,0.754,754.0,1.0,0.0,755.0,1.0,61,0.03952187173059456
ds000164,sub-009,1,62,stroop,neutral,270.48,1.0,0.897,897.0,1.0,0.0,754.0,1.0,62,0.8468972513698834
ds000164,sub-009,1,63,stroop,incongruent,273.483,1.0,0.764,764.0,1.0,1.0,897.0,1.0,63,0.09598168848858678
ds000164,sub-009,1,64,stroop,neutral,277.984,1.0,0.527,527.0,1.0,0.0,764.0,1.0,64,-1.242115968675829
ds000164,sub-009,1,65,stroop,incongruent,282.485,1.0,0.813,813.0,1.0,1.0,527.0,1.0,65,0.3726347906027487
ds000164,sub-009,1,66,stroop,neutral,285.487,1.0,0.872,872.0,1.0,0.0,813.0,1.0,66,0.7057477094749028
ds000164,sub-009,1,67,stroop,incongruent,288.488,1.0,0.774,774.0,1.0,1.0,872.0,1.0,67,0.152441505246579
ds000164,sub-009,1,68,stroop,neutral,291.489,1.0,0.773,773.0,1.0,0.0,774.0,1.0,68,0.14679552357077977
ds000164,sub-009,1,69,stroop,congruent,294.49,1.0,1.088,1088.0,1.0,0.0,773.0,1.0,69,1.9252797514475348
ds000164,sub-009,1,70,stroop,congruent,298.991,1.0,0.566,566.0,1.0,0.0,1088.0,1.0,70,-1.0219226833196593
ds000164,sub-009,1,71,stroop,neutral,303.492,1.0,0.62,620.0,1.0,0.0,566.0,1.0,71,-0.7170396728265013
ds000164,sub-009,1,72,stroop,congruent,306.494,1.0,0.679,679.0,1.0,0.0,620.0,1.0,72,-0.3839267539543471
ds000164,sub-009,1,73,stroop,incongruent,312.495,1.0,1.142,1142.0,1.0,1.0,679.0,1.0,73,2.2301627619406927
ds000164,sub-009,1,74,stroop,incongruent,316.997,1.0,0.905,905.0,1.0,1.0,1142.0,1.0,74,0.8920651047762771
ds000164,sub-009,1,75,stroop,neutral,319.998,1.0,0.911,911.0,1.0,0.0,905.0,1.0,75,0.9259409948310725
ds000164,sub-009,1,76,stroop,congruent,322.999,1.0,0.653,653.0,1.0,0.0,911.0,1.0,76,-0.5307222775251269
ds000164,sub-009,1,77,stroop,incongruent,326.0,1.0,0.717,717.0,1.0,1.0,653.0,1.0,77,-0.16937945027397666
ds000164,sub-009,1,78,stroop,congruent,329.001,1.0,0.768,768.0,1.0,0.0,717.0,1.0,78,0.11856561519178367
ds000164,sub-009,1,79,stroop,incongruent,332.002,1.0,0.645,645.0,1.0,1.0,768.0,1.0,79,-0.5758901309315206
ds000164,sub-009,1,80,stroop,neutral,335.003,1.0,0.619,619.0,1.0,0.0,645.0,1.0,80,-0.7226856545023005
ds000164,sub-009,1,81,stroop,neutral,338.004,1.0,0.793,793.0,1.0,0.0,619.0,1.0,81,0.25971515708676424
ds000164,sub-009,1,82,stroop,neutral,344.005,1.0,0.522,522.0,0.0,0.0,793.0,1.0,82,-1.270345877054825
ds000164,sub-009,1,83,stroop,neutral,347.007,1.0,1.026,1026.0,1.0,0.0,522.0,0.0,83,1.575228887547983
ds000164,sub-009,1,84,stroop,congruent,350.008,1.0,0.645,645.0,1.0,0.0,1026.0,1.0,84,-0.5758901309315206
ds000164,sub-009,1,85,stroop,congruent,357.509,1.0,0.605,605.0,1.0,0.0,645.0,1.0,85,-0.8017293979634895
ds000164,sub-009,1,86,stroop,neutral,368.012,1.0,0.869,869.0,1.0,0.0,605.0,1.0,86,0.6888097644475051
ds000164,sub-009,1,87,stroop,incongruent,372.515,1.0,0.61,610.0,1.0,1.0,869.0,1.0,87,-0.7734994895844934
ds000164,sub-009,1,88,stroop,neutral,375.517,1.0,0.599,599.0,1.0,0.0,610.0,1.0,88,-0.8356052880182849
ds000164,sub-009,1,89,stroop,congruent,378.518,1.0,0.618,618.0,1.0,0.0,599.0,1.0,89,-0.7283316361780997
ds000164,sub-009,1,90,stroop,incongruent,384.519,1.0,0.624,624.0,0.0,1.0,618.0,1.0,90,-0.6944557461233043
ds000164,sub-009,1,91,stroop,congruent,392.021,1.0,1.494,1494.0,1.0,0.0,624.0,0.0,91,4.217548311822019
ds000164,sub-009,1,92,stroop,neutral,395.023,1.0,0.693,693.0,1.0,0.0,1494.0,1.0,92,-0.304883010493158
ds000164,sub-009,1,93,stroop,incongruent,398.024,1.0,0.772,772.0,1.0,1.0,693.0,1.0,93,0.14114954189498055
ds000164,sub-009,1,94,stroop,congruent,401.025,1.0,0.709,709.0,1.0,0.0,772.0,1.0,94,-0.21454730368037045
ds000164,sub-009,1,95,stroop,incongruent,407.026,1.0,0.627,627.0,1.0,1.0,709.0,1.0,95,-0.6775178010959066
ds000164,sub-009,1,96,stroop,neutral,414.528,1.0,0.97,970.0,0.0,0.0,627.0,1.0,96,1.2590539137032266
ds000164,sub-009,1,97,stroop,congruent,417.531,1.0,1.141,1141.0,1.0,0.0,970.0,0.0,97,2.2245167802648935
ds000164,sub-009,1,98,stroop,congruent,426.532,1.0,0.646,646.0,1.0,0.0,1141.0,1.0,98,-0.5702441492557214
ds000164,sub-009,1,99,stroop,neutral,429.535,1.0,0.865,865.0,1.0,0.0,646.0,1.0,99,0.6662258377443082
ds000164,sub-009,1,100,stroop,incongruent,432.536,1.0,1.154,1154.0,0.0,1.0,865.0,1.0,100,2.2979145420502833
ds000164,sub-009,1,101,stroop,congruent,435.537,1.0,0.771,771.0,1.0,0.0,1154.0,0.0,101,0.13550356021918133
ds000164,sub-009,1,102,stroop,neutral,438.538,1.0,0.713,713.0,1.0,0.0,771.0,1.0,102,-0.19196337697717356
ds000164,sub-009,1,103,stroop,incongruent,443.039,1.0,0.656,656.0,1.0,1.0,713.0,1.0,103,-0.5137843324977293
ds000164,sub-009,1,104,stroop,congruent,446.04,1.0,0.78,780.0,1.0,0.0,656.0,1.0,104,0.18631739530137434
ds000164,sub-009,1,105,stroop,congruent,452.041,1.0,0.7,700.0,1.0,0.0,780.0,1.0,105,-0.26536113876256345
ds000164,sub-009,1,106,stroop,neutral,455.043,1.0,0.659,659.0,1.0,0.0,700.0,1.0,106,-0.49684638747033155
ds000164,sub-009,1,107,stroop,incongruent,459.544,1.0,0.878,878.0,1.0,1.0,659.0,1.0,107,0.7396235995296981
ds000164,sub-009,1,108,stroop,neutral,462.546,1.0,0.652,652.0,1.0,0.0,878.0,1.0,108,-0.5363682592009261
ds000164,sub-009,1,109,stroop,neutral,465.547,1.0,0.724,724.0,0.0,0.0,652.0,1.0,109,-0.12985757854338212
ds000164,sub-009,1,110,stroop,congruent,474.548,1.0,0.646,646.0,1.0,0.0,724.0,0.0,110,-0.5702441492557214
ds000164,sub-009,1,111,stroop,neutral,479.051,1.0,0.606,606.0,1.0,0.0,646.0,1.0,111,-0.7960834162876903
ds000164,sub-009,1,112,stroop,congruent,485.052,1.0,0.578,578.0,1.0,0.0,606.0,1.0,112,-0.9541709032100686
ds000164,sub-009,1,113,stroop,incongruent,488.054,1.0,1.242,1242.0,1.0,1.0,578.0,1.0,113,2.794760929520615
ds000164,sub-009,1,114,stroop,incongruent,501.555,1.0,1.003,1002.9999999999999,0.0,1.0,1242.0,1.0,114,1.4453713090046003
ds000164,sub-009,1,115,stroop,incongruent,504.56,1.0,0.682,682.0,1.0,1.0,1002.9999999999999,0.0,115,-0.36698880892694946
ds000164,sub-009,1,116,stroop,neutral,512.061,1.0,0.774,774.0,1.0,0.0,682.0,1.0,116,0.152441505246579
ds000164,sub-009,1,117,stroop,incongruent,515.063,1.0,0.79,790.0,0.0,1.0,774.0,1.0,117,0.24277721205936656
ds000164,sub-009,1,118,stroop,neutral,518.064,1.0,0.659,659.0,1.0,0.0,790.0,0.0,118,-0.49684638747033155
ds000164,sub-009,1,119,stroop,incongruent,524.065,1.0,0.695,695.0,1.0,1.0,659.0,1.0,119,-0.29359104714155954
ds000164,sub-009,1,120,stroop,neutral,534.567,1.0,0.85,850.0,1.0,0.0,695.0,1.0,120,0.5815361126073199
ds000164,sub-010,1,1,stroop,incongruent,0.379,1.0,0.991,991.0,1.0,1.0,,,1,2.3940993383201667
ds000164,sub-010,1,2,stroop,neutral,3.383,1.0,0.843,843.0,0.0,0.0,991.0,1.0,2,1.086620732890703
ds000164,sub-010,1,3,stroop,incongruent,6.384,1.0,0.552,552.0,1.0,1.0,843.0,0.0,3,-1.4841649034604725
ds000164,sub-010,1,4,stroop,congruent,10.885,1.0,0.657,657.0,1.0,0.0,552.0,1.0,4,-0.5565618387976772
ds000164,sub-010,1,5,stroop,neutral,16.887,1.0,0.741,741.0,1.0,0.0,657.0,1.0,5,0.18552061293255906
ds000164,sub-010,1,6,stroop,neutral,19.889,1.0,0.85,850.0,1.0,0.0,741.0,1.0,6,1.148460937201556
ds000164,sub-010,1,7,stroop,incongruent,25.89,1.0,0.583,583.0,1.0,1.0,850.0,1.0,7,-1.210301141512409
ds000164,sub-010,1,8,stroop,congruent,30.392,1.0,0.68,680.0,1.0,0.0,583.0,1.0,8,-0.35337259606201726
ds000164,sub-010,1,9,stroop,congruent,33.393,1.0,0.784,784.0,1.0,0.0,680.0,1.0,9,0.5653961536992276
ds000164,sub-010,1,10,stroop,neutral,37.894,1.0,0.592,592.0,1.0,0.0,784.0,1.0,10,-1.1307923073984552
ds000164,sub-010,1,11,stroop,neutral,43.896,1.0,0.74,740.0,1.0,0.0,592.0,1.0,11,0.17668629803100863
ds000164,sub-010,1,12,stroop,congruent,46.898,1.0,0.744,744.0,1.0,0.0,740.0,1.0,12,0.21202355763721034
ds000164,sub-010,1,13,stroop,congruent,57.399,1.0,0.834,834.0,1.0,0.0,744.0,1.0,13,1.0071118987767491
ds000164,sub-010,1,14,stroop,congruent,61.903,1.0,0.552,552.0,1.0,0.0,834.0,1.0,14,-1.4841649034604725
ds000164,sub-010,1,15,stroop,neutral,64.904,1.0,0.706,706.0,1.0,0.0,552.0,1.0,15,-0.12368040862170604
ds000164,sub-010,1,16,stroop,neutral,67.905,1.0,0.76,760.0,0.0,0.0,706.0,1.0,16,0.35337259606201726
ds000164,sub-010,1,17,stroop,incongruent,70.906,1.0,0.697,697.0,1.0,1.0,760.0,0.0,17,-0.20318924273565991
ds000164,sub-010,1,18,stroop,congruent,73.907,1.0,0.506,506.0,1.0,0.0,697.0,1.0,18,-1.8905433889317922
ds000164,sub-010,1,19,stroop,congruent,78.408,1.0,0.522,522.0,1.0,0.0,506.0,1.0,19,-1.7491943505069854
ds000164,sub-010,1,20,stroop,congruent,81.41,1.0,0.706,706.0,1.0,0.0,522.0,1.0,20,-0.12368040862170604
ds000164,sub-010,1,21,stroop,congruent,84.411,1.0,0.745,745.0,1.0,0.0,706.0,1.0,21,0.22085787253876077
ds000164,sub-010,1,22,stroop,congruent,88.912,1.0,0.611,611.0,1.0,0.0,745.0,1.0,22,-0.962940324268997
ds000164,sub-010,1,23,stroop,congruent,93.413,1.0,0.718,718.0,1.0,0.0,611.0,1.0,23,-0.017668629803100862
ds000164,sub-010,1,24,stroop,incongruent,96.415,1.0,0.782,782.0,1.0,1.0,718.0,1.0,24,0.5477275238961268
ds000164,sub-010,1,25,stroop,congruent,102.416,1.0,0.728,728.0,1.0,0.0,782.0,1.0,25,0.07067451921240345
ds000164,sub-010,1,26,stroop,congruent,105.418,1.0,0.712,712.0,1.0,0.0,728.0,1.0,26,-0.07067451921240345
ds000164,sub-010,1,27,stroop,neutral,108.419,1.0,0.643,643.0,1.0,0.0,712.0,1.0,27,-0.6802422474193832
ds000164,sub-010,1,28,stroop,incongruent,111.42,1.0,0.972,972.0,1.0,1.0,643.0,1.0,28,2.2262473551907087
ds000164,sub-010,1,29,stroop,congruent,114.421,1.0,0.596,596.0,1.0,0.0,972.0,1.0,29,-1.0954550477922536
ds000164,sub-010,1,30,stroop,neutral,117.422,1.0,0.87,870.0,1.0,0.0,596.0,1.0,30,1.3251472352325646
ds000164,sub-010,1,31,stroop,incongruent,120.423,1.0,0.634,634.0,1.0,1.0,870.0,1.0,31,-0.759751081533337
ds000164,sub-010,1,32,stroop,congruent,123.424,1.0,0.638,638.0,1.0,0.0,634.0,1.0,32,-0.7244138219271353
ds000164,sub-010,1,33,stroop,congruent,135.425,1.0,0.774,774.0,1.0,0.0,638.0,1.0,33,0.47705300468372325
ds000164,sub-010,1,34,stroop,neutral,142.929,1.0,0.662,662.0,1.0,0.0,774.0,1.0,34,-0.512390264289925
ds000164,sub-010,1,35,stroop,congruent,148.931,1.0,0.688,688.0,1.0,0.0,662.0,1.0,35,-0.2826980768496138
ds000164,sub-010,1,36,stroop,incongruent,151.933,1.0,0.857,857.0,1.0,1.0,688.0,1.0,36,1.210301141512409
ds000164,sub-010,1,37,stroop,neutral,156.434,1.0,0.71,710.0,1.0,0.0,857.0,1.0,37,-0.08834314901550432
ds000164,sub-010,1,38,stroop,incongruent,159.436,1.0,0.919,919.0,1.0,1.0,710.0,1.0,38,1.7580286654085358
ds000164,sub-010,1,39,stroop,neutral,166.937,1.0,0.747,747.0,1.0,0.0,919.0,1.0,39,0.23852650234186162
ds000164,sub-010,1,40,stroop,neutral,169.939,1.0,0.826,826.0,1.0,0.0,747.0,1.0,40,0.9364373795643457
ds000164,sub-010,1,41,stroop,incongruent,174.441,1.0,0.702,702.0,1.0,1.0,826.0,1.0,41,-0.15901766822790775
ds000164,sub-010,1,42,stroop,neutral,177.442,1.0,0.664,664.0,1.0,0.0,702.0,1.0,42,-0.49472163448682416
ds000164,sub-010,1,43,stroop,incongruent,180.443,1.0,0.683,683.0,1.0,1.0,664.0,1.0,43,-0.32686965135736595
ds000164,sub-010,1,44,stroop,incongruent,186.444,1.0,0.956,956.0,1.0,1.0,683.0,1.0,44,2.084898316765902
ds000164,sub-010,1,45,stroop,incongruent,192.446,1.0,0.941,941.0,1.0,1.0,956.0,1.0,45,1.9523835932426452
ds000164,sub-010,1,46,stroop,incongruent,196.948,1.0,0.87,870.0,1.0,1.0,941.0,1.0,46,1.3251472352325646
ds000164,sub-010,1,47,stroop,neutral,199.95,1.0,0.824,824.0,1.0,0.0,870.0,1.0,47,0.9187687497612448
ds000164,sub-010,1,48,stroop,incongruent,202.951,1.0,0.568,568.0,1.0,1.0,824.0,1.0,48,-1.3428158650356654
ds000164,sub-010,1,49,stroop,neutral,205.952,1.0,0.672,672.0,1.0,0.0,568.0,1.0,49,-0.4240471152744207
ds000164,sub-010,1,50,stroop,incongruent,208.953,1.0,0.674,674.0,1.0,1.0,672.0,1.0,50,-0.40637848547131983
ds000164,sub-010,1,51,stroop,neutral,214.954,1.0,0.815,815.0,1.0,0.0,674.0,1.0,51,0.839259915647291
ds000164,sub-010,1,52,stroop,neutral,217.956,1.0,0.684,684.0,1.0,0.0,815.0,1.0,52,-0.3180353364558155
ds000164,sub-010,1,53,stroop,neutral,220.957,1.0,0.738,738.0,1.0,0.0,684.0,1.0,53,0.15901766822790775
ds000164,sub-010,1,54,stroop,neutral,229.958,1.0,0.663,663.0,1.0,0.0,738.0,1.0,54,-0.5035559493883746
ds000164,sub-010,1,55,stroop,neutral,232.961,1.0,1.009,1008.9999999999999,1.0,0.0,663.0,1.0,55,2.5531170065480735
ds000164,sub-010,1,56,stroop,congruent,241.962,1.0,0.869,869.0,1.0,0.0,1008.9999999999999,1.0,56,1.3163129203310142
ds000164,sub-010,1,57,stroop,incongruent,244.965,1.0,0.718,718.0,1.0,1.0,869.0,1.0,57,-0.017668629803100862
ds000164,sub-010,1,58,stroop,neutral,247.966,1.0,0.664,664.0,1.0,0.0,718.0,1.0,58,-0.49472163448682416
ds000164,sub-010,1,59,stroop,neutral,256.967,1.0,0.744,744.0,1.0,0.0,664.0,1.0,59,0.21202355763721034
ds000164,sub-010,1,60,stroop,congruent,261.47,1.0,0.695,695.0,1.0,0.0,744.0,1.0,60,-0.22085787253876077
ds000164,sub-010,1,61,stroop,congruent,264.471,1.0,0.702,702.0,1.0,0.0,695.0,1.0,61,-0.15901766822790775
ds000164,sub-010,1,62,stroop,congruent,268.972,1.0,0.697,697.0,1.0,0.0,702.0,1.0,62,-0.20318924273565991
ds000164,sub-010,1,63,stroop,neutral,271.974,1.0,0.634,634.0,1.0,0.0,697.0,1.0,63,-0.759751081533337
ds000164,sub-010,1,64,stroop,incongruent,274.975,1.0,0.62,620.0,1.0,1.0,634.0,1.0,64,-0.8834314901550431
ds000164,sub-010,1,65,stroop,neutral,291.476,1.0,0.88,880.0,1.0,0.0,620.0,1.0,65,1.413490384248069
ds000164,sub-010,1,66,stroop,neutral,294.482,1.0,0.742,742.0,1.0,0.0,880.0,1.0,66,0.1943549278341095
ds000164,sub-010,1,67,stroop,neutral,297.483,1.0,0.614,614.0,1.0,0.0,742.0,1.0,67,-0.9364373795643457
ds000164,sub-010,1,68,stroop,incongruent,301.984,1.0,0.812,812.0,0.0,1.0,614.0,1.0,68,0.8127569709426397
ds000164,sub-010,1,69,stroop,congruent,310.985,1.0,0.707,707.0,1.0,0.0,812.0,0.0,69,-0.1148460937201556
ds000164,sub-010,1,70,stroop,congruent,313.988,1.0,0.681,681.0,1.0,0.0,707.0,1.0,70,-0.3445382811604668
ds000164,sub-010,1,71,stroop,neutral,321.489,1.0,0.731,731.0,1.0,0.0,681.0,1.0,71,0.09717746391705474
ds000164,sub-010,1,72,stroop,neutral,324.492,1.0,0.743,743.0,1.0,0.0,731.0,1.0,72,0.20318924273565991
ds000164,sub-010,1,73,stroop,congruent,327.493,1.0,0.704,704.0,1.0,0.0,743.0,1.0,73,-0.1413490384248069
ds000164,sub-010,1,74,stroop,incongruent,331.994,1.0,0.902,902.0,0.0,1.0,704.0,1.0,74,1.6078453120821785
ds000164,sub-010,1,75,stroop,incongruent,336.495,1.0,0.727,727.0,1.0,1.0,902.0,0.0,75,0.06184020431085302
ds000164,sub-010,1,76,stroop,congruent,343.997,1.0,0.647,647.0,1.0,0.0,727.0,1.0,76,-0.6449049878131815
ds000164,sub-010,1,77,stroop,congruent,352.999,1.0,0.781,781.0,1.0,0.0,647.0,1.0,77,0.5388932089945763
ds000164,sub-010,1,78,stroop,incongruent,356.002,1.0,0.99,990.0,1.0,1.0,781.0,1.0,78,2.3852650234186163
ds000164,sub-010,1,79,stroop,neutral,360.503,1.0,0.732,732.0,1.0,0.0,990.0,1.0,79,0.10601177881860517
ds000164,sub-010,1,80,stroop,congruent,363.505,1.0,0.663,663.0,1.0,0.0,732.0,1.0,80,-0.5035559493883746
ds000164,sub-010,1,81,stroop,neutral,366.506,1.0,0.637,637.0,1.0,0.0,663.0,1.0,81,-0.7332481368286857
ds000164,sub-010,1,82,stroop,neutral,371.007,1.0,0.633,633.0,1.0,0.0,637.0,1.0,82,-0.7685853964348875
ds000164,sub-010,1,83,stroop,incongruent,374.008,1.0,0.594,594.0,1.0,1.0,633.0,1.0,83,-1.1131236775953544
ds000164,sub-010,1,84,stroop,congruent,377.009,1.0,0.554,554.0,1.0,0.0,594.0,1.0,84,-1.4664962736573715
ds000164,sub-010,1,85,stroop,neutral,384.51,1.0,0.804,804.0,1.0,0.0,554.0,1.0,85,0.7420824517302362
ds000164,sub-010,1,86,stroop,neutral,387.513,1.0,0.578,578.0,1.0,0.0,804.0,1.0,86,-1.2544727160201612
ds000164,sub-010,1,87,stroop,neutral,398.014,1.0,0.682,682.0,1.0,0.0,578.0,1.0,87,-0.33570396625891635
ds000164,sub-010,1,88,stroop,incongruent,401.017,1.0,0.654,654.0,1.0,1.0,682.0,1.0,88,-0.5830647835023285
ds000164,sub-010,1,89,stroop,incongruent,410.018,1.0,0.666,666.0,1.0,1.0,654.0,1.0,89,-0.47705300468372325
ds000164,sub-010,1,90,stroop,congruent,413.022,1.0,0.745,745.0,1.0,0.0,666.0,1.0,90,0.22085787253876077
ds000164,sub-010,1,91,stroop,neutral,416.023,1.0,0.615,615.0,1.0,0.0,745.0,1.0,91,-0.9276030646627953
ds000164,sub-010,1,92,stroop,incongruent,422.024,1.0,0.768,768.0,1.0,1.0,615.0,1.0,92,0.4240471152744207
ds000164,sub-010,1,93,stroop,neutral,428.026,1.0,0.781,781.0,1.0,0.0,768.0,1.0,93,0.5388932089945763
ds000164,sub-010,1,94,stroop,congruent,431.028,1.0,0.722,722.0,1.0,0.0,781.0,1.0,94,0.017668629803100862
ds000164,sub-010,1,95,stroop,neutral,434.029,1.0,0.836,836.0,1.0,0.0,722.0,1.0,95,1.02478052857985
ds000164,sub-010,1,96,stroop,incongruent,437.03,1.0,0.695,695.0,1.0,1.0,836.0,1.0,96,-0.22085787253876077
ds000164,sub-010,1,97,stroop,congruent,440.031,1.0,0.689,689.0,1.0,0.0,695.0,1.0,97,-0.2738637619480634
ds000164,sub-010,1,98,stroop,neutral,443.032,1.0,0.941,941.0,1.0,0.0,689.0,1.0,98,1.9523835932426452
ds000164,sub-010,1,99,stroop,congruent,446.033,1.0,0.7,700.0,1.0,0.0,941.0,1.0,99,-0.17668629803100863
ds000164,sub-010,1,100,stroop,congruent,450.534,1.0,0.785,785.0,1.0,0.0,700.0,1.0,100,0.574230468600778
ds000164,sub-010,1,101,stroop,congruent,453.535,1.0,0.704,704.0,1.0,0.0,785.0,1.0,101,-0.1413490384248069
ds000164,sub-010,1,102,stroop,congruent,456.536,1.0,0.936,936.0,1.0,0.0,704.0,1.0,102,1.908212018734893
ds000164,sub-010,1,103,stroop,incongruent,459.537,1.0,0.831,831.0,1.0,1.0,936.0,1.0,103,0.9806089540720978
ds000164,sub-010,1,104,stroop,neutral,464.038,1.0,0.0,,0.0,0.0,831.0,1.0,104,
ds000164,sub-010,1,105,stroop,incongruent,467.04,1.0,0.876,876.0,0.0,1.0,,0.0,105,1.3781531246418672
ds000164,sub-010,1,106,stroop,congruent,470.041,1.0,0.713,713.0,1.0,0.0,876.0,0.0,106,-0.06184020431085302
ds000164,sub-010,1,107,stroop,neutral,473.042,1.0,0.732,732.0,1.0,0.0,713.0,1.0,107,0.10601177881860517
ds000164,sub-010,1,108,stroop,incongruent,483.543,1.0,0.915,915.0,1.0,1.0,732.0,1.0,108,1.7226914058023342
ds000164,sub-010,1,109,stroop,congruent,486.546,1.0,0.724,724.0,1.0,0.0,915.0,1.0,109,0.035337259606201724
ds000164,sub-010,1,110,stroop,incongruent,491.047,1.0,1.173,1173.0,1.0,1.0,724.0,1.0,110,4.001944650402345
ds000164,sub-010,1,111,stroop,congruent,494.049,1.0,0.714,714.0,1.0,0.0,1173.0,1.0,111,-0.053005889409302585
ds000164,sub-010,1,112,stroop,incongruent,497.05,1.0,0.749,749.0,1.0,1.0,714.0,1.0,112,0.2561951321449625
ds000164,sub-010,1,113,stroop,neutral,509.051,1.0,0.695,695.0,1.0,0.0,749.0,1.0,113,-0.22085787253876077
ds000164,sub-010,1,114,stroop,congruent,512.055,1.0,0.746,746.0,1.0,0.0,695.0,1.0,114,0.2296921874403112
ds000164,sub-010,1,115,stroop,incongruent,515.056,1.0,0.793,793.0,1.0,1.0,746.0,1.0,115,0.6449049878131815
ds000164,sub-010,1,116,stroop,congruent,518.057,1.0,0.724,724.0,1.0,0.0,793.0,1.0,116,0.035337259606201724
ds000164,sub-010,1,117,stroop,incongruent,524.058,1.0,0.727,727.0,1.0,1.0,724.0,1.0,117,0.06184020431085302
ds000164,sub-010,1,118,stroop,incongruent,530.06,1.0,0.705,705.0,1.0,1.0,727.0,1.0,118,-0.13251472352325647
ds000164,sub-010,1,119,stroop,incongruent,533.062,1.0,0.864,864.0,1.0,1.0,705.0,1.0,119,1.272141345823262
ds000164,sub-011,1,1,stroop,incongruent,0.395,1.0,0.554,554.0,0.0,1.0,,,1,-0.5458230551157577
ds000164,sub-011,1,2,stroop,congruent,3.41,1.0,0.543,543.0,1.0,0.0,554.0,0.0,2,-0.6303871904153822
ds000164,sub-011,1,3,stroop,neutral,7.911,1.0,0.619,619.0,1.0,0.0,543.0,1.0,3,-0.04612589198161333
ds000164,sub-011,1,4,stroop,incongruent,13.913,1.0,0.667,667.0,0.0,1.0,619.0,1.0,4,0.3228812438712933
ds000164,sub-011,1,5,stroop,incongruent,16.915,1.0,0.961,961.0,1.0,1.0,667.0,0.0,5,2.5830499509703464
ds000164,sub-011,1,6,stroop,neutral,21.416,1.0,0.618,618.0,1.0,0.0,961.0,1.0,6,-0.05381354064521555
ds000164,sub-011,1,7,stroop,congruent,24.417,1.0,0.859,859.0,1.0,0.0,618.0,1.0,7,1.7989097872829198
ds000164,sub-011,1,8,stroop,neutral,36.418,1.0,0.655,655.0,1.0,0.0,859.0,1.0,8,0.23062945990806663
ds000164,sub-011,1,9,stroop,incongruent,42.422,1.0,0.688,688.0,1.0,1.0,655.0,1.0,9,0.4843218658069399
ds000164,sub-011,1,10,stroop,incongruent,45.424,1.0,0.545,545.0,1.0,1.0,688.0,1.0,10,-0.6150118930881777
ds000164,sub-011,1,11,stroop,neutral,55.925,1.0,0.711,711.0,1.0,0.0,545.0,1.0,11,0.661137785069791
ds000164,sub-011,1,12,stroop,incongruent,63.429,1.0,0.572,572.0,1.0,1.0,711.0,1.0,12,-0.4074453791709177
ds000164,sub-011,1,13,stroop,congruent,66.431,1.0,0.896,896.0,1.0,0.0,572.0,1.0,13,2.083352787836202
ds000164,sub-011,1,14,stroop,incongruent,69.432,1.0,0.595,595.0,1.0,1.0,896.0,1.0,14,-0.23062945990806663
ds000164,sub-011,1,15,stroop,neutral,73.933,1.0,0.841,841.0,1.0,0.0,595.0,1.0,15,1.6605321113380798
ds000164,sub-011,1,16,stroop,congruent,79.935,1.0,0.699,699.0,1.0,0.0,841.0,1.0,16,0.5688860011065644
ds000164,sub-011,1,17,stroop,congruent,82.937,1.0,0.698,698.0,1.0,0.0,699.0,1.0,17,0.5611983524429621
ds000164,sub-011,1,18,stroop,neutral,87.438,1.0,0.599,599.0,1.0,0.0,698.0,1.0,18,-0.19987886525365775
ds000164,sub-011,1,19,stroop,neutral,90.44,1.0,0.761,761.0,1.0,0.0,599.0,1.0,19,1.0455202182499022
ds000164,sub-011,1,20,stroop,neutral,93.441,1.0,0.552,552.0,1.0,0.0,761.0,1.0,20,-0.5611983524429621
ds000164,sub-011,1,21,stroop,incongruent,97.942,1.0,0.795,795.0,1.0,1.0,552.0,1.0,21,1.3069002728123775
ds000164,sub-011,1,22,stroop,congruent,103.943,1.0,0.719,719.0,0.0,0.0,795.0,1.0,22,0.7226389743786088
ds000164,sub-011,1,23,stroop,congruent,106.945,1.0,0.603,603.0,1.0,0.0,719.0,0.0,23,-0.16912827059924887
ds000164,sub-011,1,24,stroop,congruent,109.946,1.0,0.572,572.0,1.0,0.0,603.0,1.0,24,-0.4074453791709177
ds000164,sub-011,1,25,stroop,incongruent,112.947,1.0,0.974,974.0,1.0,1.0,572.0,1.0,25,2.6829893835971754
ds000164,sub-011,1,26,stroop,neutral,117.448,1.0,0.575,575.0,1.0,0.0,974.0,1.0,26,-0.38438243318011106
ds000164,sub-011,1,27,stroop,incongruent,120.45,1.0,0.569,569.0,1.0,1.0,575.0,1.0,27,-0.4305083251617244
ds000164,sub-011,1,28,stroop,congruent,123.451,1.0,0.663,663.0,1.0,0.0,569.0,1.0,28,0.2921306492168844
ds000164,sub-011,1,29,stroop,incongruent,126.452,1.0,0.517,517.0,1.0,1.0,663.0,1.0,29,-0.8302660556690399
ds000164,sub-011,1,30,stroop,neutral,129.453,1.0,0.534,534.0,1.0,0.0,517.0,1.0,30,-0.6995760283878021
ds000164,sub-011,1,31,stroop,neutral,138.454,1.0,0.748,748.0,0.0,0.0,534.0,1.0,31,0.9455807856230732
ds000164,sub-011,1,32,stroop,neutral,142.957,1.0,0.71,710.0,1.0,0.0,748.0,0.0,32,0.6534501364061888
ds000164,sub-011,1,33,stroop,congruent,145.958,1.0,0.506,506.0,1.0,0.0,710.0,1.0,33,-0.9148301909686644
ds000164,sub-011,1,34,stroop,congruent,148.959,1.0,0.523,523.0,1.0,0.0,506.0,1.0,34,-0.7841401636874266
ds000164,sub-011,1,35,stroop,neutral,151.96,1.0,0.602,602.0,1.0,0.0,523.0,1.0,35,-0.1768159192628511
ds000164,sub-011,1,36,stroop,incongruent,154.961,1.0,0.706,706.0,1.0,1.0,602.0,1.0,36,0.6226995417517799
ds000164,sub-011,1,37,stroop,incongruent,159.462,1.0,0.534,534.0,1.0,1.0,706.0,1.0,37,-0.6995760283878021
ds000164,sub-011,1,38,stroop,neutral,162.464,1.0,0.693,693.0,1.0,0.0,534.0,1.0,38,0.5227601091249511
ds000164,sub-011,1,39,stroop,neutral,165.465,1.0,0.504,504.0,1.0,0.0,693.0,1.0,39,-0.9302054882958688
ds000164,sub-011,1,40,stroop,congruent,168.466,1.0,0.541,541.0,1.0,0.0,504.0,1.0,40,-0.6457624877425866
ds000164,sub-011,1,41,stroop,neutral,175.967,1.0,0.581,581.0,1.0,0.0,541.0,1.0,41,-0.33825654119849774
ds000164,sub-011,1,42,stroop,neutral,178.969,1.0,0.518,518.0,1.0,0.0,581.0,1.0,42,-0.8225784070054377
ds000164,sub-011,1,43,stroop,incongruent,181.97,1.0,0.513,513.0,0.0,1.0,518.0,1.0,43,-0.8610166503234488
ds000164,sub-011,1,44,stroop,incongruent,192.471,1.0,0.619,619.0,1.0,1.0,513.0,0.0,44,-0.04612589198161333
ds000164,sub-011,1,45,stroop,incongruent,195.475,1.0,0.643,643.0,1.0,1.0,619.0,1.0,45,0.13837767594484
ds000164,sub-011,1,46,stroop,congruent,198.476,1.0,0.459,459.0,0.0,0.0,643.0,1.0,46,-1.2761496781579686
ds000164,sub-011,1,47,stroop,congruent,210.477,1.0,0.62,620.0,1.0,0.0,459.0,0.0,47,-0.03843824331801111
ds000164,sub-011,1,48,stroop,neutral,213.481,1.0,0.649,649.0,1.0,0.0,620.0,1.0,48,0.1845035679264533
ds000164,sub-011,1,49,stroop,congruent,216.482,1.0,0.543,543.0,1.0,0.0,649.0,1.0,49,-0.6303871904153822
ds000164,sub-011,1,50,stroop,neutral,229.983,1.0,0.0,,0.0,0.0,543.0,1.0,50,
ds000164,sub-011,1,51,stroop,incongruent,232.988,1.0,0.544,544.0,1.0,1.0,,0.0,51,-0.6226995417517799
ds000164,sub-011,1,52,stroop,neutral,240.489,1.0,0.771,771.0,1.0,0.0,544.0,1.0,52,1.1223967048859242
ds000164,sub-011,1,53,stroop,congruent,249.491,1.0,0.833,833.0,1.0,0.0,771.0,1.0,53,1.599030922029262
ds000164,sub-011,1,54,stroop,neutral,253.994,1.0,0.64,640.0,1.0,0.0,833.0,1.0,54,0.11531472995403332
ds000164,sub-011,1,55,stroop,incongruent,256.996,1.0,0.816,816.0,0.0,1.0,640.0,1.0,55,1.4683408947480243
ds000164,sub-011,1,56,stroop,congruent,259.997,1.0,0.528,528.0,1.0,0.0,816.0,0.0,56,-0.7457019203694154
ds000164,sub-011,1,57,stroop,congruent,262.998,1.0,0.628,628.0,1.0,0.0,528.0,1.0,57,0.023062945990806664
ds000164,sub-011,1,58,stroop,congruent,268.999,1.0,0.593,593.0,1.0,0.0,628.0,1.0,58,-0.24600475723527107
ds000164,sub-011,1,59,stroop,incongruent,272.001,1.0,0.685,685.0,1.0,1.0,593.0,1.0,59,0.46125891981613326
ds000164,sub-011,1,60,stroop,neutral,275.002,1.0,0.669,669.0,1.0,0.0,685.0,1.0,60,0.33825654119849774
ds000164,sub-011,1,61,stroop,incongruent,281.003,1.0,0.683,683.0,1.0,1.0,669.0,1.0,61,0.4458836224889288
ds000164,sub-011,1,62,stroop,incongruent,287.005,1.0,0.964,964.0,1.0,1.0,683.0,1.0,62,2.606112896961153
ds000164,sub-011,1,63,stroop,congruent,290.007,1.0,0.625,625.0,1.0,0.0,964.0,1.0,63,0.0
ds000164,sub-011,1,64,stroop,neutral,293.008,1.0,0.534,534.0,1.0,0.0,625.0,1.0,64,-0.6995760283878021
ds000164,sub-011,1,65,stroop,neutral,296.009,1.0,0.646,646.0,1.0,0.0,534.0,1.0,65,0.16144062193564665
ds000164,sub-011,1,66,stroop,incongruent,299.01,1.0,0.857,857.0,1.0,1.0,646.0,1.0,66,1.7835344899557153
ds000164,sub-011,1,67,stroop,neutral,302.011,1.0,0.724,724.0,1.0,0.0,857.0,1.0,67,0.7610772176966198
ds000164,sub-011,1,68,stroop,congruent,305.012,1.0,0.676,676.0,1.0,0.0,724.0,1.0,68,0.3920700818437133
ds000164,sub-011,1,69,stroop,incongruent,308.013,1.0,0.973,973.0,1.0,1.0,676.0,1.0,69,2.675301734933573
ds000164,sub-011,1,70,stroop,incongruent,311.014,1.0,0.624,624.0,1.0,1.0,973.0,1.0,70,-0.007687648663602221
ds000164,sub-011,1,71,stroop,congruent,320.015,1.0,0.596,596.0,1.0,0.0,624.0,1.0,71,-0.2229418112444644
ds000164,sub-011,1,72,stroop,congruent,323.018,1.0,0.78,780.0,1.0,0.0,596.0,1.0,72,1.1915855428583444
ds000164,sub-011,1,73,stroop,congruent,326.019,1.0,0.622,622.0,1.0,0.0,780.0,1.0,73,-0.023062945990806664
ds000164,sub-011,1,74,stroop,neutral,330.52,1.0,0.911,911.0,1.0,0.0,622.0,1.0,74,2.198667517790235
ds000164,sub-011,1,75,stroop,congruent,333.522,1.0,0.825,825.0,1.0,0.0,911.0,1.0,75,1.5375297327204442
ds000164,sub-011,1,76,stroop,neutral,338.023,1.0,0.658,658.0,1.0,0.0,825.0,1.0,76,0.2536924058988733
ds000164,sub-011,1,77,stroop,neutral,341.024,1.0,0.577,577.0,1.0,0.0,658.0,1.0,77,-0.3690071358529066
ds000164,sub-011,1,78,stroop,incongruent,344.025,1.0,0.522,522.0,1.0,1.0,577.0,1.0,78,-0.7918278123510288
ds000164,sub-011,1,79,stroop,congruent,347.026,1.0,0.543,543.0,1.0,0.0,522.0,1.0,79,-0.6303871904153822
ds000164,sub-011,1,80,stroop,neutral,350.027,1.0,0.615,615.0,1.0,0.0,543.0,1.0,80,-0.07687648663602221
ds000164,sub-011,1,81,stroop,congruent,354.528,1.0,0.556,556.0,1.0,0.0,615.0,1.0,81,-0.5304477577885532
ds000164,sub-011,1,82,stroop,incongruent,357.53,1.0,0.585,585.0,1.0,1.0,556.0,1.0,82,-0.30750594654408886
ds000164,sub-011,1,83,stroop,neutral,365.031,1.0,0.61,610.0,1.0,0.0,585.0,1.0,83,-0.11531472995403332
ds000164,sub-011,1,84,stroop,congruent,369.533,1.0,0.616,616.0,1.0,0.0,610.0,1.0,84,-0.06918883797242
ds000164,sub-011,1,85,stroop,neutral,374.035,1.0,0.597,597.0,1.0,0.0,616.0,1.0,85,-0.2152541625808622
ds000164,sub-011,1,86,stroop,neutral,377.036,1.0,0.713,713.0,1.0,0.0,597.0,1.0,86,0.6765130823969955
ds000164,sub-011,1,87,stroop,congruent,380.037,1.0,1.05,1050.0,1.0,0.0,713.0,1.0,87,3.267250682030944
ds000164,sub-011,1,88,stroop,congruent,383.038,1.0,0.576,576.0,1.0,0.0,1050.0,1.0,88,-0.37669478451650884
ds000164,sub-011,1,89,stroop,neutral,392.039,1.0,0.554,554.0,1.0,0.0,576.0,1.0,89,-0.5458230551157577
ds000164,sub-011,1,90,stroop,congruent,398.042,1.0,0.6,600.0,1.0,0.0,554.0,1.0,90,-0.19219121659005553
ds000164,sub-011,1,91,stroop,neutral,401.044,1.0,0.599,599.0,1.0,0.0,600.0,1.0,91,-0.19987886525365775
ds000164,sub-011,1,92,stroop,incongruent,407.045,1.0,0.752,752.0,1.0,1.0,599.0,1.0,92,0.9763313802774821
ds000164,sub-011,1,93,stroop,incongruent,411.547,1.0,0.555,555.0,1.0,1.0,752.0,1.0,93,-0.5381354064521555
ds000164,sub-011,1,94,stroop,congruent,417.549,1.0,0.933,933.0,1.0,0.0,555.0,1.0,94,2.367795788389484
ds000164,sub-011,1,95,stroop,neutral,422.051,1.0,0.657,657.0,1.0,0.0,933.0,1.0,95,0.24600475723527107
ds000164,sub-011,1,96,stroop,congruent,426.552,1.0,0.648,648.0,1.0,0.0,657.0,1.0,96,0.1768159192628511
ds000164,sub-011,1,97,stroop,congruent,429.554,1.0,0.727,727.0,1.0,0.0,648.0,1.0,97,0.7841401636874266
ds000164,sub-011,1,98,stroop,neutral,432.555,1.0,0.544,544.0,1.0,0.0,727.0,1.0,98,-0.6226995417517799
ds000164,sub-011,1,99,stroop,congruent,435.556,1.0,0.535,535.0,1.0,0.0,544.0,1.0,99,-0.6918883797241999
ds000164,sub-011,1,100,stroop,congruent,444.557,1.0,0.6,600.0,1.0,0.0,535.0,1.0,100,-0.19219121659005553
ds000164,sub-011,1,101,stroop,incongruent,447.56,1.0,0.806,806.0,1.0,1.0,600.0,1.0,101,1.391464408112002
ds000164,sub-011,1,102,stroop,neutral,450.561,1.0,0.623,623.0,1.0,0.0,806.0,1.0,102,-0.015375297327204442
ds000164,sub-011,1,103,stroop,neutral,453.562,1.0,0.787,787.0,0.0,0.0,623.0,1.0,103,1.2453990835035598
ds000164,sub-011,1,104,stroop,neutral,459.563,1.0,0.812,812.0,1.0,0.0,787.0,0.0,104,1.4375903000936154
ds000164,sub-011,1,105,stroop,incongruent,464.065,1.0,0.509,509.0,1.0,1.0,812.0,1.0,105,-0.8917672449778576
ds000164,sub-011,1,106,stroop,congruent,474.567,1.0,0.531,531.0,1.0,0.0,509.0,1.0,106,-0.7226389743786088
ds000164,sub-011,1,107,stroop,neutral,479.07,1.0,0.75,750.0,1.0,0.0,531.0,1.0,107,0.9609560829502777
ds000164,sub-011,1,108,stroop,congruent,483.572,1.0,0.898,898.0,1.0,0.0,750.0,1.0,108,2.0987280851634065
ds000164,sub-011,1,109,stroop,incongruent,486.573,1.0,0.619,619.0,1.0,1.0,898.0,1.0,109,-0.04612589198161333
ds000164,sub-011,1,110,stroop,incongruent,491.074,1.0,0.541,541.0,1.0,1.0,619.0,1.0,110,-0.6457624877425866
ds000164,sub-011,1,111,stroop,incongruent,494.076,1.0,0.827,827.0,1.0,1.0,541.0,1.0,111,1.5529050300476488
ds000164,sub-011,1,112,stroop,incongruent,500.077,1.0,0.675,675.0,1.0,1.0,827.0,1.0,112,0.38438243318011106
ds000164,sub-011,1,113,stroop,congruent,503.079,1.0,0.489,489.0,1.0,0.0,675.0,1.0,113,-1.0455202182499022
ds000164,sub-011,1,114,stroop,congruent,509.08,1.0,1.003,1002.9999999999999,1.0,0.0,489.0,1.0,114,2.9059311948416386
ds000164,sub-011,1,115,stroop,incongruent,513.582,1.0,0.724,724.0,1.0,1.0,1002.9999999999999,1.0,115,0.7610772176966198
ds000164,sub-011,1,116,stroop,neutral,525.583,1.0,0.94,940.0,1.0,0.0,724.0,1.0,116,2.4216093290346996
ds000164,sub-011,1,117,stroop,congruent,528.587,1.0,0.656,656.0,1.0,0.0,940.0,1.0,117,0.23831710857166885
ds000164,sub-011,1,118,stroop,neutral,531.588,1.0,0.72,720.0,1.0,0.0,656.0,1.0,118,0.730326623042211
ds000164,sub-011,1,119,stroop,congruent,534.589,1.0,0.597,597.0,1.0,0.0,720.0,1.0,119,-0.2152541625808622
ds000164,sub-011,1,120,stroop,incongruent,537.59,1.0,0.631,631.0,1.0,1.0,597.0,1.0,120,0.04612589198161333
ds000164,sub-012,1,1,stroop,incongruent,0.382,1.0,1.288,1288.0,1.0,1.0,,,1,2.1224146915036193
ds000164,sub-012,1,2,stroop,congruent,3.393,1.0,0.702,702.0,1.0,0.0,1288.0,1.0,2,-0.5351387470030493
ds000164,sub-012,1,3,stroop,neutral,6.394,1.0,0.728,728.0,1.0,0.0,702.0,1.0,3,-0.4172268196972927
ds000164,sub-012,1,4,stroop,neutral,16.895,1.0,0.807,807.0,1.0,0.0,728.0,1.0,4,-0.058955963652878314
ds000164,sub-012,1,5,stroop,congruent,19.899,1.0,0.681,681.0,1.0,0.0,807.0,1.0,5,-0.6303753036730836
ds000164,sub-012,1,6,stroop,congruent,22.9,1.0,0.557,557.0,1.0,0.0,681.0,1.0,6,-1.1927244954389997
ds000164,sub-012,1,7,stroop,incongruent,27.401,1.0,0.934,934.0,1.0,1.0,557.0,1.0,7,0.5169984504944714
ds000164,sub-012,1,8,stroop,neutral,31.903,1.0,0.879,879.0,1.0,0.0,934.0,1.0,8,0.26756937350152465
ds000164,sub-012,1,9,stroop,congruent,34.904,1.0,0.716,716.0,1.0,0.0,879.0,1.0,9,-0.4716477092230265
ds000164,sub-012,1,10,stroop,neutral,37.905,1.0,0.725,725.0,1.0,0.0,716.0,1.0,10,-0.43083204207872616
ds000164,sub-012,1,11,stroop,neutral,40.906,1.0,0.841,841.0,1.0,0.0,725.0,1.0,11,0.09523655667003421
ds000164,sub-012,1,12,stroop,incongruent,54.407,1.0,0.803,803.0,1.0,1.0,841.0,1.0,12,-0.07709626016145626
ds000164,sub-012,1,13,stroop,neutral,64.912,1.0,0.619,619.0,0.0,0.0,803.0,1.0,13,-0.9115498995560417
ds000164,sub-012,1,14,stroop,neutral,67.915,1.0,0.731,731.0,1.0,0.0,619.0,0.0,14,-0.4036215973158592
ds000164,sub-012,1,15,stroop,neutral,72.416,1.0,0.652,652.0,1.0,0.0,731.0,1.0,15,-0.7618924533602737
ds000164,sub-012,1,16,stroop,incongruent,81.418,1.0,0.972,972.0,0.0,1.0,652.0,1.0,16,0.6893312673259618
ds000164,sub-012,1,17,stroop,incongruent,85.921,1.0,0.943,943.0,1.0,1.0,972.0,0.0,17,0.5578141176387718
ds000164,sub-012,1,18,stroop,incongruent,88.922,1.0,0.912,912.0,1.0,1.0,943.0,1.0,18,0.4172268196972927
ds000164,sub-012,1,19,stroop,incongruent,93.423,1.0,0.788,788.0,1.0,1.0,912.0,1.0,19,-0.14512237206862355
ds000164,sub-012,1,20,stroop,neutral,96.425,1.0,0.812,812.0,1.0,0.0,788.0,1.0,20,-0.03628059301715589
ds000164,sub-012,1,21,stroop,neutral,99.426,1.0,0.898,898.0,1.0,0.0,812.0,1.0,21,0.3537357819172699
ds000164,sub-012,1,22,stroop,congruent,105.427,1.0,0.761,761.0,1.0,0.0,898.0,1.0,22,-0.26756937350152465
ds000164,sub-012,1,23,stroop,incongruent,108.429,1.0,0.938,938.0,1.0,1.0,761.0,1.0,23,0.5351387470030493
ds000164,sub-012,1,24,stroop,neutral,112.93,1.0,1.062,1062.0,1.0,0.0,938.0,1.0,24,1.0974879387689656
ds000164,sub-012,1,25,stroop,incongruent,118.931,1.0,1.06,1060.0,0.0,1.0,1062.0,1.0,25,1.0884177905146766
ds000164,sub-012,1,26,stroop,neutral,123.433,1.0,0.781,781.0,1.0,0.0,1060.0,0.0,26,-0.17686789095863495
ds000164,sub-012,1,27,stroop,congruent,126.435,1.0,0.695,695.0,1.0,0.0,781.0,1.0,27,-0.5668842658930607
ds000164,sub-012,1,28,stroop,congruent,130.936,1.0,0.772,772.0,1.0,0.0,695.0,1.0,28,-0.21768355810293533
ds000164,sub-012,1,29,stroop,neutral,138.438,1.0,0.824,824.0,1.0,0.0,772.0,1.0,29,0.018140296508577944
ds000164,sub-012,1,30,stroop,neutral,141.44,1.0,1.168,1168.0,1.0,0.0,824.0,1.0,30,1.578205796246281
ds000164,sub-012,1,31,stroop,incongruent,150.441,1.0,0.757,757.0,1.0,1.0,1168.0,1.0,31,-0.2857096700101026
ds000164,sub-012,1,32,stroop,incongruent,153.444,1.0,0.891,891.0,1.0,1.0,757.0,1.0,32,0.32199026302725847
ds000164,sub-012,1,33,stroop,congruent,156.445,1.0,0.775,775.0,1.0,0.0,891.0,1.0,33,-0.20407833572150186
ds000164,sub-012,1,34,stroop,incongruent,159.446,1.0,0.854,854.0,1.0,1.0,775.0,1.0,34,0.15419252032291253
ds000164,sub-012,1,35,stroop,congruent,163.947,1.0,0.0,,0.0,0.0,854.0,1.0,35,
ds000164,sub-012,1,36,stroop,incongruent,166.949,1.0,1.213,1213.0,1.0,1.0,,0.0,36,1.782284131967783
ds000164,sub-012,1,37,stroop,congruent,172.95,1.0,1.036,1036.0,1.0,0.0,1213.0,1.0,37,0.9795760114632089
ds000164,sub-012,1,38,stroop,congruent,178.952,1.0,0.777,777.0,1.0,0.0,1036.0,1.0,38,-0.19500818746721288
ds000164,sub-012,1,39,stroop,congruent,181.954,1.0,0.663,663.0,1.0,0.0,777.0,1.0,39,-0.7120066379616843
ds000164,sub-012,1,40,stroop,congruent,193.955,1.0,0.769,769.0,1.0,0.0,663.0,1.0,40,-0.23128878048436877
ds000164,sub-012,1,41,stroop,incongruent,196.959,1.0,0.726,726.0,1.0,1.0,769.0,1.0,41,-0.4262969679515817
ds000164,sub-012,1,42,stroop,congruent,207.46,1.0,0.98,980.0,1.0,0.0,726.0,1.0,42,0.7256118603431178
ds000164,sub-012,1,43,stroop,neutral,210.463,1.0,0.717,717.0,1.0,0.0,980.0,1.0,43,-0.467112635095882
ds000164,sub-012,1,44,stroop,incongruent,213.464,1.0,0.946,946.0,1.0,1.0,717.0,1.0,44,0.5714193400202052
ds000164,sub-012,1,45,stroop,incongruent,216.465,1.0,0.757,757.0,1.0,1.0,946.0,1.0,45,-0.2857096700101026
ds000164,sub-012,1,46,stroop,incongruent,219.466,1.0,0.651,651.0,1.0,1.0,757.0,1.0,46,-0.7664275274874182
ds000164,sub-012,1,47,stroop,neutral,223.967,1.0,0.732,732.0,1.0,0.0,651.0,1.0,47,-0.39908652318871474
ds000164,sub-012,1,48,stroop,neutral,234.469,1.0,0.829,829.0,1.0,0.0,732.0,1.0,48,0.04081566714430037
ds000164,sub-012,1,49,stroop,neutral,237.472,1.0,0.845,845.0,1.0,0.0,829.0,1.0,49,0.11337685317861215
ds000164,sub-012,1,50,stroop,neutral,240.473,1.0,0.662,662.0,1.0,0.0,845.0,1.0,50,-0.7165417120888288
ds000164,sub-012,1,51,stroop,incongruent,243.474,1.0,0.651,651.0,1.0,1.0,662.0,1.0,51,-0.7664275274874182
ds000164,sub-012,1,52,stroop,congruent,246.475,1.0,0.798,798.0,1.0,0.0,651.0,1.0,52,-0.09977163079717868
ds000164,sub-012,1,53,stroop,incongruent,249.476,1.0,0.742,742.0,1.0,1.0,798.0,1.0,53,-0.3537357819172699
ds000164,sub-012,1,54,stroop,incongruent,252.478,1.0,0.799,799.0,1.0,1.0,742.0,1.0,54,-0.09523655667003421
ds000164,sub-012,1,55,stroop,incongruent,255.479,1.0,0.855,855.0,1.0,1.0,799.0,1.0,55,0.158727594450057
ds000164,sub-012,1,56,stroop,congruent,259.98,1.0,1.001,1000.9999999999999,1.0,0.0,855.0,1.0,56,0.8208484170131515
ds000164,sub-012,1,57,stroop,incongruent,273.481,1.0,0.892,892.0,1.0,1.0,1000.9999999999999,1.0,57,0.32652533715440296
ds000164,sub-012,1,58,stroop,congruent,279.486,1.0,0.897,897.0,1.0,0.0,892.0,1.0,58,0.3492007077901254
ds000164,sub-012,1,59,stroop,neutral,282.488,1.0,0.716,716.0,1.0,0.0,897.0,1.0,59,-0.4716477092230265
ds000164,sub-012,1,60,stroop,neutral,285.489,1.0,0.638,638.0,1.0,0.0,716.0,1.0,60,-0.8253834911402964
ds000164,sub-012,1,61,stroop,incongruent,289.99,1.0,1.037,1037.0,1.0,1.0,638.0,1.0,61,0.9841110855903534
ds000164,sub-012,1,62,stroop,neutral,297.491,1.0,0.722,722.0,1.0,0.0,1037.0,1.0,62,-0.44443726446015963
ds000164,sub-012,1,63,stroop,incongruent,303.494,1.0,0.888,888.0,1.0,1.0,722.0,1.0,63,0.30838504064582506
ds000164,sub-012,1,64,stroop,neutral,306.496,1.0,1.384,1384.0,1.0,0.0,888.0,1.0,64,2.55778180770949
ds000164,sub-012,1,65,stroop,congruent,312.497,1.0,0.785,785.0,1.0,0.0,1384.0,1.0,65,-0.158727594450057
ds000164,sub-012,1,66,stroop,congruent,315.499,1.0,0.894,894.0,1.0,0.0,785.0,1.0,66,0.33559548540869194
ds000164,sub-012,1,67,stroop,congruent,320.0,1.0,0.902,902.0,1.0,0.0,894.0,1.0,67,0.37187607842584786
ds000164,sub-012,1,68,stroop,neutral,323.001,1.0,0.928,928.0,1.0,0.0,902.0,1.0,68,0.48978800573160447
ds000164,sub-012,1,69,stroop,incongruent,333.502,1.0,0.82,820.0,1.0,1.0,928.0,1.0,69,0.0
ds000164,sub-012,1,70,stroop,congruent,338.006,1.0,0.712,712.0,1.0,0.0,820.0,1.0,70,-0.48978800573160447
ds000164,sub-012,1,71,stroop,incongruent,342.507,1.0,0.755,755.0,1.0,1.0,712.0,1.0,71,-0.2947798182643916
ds000164,sub-012,1,72,stroop,incongruent,345.509,1.0,0.726,726.0,1.0,1.0,755.0,1.0,72,-0.4262969679515817
ds000164,sub-012,1,73,stroop,neutral,348.51,1.0,0.883,883.0,1.0,0.0,726.0,1.0,73,0.2857096700101026
ds000164,sub-012,1,74,stroop,neutral,354.511,1.0,1.016,1016.0,1.0,0.0,883.0,1.0,74,0.8888745289203193
ds000164,sub-012,1,75,stroop,congruent,359.013,1.0,0.857,857.0,1.0,0.0,1016.0,1.0,75,0.16779774270434597
ds000164,sub-012,1,76,stroop,congruent,363.514,1.0,0.568,568.0,1.0,0.0,857.0,1.0,76,-1.1428386800404104
ds000164,sub-012,1,77,stroop,congruent,366.516,1.0,0.9,900.0,1.0,0.0,568.0,1.0,77,0.3628059301715589
ds000164,sub-012,1,78,stroop,congruent,369.517,1.0,0.927,927.0,1.0,0.0,900.0,1.0,78,0.48525293160446
ds000164,sub-012,1,79,stroop,incongruent,372.518,1.0,0.823,823.0,1.0,1.0,927.0,1.0,79,0.013605222381433458
ds000164,sub-012,1,80,stroop,neutral,375.519,1.0,0.822,822.0,0.0,0.0,823.0,1.0,80,0.009070148254288972
ds000164,sub-012,1,81,stroop,congruent,378.52,1.0,0.674,674.0,1.0,0.0,822.0,0.0,81,-0.6621208225630949
ds000164,sub-012,1,82,stroop,congruent,381.521,1.0,1.015,1014.9999999999999,1.0,0.0,674.0,1.0,82,0.8843394547931742
ds000164,sub-012,1,83,stroop,neutral,384.522,1.0,1.797,1797.0,1.0,0.0,1014.9999999999999,1.0,83,4.430767422220162
ds000164,sub-012,1,84,stroop,congruent,387.523,1.0,0.738,738.0,1.0,0.0,1797.0,1.0,84,-0.37187607842584786
ds000164,sub-012,1,85,stroop,incongruent,390.524,1.0,0.722,722.0,1.0,1.0,738.0,1.0,85,-0.44443726446015963
ds000164,sub-012,1,86,stroop,congruent,395.025,1.0,0.681,681.0,1.0,0.0,722.0,1.0,86,-0.6303753036730836
ds000164,sub-012,1,87,stroop,neutral,398.027,1.0,0.86,860.0,1.0,0.0,681.0,1.0,87,0.18140296508577944
ds000164,sub-012,1,88,stroop,congruent,402.528,1.0,0.741,741.0,1.0,0.0,860.0,1.0,88,-0.3582708560444144
ds000164,sub-012,1,89,stroop,incongruent,407.029,1.0,1.026,1026.0,1.0,1.0,741.0,1.0,89,0.934225270191764
ds000164,sub-012,1,90,stroop,congruent,410.031,1.0,0.922,922.0,1.0,0.0,1026.0,1.0,90,0.46257756096873753
ds000164,sub-012,1,91,stroop,neutral,413.032,1.0,0.909,909.0,1.0,0.0,922.0,1.0,91,0.4036215973158592
ds000164,sub-012,1,92,stroop,neutral,426.533,1.0,0.971,971.0,1.0,0.0,909.0,1.0,92,0.6847961931988173
ds000164,sub-012,1,93,stroop,neutral,429.537,1.0,0.953,953.0,1.0,0.0,971.0,1.0,93,0.6031648589102167
ds000164,sub-012,1,94,stroop,congruent,432.538,1.0,0.674,674.0,1.0,0.0,953.0,1.0,94,-0.6621208225630949
ds000164,sub-012,1,95,stroop,neutral,435.539,1.0,0.988,988.0,1.0,0.0,674.0,1.0,95,0.7618924533602737
ds000164,sub-012,1,96,stroop,neutral,440.04,1.0,0.895,895.0,1.0,0.0,988.0,1.0,96,0.34013055953583643
ds000164,sub-012,1,97,stroop,neutral,444.542,1.0,0.8,800.0,0.0,0.0,895.0,1.0,97,-0.09070148254288972
ds000164,sub-012,1,98,stroop,congruent,447.543,1.0,0.679,679.0,1.0,0.0,800.0,0.0,98,-0.6394454519273725
ds000164,sub-012,1,99,stroop,neutral,450.544,1.0,0.0,,0.0,0.0,679.0,1.0,99,
ds000164,sub-012,1,100,stroop,neutral,453.545,1.0,0.671,671.0,1.0,0.0,,0.0,100,-0.6757260449445284
ds000164,sub-012,1,101,stroop,congruent,456.546,1.0,0.62,620.0,1.0,0.0,671.0,1.0,101,-0.9070148254288972
ds000164,sub-012,1,102,stroop,neutral,462.547,1.0,1.76,1760.0,1.0,0.0,620.0,1.0,102,4.262969679515817
ds000164,sub-012,1,103,stroop,congruent,465.549,1.0,0.722,722.0,1.0,0.0,1760.0,1.0,103,-0.44443726446015963
ds000164,sub-012,1,104,stroop,incongruent,468.55,1.0,0.981,981.0,1.0,1.0,722.0,1.0,104,0.7301469344702622
ds000164,sub-012,1,105,stroop,congruent,474.551,1.0,0.804,804.0,1.0,0.0,981.0,1.0,105,-0.07256118603431178
ds000164,sub-012,1,106,stroop,incongruent,477.553,1.0,0.843,843.0,1.0,1.0,804.0,1.0,106,0.10430670492432317
ds000164,sub-012,1,107,stroop,incongruent,480.554,1.0,1.007,1006.9999999999999,1.0,1.0,843.0,1.0,107,0.8480588617760183
ds000164,sub-012,1,108,stroop,incongruent,488.055,1.0,1.742,1742.0,1.0,1.0,1006.9999999999999,1.0,108,4.181338345227216
ds000164,sub-012,1,109,stroop,congruent,494.058,1.0,1.64,1640.0,1.0,0.0,1742.0,1.0,109,3.7187607842584782
ds000164,sub-012,1,110,stroop,neutral,497.06,1.0,0.777,777.0,1.0,0.0,1640.0,1.0,110,-0.19500818746721288
ds000164,sub-012,1,111,stroop,congruent,500.061,1.0,0.666,666.0,1.0,0.0,777.0,1.0,111,-0.6984014155802508
ds000164,sub-012,1,112,stroop,incongruent,503.062,1.0,0.922,922.0,1.0,1.0,666.0,1.0,112,0.46257756096873753
ds000164,sub-012,1,113,stroop,incongruent,506.063,1.0,0.769,769.0,1.0,1.0,922.0,1.0,113,-0.23128878048436877
ds000164,sub-012,1,114,stroop,neutral,510.564,1.0,1.098,1098.0,1.0,0.0,769.0,1.0,114,1.2607506073461672
ds000164,sub-012,1,115,stroop,congruent,513.566,1.0,0.684,684.0,1.0,0.0,1098.0,1.0,115,-0.6167700812916501
ds000164,sub-012,1,116,stroop,congruent,519.567,1.0,1.112,1112.0,1.0,0.0,684.0,1.0,116,1.3242416451261898
ds000164,sub-012,1,117,stroop,congruent,522.569,1.0,0.621,621.0,1.0,0.0,1112.0,1.0,117,-0.9024797513017527
ds000164,sub-012,1,118,stroop,congruent,525.57,1.0,0.795,795.0,1.0,0.0,621.0,1.0,118,-0.11337685317861215
ds000164,sub-012,1,119,stroop,neutral,528.571,1.0,0.98,980.0,1.0,0.0,795.0,1.0,119,0.7256118603431178
ds000164,sub-013,1,1,stroop,congruent,0.395,1.0,0.699,699.0,0.0,0.0,,,1,-0.24955687189358053
ds000164,sub-013,1,2,stroop,congruent,7.898,1.0,0.72,720.0,1.0,0.0,699.0,0.0,2,-0.12477843594679026
ds000164,sub-013,1,3,stroop,neutral,10.9,1.0,0.649,649.0,1.0,0.0,720.0,1.0,3,-0.546648386052605
ds000164,sub-013,1,4,stroop,incongruent,13.901,1.0,0.533,533.0,1.0,1.0,649.0,1.0,4,-1.2359006989015417
ds000164,sub-013,1,5,stroop,neutral,28.902,1.0,0.73,730.0,1.0,0.0,533.0,1.0,5,-0.06536013311498538
ds000164,sub-013,1,6,stroop,neutral,31.907,1.0,0.767,767.0,1.0,0.0,730.0,1.0,6,0.15448758736269272
ds000164,sub-013,1,7,stroop,neutral,34.908,1.0,0.736,736.0,1.0,0.0,767.0,1.0,7,-0.029709151415902444
ds000164,sub-013,1,8,stroop,congruent,37.909,1.0,0.567,567.0,1.0,0.0,736.0,1.0,8,-1.033878469273405
ds000164,sub-013,1,9,stroop,congruent,42.41,1.0,0.596,596.0,1.0,0.0,567.0,1.0,9,-0.8615653910611709
ds000164,sub-013,1,10,stroop,neutral,45.412,1.0,0.551,551.0,1.0,0.0,596.0,1.0,10,-1.128947753804293
ds000164,sub-013,1,11,stroop,neutral,48.413,1.0,0.615,615.0,1.0,0.0,551.0,1.0,11,-0.7486706156807416
ds000164,sub-013,1,12,stroop,neutral,57.414,1.0,0.635,635.0,1.0,0.0,615.0,1.0,12,-0.6298340100171318
ds000164,sub-013,1,13,stroop,congruent,63.417,1.0,0.574,574.0,1.0,0.0,635.0,1.0,13,-0.9922856572911416
ds000164,sub-013,1,14,stroop,neutral,66.419,1.0,0.761,761.0,1.0,0.0,574.0,1.0,14,0.11883660566360978
ds000164,sub-013,1,15,stroop,incongruent,69.42,1.0,0.61,610.0,1.0,1.0,761.0,1.0,15,-0.778379767096644
ds000164,sub-013,1,16,stroop,incongruent,73.921,1.0,0.721,721.0,1.0,1.0,610.0,1.0,16,-0.11883660566360978
ds000164,sub-013,1,17,stroop,congruent,76.922,1.0,0.62,620.0,1.0,0.0,721.0,1.0,17,-0.7189614642648391
ds000164,sub-013,1,18,stroop,congruent,79.923,1.0,0.734,734.0,1.0,0.0,620.0,1.0,18,-0.041592811982263424
ds000164,sub-013,1,19,stroop,neutral,88.924,1.0,0.802,802.0,1.0,0.0,734.0,1.0,19,0.3624516472740098
ds000164,sub-013,1,20,stroop,neutral,91.927,1.0,0.649,649.0,1.0,0.0,802.0,1.0,20,-0.546648386052605
ds000164,sub-013,1,21,stroop,congruent,94.928,1.0,0.608,608.0,1.0,0.0,649.0,1.0,21,-0.7902634276630051
ds000164,sub-013,1,22,stroop,neutral,97.929,1.0,0.747,747.0,1.0,0.0,608.0,1.0,22,0.035650981699082936
ds000164,sub-013,1,23,stroop,neutral,105.431,1.0,0.786,786.0,1.0,0.0,747.0,1.0,23,0.267382362743122
ds000164,sub-013,1,24,stroop,incongruent,109.933,1.0,0.65,650.0,1.0,1.0,786.0,1.0,24,-0.5407065557694245
ds000164,sub-013,1,25,stroop,neutral,112.935,1.0,0.679,679.0,1.0,0.0,650.0,1.0,25,-0.3683934775571903
ds000164,sub-013,1,26,stroop,incongruent,117.436,1.0,0.665,665.0,1.0,1.0,679.0,1.0,26,-0.45157910152171715
ds000164,sub-013,1,27,stroop,congruent,123.437,1.0,0.71,710.0,1.0,0.0,665.0,1.0,27,-0.18419673877859516
ds000164,sub-013,1,28,stroop,neutral,127.939,1.0,0.84,840.0,1.0,0.0,710.0,1.0,28,0.5882411980348684
ds000164,sub-013,1,29,stroop,congruent,130.941,1.0,0.744,744.0,1.0,0.0,840.0,1.0,29,0.017825490849541468
ds000164,sub-013,1,30,stroop,neutral,133.942,1.0,0.916,916.0,1.0,0.0,744.0,1.0,30,1.0398202995565855
ds000164,sub-013,1,31,stroop,neutral,136.943,1.0,0.735,735.0,1.0,0.0,916.0,1.0,31,-0.035650981699082936
ds000164,sub-013,1,32,stroop,congruent,142.944,1.0,0.61,610.0,1.0,0.0,735.0,1.0,32,-0.778379767096644
ds000164,sub-013,1,33,stroop,incongruent,147.446,1.0,0.833,833.0,1.0,1.0,610.0,1.0,33,0.546648386052605
ds000164,sub-013,1,34,stroop,neutral,150.447,1.0,0.787,787.0,1.0,0.0,833.0,1.0,34,0.2733241930263025
ds000164,sub-013,1,35,stroop,incongruent,154.948,1.0,0.741,741.0,0.0,1.0,787.0,1.0,35,0.0
ds000164,sub-013,1,36,stroop,congruent,157.95,1.0,0.818,818.0,1.0,0.0,741.0,0.0,36,0.4575209318048976
ds000164,sub-013,1,37,stroop,congruent,160.951,1.0,0.832,832.0,1.0,0.0,818.0,1.0,37,0.5407065557694245
ds000164,sub-013,1,38,stroop,incongruent,165.452,1.0,0.831,831.0,1.0,1.0,832.0,1.0,38,0.534764725486244
ds000164,sub-013,1,39,stroop,neutral,174.453,1.0,0.645,645.0,1.0,0.0,831.0,1.0,39,-0.570415707185327
ds000164,sub-013,1,40,stroop,neutral,177.456,1.0,0.719,719.0,1.0,0.0,645.0,1.0,40,-0.13072026622997077
ds000164,sub-013,1,41,stroop,incongruent,181.957,1.0,0.675,675.0,1.0,1.0,719.0,1.0,41,-0.39216079868991227
ds000164,sub-013,1,42,stroop,incongruent,192.459,1.0,1.144,1144.0,1.0,1.0,675.0,1.0,42,2.394557604121737
ds000164,sub-013,1,43,stroop,neutral,195.462,1.0,0.646,646.0,1.0,0.0,1144.0,1.0,43,-0.5644738769021465
ds000164,sub-013,1,44,stroop,neutral,201.463,1.0,0.789,789.0,1.0,0.0,646.0,1.0,44,0.2852078535926635
ds000164,sub-013,1,45,stroop,congruent,204.465,1.0,0.645,645.0,1.0,0.0,789.0,1.0,45,-0.570415707185327
ds000164,sub-013,1,46,stroop,neutral,207.466,1.0,0.0,,0.0,0.0,645.0,1.0,46,
ds000164,sub-013,1,47,stroop,incongruent,210.467,1.0,0.699,699.0,0.0,1.0,,0.0,47,-0.24955687189358053
ds000164,sub-013,1,48,stroop,congruent,213.468,1.0,0.583,583.0,1.0,0.0,699.0,0.0,48,-0.9388091847425172
ds000164,sub-013,1,49,stroop,congruent,219.469,1.0,0.851,851.0,1.0,0.0,583.0,1.0,49,0.6536013311498537
ds000164,sub-013,1,50,stroop,congruent,222.472,1.0,0.67,670.0,1.0,0.0,851.0,1.0,50,-0.4218699501058147
ds000164,sub-013,1,51,stroop,congruent,225.473,1.0,0.649,649.0,1.0,0.0,670.0,1.0,51,-0.546648386052605
ds000164,sub-013,1,52,stroop,congruent,228.474,1.0,0.776,776.0,1.0,0.0,649.0,1.0,52,0.2079640599113171
ds000164,sub-013,1,53,stroop,neutral,231.475,1.0,0.805,805.0,1.0,0.0,776.0,1.0,53,0.3802771381235513
ds000164,sub-013,1,54,stroop,congruent,237.476,1.0,0.608,608.0,1.0,0.0,805.0,1.0,54,-0.7902634276630051
ds000164,sub-013,1,55,stroop,neutral,240.478,1.0,1.054,1054.0,1.0,0.0,608.0,1.0,55,1.859792878635493
ds000164,sub-013,1,56,stroop,congruent,243.479,1.0,0.523,523.0,1.0,0.0,1054.0,1.0,56,-1.2953190017333465
ds000164,sub-013,1,57,stroop,incongruent,246.48,1.0,1.067,1067.0,1.0,1.0,523.0,1.0,57,1.9370366723168393
ds000164,sub-013,1,58,stroop,neutral,250.981,1.0,0.674,674.0,1.0,0.0,1067.0,1.0,58,-0.39810262897309273
ds000164,sub-013,1,59,stroop,congruent,258.482,1.0,0.684,684.0,1.0,0.0,674.0,1.0,59,-0.33868432614128785
ds000164,sub-013,1,60,stroop,congruent,289.985,1.0,0.777,777.0,1.0,0.0,684.0,1.0,60,0.2139058901944976
ds000164,sub-013,1,61,stroop,congruent,294.495,1.0,0.566,566.0,1.0,0.0,777.0,1.0,61,-1.0398202995565855
ds000164,sub-013,1,62,stroop,incongruent,298.997,1.0,0.741,741.0,1.0,1.0,566.0,1.0,62,0.0
ds000164,sub-013,1,63,stroop,incongruent,301.998,1.0,0.663,663.0,0.0,1.0,741.0,1.0,63,-0.46346276208807813
ds000164,sub-013,1,64,stroop,incongruent,307.999,1.0,0.898,898.0,1.0,1.0,663.0,0.0,64,0.9328673544593368
ds000164,sub-013,1,65,stroop,congruent,311.001,1.0,0.565,565.0,1.0,0.0,898.0,1.0,65,-1.0457621298397661
ds000164,sub-013,1,66,stroop,incongruent,314.002,1.0,0.646,646.0,1.0,1.0,565.0,1.0,66,-0.5644738769021465
ds000164,sub-013,1,67,stroop,congruent,317.003,1.0,0.803,803.0,1.0,0.0,646.0,1.0,67,0.3683934775571903
ds000164,sub-013,1,68,stroop,incongruent,321.504,1.0,0.703,703.0,0.0,1.0,803.0,1.0,68,-0.22578955076085858
ds000164,sub-013,1,69,stroop,neutral,324.506,1.0,0.667,667.0,1.0,0.0,703.0,0.0,69,-0.4396954409553562
ds000164,sub-013,1,70,stroop,neutral,327.507,1.0,0.764,764.0,1.0,0.0,667.0,1.0,70,0.13666209651315125
ds000164,sub-013,1,71,stroop,incongruent,330.508,1.0,0.666,666.0,1.0,1.0,764.0,1.0,71,-0.44563727123853664
ds000164,sub-013,1,72,stroop,incongruent,333.509,1.0,1.085,1085.0,0.0,1.0,666.0,1.0,72,2.043989617414088
ds000164,sub-013,1,73,stroop,incongruent,339.51,1.0,1.128,1128.0,1.0,1.0,1085.0,0.0,73,2.299488319590849
ds000164,sub-013,1,74,stroop,neutral,345.512,1.0,0.751,751.0,1.0,0.0,1128.0,1.0,74,0.05941830283180489
ds000164,sub-013,1,75,stroop,incongruent,348.514,1.0,0.808,808.0,1.0,1.0,751.0,1.0,75,0.39810262897309273
ds000164,sub-013,1,76,stroop,incongruent,351.515,1.0,0.977,977.0,1.0,1.0,808.0,1.0,76,1.4022719468305953
ds000164,sub-013,1,77,stroop,neutral,354.516,1.0,0.993,993.0,1.0,0.0,977.0,1.0,77,1.4973412313614831
ds000164,sub-013,1,78,stroop,neutral,357.517,1.0,0.917,917.0,1.0,0.0,993.0,1.0,78,1.0457621298397661
ds000164,sub-013,1,79,stroop,incongruent,360.518,1.0,1.004,1004.0,1.0,1.0,917.0,1.0,79,1.5627013644764685
ds000164,sub-013,1,80,stroop,neutral,374.019,1.0,0.898,898.0,1.0,0.0,1004.0,1.0,80,0.9328673544593368
ds000164,sub-013,1,81,stroop,neutral,377.024,1.0,0.642,642.0,1.0,0.0,898.0,1.0,81,-0.5882411980348684
ds000164,sub-013,1,82,stroop,congruent,384.525,1.0,0.554,554.0,1.0,0.0,642.0,1.0,82,-1.1111222629547515
ds000164,sub-013,1,83,stroop,neutral,387.527,1.0,0.811,811.0,1.0,0.0,554.0,1.0,83,0.4159281198226342
ds000164,sub-013,1,84,stroop,congruent,392.028,1.0,0.542,542.0,1.0,0.0,811.0,1.0,84,-1.1824242263529172
ds000164,sub-013,1,85,stroop,congruent,396.53,1.0,0.725,725.0,1.0,0.0,542.0,1.0,85,-0.09506928453088782
ds000164,sub-013,1,86,stroop,neutral,399.531,1.0,0.994,994.0,1.0,0.0,725.0,1.0,86,1.5032830616446637
ds000164,sub-013,1,87,stroop,congruent,404.032,1.0,0.803,803.0,1.0,0.0,994.0,1.0,87,0.3683934775571903
ds000164,sub-013,1,88,stroop,congruent,407.034,1.0,1.057,1057.0,1.0,0.0,803.0,1.0,88,1.8776183694850344
ds000164,sub-013,1,89,stroop,incongruent,417.535,1.0,1.187,1187.0,1.0,1.0,1057.0,1.0,89,2.650056306298498
ds000164,sub-013,1,90,stroop,incongruent,423.538,1.0,1.007,1006.9999999999999,1.0,1.0,1187.0,1.0,90,1.5805268553260092
ds000164,sub-013,1,91,stroop,incongruent,426.54,1.0,1.056,1056.0,1.0,1.0,1006.9999999999999,1.0,91,1.871676539201854
ds000164,sub-013,1,92,stroop,congruent,429.541,1.0,0.928,928.0,1.0,0.0,1056.0,1.0,92,1.1111222629547515
ds000164,sub-013,1,93,stroop,incongruent,432.542,1.0,0.657,657.0,1.0,1.0,928.0,1.0,93,-0.49911374378716106
ds000164,sub-013,1,94,stroop,congruent,435.543,1.0,1.433,1433.0,1.0,0.0,657.0,1.0,94,4.111746555960898
ds000164,sub-013,1,95,stroop,congruent,438.544,1.0,0.63,630.0,1.0,0.0,1433.0,1.0,95,-0.6595431614330343
ds000164,sub-013,1,96,stroop,congruent,441.545,1.0,0.784,784.0,1.0,0.0,630.0,1.0,96,0.255498702176761
ds000164,sub-013,1,97,stroop,incongruent,444.546,1.0,0.973,973.0,0.0,1.0,784.0,1.0,97,1.3785046256978735
ds000164,sub-013,1,98,stroop,congruent,447.547,1.0,0.904,904.0,1.0,0.0,973.0,0.0,98,0.9685183361584196
ds000164,sub-013,1,99,stroop,neutral,450.548,1.0,0.0,,0.0,0.0,904.0,1.0,99,
ds000164,sub-013,1,100,stroop,neutral,453.549,1.0,0.783,783.0,1.0,0.0,,0.0,100,0.24955687189358053
ds000164,sub-013,1,101,stroop,incongruent,459.55,1.0,0.759,759.0,1.0,1.0,783.0,1.0,101,0.1069529450972488
ds000164,sub-013,1,102,stroop,congruent,464.053,1.0,0.769,769.0,1.0,0.0,759.0,1.0,102,0.1663712479290537
ds000164,sub-013,1,103,stroop,neutral,470.054,1.0,0.0,,0.0,0.0,769.0,1.0,103,
ds000164,sub-013,1,104,stroop,incongruent,473.056,1.0,0.621,621.0,1.0,1.0,,0.0,104,-0.7130196339816587
ds000164,sub-013,1,105,stroop,congruent,482.057,1.0,0.558,558.0,1.0,0.0,621.0,1.0,105,-1.0873549418220294
ds000164,sub-013,1,106,stroop,neutral,485.06,1.0,0.992,992.0,1.0,0.0,558.0,1.0,106,1.4913994010783027
ds000164,sub-013,1,107,stroop,congruent,488.061,1.0,0.601,601.0,1.0,0.0,992.0,1.0,107,-0.8318562396452684
ds000164,sub-013,1,108,stroop,incongruent,492.562,1.0,0.696,696.0,1.0,1.0,601.0,1.0,108,-0.267382362743122
ds000164,sub-013,1,109,stroop,neutral,495.564,1.0,1.048,1048.0,0.0,0.0,696.0,1.0,109,1.82414189693641
ds000164,sub-013,1,110,stroop,congruent,498.565,1.0,0.807,807.0,1.0,0.0,1048.0,0.0,110,0.39216079868991227
ds000164,sub-013,1,111,stroop,incongruent,501.566,1.0,0.776,776.0,1.0,1.0,807.0,1.0,111,0.2079640599113171
ds000164,sub-013,1,112,stroop,neutral,506.067,1.0,1.121,1121.0,1.0,0.0,776.0,1.0,112,2.257895507608586
ds000164,sub-013,1,113,stroop,congruent,510.568,1.0,0.795,795.0,0.0,0.0,1121.0,1.0,113,0.3208588352917464
ds000164,sub-013,1,114,stroop,neutral,513.57,1.0,0.0,,0.0,0.0,795.0,0.0,114,
ds000164,sub-013,1,115,stroop,congruent,516.571,1.0,0.718,718.0,1.0,0.0,,0.0,115,-0.13666209651315125
ds000164,sub-013,1,116,stroop,incongruent,519.572,1.0,0.942,942.0,1.0,1.0,718.0,1.0,116,1.1943078869192782
ds000164,sub-013,1,117,stroop,incongruent,522.573,1.0,0.941,941.0,1.0,1.0,942.0,1.0,117,1.1883660566360978
ds000164,sub-013,1,118,stroop,incongruent,530.074,1.0,1.067,1067.0,1.0,1.0,941.0,1.0,118,1.9370366723168393
ds000164,sub-013,1,119,stroop,neutral,533.076,1.0,0.656,656.0,1.0,0.0,1067.0,1.0,119,-0.5050555740703415
ds000164,sub-014,1,1,stroop,congruent,1.833,1.0,0.775,775.0,1.0,0.0,,,1,0.451721646509514
ds000164,sub-014,1,2,stroop,congruent,4.838,1.0,0.757,757.0,1.0,0.0,775.0,1.0,2,0.3162051525566598
ds000164,sub-014,1,3,stroop,neutral,7.839,1.0,0.738,738.0,1.0,0.0,757.0,1.0,3,0.1731599644953137
ds000164,sub-014,1,4,stroop,incongruent,10.84,1.0,0.715,715.0,1.0,1.0,738.0,1.0,4,0.0
ds000164,sub-014,1,5,stroop,neutral,15.341,1.0,0.598,598.0,1.0,0.0,715.0,1.0,5,-0.8808572106935523
ds000164,sub-014,1,6,stroop,congruent,18.343,1.0,0.537,537.0,1.0,0.0,598.0,1.0,6,-1.3401075513115583
ds000164,sub-014,1,7,stroop,neutral,25.844,1.0,0.805,805.0,0.0,0.0,537.0,1.0,7,0.6775824697642711
ds000164,sub-014,1,8,stroop,incongruent,28.846,1.0,0.576,576.0,1.0,1.0,805.0,0.0,8,-1.046488481080374
ds000164,sub-014,1,9,stroop,congruent,36.347,1.0,0.781,781.0,1.0,0.0,576.0,1.0,9,0.49689381116046544
ds000164,sub-014,1,10,stroop,incongruent,43.85,1.0,0.677,677.0,1.0,1.0,781.0,1.0,10,-0.2860903761226922
ds000164,sub-014,1,11,stroop,incongruent,54.353,1.0,0.871,871.0,1.0,1.0,677.0,1.0,11,1.1744762809247364
ds000164,sub-014,1,12,stroop,neutral,58.856,1.0,0.725,725.0,1.0,0.0,871.0,1.0,12,0.075286941084919
ds000164,sub-014,1,13,stroop,incongruent,61.858,1.0,0.936,936.0,1.0,1.0,725.0,1.0,13,1.66384139797671
ds000164,sub-014,1,14,stroop,neutral,69.359,1.0,0.766,766.0,1.0,0.0,936.0,1.0,14,0.3839633995330869
ds000164,sub-014,1,15,stroop,incongruent,72.361,1.0,0.732,732.0,1.0,1.0,766.0,1.0,15,0.12798779984436232
ds000164,sub-014,1,16,stroop,neutral,75.362,1.0,0.914,914.0,1.0,0.0,732.0,1.0,16,1.4982101275898883
ds000164,sub-014,1,17,stroop,congruent,78.363,1.0,0.675,675.0,1.0,0.0,914.0,1.0,17,-0.301147764339676
ds000164,sub-014,1,18,stroop,congruent,81.364,1.0,0.59,590.0,1.0,0.0,675.0,1.0,18,-0.9410867635614876
ds000164,sub-014,1,19,stroop,neutral,84.365,1.0,0.689,689.0,1.0,0.0,590.0,1.0,19,-0.19574604682078942
ds000164,sub-014,1,20,stroop,neutral,87.366,1.0,0.711,711.0,1.0,0.0,689.0,1.0,20,-0.0301147764339676
ds000164,sub-014,1,21,stroop,incongruent,93.367,1.0,0.709,709.0,1.0,1.0,711.0,1.0,21,-0.045172164650951405
ds000164,sub-014,1,22,stroop,incongruent,96.369,1.0,0.828,828.0,1.0,1.0,709.0,1.0,22,0.8507424342595847
ds000164,sub-014,1,23,stroop,neutral,99.37,1.0,0.627,627.0,1.0,0.0,828.0,1.0,23,-0.6625250815472872
ds000164,sub-014,1,24,stroop,incongruent,105.371,1.0,0.76,760.0,1.0,1.0,627.0,1.0,24,0.33879123488213553
ds000164,sub-014,1,25,stroop,neutral,108.373,1.0,0.756,756.0,1.0,0.0,760.0,1.0,25,0.30867645844816793
ds000164,sub-014,1,26,stroop,incongruent,118.874,1.0,0.643,643.0,1.0,1.0,756.0,1.0,26,-0.5420659758114168
ds000164,sub-014,1,27,stroop,congruent,124.878,1.0,0.654,654.0,1.0,0.0,643.0,1.0,27,-0.4592503406180059
ds000164,sub-014,1,28,stroop,neutral,129.38,1.0,0.655,655.0,1.0,0.0,654.0,1.0,28,-0.451721646509514
ds000164,sub-014,1,29,stroop,congruent,132.381,1.0,0.537,537.0,1.0,0.0,655.0,1.0,29,-1.3401075513115583
ds000164,sub-014,1,30,stroop,incongruent,139.882,1.0,0.664,664.0,1.0,1.0,537.0,1.0,30,-0.3839633995330869
ds000164,sub-014,1,31,stroop,congruent,144.385,1.0,0.68,680.0,1.0,0.0,664.0,1.0,31,-0.2635042937972165
ds000164,sub-014,1,32,stroop,neutral,147.386,1.0,0.762,762.0,1.0,0.0,680.0,1.0,32,0.3538486230991193
ds000164,sub-014,1,33,stroop,incongruent,150.387,1.0,0.728,728.0,1.0,1.0,762.0,1.0,33,0.09787302341039471
ds000164,sub-014,1,34,stroop,incongruent,153.388,1.0,0.672,672.0,1.0,1.0,728.0,1.0,34,-0.3237338466651517
ds000164,sub-014,1,35,stroop,congruent,157.889,1.0,0.593,593.0,1.0,0.0,672.0,1.0,35,-0.9185006812360118
ds000164,sub-014,1,36,stroop,congruent,171.391,1.0,0.645,645.0,1.0,0.0,593.0,1.0,36,-0.527008587594433
ds000164,sub-014,1,37,stroop,congruent,175.896,1.0,0.625,625.0,1.0,0.0,645.0,1.0,37,-0.6775824697642711
ds000164,sub-014,1,38,stroop,neutral,178.897,1.0,0.689,689.0,1.0,0.0,625.0,1.0,38,-0.19574604682078942
ds000164,sub-014,1,39,stroop,congruent,183.398,1.0,0.653,653.0,1.0,0.0,689.0,1.0,39,-0.4667790347264978
ds000164,sub-014,1,40,stroop,incongruent,189.4,1.0,0.694,694.0,0.0,1.0,653.0,1.0,40,-0.1581025762783299
ds000164,sub-014,1,41,stroop,neutral,192.402,1.0,0.733,733.0,1.0,0.0,694.0,0.0,41,0.1355164939528542
ds000164,sub-014,1,42,stroop,neutral,196.903,1.0,0.713,713.0,1.0,0.0,733.0,1.0,42,-0.0150573882169838
ds000164,sub-014,1,43,stroop,incongruent,199.904,1.0,0.947,947.0,1.0,1.0,713.0,1.0,43,1.7466570331701208
ds000164,sub-014,1,44,stroop,incongruent,202.905,1.0,0.651,651.0,0.0,1.0,947.0,1.0,44,-0.4818364229434816
ds000164,sub-014,1,45,stroop,incongruent,205.906,1.0,1.004,1004.0,1.0,1.0,651.0,0.0,45,2.175792597354159
ds000164,sub-014,1,46,stroop,incongruent,208.907,1.0,1.243,1243.0,1.0,1.0,1004.0,1.0,46,3.9751504892837235
ds000164,sub-014,1,47,stroop,incongruent,214.908,1.0,0.894,894.0,1.0,1.0,1243.0,1.0,47,1.3476362454200501
ds000164,sub-014,1,48,stroop,congruent,217.91,1.0,0.675,675.0,1.0,0.0,894.0,1.0,48,-0.301147764339676
ds000164,sub-014,1,49,stroop,incongruent,220.911,1.0,0.759,759.0,1.0,1.0,675.0,1.0,49,0.3312625407736436
ds000164,sub-014,1,50,stroop,neutral,223.912,1.0,0.723,723.0,1.0,0.0,759.0,1.0,50,0.0602295528679352
ds000164,sub-014,1,51,stroop,congruent,226.913,1.0,0.712,712.0,1.0,0.0,723.0,1.0,51,-0.022586082325475702
ds000164,sub-014,1,52,stroop,neutral,231.414,1.0,0.638,638.0,1.0,0.0,712.0,1.0,52,-0.5797094463538763
ds000164,sub-014,1,53,stroop,neutral,235.916,1.0,0.634,634.0,1.0,0.0,638.0,1.0,53,-0.6098242227878439
ds000164,sub-014,1,54,stroop,congruent,238.917,1.0,0.718,718.0,1.0,0.0,634.0,1.0,54,0.022586082325475702
ds000164,sub-014,1,55,stroop,neutral,241.918,1.0,0.56,560.0,1.0,0.0,718.0,1.0,55,-1.1669475868162444
ds000164,sub-014,1,56,stroop,incongruent,244.919,1.0,0.472,472.0,1.0,1.0,560.0,1.0,56,-1.8294726683635318
ds000164,sub-014,1,57,stroop,congruent,247.92,1.0,0.651,651.0,1.0,0.0,472.0,1.0,57,-0.4818364229434816
ds000164,sub-014,1,58,stroop,neutral,250.921,1.0,0.567,567.0,1.0,0.0,651.0,1.0,58,-1.1142467280568011
ds000164,sub-014,1,59,stroop,incongruent,256.922,1.0,0.725,725.0,1.0,1.0,567.0,1.0,59,0.075286941084919
ds000164,sub-014,1,60,stroop,congruent,261.424,1.0,1.018,1018.0,1.0,0.0,725.0,1.0,60,2.2811943148730456
ds000164,sub-014,1,61,stroop,neutral,264.426,1.0,0.892,892.0,1.0,0.0,1018.0,1.0,61,1.3325788572030663
ds000164,sub-014,1,62,stroop,neutral,267.427,1.0,0.676,676.0,1.0,0.0,892.0,1.0,62,-0.2936190702311841
ds000164,sub-014,1,63,stroop,incongruent,270.428,1.0,0.683,683.0,1.0,1.0,676.0,1.0,63,-0.2409182114717408
ds000164,sub-014,1,64,stroop,congruent,274.929,1.0,0.642,642.0,1.0,0.0,683.0,1.0,64,-0.5495946699199087
ds000164,sub-014,1,65,stroop,congruent,277.93,1.0,0.736,736.0,1.0,0.0,642.0,1.0,65,0.1581025762783299
ds000164,sub-014,1,66,stroop,incongruent,282.432,1.0,0.721,721.0,0.0,1.0,736.0,1.0,66,0.045172164650951405
ds000164,sub-014,1,67,stroop,incongruent,285.433,1.0,1.081,1081.0,1.0,1.0,721.0,0.0,67,2.7555020437080353
ds000164,sub-014,1,68,stroop,congruent,288.434,1.0,0.73,730.0,1.0,0.0,1081.0,1.0,68,0.1129304116273785
ds000164,sub-014,1,69,stroop,neutral,292.935,1.0,0.762,762.0,1.0,0.0,730.0,1.0,69,0.3538486230991193
ds000164,sub-014,1,70,stroop,neutral,295.937,1.0,0.918,918.0,1.0,0.0,762.0,1.0,70,1.5283249040238558
ds000164,sub-014,1,71,stroop,congruent,298.938,1.0,0.835,835.0,1.0,0.0,918.0,1.0,71,0.903443293019028
ds000164,sub-014,1,72,stroop,incongruent,304.939,1.0,0.808,808.0,1.0,1.0,835.0,1.0,72,0.7001685520897467
ds000164,sub-014,1,73,stroop,congruent,309.441,1.0,1.033,1033.0,1.0,0.0,808.0,1.0,73,2.3941247265004244
ds000164,sub-014,1,74,stroop,congruent,312.442,1.0,0.667,667.0,1.0,0.0,1033.0,1.0,74,-0.36137731720761124
ds000164,sub-014,1,75,stroop,incongruent,315.443,1.0,0.716,716.0,0.0,1.0,667.0,1.0,75,0.0075286941084919
ds000164,sub-014,1,76,stroop,incongruent,324.444,1.0,0.781,781.0,1.0,1.0,716.0,0.0,76,0.49689381116046544
ds000164,sub-014,1,77,stroop,neutral,328.947,1.0,0.858,858.0,1.0,0.0,781.0,1.0,77,1.0766032575143418
ds000164,sub-014,1,78,stroop,congruent,331.949,1.0,0.74,740.0,1.0,0.0,858.0,1.0,78,0.1882173527122975
ds000164,sub-014,1,79,stroop,congruent,336.45,1.0,0.68,680.0,1.0,0.0,740.0,1.0,79,-0.2635042937972165
ds000164,sub-014,1,80,stroop,congruent,342.451,1.0,0.568,568.0,1.0,0.0,680.0,1.0,80,-1.1067180339483094
ds000164,sub-014,1,81,stroop,incongruent,345.453,1.0,1.01,1010.0,1.0,1.0,568.0,1.0,81,2.2209647620051105
ds000164,sub-014,1,82,stroop,neutral,349.954,1.0,0.666,666.0,1.0,0.0,1010.0,1.0,82,-0.3689060113161031
ds000164,sub-014,1,83,stroop,congruent,352.956,1.0,0.61,610.0,1.0,0.0,666.0,1.0,83,-0.7905128813916495
ds000164,sub-014,1,84,stroop,congruent,357.457,1.0,0.636,636.0,1.0,0.0,610.0,1.0,84,-0.5947668345708601
ds000164,sub-014,1,85,stroop,neutral,360.458,1.0,0.965,965.0,1.0,0.0,636.0,1.0,85,1.8821735271229751
ds000164,sub-014,1,86,stroop,incongruent,369.459,1.0,0.665,665.0,1.0,1.0,965.0,1.0,86,-0.376434705424595
ds000164,sub-014,1,87,stroop,congruent,373.962,1.0,0.971,971.0,1.0,0.0,665.0,1.0,87,1.9273456917739265
ds000164,sub-014,1,88,stroop,neutral,376.964,1.0,0.917,917.0,1.0,0.0,971.0,1.0,88,1.5207962099153638
ds000164,sub-014,1,89,stroop,neutral,379.965,1.0,0.734,734.0,1.0,0.0,917.0,1.0,89,0.1430451880613461
ds000164,sub-014,1,90,stroop,neutral,390.466,1.0,0.831,831.0,1.0,0.0,734.0,1.0,90,0.8733285165850604
ds000164,sub-014,1,91,stroop,congruent,400.969,1.0,0.677,677.0,1.0,0.0,831.0,1.0,91,-0.2860903761226922
ds000164,sub-014,1,92,stroop,congruent,409.973,1.0,1.162,1162.0,1.0,0.0,677.0,1.0,92,3.3653262664958796
ds000164,sub-014,1,93,stroop,congruent,412.976,1.0,0.744,744.0,1.0,0.0,1162.0,1.0,93,0.2183321291462651
ds000164,sub-014,1,94,stroop,neutral,420.477,1.0,0.677,677.0,1.0,0.0,744.0,1.0,94,-0.2860903761226922
ds000164,sub-014,1,95,stroop,incongruent,423.48,1.0,0.698,698.0,0.0,1.0,677.0,1.0,95,-0.12798779984436232
ds000164,sub-014,1,96,stroop,congruent,426.481,1.0,0.655,655.0,1.0,0.0,698.0,0.0,96,-0.451721646509514
ds000164,sub-014,1,97,stroop,neutral,432.482,1.0,0.64,640.0,1.0,0.0,655.0,1.0,97,-0.5646520581368926
ds000164,sub-014,1,98,stroop,incongruent,435.484,1.0,0.682,682.0,1.0,1.0,640.0,1.0,98,-0.24844690558023272
ds000164,sub-014,1,99,stroop,congruent,442.985,1.0,0.794,794.0,1.0,0.0,682.0,1.0,99,0.5947668345708601
ds000164,sub-014,1,100,stroop,congruent,447.487,1.0,0.759,759.0,1.0,0.0,794.0,1.0,100,0.3312625407736436
ds000164,sub-014,1,101,stroop,neutral,450.489,1.0,0.818,818.0,1.0,0.0,759.0,1.0,101,0.7754554931746658
ds000164,sub-014,1,102,stroop,neutral,459.49,1.0,0.885,885.0,1.0,0.0,818.0,1.0,102,1.279877998443623
ds000164,sub-014,1,103,stroop,congruent,462.493,1.0,0.704,704.0,1.0,0.0,885.0,1.0,103,-0.0828156351934109
ds000164,sub-014,1,104,stroop,congruent,466.994,1.0,0.667,667.0,1.0,0.0,704.0,1.0,104,-0.36137731720761124
ds000164,sub-014,1,105,stroop,neutral,469.995,1.0,0.733,733.0,1.0,0.0,667.0,1.0,105,0.1355164939528542
ds000164,sub-014,1,106,stroop,congruent,474.496,1.0,0.682,682.0,1.0,0.0,733.0,1.0,106,-0.24844690558023272
ds000164,sub-014,1,107,stroop,congruent,477.498,1.0,0.629,629.0,1.0,0.0,682.0,1.0,107,-0.6474676933303034
ds000164,sub-014,1,108,stroop,incongruent,480.499,1.0,0.562,562.0,1.0,1.0,629.0,1.0,108,-1.1518901985992607
ds000164,sub-014,1,109,stroop,neutral,483.5,1.0,0.714,714.0,1.0,0.0,562.0,1.0,109,-0.0075286941084919
ds000164,sub-014,1,110,stroop,neutral,486.501,1.0,0.816,816.0,1.0,0.0,714.0,1.0,110,0.7603981049576819
ds000164,sub-014,1,111,stroop,incongruent,489.502,1.0,0.86,860.0,1.0,1.0,816.0,1.0,111,1.0916606457313256
ds000164,sub-014,1,112,stroop,neutral,492.503,1.0,0.509,509.0,1.0,0.0,860.0,1.0,112,-1.5509109863493316
ds000164,sub-014,1,113,stroop,incongruent,497.004,1.0,0.683,683.0,1.0,1.0,509.0,1.0,113,-0.2409182114717408
ds000164,sub-014,1,114,stroop,congruent,500.005,1.0,0.819,819.0,1.0,0.0,683.0,1.0,114,0.7829841872831577
ds000164,sub-014,1,115,stroop,neutral,503.006,1.0,0.728,728.0,1.0,0.0,819.0,1.0,115,0.09787302341039471
ds000164,sub-014,1,116,stroop,incongruent,510.507,1.0,0.67,670.0,0.0,1.0,728.0,1.0,116,-0.33879123488213553
ds000164,sub-014,1,117,stroop,neutral,518.01,1.0,0.818,818.0,0.0,0.0,670.0,0.0,117,0.7754554931746658
ds000164,sub-014,1,118,stroop,neutral,521.012,1.0,0.996,996.0,1.0,0.0,818.0,0.0,118,2.115563044486224
ds000164,sub-014,1,119,stroop,congruent,525.513,1.0,0.643,643.0,1.0,0.0,996.0,1.0,119,-0.5420659758114168
ds000164,sub-015,1,1,stroop,neutral,6.331,1.0,0.728,728.0,1.0,0.0,,,1,0.39260621136615986
ds000164,sub-015,1,2,stroop,neutral,10.832,1.0,0.578,578.0,1.0,0.0,728.0,1.0,2,-0.8092495377139213
ds000164,sub-015,1,3,stroop,incongruent,19.833,1.0,0.652,652.0,1.0,1.0,578.0,1.0,3,-0.2163340348344146
ds000164,sub-015,1,4,stroop,incongruent,22.837,1.0,0.854,854.0,1.0,1.0,652.0,1.0,4,1.402165040593428
ds000164,sub-015,1,5,stroop,incongruent,25.837,1.0,0.725,725.0,1.0,1.0,854.0,1.0,5,0.3685690963845582
ds000164,sub-015,1,6,stroop,incongruent,30.339,1.0,0.673,673.0,1.0,1.0,725.0,1.0,6,-0.04807422996320325
ds000164,sub-015,1,7,stroop,incongruent,33.34,1.0,0.957,957.0,1.0,1.0,673.0,1.0,7,2.227439321628417
ds000164,sub-015,1,8,stroop,incongruent,40.841,1.0,0.898,898.0,1.0,1.0,957.0,1.0,8,1.7547093936569185
ds000164,sub-015,1,9,stroop,congruent,45.344,1.0,0.878,878.0,1.0,0.0,898.0,1.0,9,1.5944619604462411
ds000164,sub-015,1,10,stroop,neutral,54.345,1.0,0.906,906.0,1.0,0.0,878.0,1.0,10,1.8188083669411894
ds000164,sub-015,1,11,stroop,congruent,57.348,1.0,0.68,680.0,1.0,0.0,906.0,1.0,11,0.008012371660533875
ds000164,sub-015,1,12,stroop,congruent,60.349,1.0,0.629,629.0,1.0,0.0,680.0,1.0,12,-0.40061858302669373
ds000164,sub-015,1,13,stroop,incongruent,63.35,1.0,0.798,798.0,1.0,1.0,629.0,1.0,13,0.953472227603531
ds000164,sub-015,1,14,stroop,neutral,67.851,1.0,0.66,660.0,1.0,0.0,798.0,1.0,14,-0.1522350615501436
ds000164,sub-015,1,15,stroop,congruent,78.353,1.0,0.766,766.0,1.0,0.0,660.0,1.0,15,0.6970763344664471
ds000164,sub-015,1,16,stroop,congruent,81.356,1.0,0.652,652.0,1.0,0.0,766.0,1.0,16,-0.2163340348344146
ds000164,sub-015,1,17,stroop,congruent,84.357,1.0,0.664,664.0,1.0,0.0,652.0,1.0,17,-0.12018557490800812
ds000164,sub-015,1,18,stroop,congruent,87.358,1.0,0.618,618.0,1.0,0.0,664.0,1.0,18,-0.48875467129256633
ds000164,sub-015,1,19,stroop,incongruent,90.359,1.0,1.082,1082.0,1.0,1.0,618.0,1.0,19,3.2289857791951513
ds000164,sub-015,1,20,stroop,incongruent,93.36,1.0,1.243,1243.0,1.0,1.0,1082.0,1.0,20,4.518977616541105
ds000164,sub-015,1,21,stroop,neutral,96.361,1.0,0.737,737.0,1.0,0.0,1243.0,1.0,21,0.46471755631096473
ds000164,sub-015,1,22,stroop,congruent,103.862,1.0,0.639,639.0,1.0,0.0,737.0,1.0,22,-0.320494866421355
ds000164,sub-015,1,23,stroop,congruent,106.865,1.0,0.71,710.0,1.0,0.0,639.0,1.0,23,0.2483835214765501
ds000164,sub-015,1,24,stroop,neutral,109.866,1.0,0.642,642.0,1.0,0.0,710.0,1.0,24,-0.29645775143975334
ds000164,sub-015,1,25,stroop,neutral,112.867,1.0,0.528,528.0,1.0,0.0,642.0,1.0,25,-1.209868120740615
ds000164,sub-015,1,26,stroop,incongruent,115.868,1.0,0.785,785.0,1.0,1.0,528.0,1.0,26,0.8493113960165907
ds000164,sub-015,1,27,stroop,neutral,121.869,1.0,0.85,850.0,1.0,0.0,785.0,1.0,27,1.3701155539512926
ds000164,sub-015,1,28,stroop,incongruent,124.871,1.0,0.702,702.0,1.0,1.0,850.0,1.0,28,0.1842845481922791
ds000164,sub-015,1,29,stroop,incongruent,127.872,1.0,0.698,698.0,1.0,1.0,702.0,1.0,29,0.1522350615501436
ds000164,sub-015,1,30,stroop,congruent,132.373,1.0,0.546,546.0,1.0,0.0,698.0,1.0,30,-1.0656454308510053
ds000164,sub-015,1,31,stroop,congruent,138.374,1.0,0.499,499.0,1.0,0.0,546.0,1.0,31,-1.4422268988960973
ds000164,sub-015,1,32,stroop,congruent,142.876,1.0,0.648,648.0,1.0,0.0,499.0,1.0,32,-0.2483835214765501
ds000164,sub-015,1,33,stroop,congruent,147.378,1.0,0.635,635.0,1.0,0.0,648.0,1.0,33,-0.35254435306349047
ds000164,sub-015,1,34,stroop,neutral,156.379,1.0,0.952,952.0,1.0,0.0,635.0,1.0,34,2.1873774633257477
ds000164,sub-015,1,35,stroop,congruent,160.882,1.0,0.606,606.0,1.0,0.0,952.0,1.0,35,-0.5849031312189729
ds000164,sub-015,1,36,stroop,incongruent,169.884,1.0,0.663,663.0,1.0,1.0,606.0,1.0,36,-0.128197946568542
ds000164,sub-015,1,37,stroop,incongruent,178.887,1.0,0.827,827.0,1.0,1.0,663.0,1.0,37,1.1858310057590133
ds000164,sub-015,1,38,stroop,congruent,189.39,1.0,0.599,599.0,1.0,0.0,827.0,1.0,38,-0.64098973284271
ds000164,sub-015,1,39,stroop,incongruent,193.893,1.0,0.736,736.0,1.0,1.0,599.0,1.0,39,0.45670518465043086
ds000164,sub-015,1,40,stroop,incongruent,196.895,1.0,0.922,922.0,1.0,1.0,736.0,1.0,40,1.9470063135097315
ds000164,sub-015,1,41,stroop,neutral,199.896,1.0,0.739,739.0,1.0,0.0,922.0,1.0,41,0.48074229963203247
ds000164,sub-015,1,42,stroop,incongruent,202.897,1.0,0.773,773.0,1.0,1.0,739.0,1.0,42,0.7531629360901843
ds000164,sub-015,1,43,stroop,neutral,207.398,1.0,0.726,726.0,1.0,0.0,773.0,1.0,43,0.3765814680450921
ds000164,sub-015,1,44,stroop,incongruent,213.399,1.0,0.701,701.0,1.0,1.0,726.0,1.0,44,0.17627217653174523
ds000164,sub-015,1,45,stroop,neutral,216.401,1.0,0.655,655.0,1.0,0.0,701.0,1.0,45,-0.192296919852813
ds000164,sub-015,1,46,stroop,incongruent,219.402,1.0,0.652,652.0,1.0,1.0,655.0,1.0,46,-0.2163340348344146
ds000164,sub-015,1,47,stroop,neutral,226.903,1.0,0.735,735.0,1.0,0.0,652.0,1.0,47,0.448692812989897
ds000164,sub-015,1,48,stroop,neutral,231.406,1.0,0.65,650.0,1.0,0.0,735.0,1.0,48,-0.23235877815548237
ds000164,sub-015,1,49,stroop,neutral,237.407,1.0,0.764,764.0,1.0,0.0,650.0,1.0,49,0.6810515911453793
ds000164,sub-015,1,50,stroop,congruent,240.409,1.0,0.588,588.0,1.0,0.0,764.0,1.0,50,-0.7291258211085826
ds000164,sub-015,1,51,stroop,congruent,243.41,1.0,0.542,542.0,1.0,0.0,588.0,1.0,51,-1.0976949174931407
ds000164,sub-015,1,52,stroop,neutral,252.411,1.0,0.867,867.0,1.0,0.0,542.0,1.0,52,1.5063258721803685
ds000164,sub-015,1,53,stroop,neutral,255.414,1.0,0.668,668.0,1.0,0.0,867.0,1.0,53,-0.08813608826587262
ds000164,sub-015,1,54,stroop,incongruent,258.415,1.0,0.667,667.0,1.0,1.0,668.0,1.0,54,-0.0961484599264065
ds000164,sub-015,1,55,stroop,congruent,261.416,1.0,0.834,834.0,1.0,0.0,667.0,1.0,55,1.2419176073827505
ds000164,sub-015,1,56,stroop,congruent,264.417,1.0,0.568,568.0,1.0,0.0,834.0,1.0,56,-0.8893732543192601
ds000164,sub-015,1,57,stroop,neutral,268.918,1.0,0.622,622.0,1.0,0.0,568.0,1.0,57,-0.45670518465043086
ds000164,sub-015,1,58,stroop,neutral,271.92,1.0,0.703,703.0,1.0,0.0,622.0,1.0,58,0.192296919852813
ds000164,sub-015,1,59,stroop,neutral,277.921,1.0,0.687,687.0,1.0,0.0,703.0,1.0,59,0.064098973284271
ds000164,sub-015,1,60,stroop,congruent,280.923,1.0,0.834,834.0,1.0,0.0,687.0,1.0,60,1.2419176073827505
ds000164,sub-015,1,61,stroop,neutral,286.924,1.0,0.564,564.0,1.0,0.0,834.0,1.0,61,-0.9214227409613955
ds000164,sub-015,1,62,stroop,neutral,289.926,1.0,0.948,948.0,1.0,0.0,564.0,1.0,62,2.1553279766836124
ds000164,sub-015,1,63,stroop,incongruent,292.927,1.0,1.015,1014.9999999999999,1.0,1.0,948.0,1.0,63,2.692156877939381
ds000164,sub-015,1,64,stroop,incongruent,298.928,1.0,0.965,965.0,1.0,1.0,1014.9999999999999,1.0,64,2.291538294912688
ds000164,sub-015,1,65,stroop,neutral,301.93,1.0,0.694,694.0,1.0,0.0,965.0,1.0,65,0.12018557490800812
ds000164,sub-015,1,66,stroop,congruent,304.931,1.0,0.653,653.0,1.0,0.0,694.0,1.0,66,-0.20832166317388073
ds000164,sub-015,1,67,stroop,neutral,307.932,1.0,0.72,720.0,1.0,0.0,653.0,1.0,67,0.32850723808188886
ds000164,sub-015,1,68,stroop,incongruent,315.433,1.0,0.672,672.0,1.0,1.0,720.0,1.0,68,-0.056086601623737124
ds000164,sub-015,1,69,stroop,congruent,318.435,1.0,0.758,758.0,1.0,0.0,672.0,1.0,69,0.6329773611821761
ds000164,sub-015,1,70,stroop,neutral,322.936,1.0,0.885,885.0,1.0,0.0,758.0,1.0,70,1.6505485620699782
ds000164,sub-015,1,71,stroop,neutral,325.938,1.0,0.809,809.0,1.0,0.0,885.0,1.0,71,1.0416083158694036
ds000164,sub-015,1,72,stroop,neutral,328.939,1.0,0.629,629.0,1.0,0.0,809.0,1.0,72,-0.40061858302669373
ds000164,sub-015,1,73,stroop,neutral,334.94,1.0,0.669,669.0,1.0,0.0,629.0,1.0,73,-0.08012371660533875
ds000164,sub-015,1,74,stroop,congruent,337.942,1.0,0.775,775.0,1.0,0.0,669.0,1.0,74,0.769187679411252
ds000164,sub-015,1,75,stroop,incongruent,342.443,1.0,0.634,634.0,1.0,1.0,775.0,1.0,75,-0.36055672472402434
ds000164,sub-015,1,76,stroop,congruent,348.444,1.0,0.639,639.0,0.0,0.0,634.0,1.0,76,-0.320494866421355
ds000164,sub-015,1,77,stroop,congruent,352.946,1.0,0.59,590.0,1.0,0.0,639.0,0.0,77,-0.7131010777875149
ds000164,sub-015,1,78,stroop,incongruent,360.448,1.0,0.718,718.0,1.0,1.0,590.0,1.0,78,0.31248249476082113
ds000164,sub-015,1,79,stroop,congruent,363.45,1.0,0.917,917.0,1.0,0.0,718.0,1.0,79,1.906944455207062
ds000164,sub-015,1,80,stroop,congruent,366.451,1.0,0.931,931.0,1.0,0.0,917.0,1.0,80,2.0191176584545363
ds000164,sub-015,1,81,stroop,congruent,369.452,1.0,0.598,598.0,1.0,0.0,931.0,1.0,81,-0.6490021045032438
ds000164,sub-015,1,82,stroop,incongruent,372.453,1.0,0.687,687.0,1.0,1.0,598.0,1.0,82,0.064098973284271
ds000164,sub-015,1,83,stroop,incongruent,375.454,1.0,0.664,664.0,1.0,1.0,687.0,1.0,83,-0.12018557490800812
ds000164,sub-015,1,84,stroop,neutral,378.455,1.0,0.603,603.0,1.0,0.0,664.0,1.0,84,-0.6089402462005744
ds000164,sub-015,1,85,stroop,neutral,381.456,1.0,0.604,604.0,1.0,0.0,603.0,1.0,85,-0.6009278745400406
ds000164,sub-015,1,86,stroop,incongruent,388.957,1.0,0.701,701.0,1.0,1.0,604.0,1.0,86,0.17627217653174523
ds000164,sub-015,1,87,stroop,neutral,391.96,1.0,0.595,595.0,1.0,0.0,701.0,1.0,87,-0.6730392194848455
ds000164,sub-015,1,88,stroop,congruent,397.961,1.0,0.671,671.0,1.0,0.0,595.0,1.0,88,-0.064098973284271
ds000164,sub-015,1,89,stroop,congruent,400.963,1.0,0.64,640.0,1.0,0.0,671.0,1.0,89,-0.31248249476082113
ds000164,sub-015,1,90,stroop,congruent,403.964,1.0,0.674,674.0,1.0,0.0,640.0,1.0,90,-0.040061858302669374
ds000164,sub-015,1,91,stroop,neutral,408.465,1.0,0.718,718.0,1.0,0.0,674.0,1.0,91,0.31248249476082113
ds000164,sub-015,1,92,stroop,neutral,411.466,1.0,0.734,734.0,1.0,0.0,718.0,1.0,92,0.44068044132936307
ds000164,sub-015,1,93,stroop,congruent,414.467,1.0,0.553,553.0,1.0,0.0,734.0,1.0,93,-1.0095588292272681
ds000164,sub-015,1,94,stroop,incongruent,427.968,1.0,0.949,949.0,0.0,1.0,553.0,1.0,94,2.1633403483441462
ds000164,sub-015,1,95,stroop,congruent,430.973,1.0,0.646,646.0,1.0,0.0,949.0,0.0,95,-0.26440826479761786
ds000164,sub-015,1,96,stroop,congruent,433.974,1.0,0.772,772.0,1.0,0.0,646.0,1.0,96,0.7451505644296503
ds000164,sub-015,1,97,stroop,neutral,436.975,1.0,0.644,644.0,1.0,0.0,772.0,1.0,97,-0.2804330081186856
ds000164,sub-015,1,98,stroop,neutral,439.976,1.0,0.58,580.0,1.0,0.0,644.0,1.0,98,-0.7932247943928535
ds000164,sub-015,1,99,stroop,neutral,442.977,1.0,0.717,717.0,1.0,0.0,580.0,1.0,99,0.3044701231002872
ds000164,sub-015,1,100,stroop,congruent,445.978,1.0,0.653,653.0,1.0,0.0,717.0,1.0,100,-0.20832166317388073
ds000164,sub-015,1,101,stroop,congruent,451.979,1.0,0.586,586.0,1.0,0.0,653.0,1.0,101,-0.7451505644296503
ds000164,sub-015,1,102,stroop,neutral,459.481,1.0,0.574,574.0,1.0,0.0,586.0,1.0,102,-0.8412990243560569
ds000164,sub-015,1,103,stroop,neutral,463.983,1.0,0.751,751.0,1.0,0.0,574.0,1.0,103,0.5768907595584389
ds000164,sub-015,1,104,stroop,incongruent,466.985,1.0,0.607,607.0,1.0,1.0,751.0,1.0,104,-0.5768907595584389
ds000164,sub-015,1,105,stroop,incongruent,471.486,1.0,0.744,744.0,1.0,1.0,607.0,1.0,105,0.5208041579347018
ds000164,sub-015,1,106,stroop,incongruent,480.487,1.0,0.761,761.0,1.0,1.0,744.0,1.0,106,0.6570144761637777
ds000164,sub-015,1,107,stroop,congruent,484.99,1.0,0.679,679.0,1.0,0.0,761.0,1.0,107,0.0
ds000164,sub-015,1,108,stroop,congruent,490.992,1.0,0.634,634.0,1.0,0.0,679.0,1.0,108,-0.36055672472402434
ds000164,sub-015,1,109,stroop,incongruent,493.994,1.0,0.803,803.0,1.0,1.0,634.0,1.0,109,0.9935340859062004
ds000164,sub-015,1,110,stroop,congruent,498.495,1.0,0.687,687.0,1.0,0.0,803.0,1.0,110,0.064098973284271
ds000164,sub-015,1,111,stroop,congruent,502.996,1.0,0.651,651.0,1.0,0.0,687.0,1.0,111,-0.2243464064949485
ds000164,sub-015,1,112,stroop,neutral,505.998,1.0,0.612,612.0,1.0,0.0,651.0,1.0,112,-0.5368289012557695
ds000164,sub-015,1,113,stroop,incongruent,508.999,1.0,0.814,814.0,1.0,1.0,612.0,1.0,113,1.0816701741720731
ds000164,sub-015,1,114,stroop,incongruent,512.0,1.0,0.581,581.0,1.0,1.0,814.0,1.0,114,-0.7852124227323197
ds000164,sub-015,1,115,stroop,neutral,515.001,1.0,0.597,597.0,1.0,0.0,581.0,1.0,115,-0.6570144761637777
ds000164,sub-015,1,116,stroop,neutral,521.002,1.0,0.82,820.0,1.0,0.0,597.0,1.0,116,1.1297444041352762
ds000164,sub-015,1,117,stroop,congruent,524.004,1.0,0.654,654.0,1.0,0.0,820.0,1.0,117,-0.20030929151334687
ds000164,sub-015,1,118,stroop,neutral,527.005,1.0,0.636,636.0,1.0,0.0,654.0,1.0,118,-0.3445319814029566
ds000164,sub-015,1,119,stroop,congruent,530.006,1.0,0.627,627.0,1.0,0.0,636.0,1.0,119,-0.41664332634776147
ds000164,sub-016,1,1,stroop,neutral,0.396,1.0,1.019,1018.9999999999999,1.0,0.0,,,1,1.5071771697051324
ds000164,sub-016,1,2,stroop,incongruent,4.902,1.0,1.133,1133.0,1.0,1.0,1018.9999999999999,1.0,2,2.2430152739723073
ds000164,sub-016,1,3,stroop,incongruent,7.903,1.0,0.675,675.0,1.0,1.0,1133.0,1.0,3,-0.7132465835221293
ds000164,sub-016,1,4,stroop,congruent,12.404,1.0,0.743,743.0,1.0,0.0,675.0,1.0,4,-0.27432560904697284
ds000164,sub-016,1,5,stroop,congruent,15.406,1.0,0.709,709.0,1.0,0.0,743.0,1.0,5,-0.4937860962845511
ds000164,sub-016,1,6,stroop,neutral,18.407,1.0,0.693,693.0,1.0,0.0,709.0,1.0,6,-0.5970616196904702
ds000164,sub-016,1,7,stroop,incongruent,21.408,1.0,0.998,998.0,1.0,1.0,693.0,1.0,7,1.3716280452348641
ds000164,sub-016,1,8,stroop,congruent,30.409,1.0,1.025,1025.0,1.0,0.0,998.0,1.0,8,1.5459054909823529
ds000164,sub-016,1,9,stroop,congruent,36.412,1.0,0.668,668.0,1.0,0.0,1025.0,1.0,9,-0.758429625012219
ds000164,sub-016,1,10,stroop,incongruent,45.414,1.0,1.093,1093.0,1.0,1.0,668.0,1.0,10,1.9848264654575094
ds000164,sub-016,1,11,stroop,incongruent,51.417,1.0,0.883,883.0,0.0,1.0,1093.0,1.0,11,0.6293352207548201
ds000164,sub-016,1,12,stroop,neutral,54.419,1.0,1.03,1030.0,1.0,0.0,883.0,0.0,12,1.5781790920467025
ds000164,sub-016,1,13,stroop,congruent,57.42,1.0,0.636,636.0,1.0,0.0,1030.0,1.0,13,-0.9649806718240573
ds000164,sub-016,1,14,stroop,neutral,60.421,1.0,0.545,545.0,1.0,0.0,636.0,1.0,14,-1.5523602111952228
ds000164,sub-016,1,15,stroop,congruent,63.422,1.0,0.638,638.0,1.0,0.0,545.0,1.0,15,-0.9520712313983175
ds000164,sub-016,1,16,stroop,congruent,76.923,1.0,0.739,739.0,1.0,0.0,638.0,1.0,16,-0.3001444898984526
ds000164,sub-016,1,17,stroop,congruent,85.928,1.0,0.716,716.0,1.0,0.0,739.0,1.0,17,-0.44860305479446144
ds000164,sub-016,1,18,stroop,congruent,88.931,1.0,0.647,647.0,1.0,0.0,716.0,1.0,18,-0.8939787494824879
ds000164,sub-016,1,19,stroop,congruent,91.932,1.0,0.806,806.0,1.0,0.0,647.0,1.0,19,0.13232176436383394
ds000164,sub-016,1,20,stroop,congruent,96.433,1.0,0.799,799.0,1.0,0.0,806.0,1.0,20,0.08713872287374431
ds000164,sub-016,1,21,stroop,neutral,99.434,1.0,0.901,901.0,1.0,0.0,799.0,1.0,21,0.7455201845864791
ds000164,sub-016,1,22,stroop,neutral,102.435,1.0,0.795,795.0,1.0,0.0,901.0,1.0,22,0.061319842022264516
ds000164,sub-016,1,23,stroop,neutral,106.936,1.0,0.836,836.0,1.0,0.0,795.0,1.0,23,0.3259633707499324
ds000164,sub-016,1,24,stroop,incongruent,111.438,1.0,0.723,723.0,1.0,1.0,836.0,1.0,24,-0.4034200133043718
ds000164,sub-016,1,25,stroop,neutral,114.439,1.0,0.649,649.0,1.0,0.0,723.0,1.0,25,-0.8810693090567481
ds000164,sub-016,1,26,stroop,congruent,118.94,1.0,0.711,711.0,0.0,0.0,649.0,1.0,26,-0.4808766558588112
ds000164,sub-016,1,27,stroop,neutral,123.442,1.0,0.716,716.0,1.0,0.0,711.0,0.0,27,-0.44860305479446144
ds000164,sub-016,1,28,stroop,incongruent,135.443,1.0,1.127,1127.0,1.0,1.0,716.0,1.0,28,2.2042869526950875
ds000164,sub-016,1,29,stroop,neutral,139.947,1.0,0.786,786.0,1.0,0.0,1127.0,1.0,29,0.0032273601064349744
ds000164,sub-016,1,30,stroop,congruent,142.949,1.0,0.758,758.0,1.0,0.0,786.0,1.0,30,-0.1775048058539236
ds000164,sub-016,1,31,stroop,congruent,147.45,1.0,0.793,793.0,1.0,0.0,758.0,1.0,31,0.04841040159652462
ds000164,sub-016,1,32,stroop,congruent,150.451,1.0,0.67,670.0,1.0,0.0,793.0,1.0,32,-0.7455201845864791
ds000164,sub-016,1,33,stroop,congruent,153.452,1.0,0.834,834.0,1.0,0.0,670.0,1.0,33,0.31305393032419254
ds000164,sub-016,1,34,stroop,neutral,156.453,1.0,0.624,624.0,1.0,0.0,834.0,1.0,34,-1.0424373143784968
ds000164,sub-016,1,35,stroop,incongruent,162.454,1.0,0.904,904.0,1.0,1.0,624.0,1.0,35,0.764884345225089
ds000164,sub-016,1,36,stroop,neutral,165.456,1.0,0.821,821.0,1.0,0.0,904.0,1.0,36,0.2291425675568832
ds000164,sub-016,1,37,stroop,neutral,171.457,1.0,0.654,654.0,0.0,0.0,821.0,1.0,37,-0.8487957079923983
ds000164,sub-016,1,38,stroop,congruent,174.459,1.0,0.855,855.0,1.0,0.0,654.0,0.0,38,0.44860305479446144
ds000164,sub-016,1,39,stroop,neutral,177.46,1.0,0.714,714.0,1.0,0.0,855.0,1.0,39,-0.4615124952202013
ds000164,sub-016,1,40,stroop,incongruent,186.461,1.0,0.866,866.0,1.0,1.0,714.0,1.0,40,0.5196049771360309
ds000164,sub-016,1,41,stroop,neutral,192.464,1.0,0.834,834.0,1.0,0.0,866.0,1.0,41,0.31305393032419254
ds000164,sub-016,1,42,stroop,congruent,196.966,1.0,0.726,726.0,1.0,0.0,834.0,1.0,42,-0.384055852665762
ds000164,sub-016,1,43,stroop,neutral,199.968,1.0,0.801,801.0,1.0,0.0,726.0,1.0,43,0.10004816329948421
ds000164,sub-016,1,44,stroop,incongruent,204.469,1.0,0.939,939.0,1.0,1.0,801.0,1.0,44,0.9907995526755372
ds000164,sub-016,1,45,stroop,neutral,210.47,1.0,0.842,842.0,1.0,0.0,939.0,1.0,45,0.3646916920271521
ds000164,sub-016,1,46,stroop,congruent,219.472,1.0,0.751,751.0,1.0,0.0,842.0,1.0,46,-0.22268784734401323
ds000164,sub-016,1,47,stroop,neutral,231.475,1.0,0.897,897.0,1.0,0.0,751.0,1.0,47,0.7197013037349993
ds000164,sub-016,1,48,stroop,congruent,234.479,1.0,0.619,619.0,1.0,0.0,897.0,1.0,48,-1.0747109154428465
ds000164,sub-016,1,49,stroop,congruent,237.48,1.0,0.698,698.0,1.0,0.0,619.0,1.0,49,-0.5647880186261205
ds000164,sub-016,1,50,stroop,incongruent,240.481,1.0,1.157,1157.0,1.0,1.0,698.0,1.0,50,2.397928559081186
ds000164,sub-016,1,51,stroop,incongruent,244.982,1.0,0.997,997.0,1.0,1.0,1157.0,1.0,51,1.3651733250219942
ds000164,sub-016,1,52,stroop,neutral,247.984,1.0,0.658,658.0,1.0,0.0,997.0,1.0,52,-0.8229768271409185
ds000164,sub-016,1,53,stroop,congruent,253.985,1.0,1.056,1056.0,1.0,0.0,658.0,1.0,53,1.7460018175813212
ds000164,sub-016,1,54,stroop,incongruent,258.487,1.0,0.829,829.0,1.0,1.0,1056.0,1.0,54,0.28078032925984275
ds000164,sub-016,1,55,stroop,neutral,264.488,1.0,0.762,762.0,1.0,0.0,829.0,1.0,55,-0.1516859250024438
ds000164,sub-016,1,56,stroop,congruent,267.49,1.0,0.686,686.0,1.0,0.0,762.0,1.0,56,-0.6422446611805599
ds000164,sub-016,1,57,stroop,congruent,271.991,1.0,0.618,618.0,1.0,0.0,686.0,1.0,57,-1.0811656356557164
ds000164,sub-016,1,58,stroop,neutral,277.993,1.0,1.036,1036.0,1.0,0.0,618.0,1.0,58,1.6169074133239223
ds000164,sub-016,1,59,stroop,incongruent,280.995,1.0,0.905,905.0,1.0,1.0,1036.0,1.0,59,0.7713390654379589
ds000164,sub-016,1,60,stroop,neutral,286.996,1.0,0.823,823.0,1.0,0.0,905.0,1.0,60,0.24205200798262308
ds000164,sub-016,1,61,stroop,neutral,292.998,1.0,0.879,879.0,1.0,0.0,823.0,1.0,61,0.6035163399033402
ds000164,sub-016,1,62,stroop,congruent,297.5,1.0,0.675,675.0,1.0,0.0,879.0,1.0,62,-0.7132465835221293
ds000164,sub-016,1,63,stroop,incongruent,300.501,1.0,0.894,894.0,1.0,1.0,675.0,1.0,63,0.7003371430963895
ds000164,sub-016,1,64,stroop,congruent,305.002,1.0,0.905,905.0,1.0,0.0,894.0,1.0,64,0.7713390654379589
ds000164,sub-016,1,65,stroop,neutral,309.504,1.0,0.776,776.0,1.0,0.0,905.0,1.0,65,-0.061319842022264516
ds000164,sub-016,1,66,stroop,neutral,314.005,1.0,0.66,660.0,1.0,0.0,776.0,1.0,66,-0.8100673867151786
ds000164,sub-016,1,67,stroop,incongruent,317.007,1.0,1.134,1134.0,1.0,1.0,660.0,1.0,67,2.2494699941851772
ds000164,sub-016,1,68,stroop,congruent,320.008,1.0,0.685,685.0,1.0,0.0,1134.0,1.0,68,-0.6486993813934299
ds000164,sub-016,1,69,stroop,incongruent,323.009,1.0,0.924,924.0,1.0,1.0,685.0,1.0,69,0.8939787494824879
ds000164,sub-016,1,70,stroop,neutral,332.01,1.0,0.861,861.0,1.0,0.0,924.0,1.0,70,0.48733137607168114
ds000164,sub-016,1,71,stroop,neutral,335.013,1.0,0.681,681.0,1.0,0.0,861.0,1.0,71,-0.6745182622449096
ds000164,sub-016,1,72,stroop,neutral,338.014,1.0,0.785,785.0,1.0,0.0,681.0,1.0,72,-0.0032273601064349744
ds000164,sub-016,1,73,stroop,neutral,341.015,1.0,1.129,1129.0,1.0,0.0,785.0,1.0,73,2.2171963931208274
ds000164,sub-016,1,74,stroop,incongruent,345.516,1.0,0.67,670.0,1.0,1.0,1129.0,1.0,74,-0.7455201845864791
ds000164,sub-016,1,75,stroop,incongruent,348.517,1.0,0.766,766.0,0.0,1.0,670.0,1.0,75,-0.125867044150964
ds000164,sub-016,1,76,stroop,congruent,354.518,1.0,0.779,779.0,1.0,0.0,766.0,0.0,76,-0.041955681383654665
ds000164,sub-016,1,77,stroop,neutral,359.02,1.0,0.896,896.0,1.0,0.0,779.0,1.0,77,0.7132465835221293
ds000164,sub-016,1,78,stroop,incongruent,362.022,1.0,0.697,697.0,1.0,1.0,896.0,1.0,78,-0.5712427388389905
ds000164,sub-016,1,79,stroop,neutral,365.023,1.0,0.549,549.0,1.0,0.0,697.0,1.0,79,-1.526541330343743
ds000164,sub-016,1,80,stroop,congruent,369.524,1.0,0.724,724.0,1.0,0.0,549.0,1.0,80,-0.39696529309150186
ds000164,sub-016,1,81,stroop,incongruent,372.525,1.0,1.041,1041.0,1.0,1.0,724.0,1.0,81,1.649181014388272
ds000164,sub-016,1,82,stroop,incongruent,375.526,1.0,0.46,460.0,1.0,1.0,1041.0,1.0,82,-2.1010114292891684
ds000164,sub-016,1,83,stroop,neutral,378.527,1.0,0.546,546.0,1.0,0.0,460.0,1.0,83,-1.5459054909823529
ds000164,sub-016,1,84,stroop,congruent,383.028,1.0,0.0,,0.0,0.0,546.0,1.0,84,
ds000164,sub-016,1,85,stroop,congruent,386.03,1.0,0.0,,0.0,0.0,,0.0,85,
ds000164,sub-016,1,86,stroop,incongruent,389.031,1.0,0.896,896.0,1.0,1.0,,0.0,86,0.7132465835221293
ds000164,sub-016,1,87,stroop,incongruent,393.532,1.0,0.707,707.0,0.0,1.0,896.0,1.0,87,-0.506695536710291
ds000164,sub-016,1,88,stroop,incongruent,396.533,1.0,1.034,1034.0,1.0,1.0,707.0,0.0,88,1.6039979728981824
ds000164,sub-016,1,89,stroop,neutral,399.534,1.0,0.0,,0.0,0.0,1034.0,1.0,89,
ds000164,sub-016,1,90,stroop,congruent,402.535,1.0,0.647,647.0,1.0,0.0,,0.0,90,-0.8939787494824879
ds000164,sub-016,1,91,stroop,congruent,408.536,1.0,0.72,720.0,1.0,0.0,647.0,1.0,91,-0.4227841739429817
ds000164,sub-016,1,92,stroop,neutral,411.538,1.0,0.636,636.0,1.0,0.0,720.0,1.0,92,-0.9649806718240573
ds000164,sub-016,1,93,stroop,incongruent,414.539,1.0,0.635,635.0,1.0,1.0,636.0,1.0,93,-0.9714353920369273
ds000164,sub-016,1,94,stroop,incongruent,417.54,1.0,0.804,804.0,1.0,1.0,635.0,1.0,94,0.11941232393809406
ds000164,sub-016,1,95,stroop,congruent,422.041,1.0,0.735,735.0,1.0,0.0,804.0,1.0,95,-0.3259633707499324
ds000164,sub-016,1,96,stroop,incongruent,428.043,1.0,0.906,906.0,1.0,1.0,735.0,1.0,96,0.7777937856508288
ds000164,sub-016,1,97,stroop,incongruent,432.545,1.0,0.0,,0.0,1.0,906.0,1.0,97,
ds000164,sub-016,1,98,stroop,neutral,435.546,1.0,0.704,704.0,1.0,0.0,,0.0,98,-0.5260596973489008
ds000164,sub-016,1,99,stroop,incongruent,443.047,1.0,0.969,969.0,0.0,1.0,704.0,1.0,99,1.1844411590616357
ds000164,sub-016,1,100,stroop,incongruent,452.05,1.0,0.941,941.0,0.0,1.0,969.0,0.0,100,1.003708993101277
ds000164,sub-016,1,101,stroop,incongruent,458.053,1.0,1.139,1139.0,1.0,1.0,941.0,0.0,101,2.281743595249527
ds000164,sub-016,1,102,stroop,incongruent,462.555,1.0,0.998,998.0,1.0,1.0,1139.0,1.0,102,1.3716280452348641
ds000164,sub-016,1,103,stroop,incongruent,465.556,1.0,0.644,644.0,1.0,1.0,998.0,1.0,103,-0.9133429101210978
ds000164,sub-016,1,104,stroop,neutral,470.057,1.0,0.8,800.0,1.0,0.0,644.0,1.0,104,0.09359344308661426
ds000164,sub-016,1,105,stroop,congruent,473.059,1.0,0.805,805.0,1.0,0.0,800.0,1.0,105,0.125867044150964
ds000164,sub-016,1,106,stroop,neutral,476.06,1.0,0.721,721.0,1.0,0.0,805.0,1.0,106,-0.4163294537301117
ds000164,sub-016,1,107,stroop,neutral,480.561,1.0,0.565,565.0,1.0,0.0,721.0,1.0,107,-1.4232658069378237
ds000164,sub-016,1,108,stroop,congruent,485.062,1.0,0.918,918.0,1.0,0.0,565.0,1.0,108,0.8552504282052682
ds000164,sub-016,1,109,stroop,incongruent,495.564,1.0,1.033,1033.0,1.0,1.0,918.0,1.0,109,1.5975432526853124
ds000164,sub-016,1,110,stroop,congruent,498.567,1.0,0.687,687.0,1.0,0.0,1033.0,1.0,110,-0.6357899409676899
ds000164,sub-016,1,111,stroop,congruent,501.568,1.0,0.911,911.0,1.0,0.0,687.0,1.0,111,0.8100673867151786
ds000164,sub-016,1,112,stroop,neutral,504.569,1.0,1.095,1095.0,1.0,0.0,911.0,1.0,112,1.9977359058832491
ds000164,sub-016,1,113,stroop,congruent,507.57,1.0,0.626,626.0,1.0,0.0,1095.0,1.0,113,-1.029527873952757
ds000164,sub-016,1,114,stroop,incongruent,510.571,1.0,0.683,683.0,1.0,1.0,626.0,1.0,114,-0.6616088218191698
ds000164,sub-016,1,115,stroop,neutral,513.572,1.0,0.727,727.0,1.0,0.0,683.0,1.0,115,-0.377601132452892
ds000164,sub-016,1,116,stroop,neutral,518.073,1.0,0.868,868.0,1.0,0.0,727.0,1.0,116,0.5325144175617708
ds000164,sub-016,1,117,stroop,congruent,521.075,1.0,0.0,,0.0,0.0,868.0,1.0,117,
ds000164,sub-016,1,118,stroop,congruent,524.076,1.0,0.651,651.0,1.0,0.0,,0.0,118,-0.8681598686310081
ds000164,sub-016,1,119,stroop,neutral,527.077,1.0,0.835,835.0,1.0,0.0,651.0,1.0,119,0.31950865053706246
ds000164,sub-017,1,1,stroop,congruent,3.375,1.0,0.558,558.0,1.0,0.0,,,1,-1.384039614573317
ds000164,sub-017,1,2,stroop,congruent,9.383,1.0,0.621,621.0,1.0,0.0,558.0,1.0,2,-0.9023020691693446
ds000164,sub-017,1,3,stroop,incongruent,12.385,1.0,1.038,1038.0,1.0,1.0,621.0,1.0,3,2.2863416837426613
ds000164,sub-017,1,4,stroop,incongruent,16.886,1.0,0.862,862.0,0.0,1.0,1038.0,1.0,4,0.9405352076934694
ds000164,sub-017,1,5,stroop,congruent,19.888,1.0,0.761,761.0,1.0,0.0,862.0,0.0,5,0.16822580950614902
ds000164,sub-017,1,6,stroop,neutral,27.389,1.0,0.873,873.0,1.0,0.0,761.0,1.0,6,1.0246481124465439
ds000164,sub-017,1,7,stroop,congruent,30.391,1.0,0.739,739.0,1.0,0.0,873.0,1.0,7,0.0
ds000164,sub-017,1,8,stroop,congruent,34.892,1.0,0.737,737.0,1.0,0.0,739.0,1.0,8,-0.01529325540964991
ds000164,sub-017,1,9,stroop,congruent,40.894,1.0,0.525,525.0,1.0,0.0,737.0,1.0,9,-1.6363783288325404
ds000164,sub-017,1,10,stroop,incongruent,43.896,1.0,0.926,926.0,1.0,1.0,525.0,1.0,10,1.4299193808022665
ds000164,sub-017,1,11,stroop,neutral,46.897,1.0,0.808,808.0,1.0,0.0,926.0,1.0,11,0.5276173116329219
ds000164,sub-017,1,12,stroop,incongruent,49.898,1.0,0.0,,0.0,1.0,808.0,1.0,12,
ds000164,sub-017,1,13,stroop,incongruent,52.899,1.0,0.966,966.0,0.0,1.0,,0.0,13,1.7357844889952647
ds000164,sub-017,1,14,stroop,congruent,55.9,1.0,0.897,897.0,1.0,0.0,966.0,0.0,14,1.2081671773623428
ds000164,sub-017,1,15,stroop,neutral,60.401,1.0,0.475,475.0,1.0,0.0,897.0,1.0,15,-2.018709714073788
ds000164,sub-017,1,16,stroop,neutral,63.402,1.0,0.802,802.0,1.0,0.0,475.0,1.0,16,0.4817375454039722
ds000164,sub-017,1,17,stroop,neutral,66.403,1.0,0.666,666.0,1.0,0.0,802.0,1.0,17,-0.5582038224522217
ds000164,sub-017,1,18,stroop,neutral,81.404,1.0,0.949,949.0,1.0,0.0,666.0,1.0,18,1.6057918180132404
ds000164,sub-017,1,19,stroop,incongruent,84.409,1.0,0.721,721.0,1.0,1.0,949.0,1.0,19,-0.13763929868684918
ds000164,sub-017,1,20,stroop,congruent,88.91,1.0,0.675,675.0,1.0,0.0,721.0,1.0,20,-0.4893841731087971
ds000164,sub-017,1,21,stroop,neutral,96.412,1.0,0.844,844.0,1.0,0.0,675.0,1.0,21,0.8028959090066202
ds000164,sub-017,1,22,stroop,neutral,99.414,1.0,0.753,753.0,1.0,0.0,844.0,1.0,22,0.10705278786754936
ds000164,sub-017,1,23,stroop,incongruent,102.415,1.0,0.787,787.0,1.0,1.0,753.0,1.0,23,0.36703812983159784
ds000164,sub-017,1,24,stroop,incongruent,105.416,1.0,0.644,644.0,1.0,1.0,787.0,1.0,24,-0.7264296319583707
ds000164,sub-017,1,25,stroop,congruent,108.417,1.0,0.775,775.0,1.0,0.0,644.0,1.0,25,0.27527859737369836
ds000164,sub-017,1,26,stroop,congruent,111.418,1.0,0.687,687.0,1.0,0.0,775.0,1.0,26,-0.39762464065089764
ds000164,sub-017,1,27,stroop,incongruent,114.419,1.0,0.766,766.0,1.0,1.0,687.0,1.0,27,0.2064589480302738
ds000164,sub-017,1,28,stroop,congruent,118.92,1.0,0.912,912.0,1.0,0.0,766.0,1.0,28,1.3228665929347172
ds000164,sub-017,1,29,stroop,neutral,121.922,1.0,0.731,731.0,1.0,0.0,912.0,1.0,29,-0.06117302163859964
ds000164,sub-017,1,30,stroop,congruent,124.923,1.0,0.658,658.0,1.0,0.0,731.0,1.0,30,-0.6193768440908214
ds000164,sub-017,1,31,stroop,congruent,133.924,1.0,0.541,541.0,1.0,0.0,658.0,1.0,31,-1.514032285555341
ds000164,sub-017,1,32,stroop,neutral,138.427,1.0,0.716,716.0,1.0,0.0,541.0,1.0,32,-0.17587243721097395
ds000164,sub-017,1,33,stroop,neutral,141.428,1.0,0.688,688.0,1.0,0.0,716.0,1.0,33,-0.3899780129460727
ds000164,sub-017,1,34,stroop,incongruent,144.429,1.0,0.822,822.0,1.0,1.0,688.0,1.0,34,0.6346700995004713
ds000164,sub-017,1,35,stroop,incongruent,148.93,1.0,0.658,658.0,1.0,1.0,822.0,1.0,35,-0.6193768440908214
ds000164,sub-017,1,36,stroop,congruent,151.932,1.0,0.802,802.0,1.0,0.0,658.0,1.0,36,0.4817375454039722
ds000164,sub-017,1,37,stroop,neutral,159.433,1.0,0.834,834.0,1.0,0.0,802.0,1.0,37,0.7264296319583707
ds000164,sub-017,1,38,stroop,neutral,166.935,1.0,0.674,674.0,1.0,0.0,834.0,1.0,38,-0.49703080081362205
ds000164,sub-017,1,39,stroop,neutral,169.938,1.0,0.72,720.0,1.0,0.0,674.0,1.0,39,-0.14528592639167415
ds000164,sub-017,1,40,stroop,congruent,174.439,1.0,0.78,780.0,1.0,0.0,720.0,1.0,40,0.31351173589782316
ds000164,sub-017,1,41,stroop,incongruent,177.44,1.0,0.797,797.0,1.0,1.0,780.0,1.0,41,0.4435044068798474
ds000164,sub-017,1,42,stroop,congruent,180.441,1.0,0.731,731.0,1.0,0.0,797.0,1.0,42,-0.06117302163859964
ds000164,sub-017,1,43,stroop,congruent,183.442,1.0,0.65,650.0,1.0,0.0,731.0,1.0,43,-0.680549865729421
ds000164,sub-017,1,44,stroop,neutral,187.943,1.0,0.76,760.0,1.0,0.0,650.0,1.0,44,0.16057918180132405
ds000164,sub-017,1,45,stroop,neutral,192.445,1.0,0.787,787.0,1.0,0.0,760.0,1.0,45,0.36703812983159784
ds000164,sub-017,1,46,stroop,congruent,195.446,1.0,0.621,621.0,1.0,0.0,787.0,1.0,46,-0.9023020691693446
ds000164,sub-017,1,47,stroop,neutral,198.447,1.0,0.605,605.0,1.0,0.0,621.0,1.0,47,-1.0246481124465439
ds000164,sub-017,1,48,stroop,incongruent,204.448,1.0,0.805,805.0,0.0,1.0,605.0,1.0,48,0.504677428518447
ds000164,sub-017,1,49,stroop,congruent,208.95,1.0,0.801,801.0,1.0,0.0,805.0,0.0,49,0.4740909176991472
ds000164,sub-017,1,50,stroop,neutral,211.952,1.0,0.795,795.0,1.0,0.0,801.0,1.0,50,0.42821115147019745
ds000164,sub-017,1,51,stroop,incongruent,217.953,1.0,0.898,898.0,1.0,1.0,795.0,1.0,51,1.2158138050671679
ds000164,sub-017,1,52,stroop,incongruent,229.955,1.0,1.027,1027.0,1.0,1.0,898.0,1.0,52,2.202228778989587
ds000164,sub-017,1,53,stroop,incongruent,232.959,1.0,0.831,831.0,1.0,1.0,1027.0,1.0,53,0.7034897488438958
ds000164,sub-017,1,54,stroop,incongruent,238.96,1.0,0.824,824.0,1.0,1.0,831.0,1.0,54,0.6499633549101211
ds000164,sub-017,1,55,stroop,neutral,243.462,1.0,0.718,718.0,1.0,0.0,824.0,1.0,55,-0.16057918180132405
ds000164,sub-017,1,56,stroop,incongruent,246.463,1.0,0.985,985.0,1.0,1.0,718.0,1.0,56,1.8810704153869389
ds000164,sub-017,1,57,stroop,incongruent,249.464,1.0,0.939,939.0,1.0,1.0,985.0,1.0,57,1.529325540964991
ds000164,sub-017,1,58,stroop,incongruent,256.965,1.0,0.728,728.0,1.0,1.0,939.0,1.0,58,-0.08411290475307451
ds000164,sub-017,1,59,stroop,incongruent,261.468,1.0,0.83,830.0,1.0,1.0,728.0,1.0,59,0.6958431211390709
ds000164,sub-017,1,60,stroop,neutral,271.969,1.0,0.839,839.0,1.0,0.0,830.0,1.0,60,0.7646627704824955
ds000164,sub-017,1,61,stroop,congruent,277.973,1.0,0.667,667.0,1.0,0.0,839.0,1.0,61,-0.5505571947473967
ds000164,sub-017,1,62,stroop,neutral,280.975,1.0,0.701,701.0,1.0,0.0,667.0,1.0,62,-0.2905718527833483
ds000164,sub-017,1,63,stroop,congruent,288.476,1.0,0.854,854.0,1.0,0.0,701.0,1.0,63,0.8793621860548698
ds000164,sub-017,1,64,stroop,congruent,291.478,1.0,0.673,673.0,1.0,0.0,854.0,1.0,64,-0.504677428518447
ds000164,sub-017,1,65,stroop,neutral,297.479,1.0,0.804,804.0,1.0,0.0,673.0,1.0,65,0.49703080081362205
ds000164,sub-017,1,66,stroop,neutral,300.481,1.0,0.698,698.0,1.0,0.0,804.0,1.0,66,-0.31351173589782316
ds000164,sub-017,1,67,stroop,neutral,303.482,1.0,0.664,664.0,1.0,0.0,698.0,1.0,67,-0.5734970778618717
ds000164,sub-017,1,68,stroop,congruent,306.483,1.0,0.686,686.0,1.0,0.0,664.0,1.0,68,-0.4052712683557226
ds000164,sub-017,1,69,stroop,congruent,309.484,1.0,0.58,580.0,1.0,0.0,686.0,1.0,69,-1.2158138050671679
ds000164,sub-017,1,70,stroop,congruent,312.485,1.0,0.599,599.0,1.0,0.0,580.0,1.0,70,-1.0705278786754937
ds000164,sub-017,1,71,stroop,congruent,316.986,1.0,0.75,750.0,1.0,0.0,599.0,1.0,71,0.08411290475307451
ds000164,sub-017,1,72,stroop,neutral,319.988,1.0,0.709,709.0,1.0,0.0,750.0,1.0,72,-0.22939883114474865
ds000164,sub-017,1,73,stroop,congruent,322.989,1.0,0.653,653.0,1.0,0.0,709.0,1.0,73,-0.6576099826149461
ds000164,sub-017,1,74,stroop,incongruent,325.99,1.0,0.735,735.0,1.0,1.0,653.0,1.0,74,-0.03058651081929982
ds000164,sub-017,1,75,stroop,neutral,328.991,1.0,0.656,656.0,1.0,0.0,735.0,1.0,75,-0.6346700995004713
ds000164,sub-017,1,76,stroop,incongruent,334.992,1.0,0.782,782.0,1.0,1.0,656.0,1.0,76,0.32880499130747304
ds000164,sub-017,1,77,stroop,congruent,337.994,1.0,0.691,691.0,1.0,0.0,782.0,1.0,77,-0.36703812983159784
ds000164,sub-017,1,78,stroop,neutral,342.495,1.0,0.715,715.0,1.0,0.0,691.0,1.0,78,-0.18351906491579892
ds000164,sub-017,1,79,stroop,incongruent,345.496,1.0,1.246,1246.0,1.0,1.0,715.0,1.0,79,3.876840246346252
ds000164,sub-017,1,80,stroop,congruent,348.498,1.0,0.7,700.0,1.0,0.0,1246.0,1.0,80,-0.29821848048817323
ds000164,sub-017,1,81,stroop,neutral,351.499,1.0,0.684,684.0,1.0,0.0,700.0,1.0,81,-0.4205645237653725
ds000164,sub-017,1,82,stroop,incongruent,354.499,1.0,0.763,763.0,1.0,1.0,684.0,1.0,82,0.18351906491579892
ds000164,sub-017,1,83,stroop,congruent,357.501,1.0,0.63,630.0,1.0,0.0,763.0,1.0,83,-0.8334824198259201
ds000164,sub-017,1,84,stroop,incongruent,363.502,1.0,1.221,1221.0,1.0,1.0,630.0,1.0,84,3.685674553725628
ds000164,sub-017,1,85,stroop,neutral,366.504,1.0,0.7,700.0,1.0,0.0,1221.0,1.0,85,-0.29821848048817323
ds000164,sub-017,1,86,stroop,incongruent,369.505,1.0,1.039,1039.0,1.0,1.0,700.0,1.0,86,2.2939883114474866
ds000164,sub-017,1,87,stroop,congruent,372.506,1.0,0.631,631.0,1.0,0.0,1039.0,1.0,87,-0.8258357921210951
ds000164,sub-017,1,88,stroop,neutral,378.507,1.0,0.761,761.0,1.0,0.0,631.0,1.0,88,0.16822580950614902
ds000164,sub-017,1,89,stroop,congruent,383.009,1.0,0.674,674.0,1.0,0.0,761.0,1.0,89,-0.49703080081362205
ds000164,sub-017,1,90,stroop,neutral,396.51,1.0,0.755,755.0,1.0,0.0,674.0,1.0,90,0.12234604327719928
ds000164,sub-017,1,91,stroop,incongruent,404.015,1.0,0.732,732.0,1.0,1.0,755.0,1.0,91,-0.05352639393377468
ds000164,sub-017,1,92,stroop,congruent,408.517,1.0,0.629,629.0,1.0,0.0,732.0,1.0,92,-0.841129047530745
ds000164,sub-017,1,93,stroop,neutral,411.519,1.0,0.754,754.0,1.0,0.0,629.0,1.0,93,0.11469941557237433
ds000164,sub-017,1,94,stroop,neutral,416.02,1.0,0.909,909.0,1.0,0.0,754.0,1.0,94,1.2999267098202423
ds000164,sub-017,1,95,stroop,congruent,432.521,1.0,0.777,777.0,1.0,0.0,909.0,1.0,95,0.2905718527833483
ds000164,sub-017,1,96,stroop,neutral,440.027,1.0,0.799,799.0,1.0,0.0,777.0,1.0,96,0.4587976622894973
ds000164,sub-017,1,97,stroop,incongruent,443.029,1.0,0.798,798.0,1.0,1.0,799.0,1.0,97,0.4511510345846723
ds000164,sub-017,1,98,stroop,neutral,447.53,1.0,0.704,704.0,1.0,0.0,798.0,1.0,98,-0.2676319696688734
ds000164,sub-017,1,99,stroop,neutral,456.532,1.0,0.914,914.0,1.0,0.0,704.0,1.0,99,1.338159848344367
ds000164,sub-017,1,100,stroop,neutral,459.535,1.0,0.694,694.0,1.0,0.0,914.0,1.0,100,-0.34409824671712297
ds000164,sub-017,1,101,stroop,neutral,462.536,1.0,0.723,723.0,1.0,0.0,694.0,1.0,101,-0.12234604327719928
ds000164,sub-017,1,102,stroop,incongruent,465.537,1.0,1.064,1064.0,1.0,1.0,723.0,1.0,102,2.4851540040681104
ds000164,sub-017,1,103,stroop,incongruent,470.038,1.0,1.045,1045.0,1.0,1.0,1064.0,1.0,103,2.339868077676436
ds000164,sub-017,1,104,stroop,neutral,473.039,1.0,0.676,676.0,1.0,0.0,1045.0,1.0,104,-0.4817375454039722
ds000164,sub-017,1,105,stroop,neutral,476.04,1.0,0.603,603.0,1.0,0.0,676.0,1.0,105,-1.039941367856194
ds000164,sub-017,1,106,stroop,incongruent,483.541,1.0,0.703,703.0,1.0,1.0,603.0,1.0,106,-0.27527859737369836
ds000164,sub-017,1,107,stroop,incongruent,486.544,1.0,0.802,802.0,1.0,1.0,703.0,1.0,107,0.4817375454039722
ds000164,sub-017,1,108,stroop,neutral,489.545,1.0,0.669,669.0,1.0,0.0,802.0,1.0,108,-0.5352639393377469
ds000164,sub-017,1,109,stroop,congruent,492.546,1.0,0.72,720.0,1.0,0.0,669.0,1.0,109,-0.14528592639167415
ds000164,sub-017,1,110,stroop,neutral,497.047,1.0,0.778,778.0,1.0,0.0,720.0,1.0,110,0.29821848048817323
ds000164,sub-017,1,111,stroop,congruent,501.548,1.0,0.807,807.0,1.0,0.0,778.0,1.0,111,0.519970683928097
ds000164,sub-017,1,112,stroop,congruent,504.55,1.0,0.611,611.0,1.0,0.0,807.0,1.0,112,-0.9787683462175942
ds000164,sub-017,1,113,stroop,congruent,507.551,1.0,0.646,646.0,1.0,0.0,611.0,1.0,113,-0.7111363765487208
ds000164,sub-017,1,114,stroop,congruent,510.552,1.0,0.74,740.0,1.0,0.0,646.0,1.0,114,0.007646627704824955
ds000164,sub-017,1,115,stroop,incongruent,515.053,1.0,0.0,,0.0,1.0,740.0,1.0,115,
ds000164,sub-017,1,116,stroop,incongruent,521.054,1.0,0.734,734.0,1.0,1.0,,0.0,116,-0.03823313852412477
ds000164,sub-017,1,117,stroop,incongruent,524.056,1.0,0.988,988.0,1.0,1.0,734.0,1.0,117,1.9040102985014138
ds000164,sub-017,1,118,stroop,congruent,527.057,1.0,0.599,599.0,1.0,0.0,988.0,1.0,118,-1.0705278786754937
ds000164,sub-017,1,119,stroop,congruent,533.058,1.0,0.767,767.0,1.0,0.0,599.0,1.0,119,0.21410557573509872
ds000164,sub-018,1,1,stroop,incongruent,4.872,1.0,0.453,453.0,1.0,1.0,,,1,-1.270560441367098
ds000164,sub-018,1,2,stroop,congruent,7.883,1.0,0.557,557.0,1.0,0.0,453.0,1.0,2,-0.5639385916228296
ds000164,sub-018,1,3,stroop,congruent,16.884,1.0,0.747,747.0,1.0,0.0,557.0,1.0,3,0.7270051723330453
ds000164,sub-018,1,4,stroop,neutral,19.887,1.0,0.714,714.0,1.0,0.0,747.0,1.0,4,0.5027886238564986
ds000164,sub-018,1,5,stroop,congruent,25.888,1.0,0.587,587.0,1.0,0.0,714.0,1.0,5,-0.36010536573505986
ds000164,sub-018,1,6,stroop,congruent,28.89,1.0,0.556,556.0,1.0,0.0,587.0,1.0,6,-0.5707330324857552
ds000164,sub-018,1,7,stroop,congruent,33.391,1.0,0.639,639.0,1.0,0.0,556.0,1.0,7,-0.006794440862925657
ds000164,sub-018,1,8,stroop,neutral,36.392,1.0,0.695,695.0,1.0,0.0,639.0,1.0,8,0.3736942474609111
ds000164,sub-018,1,9,stroop,neutral,40.893,1.0,0.904,904.0,1.0,0.0,695.0,1.0,9,1.7937323878123734
ds000164,sub-018,1,10,stroop,neutral,43.895,1.0,0.588,588.0,1.0,0.0,904.0,1.0,10,-0.35331092487213417
ds000164,sub-018,1,11,stroop,congruent,48.396,1.0,0.664,664.0,1.0,0.0,588.0,1.0,11,0.16306658071021576
ds000164,sub-018,1,12,stroop,neutral,51.397,1.0,0.723,723.0,1.0,0.0,664.0,1.0,12,0.5639385916228296
ds000164,sub-018,1,13,stroop,neutral,54.398,1.0,0.467,467.0,1.0,0.0,723.0,1.0,13,-1.1754382692861387
ds000164,sub-018,1,14,stroop,congruent,63.399,1.0,0.557,557.0,1.0,0.0,467.0,1.0,14,-0.5639385916228296
ds000164,sub-018,1,15,stroop,congruent,66.402,1.0,0.601,601.0,0.0,0.0,557.0,1.0,15,-0.2649831936541006
ds000164,sub-018,1,16,stroop,incongruent,69.403,1.0,0.688,688.0,1.0,1.0,601.0,0.0,16,0.3261331614204315
ds000164,sub-018,1,17,stroop,neutral,76.904,1.0,0.963,963.0,1.0,0.0,688.0,1.0,17,2.1946043987249872
ds000164,sub-018,1,18,stroop,neutral,84.407,1.0,0.585,585.0,1.0,0.0,963.0,1.0,18,-0.3736942474609111
ds000164,sub-018,1,19,stroop,neutral,87.409,1.0,0.597,597.0,1.0,0.0,585.0,1.0,19,-0.29216095710580325
ds000164,sub-018,1,20,stroop,neutral,91.91,1.0,0.831,831.0,1.0,0.0,597.0,1.0,20,1.2977382048188006
ds000164,sub-018,1,21,stroop,congruent,94.912,1.0,0.59,590.0,1.0,0.0,831.0,1.0,21,-0.33972204314628285
ds000164,sub-018,1,22,stroop,incongruent,97.913,1.0,0.609,609.0,1.0,1.0,590.0,1.0,22,-0.21062766675069539
ds000164,sub-018,1,23,stroop,incongruent,100.914,1.0,0.569,569.0,1.0,1.0,609.0,1.0,23,-0.4824053012677217
ds000164,sub-018,1,24,stroop,congruent,105.415,1.0,0.559,559.0,1.0,0.0,569.0,1.0,24,-0.5503497098969783
ds000164,sub-018,1,25,stroop,neutral,118.916,1.0,0.722,722.0,1.0,0.0,559.0,1.0,25,0.5571441507599039
ds000164,sub-018,1,26,stroop,incongruent,124.921,1.0,0.617,617.0,1.0,1.0,722.0,1.0,26,-0.1562721398472901
ds000164,sub-018,1,27,stroop,neutral,130.923,1.0,0.563,563.0,1.0,0.0,617.0,1.0,27,-0.5231719464452756
ds000164,sub-018,1,28,stroop,congruent,133.925,1.0,0.642,642.0,1.0,0.0,563.0,1.0,28,0.013588881725851314
ds000164,sub-018,1,29,stroop,congruent,136.926,1.0,0.591,591.0,1.0,0.0,642.0,1.0,29,-0.3329276022833572
ds000164,sub-018,1,30,stroop,congruent,139.927,1.0,0.492,492.0,1.0,0.0,591.0,1.0,30,-1.0055772477129972
ds000164,sub-018,1,31,stroop,neutral,142.928,1.0,0.591,591.0,1.0,0.0,492.0,1.0,31,-0.3329276022833572
ds000164,sub-018,1,32,stroop,congruent,153.429,1.0,0.772,772.0,1.0,0.0,591.0,1.0,32,0.8968661939061867
ds000164,sub-018,1,33,stroop,neutral,159.432,1.0,0.67,670.0,1.0,0.0,772.0,1.0,33,0.20383322588776973
ds000164,sub-018,1,34,stroop,incongruent,162.434,1.0,0.569,569.0,1.0,1.0,670.0,1.0,34,-0.4824053012677217
ds000164,sub-018,1,35,stroop,neutral,168.435,1.0,0.672,672.0,1.0,0.0,569.0,1.0,35,0.21742210761362102
ds000164,sub-018,1,36,stroop,neutral,174.437,1.0,0.745,745.0,1.0,0.0,672.0,1.0,36,0.713416290607194
ds000164,sub-018,1,37,stroop,neutral,178.939,1.0,0.67,670.0,1.0,0.0,745.0,1.0,37,0.20383322588776973
ds000164,sub-018,1,38,stroop,neutral,181.941,1.0,0.647,647.0,1.0,0.0,670.0,1.0,38,0.0475610860404796
ds000164,sub-018,1,39,stroop,incongruent,184.942,1.0,0.858,858.0,1.0,1.0,647.0,1.0,39,1.4811881081177933
ds000164,sub-018,1,40,stroop,incongruent,187.943,1.0,0.675,675.0,1.0,1.0,858.0,1.0,40,0.237805430202398
ds000164,sub-018,1,41,stroop,incongruent,190.944,1.0,0.544,544.0,1.0,1.0,675.0,1.0,41,-0.652266322840863
ds000164,sub-018,1,42,stroop,congruent,195.445,1.0,0.696,696.0,1.0,0.0,544.0,1.0,42,0.3804886883238368
ds000164,sub-018,1,43,stroop,congruent,198.446,1.0,0.58,580.0,1.0,0.0,696.0,1.0,43,-0.40766645177553945
ds000164,sub-018,1,44,stroop,neutral,201.447,1.0,0.499,499.0,1.0,0.0,580.0,1.0,44,-0.9580161616725177
ds000164,sub-018,1,45,stroop,congruent,204.448,1.0,0.761,761.0,1.0,0.0,499.0,1.0,45,0.8221273444140045
ds000164,sub-018,1,46,stroop,incongruent,207.449,1.0,0.597,597.0,1.0,1.0,761.0,1.0,46,-0.29216095710580325
ds000164,sub-018,1,47,stroop,incongruent,210.45,1.0,0.424,424.0,1.0,1.0,597.0,1.0,47,-1.467599226391942
ds000164,sub-018,1,48,stroop,incongruent,213.451,1.0,0.813,813.0,1.0,1.0,424.0,1.0,48,1.1754382692861387
ds000164,sub-018,1,49,stroop,incongruent,216.452,1.0,0.542,542.0,1.0,1.0,813.0,1.0,49,-0.6658552045667144
ds000164,sub-018,1,50,stroop,congruent,222.453,1.0,0.552,552.0,1.0,0.0,542.0,1.0,50,-0.5979107959374579
ds000164,sub-018,1,51,stroop,incongruent,225.455,1.0,0.664,664.0,1.0,1.0,552.0,1.0,51,0.16306658071021576
ds000164,sub-018,1,52,stroop,neutral,228.456,1.0,0.648,648.0,1.0,0.0,664.0,1.0,52,0.054355526903405255
ds000164,sub-018,1,53,stroop,congruent,232.957,1.0,1.178,1178.0,1.0,0.0,648.0,1.0,53,3.6554091842540037
ds000164,sub-018,1,54,stroop,incongruent,235.959,1.0,0.775,775.0,0.0,1.0,1178.0,1.0,54,0.9172495164949638
ds000164,sub-018,1,55,stroop,neutral,241.96,1.0,0.725,725.0,1.0,0.0,775.0,0.0,55,0.5775274733486808
ds000164,sub-018,1,56,stroop,neutral,244.962,1.0,0.555,555.0,1.0,0.0,725.0,1.0,56,-0.5775274733486808
ds000164,sub-018,1,57,stroop,congruent,247.963,1.0,0.512,512.0,1.0,0.0,555.0,1.0,57,-0.8696884304544841
ds000164,sub-018,1,58,stroop,congruent,250.964,1.0,0.406,406.0,1.0,0.0,512.0,1.0,58,-1.589899161924604
ds000164,sub-018,1,59,stroop,neutral,253.965,1.0,0.6,600.0,1.0,0.0,406.0,1.0,59,-0.2717776345170263
ds000164,sub-018,1,60,stroop,congruent,273.466,1.0,0.671,671.0,1.0,0.0,600.0,1.0,60,0.21062766675069539
ds000164,sub-018,1,61,stroop,incongruent,276.472,1.0,0.633,633.0,1.0,1.0,671.0,1.0,61,-0.0475610860404796
ds000164,sub-018,1,62,stroop,incongruent,279.473,1.0,0.607,607.0,1.0,1.0,633.0,1.0,62,-0.22421654847654668
ds000164,sub-018,1,63,stroop,neutral,282.474,1.0,0.633,633.0,1.0,0.0,607.0,1.0,63,-0.0475610860404796
ds000164,sub-018,1,64,stroop,incongruent,285.475,1.0,0.572,572.0,0.0,1.0,633.0,1.0,64,-0.4620219786789447
ds000164,sub-018,1,65,stroop,incongruent,288.477,1.0,1.001,1000.9999999999999,0.0,1.0,572.0,0.0,65,2.4527931515161616
ds000164,sub-018,1,66,stroop,congruent,291.478,1.0,0.676,676.0,1.0,0.0,1000.9999999999999,0.0,66,0.24459987106532366
ds000164,sub-018,1,67,stroop,incongruent,295.979,1.0,0.702,702.0,0.0,1.0,676.0,1.0,67,0.42125533350139077
ds000164,sub-018,1,68,stroop,neutral,298.98,1.0,0.633,633.0,1.0,0.0,702.0,0.0,68,-0.0475610860404796
ds000164,sub-018,1,69,stroop,incongruent,301.981,1.0,0.605,605.0,1.0,1.0,633.0,1.0,69,-0.237805430202398
ds000164,sub-018,1,70,stroop,neutral,304.982,1.0,0.444,444.0,1.0,0.0,605.0,1.0,70,-1.3317104091334289
ds000164,sub-018,1,71,stroop,congruent,307.983,1.0,0.655,655.0,1.0,0.0,444.0,1.0,71,0.10191661294388486
ds000164,sub-018,1,72,stroop,congruent,310.984,1.0,0.542,542.0,1.0,0.0,655.0,1.0,72,-0.6658552045667144
ds000164,sub-018,1,73,stroop,incongruent,315.485,1.0,0.598,598.0,1.0,1.0,542.0,1.0,73,-0.2853665162428776
ds000164,sub-018,1,74,stroop,congruent,319.987,1.0,0.814,814.0,1.0,0.0,598.0,1.0,74,1.1822327101490644
ds000164,sub-018,1,75,stroop,neutral,327.488,1.0,0.622,622.0,1.0,0.0,814.0,1.0,75,-0.12229993553266183
ds000164,sub-018,1,76,stroop,incongruent,331.991,1.0,1.052,1052.0,1.0,1.0,622.0,1.0,76,2.7993096355253706
ds000164,sub-018,1,77,stroop,neutral,336.492,1.0,0.685,685.0,1.0,0.0,1052.0,1.0,77,0.3057498388316546
ds000164,sub-018,1,78,stroop,neutral,339.494,1.0,0.726,726.0,1.0,0.0,685.0,1.0,78,0.5843219142116065
ds000164,sub-018,1,79,stroop,neutral,342.495,1.0,0.935,935.0,1.0,0.0,726.0,1.0,79,2.004360054563069
ds000164,sub-018,1,80,stroop,neutral,346.996,1.0,0.631,631.0,1.0,0.0,935.0,1.0,80,-0.061149967766330915
ds000164,sub-018,1,81,stroop,neutral,355.997,1.0,0.673,673.0,1.0,0.0,631.0,1.0,81,0.22421654847654668
ds000164,sub-018,1,82,stroop,congruent,359.0,1.0,0.599,599.0,1.0,0.0,673.0,1.0,82,-0.27857207537995193
ds000164,sub-018,1,83,stroop,incongruent,363.501,1.0,0.831,831.0,1.0,1.0,599.0,1.0,83,1.2977382048188006
ds000164,sub-018,1,84,stroop,neutral,371.003,1.0,0.753,753.0,1.0,0.0,831.0,1.0,84,0.7677718175105993
ds000164,sub-018,1,85,stroop,congruent,377.005,1.0,0.608,608.0,1.0,0.0,753.0,1.0,85,-0.21742210761362102
ds000164,sub-018,1,86,stroop,neutral,380.007,1.0,0.622,622.0,1.0,0.0,608.0,1.0,86,-0.12229993553266183
ds000164,sub-018,1,87,stroop,incongruent,384.508,1.0,0.677,677.0,1.0,1.0,622.0,1.0,87,0.2513943119282493
ds000164,sub-018,1,88,stroop,congruent,387.51,1.0,0.724,724.0,1.0,0.0,677.0,1.0,88,0.5707330324857552
ds000164,sub-018,1,89,stroop,congruent,390.511,1.0,0.64,640.0,1.0,0.0,724.0,1.0,89,0.0
ds000164,sub-018,1,90,stroop,congruent,395.012,1.0,0.696,696.0,1.0,0.0,640.0,1.0,90,0.3804886883238368
ds000164,sub-018,1,91,stroop,incongruent,398.013,1.0,0.707,707.0,1.0,1.0,696.0,1.0,91,0.45522753781601905
ds000164,sub-018,1,92,stroop,congruent,401.014,1.0,0.561,561.0,0.0,0.0,707.0,1.0,92,-0.5367608281711269
ds000164,sub-018,1,93,stroop,incongruent,405.515,1.0,1.018,1018.0,1.0,1.0,561.0,0.0,93,2.5682986461858985
ds000164,sub-018,1,94,stroop,incongruent,410.017,1.0,0.0,,0.0,1.0,1018.0,1.0,94,
ds000164,sub-018,1,95,stroop,congruent,414.518,1.0,0.665,665.0,1.0,0.0,,0.0,95,0.16986102157314142
ds000164,sub-018,1,96,stroop,incongruent,420.52,1.0,0.608,608.0,0.0,1.0,665.0,1.0,96,-0.21742210761362102
ds000164,sub-018,1,97,stroop,incongruent,425.022,1.0,1.086,1086.0,1.0,1.0,608.0,0.0,97,3.030320624864843
ds000164,sub-018,1,98,stroop,neutral,431.023,1.0,0.377,377.0,1.0,0.0,1086.0,1.0,98,-1.786937946949448
ds000164,sub-018,1,99,stroop,neutral,434.025,1.0,0.516,516.0,1.0,0.0,377.0,1.0,99,-0.8425106670027815
ds000164,sub-018,1,100,stroop,congruent,441.526,1.0,0.544,544.0,1.0,0.0,516.0,1.0,100,-0.652266322840863
ds000164,sub-018,1,101,stroop,incongruent,446.029,1.0,1.007,1006.9999999999999,1.0,1.0,544.0,1.0,101,2.4935597966937153
ds000164,sub-018,1,102,stroop,incongruent,449.03,1.0,0.796,796.0,1.0,1.0,1006.9999999999999,1.0,102,1.0599327746164025
ds000164,sub-018,1,103,stroop,incongruent,452.031,1.0,0.673,673.0,1.0,1.0,796.0,1.0,103,0.22421654847654668
ds000164,sub-018,1,104,stroop,congruent,455.032,1.0,0.447,447.0,1.0,0.0,673.0,1.0,104,-1.3113270865446518
ds000164,sub-018,1,105,stroop,congruent,462.533,1.0,0.66,660.0,1.0,0.0,447.0,1.0,105,0.13588881725851315
ds000164,sub-018,1,106,stroop,congruent,465.536,1.0,0.0,,0.0,0.0,660.0,1.0,106,
ds000164,sub-018,1,107,stroop,incongruent,471.537,1.0,0.902,902.0,1.0,1.0,,0.0,107,1.7801435060865223
ds000164,sub-018,1,108,stroop,neutral,474.539,1.0,0.473,473.0,1.0,0.0,902.0,1.0,108,-1.1346716241085848
ds000164,sub-018,1,109,stroop,incongruent,480.54,1.0,0.875,875.0,1.0,1.0,473.0,1.0,109,1.5966936027875294
ds000164,sub-018,1,110,stroop,neutral,483.542,1.0,0.539,539.0,1.0,0.0,875.0,1.0,110,-0.6862385271554914
ds000164,sub-018,1,111,stroop,congruent,488.043,1.0,0.954,954.0,1.0,0.0,539.0,1.0,111,2.1334544309586563
ds000164,sub-018,1,112,stroop,incongruent,491.044,1.0,0.766,766.0,0.0,1.0,954.0,1.0,112,0.8560995487286328
ds000164,sub-018,1,113,stroop,congruent,494.045,1.0,0.617,617.0,1.0,0.0,766.0,0.0,113,-0.1562721398472901
ds000164,sub-018,1,114,stroop,congruent,497.046,1.0,0.546,546.0,1.0,0.0,617.0,1.0,114,-0.6386774411150118
ds000164,sub-018,1,115,stroop,congruent,501.547,1.0,0.56,560.0,1.0,0.0,546.0,1.0,115,-0.5435552690340526
ds000164,sub-018,1,116,stroop,neutral,506.049,1.0,0.548,548.0,1.0,0.0,560.0,1.0,116,-0.6250885593891604
ds000164,sub-018,1,117,stroop,neutral,509.05,1.0,0.8,800.0,1.0,0.0,548.0,1.0,117,1.0871105380681052
ds000164,sub-018,1,118,stroop,neutral,515.051,1.0,0.698,698.0,1.0,0.0,800.0,1.0,118,0.39407757004968813
ds000164,sub-018,1,119,stroop,neutral,525.553,1.0,0.863,863.0,1.0,0.0,698.0,1.0,119,1.5151603124324216
ds000164,sub-019,1,1,stroop,neutral,1.859,1.0,0.852,852.0,0.0,0.0,,,1,0.9810932353159011
ds000164,sub-019,1,2,stroop,congruent,9.369,1.0,0.899,899.0,1.0,0.0,852.0,0.0,2,1.3702188223188323
ds000164,sub-019,1,3,stroop,incongruent,13.871,1.0,0.783,783.0,1.0,1.0,899.0,1.0,3,0.40982375652436376
ds000164,sub-019,1,4,stroop,incongruent,16.873,1.0,0.74,740.0,1.0,1.0,783.0,1.0,4,0.05381524075572453
ds000164,sub-019,1,5,stroop,congruent,27.374,1.0,0.836,836.0,0.0,0.0,740.0,1.0,5,0.848624950378733
ds000164,sub-019,1,6,stroop,incongruent,34.877,1.0,0.929,929.0,1.0,1.0,836.0,0.0,6,1.6185968565760225
ds000164,sub-019,1,7,stroop,neutral,39.38,1.0,0.928,928.0,1.0,0.0,929.0,1.0,7,1.6103175887674495
ds000164,sub-019,1,8,stroop,incongruent,45.381,1.0,0.701,701.0,1.0,1.0,928.0,1.0,8,-0.2690762037786226
ds000164,sub-019,1,9,stroop,congruent,48.383,1.0,0.895,895.0,1.0,0.0,701.0,1.0,9,1.3371017510845402
ds000164,sub-019,1,10,stroop,congruent,51.384,1.0,0.801,801.0,1.0,0.0,895.0,1.0,10,0.5588505770786778
ds000164,sub-019,1,11,stroop,neutral,57.385,1.0,0.854,854.0,1.0,0.0,801.0,1.0,11,0.997651770933047
ds000164,sub-019,1,12,stroop,congruent,60.387,1.0,0.883,883.0,1.0,0.0,854.0,1.0,12,1.2377505373816642
ds000164,sub-019,1,13,stroop,neutral,63.388,1.0,0.742,742.0,1.0,0.0,883.0,1.0,13,0.07037377637287054
ds000164,sub-019,1,14,stroop,congruent,66.389,1.0,0.731,731.0,1.0,0.0,742.0,1.0,14,-0.02069816952143251
ds000164,sub-019,1,15,stroop,incongruent,70.89,1.0,0.891,891.0,1.0,1.0,731.0,1.0,15,1.3039846798502481
ds000164,sub-019,1,16,stroop,incongruent,76.892,1.0,0.781,781.0,1.0,1.0,891.0,1.0,16,0.3932652209072177
ds000164,sub-019,1,17,stroop,neutral,79.894,1.0,0.802,802.0,1.0,0.0,781.0,1.0,17,0.5671298448872508
ds000164,sub-019,1,18,stroop,congruent,85.895,1.0,1.049,1049.0,1.0,0.0,802.0,1.0,18,2.612108993604783
ds000164,sub-019,1,19,stroop,congruent,88.897,1.0,0.645,645.0,1.0,0.0,1049.0,1.0,19,-0.7327152010587109
ds000164,sub-019,1,20,stroop,incongruent,91.898,1.0,0.629,629.0,1.0,1.0,645.0,1.0,20,-0.865183485995879
ds000164,sub-019,1,21,stroop,incongruent,94.899,1.0,0.636,636.0,1.0,1.0,629.0,1.0,21,-0.807228611335868
ds000164,sub-019,1,22,stroop,congruent,99.4,1.0,0.744,744.0,1.0,0.0,636.0,1.0,22,0.08693231199001655
ds000164,sub-019,1,23,stroop,incongruent,102.401,1.0,0.72,720.0,1.0,1.0,744.0,1.0,23,-0.11177011541573556
ds000164,sub-019,1,24,stroop,neutral,105.402,1.0,0.744,744.0,1.0,0.0,720.0,1.0,24,0.08693231199001655
ds000164,sub-019,1,25,stroop,neutral,112.903,1.0,0.732,732.0,1.0,0.0,744.0,1.0,25,-0.012418901712859507
ds000164,sub-019,1,26,stroop,congruent,115.906,1.0,0.829,829.0,1.0,0.0,732.0,1.0,26,0.7906700757187219
ds000164,sub-019,1,27,stroop,congruent,118.907,1.0,0.645,645.0,1.0,0.0,829.0,1.0,27,-0.7327152010587109
ds000164,sub-019,1,28,stroop,congruent,130.908,1.0,0.585,585.0,1.0,0.0,645.0,1.0,28,-1.2294712695730912
ds000164,sub-019,1,29,stroop,congruent,133.912,1.0,0.746,746.0,1.0,0.0,585.0,1.0,29,0.10349084760716255
ds000164,sub-019,1,30,stroop,neutral,136.913,1.0,0.683,683.0,1.0,0.0,746.0,1.0,30,-0.4181030243329367
ds000164,sub-019,1,31,stroop,neutral,139.914,1.0,0.584,584.0,1.0,0.0,683.0,1.0,31,-1.2377505373816642
ds000164,sub-019,1,32,stroop,neutral,147.415,1.0,0.886,886.0,1.0,0.0,584.0,1.0,32,1.2625883408073832
ds000164,sub-019,1,33,stroop,incongruent,151.917,1.0,0.85,850.0,1.0,1.0,886.0,1.0,33,0.964534699698755
ds000164,sub-019,1,34,stroop,neutral,154.919,1.0,0.674,674.0,1.0,0.0,850.0,1.0,34,-0.4926164346100938
ds000164,sub-019,1,35,stroop,neutral,162.42,1.0,0.714,714.0,1.0,0.0,674.0,1.0,35,-0.1614457222671736
ds000164,sub-019,1,36,stroop,neutral,166.922,1.0,0.86,860.0,1.0,0.0,714.0,1.0,36,1.0473273777844851
ds000164,sub-019,1,37,stroop,neutral,169.924,1.0,0.682,682.0,1.0,0.0,860.0,1.0,37,-0.42638229214150974
ds000164,sub-019,1,38,stroop,congruent,178.925,1.0,0.892,892.0,1.0,0.0,682.0,1.0,38,1.3122639476588212
ds000164,sub-019,1,39,stroop,incongruent,181.928,1.0,0.964,964.0,1.0,1.0,892.0,1.0,39,1.9083712298760775
ds000164,sub-019,1,40,stroop,incongruent,186.429,1.0,0.787,787.0,0.0,1.0,964.0,1.0,40,0.44294082775865573
ds000164,sub-019,1,41,stroop,congruent,189.43,1.0,0.633,633.0,1.0,0.0,787.0,0.0,41,-0.8320664147615869
ds000164,sub-019,1,42,stroop,neutral,195.431,1.0,0.746,746.0,1.0,0.0,633.0,1.0,42,0.10349084760716255
ds000164,sub-019,1,43,stroop,incongruent,198.433,1.0,0.763,763.0,1.0,1.0,746.0,1.0,43,0.24423840035290365
ds000164,sub-019,1,44,stroop,congruent,201.434,1.0,0.557,557.0,1.0,0.0,763.0,1.0,44,-1.4612907682131353
ds000164,sub-019,1,45,stroop,congruent,204.435,1.0,0.663,663.0,1.0,0.0,557.0,1.0,45,-0.5836883805043969
ds000164,sub-019,1,46,stroop,congruent,207.436,1.0,0.637,637.0,1.0,0.0,663.0,1.0,46,-0.798949343527295
ds000164,sub-019,1,47,stroop,incongruent,211.937,1.0,0.654,654.0,1.0,1.0,637.0,1.0,47,-0.6582017907815538
ds000164,sub-019,1,48,stroop,neutral,216.439,1.0,0.664,664.0,1.0,0.0,654.0,1.0,48,-0.5754091126958238
ds000164,sub-019,1,49,stroop,congruent,219.44,1.0,0.653,653.0,1.0,0.0,664.0,1.0,49,-0.6664810585901269
ds000164,sub-019,1,50,stroop,congruent,222.441,1.0,0.573,573.0,1.0,0.0,653.0,1.0,50,-1.3288224832759672
ds000164,sub-019,1,51,stroop,incongruent,225.442,1.0,0.802,802.0,0.0,1.0,573.0,1.0,51,0.5671298448872508
ds000164,sub-019,1,52,stroop,incongruent,228.443,1.0,0.0,,0.0,1.0,802.0,0.0,52,
ds000164,sub-019,1,53,stroop,congruent,231.444,1.0,0.715,715.0,1.0,0.0,,0.0,53,-0.15316645445860058
ds000164,sub-019,1,54,stroop,neutral,244.945,1.0,0.979,979.0,1.0,0.0,715.0,1.0,54,2.032560247004673
ds000164,sub-019,1,55,stroop,incongruent,247.95,1.0,0.773,773.0,1.0,1.0,979.0,1.0,55,0.32703107843863366
ds000164,sub-019,1,56,stroop,incongruent,255.451,1.0,1.107,1107.0,1.0,1.0,773.0,1.0,56,3.0923065265020173
ds000164,sub-019,1,57,stroop,incongruent,262.953,1.0,0.84,840.0,1.0,1.0,1107.0,1.0,57,0.881742021613025
ds000164,sub-019,1,58,stroop,incongruent,265.956,1.0,1.049,1049.0,1.0,1.0,840.0,1.0,58,2.612108993604783
ds000164,sub-019,1,59,stroop,congruent,268.957,1.0,0.793,793.0,1.0,0.0,1049.0,1.0,59,0.4926164346100938
ds000164,sub-019,1,60,stroop,neutral,271.958,1.0,0.662,662.0,1.0,0.0,793.0,1.0,60,-0.5919676483129699
ds000164,sub-019,1,61,stroop,incongruent,274.959,1.0,0.911,911.0,1.0,1.0,662.0,1.0,61,1.4695700360217083
ds000164,sub-019,1,62,stroop,incongruent,277.96,1.0,0.723,723.0,1.0,1.0,911.0,1.0,62,-0.08693231199001655
ds000164,sub-019,1,63,stroop,congruent,280.961,1.0,0.659,659.0,1.0,0.0,723.0,1.0,63,-0.6168054517386888
ds000164,sub-019,1,64,stroop,congruent,283.962,1.0,0.621,621.0,1.0,0.0,659.0,1.0,64,-0.9314176284644631
ds000164,sub-019,1,65,stroop,neutral,286.963,1.0,0.64,640.0,1.0,0.0,621.0,1.0,65,-0.7741115401015759
ds000164,sub-019,1,66,stroop,congruent,289.964,1.0,0.664,664.0,1.0,0.0,640.0,1.0,66,-0.5754091126958238
ds000164,sub-019,1,67,stroop,neutral,294.465,1.0,0.765,765.0,1.0,0.0,664.0,1.0,67,0.26079693597004966
ds000164,sub-019,1,68,stroop,neutral,297.466,1.0,0.629,629.0,1.0,0.0,765.0,1.0,68,-0.865183485995879
ds000164,sub-019,1,69,stroop,neutral,304.967,1.0,0.656,656.0,1.0,0.0,629.0,1.0,69,-0.6416432551644079
ds000164,sub-019,1,70,stroop,congruent,309.47,1.0,0.675,675.0,1.0,0.0,656.0,1.0,70,-0.4843371668015208
ds000164,sub-019,1,71,stroop,incongruent,313.971,1.0,0.794,794.0,1.0,1.0,675.0,1.0,71,0.5008957024186668
ds000164,sub-019,1,72,stroop,neutral,316.973,1.0,0.638,638.0,1.0,0.0,794.0,1.0,72,-0.7906700757187219
ds000164,sub-019,1,73,stroop,neutral,319.974,1.0,0.575,575.0,1.0,0.0,638.0,1.0,73,-1.3122639476588212
ds000164,sub-019,1,74,stroop,neutral,322.975,1.0,0.606,606.0,1.0,0.0,575.0,1.0,74,-1.0556066455930582
ds000164,sub-019,1,75,stroop,incongruent,325.976,1.0,0.745,745.0,1.0,1.0,606.0,1.0,75,0.09521157979858956
ds000164,sub-019,1,76,stroop,congruent,333.477,1.0,0.758,758.0,1.0,0.0,745.0,1.0,76,0.20284206131003862
ds000164,sub-019,1,77,stroop,neutral,336.479,1.0,0.767,767.0,1.0,0.0,758.0,1.0,77,0.27735547158719565
ds000164,sub-019,1,78,stroop,neutral,342.48,1.0,0.693,693.0,1.0,0.0,767.0,1.0,78,-0.3353103462472067
ds000164,sub-019,1,79,stroop,neutral,345.482,1.0,0.664,664.0,1.0,0.0,693.0,1.0,79,-0.5754091126958238
ds000164,sub-019,1,80,stroop,neutral,349.983,1.0,1.07,1070.0,1.0,0.0,664.0,1.0,80,2.785973617584816
ds000164,sub-019,1,81,stroop,congruent,352.985,1.0,0.644,644.0,1.0,0.0,1070.0,1.0,81,-0.7409944688672839
ds000164,sub-019,1,82,stroop,congruent,357.486,1.0,0.825,825.0,1.0,0.0,644.0,1.0,82,0.75755300448443
ds000164,sub-019,1,83,stroop,neutral,360.487,1.0,0.738,738.0,1.0,0.0,825.0,1.0,83,0.03725670513857852
ds000164,sub-019,1,84,stroop,incongruent,363.488,1.0,1.039,1039.0,1.0,1.0,738.0,1.0,84,2.529316315519053
ds000164,sub-019,1,85,stroop,neutral,367.989,1.0,0.65,650.0,1.0,0.0,1039.0,1.0,85,-0.6913188620158459
ds000164,sub-019,1,86,stroop,neutral,370.991,1.0,0.629,629.0,1.0,0.0,650.0,1.0,86,-0.865183485995879
ds000164,sub-019,1,87,stroop,incongruent,375.492,1.0,0.885,885.0,1.0,1.0,629.0,1.0,87,1.2543090729988102
ds000164,sub-019,1,88,stroop,congruent,378.493,1.0,0.982,982.0,1.0,0.0,885.0,1.0,88,2.0573980504303915
ds000164,sub-019,1,89,stroop,neutral,385.994,1.0,0.824,824.0,1.0,0.0,982.0,1.0,89,0.749273736675857
ds000164,sub-019,1,90,stroop,congruent,393.497,1.0,0.674,674.0,1.0,0.0,824.0,1.0,90,-0.4926164346100938
ds000164,sub-019,1,91,stroop,congruent,396.499,1.0,0.848,848.0,1.0,0.0,674.0,1.0,91,0.947976164081609
ds000164,sub-019,1,92,stroop,neutral,401.0,1.0,0.759,759.0,1.0,0.0,848.0,1.0,92,0.21112132911861162
ds000164,sub-019,1,93,stroop,congruent,404.002,1.0,0.683,683.0,1.0,0.0,759.0,1.0,93,-0.4181030243329367
ds000164,sub-019,1,94,stroop,congruent,407.003,1.0,0.645,645.0,1.0,0.0,683.0,1.0,94,-0.7327152010587109
ds000164,sub-019,1,95,stroop,neutral,410.004,1.0,0.742,742.0,1.0,0.0,645.0,1.0,95,0.07037377637287054
ds000164,sub-019,1,96,stroop,incongruent,414.505,1.0,0.716,716.0,1.0,1.0,742.0,1.0,96,-0.1448871866500276
ds000164,sub-019,1,97,stroop,congruent,417.506,1.0,0.622,622.0,1.0,0.0,716.0,1.0,97,-0.9231383606558901
ds000164,sub-019,1,98,stroop,neutral,420.507,1.0,0.644,644.0,1.0,0.0,622.0,1.0,98,-0.7409944688672839
ds000164,sub-019,1,99,stroop,neutral,425.008,1.0,0.744,744.0,1.0,0.0,644.0,1.0,99,0.08693231199001655
ds000164,sub-019,1,100,stroop,neutral,428.01,1.0,0.658,658.0,1.0,0.0,744.0,1.0,100,-0.6250847195472619
ds000164,sub-019,1,101,stroop,congruent,432.511,1.0,0.677,677.0,1.0,0.0,658.0,1.0,101,-0.46777863118437474
ds000164,sub-019,1,102,stroop,neutral,435.512,1.0,0.601,601.0,1.0,0.0,677.0,1.0,102,-1.097002984635923
ds000164,sub-019,1,103,stroop,neutral,438.514,1.0,0.735,735.0,1.0,0.0,601.0,1.0,103,0.012418901712859507
ds000164,sub-019,1,104,stroop,incongruent,441.515,1.0,0.642,642.0,1.0,1.0,735.0,1.0,104,-0.75755300448443
ds000164,sub-019,1,105,stroop,neutral,452.016,1.0,0.641,641.0,1.0,0.0,642.0,1.0,105,-0.7658322722930029
ds000164,sub-019,1,106,stroop,congruent,459.519,1.0,0.732,732.0,1.0,0.0,641.0,1.0,106,-0.012418901712859507
ds000164,sub-019,1,107,stroop,incongruent,462.522,1.0,1.081,1081.0,1.0,1.0,732.0,1.0,107,2.877045563479119
ds000164,sub-019,1,108,stroop,incongruent,465.523,1.0,0.63,630.0,1.0,1.0,1081.0,1.0,108,-0.856904218187306
ds000164,sub-019,1,109,stroop,congruent,479.024,1.0,0.72,720.0,1.0,0.0,630.0,1.0,109,-0.11177011541573556
ds000164,sub-019,1,110,stroop,incongruent,485.028,1.0,0.775,775.0,1.0,1.0,720.0,1.0,110,0.3435896140557797
ds000164,sub-019,1,111,stroop,congruent,488.03,1.0,0.672,672.0,1.0,0.0,775.0,1.0,111,-0.5091749702272398
ds000164,sub-019,1,112,stroop,incongruent,491.031,1.0,0.696,696.0,1.0,1.0,672.0,1.0,112,-0.3104725428214877
ds000164,sub-019,1,113,stroop,incongruent,498.532,1.0,0.777,777.0,1.0,1.0,696.0,1.0,113,0.3601481496729257
ds000164,sub-019,1,114,stroop,congruent,509.035,1.0,0.708,708.0,1.0,0.0,777.0,1.0,114,-0.21112132911861162
ds000164,sub-019,1,115,stroop,neutral,512.038,1.0,0.675,675.0,1.0,0.0,708.0,1.0,115,-0.4843371668015208
ds000164,sub-019,1,116,stroop,congruent,521.039,1.0,0.637,637.0,1.0,0.0,675.0,1.0,116,-0.798949343527295
ds000164,sub-019,1,117,stroop,incongruent,525.542,1.0,0.763,763.0,1.0,1.0,637.0,1.0,117,0.24423840035290365
ds000164,sub-019,1,118,stroop,incongruent,528.544,1.0,0.845,845.0,1.0,1.0,763.0,1.0,118,0.9231383606558901
ds000164,sub-019,1,119,stroop,incongruent,534.545,1.0,0.855,855.0,1.0,1.0,845.0,1.0,119,1.00593103874162
ds000164,sub-020,1,1,stroop,neutral,0.374,1.0,1.093,1093.0,1.0,0.0,,,1,1.689456174466962
ds000164,sub-020,1,2,stroop,neutral,4.887,1.0,1.111,1111.0,1.0,0.0,1093.0,1.0,2,1.8322271187881138
ds000164,sub-020,1,3,stroop,congruent,7.889,1.0,0.848,848.0,1.0,0.0,1111.0,1.0,3,-0.25381501212649193
ds000164,sub-020,1,4,stroop,congruent,10.89,1.0,0.722,722.0,1.0,0.0,848.0,1.0,4,-1.253211622374554
ds000164,sub-020,1,5,stroop,neutral,18.391,1.0,0.927,927.0,1.0,0.0,722.0,1.0,5,0.37279079906078505
ds000164,sub-020,1,6,stroop,incongruent,27.394,1.0,0.82,820.0,0.0,1.0,927.0,1.0,6,-0.4759031477371724
ds000164,sub-020,1,7,stroop,congruent,36.397,1.0,1.215,1215.0,1.0,0.0,820.0,0.0,7,2.6571259081992125
ds000164,sub-020,1,8,stroop,neutral,39.4,1.0,0.654,654.0,1.0,0.0,1215.0,1.0,8,-1.7925685231433495
ds000164,sub-020,1,9,stroop,congruent,46.901,1.0,0.798,798.0,1.0,0.0,654.0,1.0,9,-0.6504009685741357
ds000164,sub-020,1,10,stroop,neutral,51.403,1.0,0.795,795.0,1.0,0.0,798.0,1.0,10,-0.6741961259609942
ds000164,sub-020,1,11,stroop,congruent,55.905,1.0,0.7,700.0,1.0,0.0,795.0,1.0,11,-1.4277094432115172
ds000164,sub-020,1,12,stroop,incongruent,58.906,1.0,1.033,1033.0,1.0,1.0,700.0,1.0,12,1.2135530267297896
ds000164,sub-020,1,13,stroop,congruent,64.907,1.0,0.811,811.0,1.0,0.0,1033.0,1.0,13,-0.5472886198977482
ds000164,sub-020,1,14,stroop,congruent,69.409,1.0,0.842,842.0,1.0,0.0,811.0,1.0,14,-0.3014053269002092
ds000164,sub-020,1,15,stroop,incongruent,73.911,1.0,1.0,1000.0,1.0,1.0,842.0,1.0,15,0.9518062954743448
ds000164,sub-020,1,16,stroop,congruent,79.912,1.0,0.851,851.0,1.0,0.0,1000.0,1.0,16,-0.23001985473963332
ds000164,sub-020,1,17,stroop,congruent,82.914,1.0,0.665,665.0,1.0,0.0,851.0,1.0,17,-1.7053196127248678
ds000164,sub-020,1,18,stroop,neutral,85.915,1.0,0.799,799.0,0.0,0.0,665.0,1.0,18,-0.6424692494451828
ds000164,sub-020,1,19,stroop,incongruent,88.916,1.0,1.188,1188.0,1.0,1.0,799.0,0.0,19,2.442969491717485
ds000164,sub-020,1,20,stroop,congruent,91.917,1.0,0.674,674.0,1.0,0.0,1188.0,1.0,20,-1.633934140564292
ds000164,sub-020,1,21,stroop,congruent,96.418,1.0,0.81,810.0,1.0,0.0,674.0,1.0,21,-0.5552203390267011
ds000164,sub-020,1,22,stroop,incongruent,105.42,1.0,1.063,1063.0,1.0,1.0,810.0,1.0,22,1.4515046005983758
ds000164,sub-020,1,23,stroop,congruent,108.423,1.0,0.769,769.0,1.0,0.0,1063.0,1.0,23,-0.8804208233137689
ds000164,sub-020,1,24,stroop,incongruent,111.424,1.0,1.003,1002.9999999999999,1.0,1.0,769.0,1.0,24,0.9756014528612026
ds000164,sub-020,1,25,stroop,neutral,114.425,1.0,0.797,797.0,1.0,0.0,1002.9999999999999,1.0,25,-0.6583326877030885
ds000164,sub-020,1,26,stroop,neutral,120.426,1.0,0.918,918.0,1.0,0.0,797.0,1.0,26,0.3014053269002092
ds000164,sub-020,1,27,stroop,neutral,124.928,1.0,0.739,739.0,1.0,0.0,918.0,1.0,27,-1.1183723971823551
ds000164,sub-020,1,28,stroop,incongruent,127.929,1.0,0.898,898.0,0.0,1.0,739.0,1.0,28,0.14277094432115173
ds000164,sub-020,1,29,stroop,neutral,130.93,1.0,0.777,777.0,1.0,0.0,898.0,0.0,29,-0.816967070282146
ds000164,sub-020,1,30,stroop,neutral,133.931,1.0,0.736,736.0,1.0,0.0,777.0,1.0,30,-1.1421675545692138
ds000164,sub-020,1,31,stroop,neutral,136.933,1.0,1.028,1028.0,1.0,0.0,736.0,1.0,31,1.1738944310850252
ds000164,sub-020,1,32,stroop,congruent,139.934,1.0,0.755,755.0,1.0,0.0,1028.0,1.0,32,-0.9914648911191092
ds000164,sub-020,1,33,stroop,congruent,144.435,1.0,0.896,896.0,1.0,0.0,755.0,1.0,33,0.12690750606324597
ds000164,sub-020,1,34,stroop,incongruent,147.436,1.0,1.097,1097.0,1.0,1.0,896.0,1.0,34,1.7211830509827735
ds000164,sub-020,1,35,stroop,neutral,150.437,1.0,0.956,956.0,1.0,0.0,1097.0,1.0,35,0.6028106538004184
ds000164,sub-020,1,36,stroop,incongruent,154.938,1.0,0.93,930.0,0.0,1.0,956.0,1.0,36,0.39658595644764366
ds000164,sub-020,1,37,stroop,congruent,157.94,1.0,0.802,802.0,1.0,0.0,930.0,0.0,37,-0.6186740920583241
ds000164,sub-020,1,38,stroop,congruent,160.941,1.0,0.728,728.0,1.0,0.0,802.0,1.0,38,-1.2056213076008369
ds000164,sub-020,1,39,stroop,neutral,163.942,1.0,0.777,777.0,1.0,0.0,728.0,1.0,39,-0.816967070282146
ds000164,sub-020,1,40,stroop,congruent,166.943,1.0,0.809,809.0,1.0,0.0,777.0,1.0,40,-0.5631520581556541
ds000164,sub-020,1,41,stroop,neutral,169.944,1.0,0.648,648.0,1.0,0.0,809.0,1.0,41,-1.8401588379170666
ds000164,sub-020,1,42,stroop,incongruent,172.945,1.0,0.839,839.0,1.0,1.0,648.0,1.0,42,-0.3252004842870678
ds000164,sub-020,1,43,stroop,neutral,175.946,1.0,1.058,1058.0,1.0,0.0,839.0,1.0,43,1.4118460049536115
ds000164,sub-020,1,44,stroop,congruent,178.947,1.0,0.997,997.0,1.0,0.0,1058.0,1.0,44,0.9280111380874863
ds000164,sub-020,1,45,stroop,congruent,187.948,1.0,0.88,880.0,1.0,0.0,997.0,1.0,45,0.0
ds000164,sub-020,1,46,stroop,incongruent,190.951,1.0,0.944,944.0,1.0,1.0,880.0,1.0,46,0.5076300242529839
ds000164,sub-020,1,47,stroop,incongruent,193.952,1.0,1.018,1018.0,1.0,1.0,944.0,1.0,47,1.0945772397954965
ds000164,sub-020,1,48,stroop,neutral,199.953,1.0,0.809,809.0,1.0,0.0,1018.0,1.0,48,-0.5631520581556541
ds000164,sub-020,1,49,stroop,incongruent,205.955,1.0,0.982,982.0,1.0,1.0,809.0,1.0,49,0.8090353511531931
ds000164,sub-020,1,50,stroop,neutral,208.957,1.0,0.718,718.0,0.0,0.0,982.0,1.0,50,-1.2849384988903656
ds000164,sub-020,1,51,stroop,neutral,211.958,1.0,0.712,712.0,1.0,0.0,718.0,0.0,51,-1.3325288136640827
ds000164,sub-020,1,52,stroop,congruent,214.959,1.0,0.778,778.0,1.0,0.0,712.0,1.0,52,-0.8090353511531931
ds000164,sub-020,1,53,stroop,neutral,217.96,1.0,0.872,872.0,1.0,0.0,778.0,1.0,53,-0.06345375303162298
ds000164,sub-020,1,54,stroop,congruent,220.961,1.0,0.954,954.0,1.0,0.0,872.0,1.0,54,0.5869472155425126
ds000164,sub-020,1,55,stroop,incongruent,223.962,1.0,0.796,796.0,1.0,1.0,954.0,1.0,55,-0.6662644068320414
ds000164,sub-020,1,56,stroop,incongruent,226.963,1.0,0.965,965.0,1.0,1.0,796.0,1.0,56,0.6741961259609942
ds000164,sub-020,1,57,stroop,neutral,229.964,1.0,0.756,756.0,1.0,0.0,965.0,1.0,57,-0.9835331719901563
ds000164,sub-020,1,58,stroop,neutral,246.465,1.0,0.911,911.0,1.0,0.0,756.0,1.0,58,0.24588329299753908
ds000164,sub-020,1,59,stroop,neutral,255.47,1.0,1.031,1031.0,1.0,0.0,911.0,1.0,59,1.197689588471884
ds000164,sub-020,1,60,stroop,incongruent,258.473,1.0,0.957,957.0,1.0,1.0,1031.0,1.0,60,0.6107423729293713
ds000164,sub-020,1,61,stroop,incongruent,262.975,1.0,0.901,901.0,1.0,1.0,957.0,1.0,61,0.16656610170801034
ds000164,sub-020,1,62,stroop,congruent,267.476,1.0,0.87,870.0,1.0,0.0,901.0,1.0,62,-0.07931719128952873
ds000164,sub-020,1,63,stroop,incongruent,271.978,1.0,0.966,966.0,1.0,1.0,870.0,1.0,63,0.6821278450899472
ds000164,sub-020,1,64,stroop,congruent,274.979,1.0,0.77,770.0,1.0,0.0,966.0,1.0,64,-0.8724891041848161
ds000164,sub-020,1,65,stroop,neutral,279.48,1.0,0.649,649.0,1.0,0.0,770.0,1.0,65,-1.8322271187881138
ds000164,sub-020,1,66,stroop,incongruent,285.482,1.0,1.022,1022.0,0.0,1.0,649.0,1.0,66,1.1263041163113081
ds000164,sub-020,1,67,stroop,congruent,288.484,1.0,0.746,746.0,1.0,0.0,1022.0,0.0,67,-1.062850363279685
ds000164,sub-020,1,68,stroop,neutral,294.485,1.0,0.774,774.0,1.0,0.0,746.0,1.0,68,-0.8407622276690045
ds000164,sub-020,1,69,stroop,incongruent,297.487,1.0,0.96,960.0,1.0,1.0,774.0,1.0,69,0.6345375303162298
ds000164,sub-020,1,70,stroop,neutral,300.488,1.0,0.723,723.0,1.0,0.0,960.0,1.0,70,-1.2452799032456012
ds000164,sub-020,1,71,stroop,neutral,303.489,1.0,0.767,767.0,1.0,0.0,723.0,1.0,71,-0.8962842615716747
ds000164,sub-020,1,72,stroop,congruent,313.99,1.0,0.943,943.0,1.0,0.0,767.0,1.0,72,0.499698305124031
ds000164,sub-020,1,73,stroop,congruent,318.493,1.0,0.719,719.0,1.0,0.0,943.0,1.0,73,-1.2770067797614126
ds000164,sub-020,1,74,stroop,congruent,321.495,1.0,0.868,868.0,1.0,0.0,719.0,1.0,74,-0.09518062954743449
ds000164,sub-020,1,75,stroop,congruent,325.996,1.0,0.954,954.0,1.0,0.0,868.0,1.0,75,0.5869472155425126
ds000164,sub-020,1,76,stroop,congruent,328.997,1.0,0.765,765.0,1.0,0.0,954.0,1.0,76,-0.9121476998295804
ds000164,sub-020,1,77,stroop,congruent,349.998,1.0,0.897,897.0,1.0,0.0,765.0,1.0,77,0.13483922519219885
ds000164,sub-020,1,78,stroop,neutral,353.005,1.0,0.791,791.0,1.0,0.0,897.0,1.0,78,-0.7059230024768057
ds000164,sub-020,1,79,stroop,neutral,356.006,1.0,0.895,895.0,1.0,0.0,791.0,1.0,79,0.1189757869342931
ds000164,sub-020,1,80,stroop,neutral,359.007,1.0,0.901,901.0,1.0,0.0,895.0,1.0,80,0.16656610170801034
ds000164,sub-020,1,81,stroop,incongruent,366.508,1.0,1.021,1020.9999999999999,1.0,1.0,901.0,1.0,81,1.1183723971823543
ds000164,sub-020,1,82,stroop,neutral,369.511,1.0,0.765,765.0,1.0,0.0,1020.9999999999999,1.0,82,-0.9121476998295804
ds000164,sub-020,1,83,stroop,neutral,377.012,1.0,0.813,813.0,1.0,0.0,765.0,1.0,83,-0.5314251816398425
ds000164,sub-020,1,84,stroop,incongruent,389.015,1.0,1.127,1127.0,1.0,1.0,813.0,1.0,84,1.9591346248513597
ds000164,sub-020,1,85,stroop,neutral,392.019,1.0,0.801,801.0,1.0,0.0,1127.0,1.0,85,-0.626605811187277
ds000164,sub-020,1,86,stroop,incongruent,395.02,1.0,0.903,903.0,1.0,1.0,801.0,1.0,86,0.1824295399659161
ds000164,sub-020,1,87,stroop,congruent,398.021,1.0,0.777,777.0,1.0,0.0,903.0,1.0,87,-0.816967070282146
ds000164,sub-020,1,88,stroop,incongruent,402.522,1.0,0.85,850.0,0.0,1.0,777.0,1.0,88,-0.2379515738685862
ds000164,sub-020,1,89,stroop,incongruent,407.023,1.0,0.914,914.0,1.0,1.0,850.0,0.0,89,0.2696784503843977
ds000164,sub-020,1,90,stroop,neutral,410.025,1.0,0.993,993.0,1.0,0.0,914.0,1.0,90,0.8962842615716747
ds000164,sub-020,1,91,stroop,congruent,416.026,1.0,1.113,1113.0,1.0,0.0,993.0,1.0,91,1.8480905570460195
ds000164,sub-020,1,92,stroop,incongruent,419.028,1.0,0.891,891.0,1.0,1.0,1113.0,1.0,92,0.08724891041848161
ds000164,sub-020,1,93,stroop,incongruent,422.029,1.0,0.96,960.0,1.0,1.0,891.0,1.0,93,0.6345375303162298
ds000164,sub-020,1,94,stroop,incongruent,425.03,1.0,0.931,931.0,1.0,1.0,960.0,1.0,94,0.40451767557659657
ds000164,sub-020,1,95,stroop,congruent,431.031,1.0,0.857,857.0,1.0,0.0,931.0,1.0,95,-0.1824295399659161
ds000164,sub-020,1,96,stroop,neutral,435.533,1.0,0.917,917.0,0.0,0.0,857.0,1.0,96,0.2934736077712563
ds000164,sub-020,1,97,stroop,congruent,441.534,1.0,1.165,1165.0,1.0,0.0,917.0,0.0,97,2.2605399517515687
ds000164,sub-020,1,98,stroop,neutral,444.536,1.0,0.754,754.0,1.0,0.0,1165.0,1.0,98,-0.999396610248062
ds000164,sub-020,1,99,stroop,incongruent,449.037,1.0,0.911,911.0,1.0,1.0,754.0,1.0,99,0.24588329299753908
ds000164,sub-020,1,100,stroop,neutral,452.039,1.0,0.717,717.0,1.0,0.0,911.0,1.0,100,-1.2928702180193183
ds000164,sub-020,1,101,stroop,congruent,458.04,1.0,0.76,760.0,1.0,0.0,717.0,1.0,101,-0.9518062954743448
ds000164,sub-020,1,102,stroop,congruent,462.542,1.0,0.917,917.0,1.0,0.0,760.0,1.0,102,0.2934736077712563
ds000164,sub-020,1,103,stroop,incongruent,465.543,1.0,0.958,958.0,0.0,1.0,917.0,1.0,103,0.6186740920583241
ds000164,sub-020,1,104,stroop,congruent,468.544,1.0,0.747,747.0,1.0,0.0,958.0,0.0,104,-1.054918644150732
ds000164,sub-020,1,105,stroop,congruent,474.545,1.0,0.738,738.0,1.0,0.0,747.0,1.0,105,-1.1263041163113081
ds000164,sub-020,1,106,stroop,incongruent,477.547,1.0,0.914,914.0,1.0,1.0,738.0,1.0,106,0.2696784503843977
ds000164,sub-020,1,107,stroop,neutral,483.548,1.0,0.755,755.0,1.0,0.0,914.0,1.0,107,-0.9914648911191092
ds000164,sub-020,1,108,stroop,congruent,486.55,1.0,0.769,769.0,1.0,0.0,755.0,1.0,108,-0.8804208233137689
ds000164,sub-020,1,109,stroop,incongruent,491.051,1.0,0.949,949.0,1.0,1.0,769.0,1.0,109,0.5472886198977482
ds000164,sub-020,1,110,stroop,neutral,497.053,1.0,0.866,866.0,1.0,0.0,949.0,1.0,110,-0.11104406780534024
ds000164,sub-020,1,111,stroop,incongruent,500.055,1.0,0.942,942.0,1.0,1.0,866.0,1.0,111,0.49176658599507816
ds000164,sub-020,1,112,stroop,congruent,503.056,1.0,0.911,911.0,1.0,0.0,942.0,1.0,112,0.24588329299753908
ds000164,sub-020,1,113,stroop,incongruent,506.057,1.0,0.963,963.0,1.0,1.0,911.0,1.0,113,0.6583326877030885
ds000164,sub-020,1,114,stroop,congruent,509.058,1.0,0.924,924.0,1.0,0.0,963.0,1.0,114,0.34899564167392644
ds000164,sub-020,1,115,stroop,incongruent,513.559,1.0,0.933,933.0,1.0,1.0,924.0,1.0,115,0.4203811138345023
ds000164,sub-020,1,116,stroop,incongruent,516.561,1.0,0.872,872.0,1.0,1.0,933.0,1.0,116,-0.06345375303162298
ds000164,sub-020,1,117,stroop,neutral,524.062,1.0,0.997,997.0,1.0,0.0,872.0,1.0,117,0.9280111380874863
ds000164,sub-020,1,118,stroop,neutral,531.564,1.0,1.18,1180.0,1.0,0.0,997.0,1.0,118,2.379515738685862
ds000164,sub-020,1,119,stroop,congruent,534.567,1.0,0.974,974.0,1.0,0.0,1180.0,1.0,119,0.7455815981215701
ds000164,sub-021,1,1,stroop,congruent,0.396,1.0,1.229,1229.0,1.0,0.0,,,1,2.9837556449284657
ds000164,sub-021,1,2,stroop,neutral,3.406,1.0,0.794,794.0,1.0,0.0,1229.0,1.0,2,0.24549888217765858
ds000164,sub-021,1,3,stroop,neutral,6.407,1.0,0.62,620.0,1.0,0.0,794.0,1.0,3,-0.8498038229226643
ds000164,sub-021,1,4,stroop,neutral,9.408,1.0,0.632,632.0,1.0,0.0,620.0,1.0,4,-0.7742657053295386
ds000164,sub-021,1,5,stroop,incongruent,13.909,1.0,0.675,675.0,1.0,1.0,632.0,1.0,5,-0.5035874506208381
ds000164,sub-021,1,6,stroop,neutral,16.91,1.0,0.719,719.0,1.0,0.0,675.0,1.0,6,-0.22661435277937717
ds000164,sub-021,1,7,stroop,neutral,24.411,1.0,0.792,792.0,1.0,0.0,719.0,1.0,7,0.23290919591213763
ds000164,sub-021,1,8,stroop,neutral,27.414,1.0,0.763,763.0,1.0,0.0,792.0,1.0,8,0.050358745062083814
ds000164,sub-021,1,9,stroop,neutral,34.915,1.0,0.695,695.0,1.0,0.0,763.0,1.0,9,-0.3776905879656286
ds000164,sub-021,1,10,stroop,incongruent,46.917,1.0,0.76,760.0,1.0,1.0,695.0,1.0,10,0.03147421566380238
ds000164,sub-021,1,11,stroop,incongruent,60.421,1.0,0.72,720.0,1.0,1.0,760.0,1.0,11,-0.22031950964661667
ds000164,sub-021,1,12,stroop,neutral,64.926,1.0,0.904,904.0,1.0,0.0,720.0,1.0,12,0.937931626781311
ds000164,sub-021,1,13,stroop,incongruent,73.927,1.0,0.676,676.0,1.0,1.0,904.0,1.0,13,-0.49729260748807763
ds000164,sub-021,1,14,stroop,incongruent,76.93,1.0,0.767,767.0,1.0,1.0,676.0,1.0,14,0.07553811759312572
ds000164,sub-021,1,15,stroop,neutral,87.431,1.0,0.957,957.0,1.0,0.0,767.0,1.0,15,1.2715583128176162
ds000164,sub-021,1,16,stroop,incongruent,93.435,1.0,0.692,692.0,1.0,1.0,957.0,1.0,16,-0.39657511736391005
ds000164,sub-021,1,17,stroop,neutral,96.437,1.0,0.834,834.0,1.0,0.0,692.0,1.0,17,0.49729260748807763
ds000164,sub-021,1,18,stroop,congruent,99.438,1.0,0.7,700.0,1.0,0.0,834.0,1.0,18,-0.3462163723018262
ds000164,sub-021,1,19,stroop,congruent,102.439,1.0,0.624,624.0,1.0,0.0,700.0,1.0,19,-0.8246244503916225
ds000164,sub-021,1,20,stroop,incongruent,105.44,1.0,0.843,843.0,1.0,1.0,624.0,1.0,20,0.5539461956829219
ds000164,sub-021,1,21,stroop,congruent,111.441,1.0,0.639,639.0,1.0,0.0,843.0,1.0,21,-0.7302018034002152
ds000164,sub-021,1,22,stroop,congruent,114.443,1.0,0.75,750.0,1.0,0.0,639.0,1.0,22,-0.03147421566380238
ds000164,sub-021,1,23,stroop,congruent,117.444,1.0,0.632,632.0,1.0,0.0,750.0,1.0,23,-0.7742657053295386
ds000164,sub-021,1,24,stroop,congruent,120.445,1.0,0.721,721.0,1.0,0.0,632.0,1.0,24,-0.2140246665138562
ds000164,sub-021,1,25,stroop,neutral,123.446,1.0,0.698,698.0,1.0,0.0,721.0,1.0,25,-0.35880605856734715
ds000164,sub-021,1,26,stroop,incongruent,126.447,1.0,0.692,692.0,1.0,1.0,698.0,1.0,26,-0.39657511736391005
ds000164,sub-021,1,27,stroop,neutral,130.948,1.0,0.716,716.0,1.0,0.0,692.0,1.0,27,-0.24549888217765858
ds000164,sub-021,1,28,stroop,congruent,135.45,1.0,0.639,639.0,1.0,0.0,716.0,1.0,28,-0.7302018034002152
ds000164,sub-021,1,29,stroop,incongruent,142.951,1.0,1.025,1025.0,1.0,1.0,639.0,1.0,29,1.6996076458453286
ds000164,sub-021,1,30,stroop,congruent,151.954,1.0,0.872,872.0,1.0,0.0,1025.0,1.0,30,0.7364966465329758
ds000164,sub-021,1,31,stroop,incongruent,156.457,1.0,0.645,645.0,1.0,1.0,872.0,1.0,31,-0.6924327446036525
ds000164,sub-021,1,32,stroop,incongruent,160.958,1.0,0.751,751.0,1.0,1.0,645.0,1.0,32,-0.025179372531041907
ds000164,sub-021,1,33,stroop,congruent,166.96,1.0,0.635,635.0,1.0,0.0,751.0,1.0,33,-0.7553811759312572
ds000164,sub-021,1,34,stroop,incongruent,169.962,1.0,0.842,842.0,1.0,1.0,635.0,1.0,34,0.5476513525501615
ds000164,sub-021,1,35,stroop,congruent,172.963,1.0,0.618,618.0,1.0,0.0,842.0,1.0,35,-0.8623935091881852
ds000164,sub-021,1,36,stroop,congruent,178.964,1.0,0.649,649.0,1.0,0.0,618.0,1.0,36,-0.6672533720726105
ds000164,sub-021,1,37,stroop,congruent,181.966,1.0,0.659,659.0,1.0,0.0,649.0,1.0,37,-0.6043049407450057
ds000164,sub-021,1,38,stroop,neutral,186.467,1.0,0.753,753.0,1.0,0.0,659.0,1.0,38,-0.012589686265520953
ds000164,sub-021,1,39,stroop,congruent,190.968,1.0,0.664,664.0,1.0,0.0,753.0,1.0,39,-0.5728307250812034
ds000164,sub-021,1,40,stroop,congruent,193.97,1.0,0.77,770.0,1.0,0.0,664.0,1.0,40,0.09442264699140715
ds000164,sub-021,1,41,stroop,neutral,196.971,1.0,0.832,832.0,1.0,0.0,770.0,1.0,41,0.4847029212225567
ds000164,sub-021,1,42,stroop,congruent,199.972,1.0,0.723,723.0,1.0,0.0,832.0,1.0,42,-0.20143498024833525
ds000164,sub-021,1,43,stroop,incongruent,204.473,1.0,0.928,928.0,1.0,1.0,723.0,1.0,43,1.0890078619675625
ds000164,sub-021,1,44,stroop,incongruent,207.474,1.0,0.88,880.0,1.0,1.0,928.0,1.0,44,0.7868553915950596
ds000164,sub-021,1,45,stroop,neutral,210.475,1.0,0.804,804.0,1.0,0.0,880.0,1.0,45,0.30844731350526333
ds000164,sub-021,1,46,stroop,incongruent,213.476,1.0,0.94,940.0,1.0,1.0,804.0,1.0,46,1.164545979560688
ds000164,sub-021,1,47,stroop,neutral,216.477,1.0,0.662,662.0,1.0,0.0,940.0,1.0,47,-0.5854204113467243
ds000164,sub-021,1,48,stroop,congruent,219.479,1.0,0.658,658.0,1.0,0.0,662.0,1.0,48,-0.6105997838777663
ds000164,sub-021,1,49,stroop,neutral,222.48,1.0,0.642,642.0,1.0,0.0,658.0,1.0,49,-0.7113172740019339
ds000164,sub-021,1,50,stroop,neutral,225.481,1.0,0.686,686.0,1.0,0.0,642.0,1.0,50,-0.4343441761604729
ds000164,sub-021,1,51,stroop,congruent,228.482,1.0,0.665,665.0,1.0,0.0,686.0,1.0,51,-0.5665358819484428
ds000164,sub-021,1,52,stroop,congruent,231.483,1.0,0.622,622.0,1.0,0.0,665.0,1.0,52,-0.8372141366571434
ds000164,sub-021,1,53,stroop,incongruent,237.484,1.0,0.78,780.0,1.0,1.0,622.0,1.0,53,0.15737107831901193
ds000164,sub-021,1,54,stroop,neutral,240.486,1.0,0.766,766.0,1.0,0.0,780.0,1.0,54,0.06924327446036524
ds000164,sub-021,1,55,stroop,congruent,246.487,1.0,0.59,590.0,1.0,0.0,766.0,1.0,55,-1.0386491169054786
ds000164,sub-021,1,56,stroop,congruent,249.489,1.0,0.684,684.0,1.0,0.0,590.0,1.0,56,-0.4469338624259938
ds000164,sub-021,1,57,stroop,neutral,252.49,1.0,0.728,728.0,1.0,0.0,684.0,1.0,57,-0.16996076458453285
ds000164,sub-021,1,58,stroop,incongruent,258.491,1.0,0.791,791.0,1.0,1.0,728.0,1.0,58,0.22661435277937717
ds000164,sub-021,1,59,stroop,incongruent,261.493,1.0,0.72,720.0,1.0,1.0,791.0,1.0,59,-0.22031950964661667
ds000164,sub-021,1,60,stroop,congruent,264.494,1.0,0.707,707.0,1.0,0.0,720.0,1.0,60,-0.30215247037250287
ds000164,sub-021,1,61,stroop,incongruent,270.495,1.0,0.972,972.0,1.0,1.0,707.0,1.0,61,1.3659809598090233
ds000164,sub-021,1,62,stroop,congruent,277.997,1.0,0.694,694.0,1.0,0.0,972.0,1.0,62,-0.38398543109838906
ds000164,sub-021,1,63,stroop,incongruent,282.499,1.0,1.158,1158.0,1.0,1.0,694.0,1.0,63,2.536821782502472
ds000164,sub-021,1,64,stroop,neutral,288.501,1.0,0.712,712.0,1.0,0.0,1158.0,1.0,64,-0.2706782547087005
ds000164,sub-021,1,65,stroop,neutral,291.503,1.0,0.704,704.0,1.0,0.0,712.0,1.0,65,-0.3210369997707843
ds000164,sub-021,1,66,stroop,incongruent,296.004,1.0,0.674,674.0,1.0,1.0,704.0,1.0,66,-0.5098822937535986
ds000164,sub-021,1,67,stroop,congruent,300.505,1.0,0.673,673.0,1.0,0.0,674.0,1.0,67,-0.516177136886359
ds000164,sub-021,1,68,stroop,congruent,303.507,1.0,0.821,821.0,1.0,0.0,673.0,1.0,68,0.41545964676219144
ds000164,sub-021,1,69,stroop,incongruent,306.508,1.0,0.755,755.0,0.0,1.0,821.0,1.0,69,0.0
ds000164,sub-021,1,70,stroop,congruent,317.009,1.0,0.82,820.0,1.0,0.0,755.0,0.0,70,0.409164803629431
ds000164,sub-021,1,71,stroop,neutral,323.012,1.0,0.635,635.0,1.0,0.0,820.0,1.0,71,-0.7553811759312572
ds000164,sub-021,1,72,stroop,neutral,326.014,1.0,0.86,860.0,1.0,0.0,635.0,1.0,72,0.6609585289398501
ds000164,sub-021,1,73,stroop,neutral,329.015,1.0,0.697,697.0,1.0,0.0,860.0,1.0,73,-0.3651009017001076
ds000164,sub-021,1,74,stroop,incongruent,332.016,1.0,0.866,866.0,1.0,1.0,697.0,1.0,74,0.6987275877364129
ds000164,sub-021,1,75,stroop,incongruent,338.017,1.0,0.966,966.0,1.0,1.0,866.0,1.0,75,1.3282119010124604
ds000164,sub-021,1,76,stroop,neutral,342.519,1.0,0.697,697.0,1.0,0.0,966.0,1.0,76,-0.3651009017001076
ds000164,sub-021,1,77,stroop,incongruent,345.521,1.0,0.883,883.0,1.0,1.0,697.0,1.0,77,0.805739920993341
ds000164,sub-021,1,78,stroop,incongruent,350.022,1.0,1.302,1302.0,0.0,1.0,883.0,1.0,78,3.4432791936199805
ds000164,sub-021,1,79,stroop,neutral,353.024,1.0,0.769,769.0,1.0,0.0,1302.0,0.0,79,0.08812780385864667
ds000164,sub-021,1,80,stroop,incongruent,357.525,1.0,0.709,709.0,1.0,1.0,769.0,1.0,80,-0.28956278410698194
ds000164,sub-021,1,81,stroop,congruent,360.526,1.0,0.873,873.0,1.0,0.0,709.0,1.0,81,0.7427914896657363
ds000164,sub-021,1,82,stroop,congruent,363.527,1.0,0.665,665.0,1.0,0.0,873.0,1.0,82,-0.5665358819484428
ds000164,sub-021,1,83,stroop,incongruent,368.028,1.0,0.742,742.0,1.0,1.0,665.0,1.0,83,-0.0818329607258862
ds000164,sub-021,1,84,stroop,incongruent,374.03,1.0,0.688,688.0,1.0,1.0,742.0,1.0,84,-0.4217544898949519
ds000164,sub-021,1,85,stroop,incongruent,377.032,1.0,0.902,902.0,1.0,1.0,688.0,1.0,85,0.92534194051579
ds000164,sub-021,1,86,stroop,congruent,383.033,1.0,0.927,927.0,1.0,0.0,902.0,1.0,86,1.082713018834802
ds000164,sub-021,1,87,stroop,congruent,387.535,1.0,0.805,805.0,1.0,0.0,927.0,1.0,87,0.31474215663802385
ds000164,sub-021,1,88,stroop,neutral,392.036,1.0,0.694,694.0,1.0,0.0,805.0,1.0,88,-0.38398543109838906
ds000164,sub-021,1,89,stroop,congruent,401.038,1.0,1.084,1084.0,1.0,0.0,694.0,1.0,89,2.0710033906781966
ds000164,sub-021,1,90,stroop,congruent,405.541,1.0,0.788,788.0,1.0,0.0,1084.0,1.0,90,0.20772982338109572
ds000164,sub-021,1,91,stroop,congruent,413.042,1.0,0.918,918.0,1.0,0.0,788.0,1.0,91,1.0260594306399577
ds000164,sub-021,1,92,stroop,neutral,416.045,1.0,0.877,877.0,1.0,0.0,918.0,1.0,92,0.7679708621967781
ds000164,sub-021,1,93,stroop,neutral,419.046,1.0,0.956,956.0,1.0,0.0,877.0,1.0,93,1.2652634696848557
ds000164,sub-021,1,94,stroop,congruent,422.047,1.0,0.81,810.0,1.0,0.0,956.0,1.0,94,0.3462163723018262
ds000164,sub-021,1,95,stroop,congruent,425.048,1.0,0.838,838.0,1.0,0.0,810.0,1.0,95,0.5224719800191195
ds000164,sub-021,1,96,stroop,neutral,428.049,1.0,0.825,825.0,1.0,0.0,838.0,1.0,96,0.44063901929323335
ds000164,sub-021,1,97,stroop,neutral,432.55,1.0,0.961,961.0,1.0,0.0,825.0,1.0,97,1.296737685348658
ds000164,sub-021,1,98,stroop,congruent,435.551,1.0,0.863,863.0,1.0,0.0,961.0,1.0,98,0.6798430583381314
ds000164,sub-021,1,99,stroop,congruent,444.552,1.0,0.721,721.0,1.0,0.0,863.0,1.0,99,-0.2140246665138562
ds000164,sub-021,1,100,stroop,neutral,447.555,1.0,0.782,782.0,1.0,0.0,721.0,1.0,100,0.16996076458453285
ds000164,sub-021,1,101,stroop,neutral,452.056,1.0,0.943,943.0,1.0,0.0,782.0,1.0,101,1.1834305089589696
ds000164,sub-021,1,102,stroop,congruent,456.558,1.0,0.719,719.0,1.0,0.0,943.0,1.0,102,-0.22661435277937717
ds000164,sub-021,1,103,stroop,neutral,462.559,1.0,0.78,780.0,1.0,0.0,719.0,1.0,103,0.15737107831901193
ds000164,sub-021,1,104,stroop,neutral,465.561,1.0,0.751,751.0,1.0,0.0,780.0,1.0,104,-0.025179372531041907
ds000164,sub-021,1,105,stroop,congruent,471.563,1.0,0.594,594.0,1.0,0.0,751.0,1.0,105,-1.0134697443744367
ds000164,sub-021,1,106,stroop,incongruent,476.065,1.0,1.537,1537.0,1.0,1.0,594.0,1.0,106,4.922567329818692
ds000164,sub-021,1,107,stroop,incongruent,480.566,1.0,0.706,706.0,1.0,1.0,1537.0,1.0,107,-0.30844731350526333
ds000164,sub-021,1,108,stroop,neutral,486.568,1.0,0.733,733.0,1.0,0.0,706.0,1.0,108,-0.13848654892073048
ds000164,sub-021,1,109,stroop,incongruent,491.07,1.0,1.176,1176.0,1.0,1.0,733.0,1.0,109,2.650128958892161
ds000164,sub-021,1,110,stroop,neutral,494.071,1.0,0.827,827.0,1.0,0.0,1176.0,1.0,110,0.45322870555875433
ds000164,sub-021,1,111,stroop,congruent,498.572,1.0,0.576,576.0,1.0,0.0,827.0,1.0,111,-1.1267769207641254
ds000164,sub-021,1,112,stroop,neutral,503.074,1.0,0.772,772.0,1.0,0.0,576.0,1.0,112,0.1070123332569281
ds000164,sub-021,1,113,stroop,neutral,506.075,1.0,0.866,866.0,1.0,0.0,772.0,1.0,113,0.6987275877364129
ds000164,sub-021,1,114,stroop,neutral,509.076,1.0,0.737,737.0,1.0,0.0,866.0,1.0,114,-0.11330717638968858
ds000164,sub-021,1,115,stroop,neutral,512.077,1.0,0.841,841.0,1.0,0.0,737.0,1.0,115,0.541356509417401
ds000164,sub-021,1,116,stroop,incongruent,516.578,1.0,0.925,925.0,1.0,1.0,841.0,1.0,116,1.070123332569281
ds000164,sub-021,1,117,stroop,incongruent,519.58,1.0,1.139,1139.0,1.0,1.0,925.0,1.0,117,2.417219762980023
ds000164,sub-021,1,118,stroop,incongruent,524.081,1.0,1.277,1277.0,0.0,1.0,1139.0,1.0,118,3.285908115300969
ds000164,sub-021,1,119,stroop,congruent,527.082,1.0,0.847,847.0,1.0,0.0,1277.0,0.0,119,0.5791255682139639
ds000164,sub-022,1,1,stroop,congruent,1.895,1.0,0.954,954.0,0.0,0.0,,,1,0.980357512059474
ds000164,sub-022,1,2,stroop,incongruent,4.901,1.0,0.73,730.0,1.0,1.0,954.0,0.0,2,-0.3505520800697513
ds000164,sub-022,1,3,stroop,congruent,9.402,1.0,0.786,786.0,1.0,0.0,730.0,1.0,3,-0.01782468203744498
ds000164,sub-022,1,4,stroop,neutral,12.403,1.0,0.96,960.0,1.0,0.0,786.0,1.0,4,1.016006876134364
ds000164,sub-022,1,5,stroop,congruent,16.904,1.0,0.649,649.0,1.0,0.0,960.0,1.0,5,-0.8318184950807658
ds000164,sub-022,1,6,stroop,incongruent,19.906,1.0,1.088,1088.0,1.0,1.0,649.0,1.0,6,1.7765266430653497
ds000164,sub-022,1,7,stroop,neutral,22.907,1.0,0.89,890.0,1.0,0.0,1088.0,1.0,7,0.600097628593981
ds000164,sub-022,1,8,stroop,neutral,34.908,1.0,1.035,1035.0,1.0,0.0,890.0,1.0,8,1.4616239270704885
ds000164,sub-022,1,9,stroop,neutral,40.912,1.0,0.756,756.0,1.0,0.0,1035.0,1.0,9,-0.19607150241189478
ds000164,sub-022,1,10,stroop,neutral,43.914,1.0,0.632,632.0,1.0,0.0,756.0,1.0,10,-0.9328250266262873
ds000164,sub-022,1,11,stroop,congruent,52.915,1.0,1.047,1047.0,1.0,0.0,632.0,1.0,11,1.5329226552202684
ds000164,sub-022,1,12,stroop,neutral,55.918,1.0,0.711,711.0,1.0,0.0,1047.0,1.0,12,-0.4634417329735695
ds000164,sub-022,1,13,stroop,neutral,60.419,1.0,0.837,837.0,1.0,0.0,711.0,1.0,13,0.28519491259911967
ds000164,sub-022,1,14,stroop,incongruent,63.42,1.0,1.195,1195.0,0.0,1.0,837.0,1.0,14,2.4122736357342207
ds000164,sub-022,1,15,stroop,incongruent,66.421,1.0,0.909,909.0,1.0,1.0,1195.0,0.0,15,0.7129872814977992
ds000164,sub-022,1,16,stroop,neutral,70.923,1.0,0.744,744.0,1.0,0.0,909.0,1.0,16,-0.2673702305616747
ds000164,sub-022,1,17,stroop,neutral,73.924,1.0,0.948,948.0,1.0,0.0,744.0,1.0,17,0.9447081479845839
ds000164,sub-022,1,18,stroop,congruent,76.925,1.0,0.62,620.0,1.0,0.0,948.0,1.0,18,-1.0041237547760673
ds000164,sub-022,1,19,stroop,neutral,79.926,1.0,0.764,764.0,1.0,0.0,620.0,1.0,19,-0.14853901697870817
ds000164,sub-022,1,20,stroop,incongruent,82.927,1.0,1.03,1030.0,1.0,1.0,764.0,1.0,20,1.4319161236747469
ds000164,sub-022,1,21,stroop,congruent,85.928,1.0,0.687,687.0,1.0,0.0,1030.0,1.0,21,-0.6060391892731294
ds000164,sub-022,1,22,stroop,incongruent,88.929,1.0,1.088,1088.0,1.0,1.0,687.0,1.0,22,1.7765266430653497
ds000164,sub-022,1,23,stroop,incongruent,91.93,1.0,0.925,925.0,1.0,1.0,1088.0,1.0,23,0.8080522523641724
ds000164,sub-022,1,24,stroop,congruent,94.931,1.0,0.721,721.0,1.0,0.0,925.0,1.0,24,-0.4040261261820862
ds000164,sub-022,1,25,stroop,congruent,99.432,1.0,0.88,880.0,1.0,0.0,721.0,1.0,25,0.5406820218024977
ds000164,sub-022,1,26,stroop,neutral,102.434,1.0,0.74,740.0,1.0,0.0,880.0,1.0,26,-0.291136473278268
ds000164,sub-022,1,27,stroop,neutral,105.435,1.0,0.847,847.0,1.0,0.0,740.0,1.0,27,0.34461051939060294
ds000164,sub-022,1,28,stroop,congruent,108.436,1.0,0.823,823.0,1.0,0.0,847.0,1.0,28,0.2020130630910431
ds000164,sub-022,1,29,stroop,neutral,111.437,1.0,0.732,732.0,1.0,0.0,823.0,1.0,29,-0.33866895871145464
ds000164,sub-022,1,30,stroop,neutral,117.438,1.0,0.87,870.0,1.0,0.0,732.0,1.0,30,0.48126641501101447
ds000164,sub-022,1,31,stroop,neutral,120.44,1.0,0.734,734.0,1.0,0.0,870.0,1.0,31,-0.32678583735315797
ds000164,sub-022,1,32,stroop,incongruent,123.441,1.0,0.751,751.0,1.0,1.0,734.0,1.0,32,-0.22577930580763642
ds000164,sub-022,1,33,stroop,congruent,127.942,1.0,0.601,601.0,1.0,0.0,751.0,1.0,33,-1.1170134076798854
ds000164,sub-022,1,34,stroop,incongruent,136.943,1.0,1.238,1238.0,1.0,1.0,601.0,1.0,34,2.6677607449375986
ds000164,sub-022,1,35,stroop,neutral,141.446,1.0,1.042,1042.0,1.0,0.0,1238.0,1.0,35,1.5032148518245267
ds000164,sub-022,1,36,stroop,congruent,147.448,1.0,0.75,750.0,1.0,0.0,1042.0,1.0,36,-0.23172086648678475
ds000164,sub-022,1,37,stroop,congruent,153.45,1.0,0.641,641.0,1.0,0.0,750.0,1.0,37,-0.8793509805139523
ds000164,sub-022,1,38,stroop,incongruent,156.452,1.0,0.767,767.0,0.0,1.0,641.0,1.0,38,-0.1307143349412632
ds000164,sub-022,1,39,stroop,incongruent,159.453,1.0,0.836,836.0,1.0,1.0,767.0,0.0,39,0.27925335191997136
ds000164,sub-022,1,40,stroop,incongruent,163.954,1.0,0.0,,0.0,1.0,836.0,1.0,40,
ds000164,sub-022,1,41,stroop,incongruent,168.455,1.0,1.073,1073.0,1.0,1.0,,0.0,41,1.6874032328781248
ds000164,sub-022,1,42,stroop,neutral,171.457,1.0,0.832,832.0,1.0,0.0,1073.0,1.0,42,0.255487109203378
ds000164,sub-022,1,43,stroop,incongruent,175.958,1.0,0.869,869.0,1.0,1.0,832.0,1.0,43,0.47532485433186616
ds000164,sub-022,1,44,stroop,congruent,178.959,1.0,0.85,850.0,1.0,0.0,869.0,1.0,44,0.3624352014280479
ds000164,sub-022,1,45,stroop,neutral,186.46,1.0,0.916,916.0,1.0,0.0,850.0,1.0,45,0.7545782062518375
ds000164,sub-022,1,46,stroop,congruent,199.963,1.0,0.792,792.0,1.0,0.0,916.0,1.0,46,0.01782468203744498
ds000164,sub-022,1,47,stroop,congruent,202.968,1.0,0.598,598.0,1.0,0.0,792.0,1.0,47,-1.1348380897173305
ds000164,sub-022,1,48,stroop,congruent,208.969,1.0,0.746,746.0,1.0,0.0,598.0,1.0,48,-0.255487109203378
ds000164,sub-022,1,49,stroop,incongruent,217.971,1.0,0.688,688.0,1.0,1.0,746.0,1.0,49,-0.600097628593981
ds000164,sub-022,1,50,stroop,congruent,225.474,1.0,0.766,766.0,1.0,0.0,688.0,1.0,50,-0.13665589562041153
ds000164,sub-022,1,51,stroop,congruent,228.476,1.0,0.598,598.0,1.0,0.0,766.0,1.0,51,-1.1348380897173305
ds000164,sub-022,1,52,stroop,neutral,231.477,1.0,0.944,944.0,1.0,0.0,598.0,1.0,52,0.9209419052679907
ds000164,sub-022,1,53,stroop,incongruent,234.478,1.0,0.0,,0.0,1.0,944.0,1.0,53,
ds000164,sub-022,1,54,stroop,incongruent,237.479,1.0,0.792,792.0,1.0,1.0,,0.0,54,0.01782468203744498
ds000164,sub-022,1,55,stroop,incongruent,247.98,1.0,1.194,1194.0,1.0,1.0,792.0,1.0,55,2.4063320750550723
ds000164,sub-022,1,56,stroop,neutral,250.984,1.0,0.951,951.0,1.0,0.0,1194.0,1.0,56,0.9625328300220289
ds000164,sub-022,1,57,stroop,neutral,253.985,1.0,0.737,737.0,1.0,0.0,951.0,1.0,57,-0.308961155315713
ds000164,sub-022,1,58,stroop,congruent,256.986,1.0,1.014,1014.0,0.0,0.0,737.0,1.0,58,1.3368511528083735
ds000164,sub-022,1,59,stroop,incongruent,264.487,1.0,1.158,1158.0,0.0,1.0,1014.0,0.0,59,2.1924358906057324
ds000164,sub-022,1,60,stroop,neutral,267.489,1.0,0.833,833.0,1.0,0.0,1158.0,0.0,60,0.2614286698825264
ds000164,sub-022,1,61,stroop,congruent,270.49,1.0,0.675,675.0,1.0,0.0,833.0,1.0,61,-0.6773379174229093
ds000164,sub-022,1,62,stroop,incongruent,274.991,1.0,1.088,1088.0,1.0,1.0,675.0,1.0,62,1.7765266430653497
ds000164,sub-022,1,63,stroop,congruent,292.993,1.0,0.702,702.0,1.0,0.0,1088.0,1.0,63,-0.5169157790859045
ds000164,sub-022,1,64,stroop,neutral,295.999,1.0,0.836,836.0,1.0,0.0,702.0,1.0,64,0.27925335191997136
ds000164,sub-022,1,65,stroop,neutral,300.5,1.0,0.817,817.0,1.0,0.0,836.0,1.0,65,0.16636369901615314
ds000164,sub-022,1,66,stroop,congruent,303.501,1.0,0.664,664.0,1.0,0.0,817.0,1.0,66,-0.7426950848935409
ds000164,sub-022,1,67,stroop,incongruent,306.502,1.0,0.759,759.0,0.0,1.0,664.0,1.0,67,-0.1782468203744498
ds000164,sub-022,1,68,stroop,congruent,311.004,1.0,0.802,802.0,1.0,0.0,759.0,0.0,68,0.07724028882892825
ds000164,sub-022,1,69,stroop,congruent,314.005,1.0,0.738,738.0,1.0,0.0,802.0,1.0,69,-0.3030195946365647
ds000164,sub-022,1,70,stroop,incongruent,317.006,1.0,0.902,902.0,1.0,1.0,738.0,1.0,70,0.671396356743761
ds000164,sub-022,1,71,stroop,neutral,321.507,1.0,0.844,844.0,1.0,0.0,902.0,1.0,71,0.32678583735315797
ds000164,sub-022,1,72,stroop,neutral,329.009,1.0,0.836,836.0,1.0,0.0,844.0,1.0,72,0.27925335191997136
ds000164,sub-022,1,73,stroop,incongruent,332.011,1.0,0.97,970.0,0.0,1.0,836.0,1.0,73,1.0754224829258472
ds000164,sub-022,1,74,stroop,incongruent,335.012,1.0,1.116,1116.0,1.0,1.0,970.0,0.0,74,1.942890342081503
ds000164,sub-022,1,75,stroop,incongruent,338.013,1.0,0.785,785.0,1.0,1.0,1116.0,1.0,75,-0.02376624271659331
ds000164,sub-022,1,76,stroop,neutral,341.014,1.0,0.972,972.0,1.0,0.0,785.0,1.0,76,1.0873056042841438
ds000164,sub-022,1,77,stroop,congruent,345.515,1.0,0.719,719.0,1.0,0.0,972.0,1.0,77,-0.4159092475403829
ds000164,sub-022,1,78,stroop,congruent,348.517,1.0,0.606,606.0,1.0,0.0,719.0,1.0,78,-1.0873056042841438
ds000164,sub-022,1,79,stroop,neutral,351.518,1.0,0.8,800.0,1.0,0.0,606.0,1.0,79,0.0653571674706316
ds000164,sub-022,1,80,stroop,incongruent,354.519,1.0,0.941,941.0,0.0,1.0,800.0,1.0,80,0.9031172232305457
ds000164,sub-022,1,81,stroop,congruent,357.52,1.0,0.665,665.0,1.0,0.0,941.0,0.0,81,-0.7367535242143926
ds000164,sub-022,1,82,stroop,congruent,366.521,1.0,0.762,762.0,1.0,0.0,665.0,1.0,82,-0.16042213833700483
ds000164,sub-022,1,83,stroop,congruent,369.524,1.0,1.281,1281.0,1.0,0.0,762.0,1.0,83,2.923247854140977
ds000164,sub-022,1,84,stroop,neutral,372.525,1.0,0.86,860.0,1.0,0.0,1281.0,1.0,84,0.4218508082195312
ds000164,sub-022,1,85,stroop,incongruent,375.526,1.0,0.967,967.0,1.0,1.0,860.0,1.0,85,1.0575978008884022
ds000164,sub-022,1,86,stroop,neutral,378.527,1.0,0.561,561.0,1.0,0.0,967.0,1.0,86,-1.3546758348458185
ds000164,sub-022,1,87,stroop,neutral,381.528,1.0,1.293,1293.0,1.0,0.0,561.0,1.0,87,2.9945465822907567
ds000164,sub-022,1,88,stroop,neutral,384.529,1.0,0.664,664.0,1.0,0.0,1293.0,1.0,88,-0.7426950848935409
ds000164,sub-022,1,89,stroop,congruent,389.03,1.0,0.605,605.0,1.0,0.0,664.0,1.0,89,-1.0932471649632922
ds000164,sub-022,1,90,stroop,incongruent,392.031,1.0,1.019,1018.9999999999999,1.0,1.0,605.0,1.0,90,1.3665589562041145
ds000164,sub-022,1,91,stroop,neutral,395.032,1.0,0.733,733.0,1.0,0.0,1018.9999999999999,1.0,91,-0.3327273980323063
ds000164,sub-022,1,92,stroop,congruent,398.033,1.0,0.65,650.0,1.0,0.0,733.0,1.0,92,-0.8258769344016175
ds000164,sub-022,1,93,stroop,neutral,401.034,1.0,0.739,739.0,1.0,0.0,650.0,1.0,93,-0.29707803395741633
ds000164,sub-022,1,94,stroop,congruent,404.035,1.0,0.8,800.0,1.0,0.0,739.0,1.0,94,0.0653571674706316
ds000164,sub-022,1,95,stroop,congruent,411.536,1.0,0.537,537.0,0.0,0.0,800.0,1.0,95,-1.4972732911453783
ds000164,sub-022,1,96,stroop,neutral,414.539,1.0,0.736,736.0,1.0,0.0,537.0,0.0,96,-0.3149027159948613
ds000164,sub-022,1,97,stroop,incongruent,420.54,1.0,0.609,609.0,1.0,1.0,736.0,1.0,97,-1.0694809222466988
ds000164,sub-022,1,98,stroop,neutral,423.542,1.0,0.758,758.0,0.0,0.0,609.0,1.0,98,-0.18418838105359814
ds000164,sub-022,1,99,stroop,congruent,434.043,1.0,0.716,716.0,1.0,0.0,758.0,0.0,99,-0.43373392957782786
ds000164,sub-022,1,100,stroop,neutral,438.547,1.0,0.702,702.0,1.0,0.0,716.0,1.0,100,-0.5169157790859045
ds000164,sub-022,1,101,stroop,congruent,441.548,1.0,0.621,621.0,1.0,0.0,702.0,1.0,101,-0.9981821940969189
ds000164,sub-022,1,102,stroop,congruent,446.049,1.0,0.755,755.0,1.0,0.0,621.0,1.0,102,-0.2020130630910431
ds000164,sub-022,1,103,stroop,neutral,449.051,1.0,0.699,699.0,1.0,0.0,755.0,1.0,103,-0.5347404611233494
ds000164,sub-022,1,104,stroop,congruent,453.552,1.0,0.694,694.0,1.0,0.0,699.0,1.0,104,-0.564448264519091
ds000164,sub-022,1,105,stroop,incongruent,464.053,1.0,0.809,809.0,1.0,1.0,694.0,1.0,105,0.11883121358296654
ds000164,sub-022,1,106,stroop,incongruent,471.557,1.0,0.537,537.0,1.0,1.0,809.0,1.0,106,-1.4972732911453783
ds000164,sub-022,1,107,stroop,neutral,474.559,1.0,0.926,926.0,1.0,0.0,537.0,1.0,107,0.8139938130433207
ds000164,sub-022,1,108,stroop,incongruent,479.06,1.0,0.752,752.0,1.0,1.0,926.0,1.0,108,-0.21983774512848808
ds000164,sub-022,1,109,stroop,neutral,482.062,1.0,0.759,759.0,1.0,0.0,752.0,1.0,109,-0.1782468203744498
ds000164,sub-022,1,110,stroop,incongruent,485.063,1.0,0.763,763.0,1.0,1.0,759.0,1.0,110,-0.1544805776578565
ds000164,sub-022,1,111,stroop,incongruent,488.064,1.0,0.0,,0.0,1.0,763.0,1.0,111,
ds000164,sub-022,1,112,stroop,congruent,491.065,1.0,0.821,821.0,1.0,0.0,,0.0,112,0.19012994173274647
ds000164,sub-022,1,113,stroop,congruent,495.566,1.0,1.071,1071.0,0.0,0.0,821.0,1.0,113,1.6755201115198282
ds000164,sub-022,1,114,stroop,neutral,506.067,1.0,0.92,920.0,0.0,0.0,1071.0,0.0,114,0.7783444489684308
ds000164,sub-022,1,115,stroop,congruent,513.571,1.0,0.619,619.0,1.0,0.0,920.0,0.0,115,-1.0100653154552155
ds000164,sub-022,1,116,stroop,incongruent,518.073,1.0,0.969,969.0,1.0,1.0,619.0,1.0,116,1.0694809222466988
ds000164,sub-022,1,117,stroop,congruent,521.075,1.0,0.646,646.0,1.0,0.0,969.0,1.0,117,-0.8496431771182107
ds000164,sub-022,1,118,stroop,incongruent,525.576,1.0,1.192,1192.0,0.0,1.0,646.0,1.0,118,2.394448953696776
ds000164,sub-022,1,119,stroop,congruent,533.077,1.0,0.732,732.0,1.0,0.0,1192.0,0.0,119,-0.33866895871145464
ds000164,sub-023,1,1,stroop,neutral,0.347,1.0,0.815,815.0,1.0,0.0,,,1,1.0535126622539646
ds000164,sub-023,1,2,stroop,congruent,3.351,1.0,0.681,681.0,1.0,0.0,815.0,1.0,2,0.059352826042476874
ds000164,sub-023,1,3,stroop,congruent,6.352,1.0,0.615,615.0,1.0,0.0,681.0,1.0,3,-0.43030798880795734
ds000164,sub-023,1,4,stroop,neutral,9.353,1.0,0.684,684.0,1.0,0.0,615.0,1.0,4,0.0816101358084057
ds000164,sub-023,1,5,stroop,congruent,12.354,1.0,0.631,631.0,1.0,0.0,684.0,1.0,5,-0.3116023367230036
ds000164,sub-023,1,6,stroop,neutral,15.355,1.0,0.612,612.0,1.0,0.0,631.0,1.0,6,-0.45256529857388617
ds000164,sub-023,1,7,stroop,incongruent,19.856,1.0,0.546,546.0,1.0,1.0,612.0,1.0,7,-0.9422261134243204
ds000164,sub-023,1,8,stroop,incongruent,22.857,1.0,0.758,758.0,1.0,1.0,546.0,1.0,8,0.6306237767013168
ds000164,sub-023,1,9,stroop,neutral,25.858,1.0,0.597,597.0,1.0,0.0,758.0,1.0,9,-0.5638518474035303
ds000164,sub-023,1,10,stroop,incongruent,28.859,1.0,0.749,749.0,1.0,1.0,597.0,1.0,10,0.5638518474035303
ds000164,sub-023,1,11,stroop,congruent,31.86,1.0,0.673,673.0,1.0,0.0,749.0,1.0,11,0.0
ds000164,sub-023,1,12,stroop,neutral,34.861,1.0,0.492,492.0,1.0,0.0,673.0,1.0,12,-1.3428576892110393
ds000164,sub-023,1,13,stroop,incongruent,40.862,1.0,0.723,723.0,1.0,1.0,492.0,1.0,13,0.37095516276548046
ds000164,sub-023,1,14,stroop,congruent,43.864,1.0,0.642,642.0,1.0,0.0,723.0,1.0,14,-0.22999220091459788
ds000164,sub-023,1,15,stroop,congruent,54.365,1.0,0.45,450.0,1.0,0.0,642.0,1.0,15,-1.6544600259340427
ds000164,sub-023,1,16,stroop,neutral,60.369,1.0,0.768,768.0,0.0,0.0,450.0,1.0,16,0.7048148092544129
ds000164,sub-023,1,17,stroop,congruent,63.371,1.0,0.58,580.0,1.0,0.0,768.0,0.0,17,-0.6899766027437937
ds000164,sub-023,1,18,stroop,congruent,67.872,1.0,0.569,569.0,1.0,0.0,580.0,1.0,18,-0.7715867385521994
ds000164,sub-023,1,19,stroop,incongruent,76.873,1.0,0.572,572.0,1.0,1.0,569.0,1.0,19,-0.7493294287862705
ds000164,sub-023,1,20,stroop,incongruent,79.876,1.0,0.898,898.0,1.0,1.0,572.0,1.0,20,1.6692982324446621
ds000164,sub-023,1,21,stroop,congruent,85.877,1.0,0.684,684.0,1.0,0.0,898.0,1.0,21,0.0816101358084057
ds000164,sub-023,1,22,stroop,neutral,88.879,1.0,0.58,580.0,1.0,0.0,684.0,1.0,22,-0.6899766027437937
ds000164,sub-023,1,23,stroop,congruent,99.38,1.0,0.721,721.0,1.0,0.0,580.0,1.0,23,0.3561169562548612
ds000164,sub-023,1,24,stroop,neutral,102.384,1.0,1.043,1043.0,1.0,0.0,721.0,1.0,24,2.7450682044645554
ds000164,sub-023,1,25,stroop,neutral,109.885,1.0,0.758,758.0,1.0,0.0,1043.0,1.0,25,0.6306237767013168
ds000164,sub-023,1,26,stroop,incongruent,112.887,1.0,0.675,675.0,1.0,1.0,758.0,1.0,26,0.014838206510619218
ds000164,sub-023,1,27,stroop,neutral,120.388,1.0,0.675,675.0,1.0,0.0,675.0,1.0,27,0.014838206510619218
ds000164,sub-023,1,28,stroop,incongruent,129.391,1.0,0.66,660.0,1.0,1.0,675.0,1.0,28,-0.09644834231902492
ds000164,sub-023,1,29,stroop,neutral,132.394,1.0,0.744,744.0,1.0,0.0,660.0,1.0,29,0.5267563311269823
ds000164,sub-023,1,30,stroop,neutral,136.895,1.0,0.72,720.0,1.0,0.0,744.0,1.0,30,0.34869785299955164
ds000164,sub-023,1,31,stroop,neutral,139.896,1.0,0.732,732.0,1.0,0.0,720.0,1.0,31,0.43772709206326693
ds000164,sub-023,1,32,stroop,congruent,144.397,1.0,0.557,557.0,1.0,0.0,732.0,1.0,32,-0.8606159776159147
ds000164,sub-023,1,33,stroop,congruent,150.399,1.0,0.588,588.0,1.0,0.0,557.0,1.0,33,-0.6306237767013168
ds000164,sub-023,1,34,stroop,neutral,153.401,1.0,0.644,644.0,1.0,0.0,588.0,1.0,34,-0.21515399440397867
ds000164,sub-023,1,35,stroop,incongruent,157.902,1.0,0.603,603.0,1.0,1.0,644.0,1.0,35,-0.5193372278716726
ds000164,sub-023,1,36,stroop,incongruent,160.903,1.0,0.555,555.0,0.0,1.0,603.0,1.0,36,-0.8754541841265339
ds000164,sub-023,1,37,stroop,congruent,163.904,1.0,0.737,737.0,1.0,0.0,555.0,0.0,37,0.474822608339815
ds000164,sub-023,1,38,stroop,incongruent,166.906,1.0,0.704,704.0,1.0,1.0,737.0,1.0,38,0.22999220091459788
ds000164,sub-023,1,39,stroop,congruent,174.407,1.0,0.653,653.0,1.0,0.0,704.0,1.0,39,-0.14838206510619217
ds000164,sub-023,1,40,stroop,incongruent,177.409,1.0,0.645,645.0,1.0,1.0,653.0,1.0,40,-0.20773489114866905
ds000164,sub-023,1,41,stroop,incongruent,180.41,1.0,0.589,589.0,1.0,1.0,645.0,1.0,41,-0.6232046734460072
ds000164,sub-023,1,42,stroop,congruent,183.411,1.0,0.66,660.0,1.0,0.0,589.0,1.0,42,-0.09644834231902492
ds000164,sub-023,1,43,stroop,incongruent,186.412,1.0,0.764,764.0,1.0,1.0,660.0,1.0,43,0.6751383962331744
ds000164,sub-023,1,44,stroop,neutral,189.413,1.0,0.716,716.0,1.0,0.0,764.0,1.0,44,0.31902143997831317
ds000164,sub-023,1,45,stroop,neutral,192.414,1.0,0.562,562.0,1.0,0.0,716.0,1.0,45,-0.8235204613393666
ds000164,sub-023,1,46,stroop,incongruent,195.415,1.0,0.684,684.0,1.0,1.0,562.0,1.0,46,0.0816101358084057
ds000164,sub-023,1,47,stroop,incongruent,198.416,1.0,1.02,1020.0,1.0,1.0,684.0,1.0,47,2.5744288295924345
ds000164,sub-023,1,48,stroop,neutral,202.917,1.0,0.654,654.0,1.0,0.0,1020.0,1.0,48,-0.14096296185088258
ds000164,sub-023,1,49,stroop,neutral,208.919,1.0,0.732,732.0,1.0,0.0,654.0,1.0,49,0.43772709206326693
ds000164,sub-023,1,50,stroop,congruent,211.921,1.0,0.725,725.0,1.0,0.0,732.0,1.0,50,0.3857933692760997
ds000164,sub-023,1,51,stroop,congruent,216.422,1.0,0.623,623.0,1.0,0.0,725.0,1.0,51,-0.37095516276548046
ds000164,sub-023,1,52,stroop,neutral,219.423,1.0,0.657,657.0,1.0,0.0,623.0,1.0,52,-0.11870565208495375
ds000164,sub-023,1,53,stroop,congruent,222.424,1.0,0.756,756.0,1.0,0.0,657.0,1.0,53,0.6157855701906976
ds000164,sub-023,1,54,stroop,incongruent,226.925,1.0,0.852,852.0,0.0,1.0,756.0,1.0,54,1.32801948270042
ds000164,sub-023,1,55,stroop,congruent,232.927,1.0,0.593,593.0,1.0,0.0,852.0,0.0,55,-0.5935282604247687
ds000164,sub-023,1,56,stroop,congruent,240.429,1.0,0.717,717.0,1.0,0.0,593.0,1.0,56,0.3264405432336228
ds000164,sub-023,1,57,stroop,congruent,243.431,1.0,0.641,641.0,1.0,0.0,717.0,1.0,57,-0.2374113041699075
ds000164,sub-023,1,58,stroop,congruent,246.432,1.0,0.575,575.0,1.0,0.0,641.0,1.0,58,-0.7270721190203416
ds000164,sub-023,1,59,stroop,incongruent,249.433,1.0,0.687,687.0,0.0,1.0,575.0,1.0,59,0.10386744557433453
ds000164,sub-023,1,60,stroop,incongruent,253.934,1.0,0.921,921.0,0.0,1.0,687.0,0.0,60,1.839937607316783
ds000164,sub-023,1,61,stroop,congruent,258.436,1.0,0.612,612.0,1.0,0.0,921.0,0.0,61,-0.45256529857388617
ds000164,sub-023,1,62,stroop,congruent,264.437,1.0,0.53,530.0,1.0,0.0,612.0,1.0,62,-1.060931765509274
ds000164,sub-023,1,63,stroop,congruent,268.939,1.0,0.657,657.0,1.0,0.0,530.0,1.0,63,-0.11870565208495375
ds000164,sub-023,1,64,stroop,neutral,273.441,1.0,0.67,670.0,1.0,0.0,657.0,1.0,64,-0.022257309765928827
ds000164,sub-023,1,65,stroop,congruent,276.442,1.0,0.651,651.0,1.0,0.0,670.0,1.0,65,-0.1632202716168114
ds000164,sub-023,1,66,stroop,neutral,280.943,1.0,0.58,580.0,1.0,0.0,651.0,1.0,66,-0.6899766027437937
ds000164,sub-023,1,67,stroop,neutral,288.445,1.0,0.865,865.0,1.0,0.0,580.0,1.0,67,1.424467825019445
ds000164,sub-023,1,68,stroop,incongruent,291.447,1.0,1.246,1246.0,1.0,1.0,865.0,1.0,68,4.251146165292406
ds000164,sub-023,1,69,stroop,congruent,294.448,1.0,0.708,708.0,1.0,0.0,1246.0,1.0,69,0.2596686139358363
ds000164,sub-023,1,70,stroop,congruent,301.949,1.0,0.647,647.0,1.0,0.0,708.0,1.0,70,-0.19289668463804985
ds000164,sub-023,1,71,stroop,incongruent,307.952,1.0,0.73,730.0,0.0,1.0,647.0,1.0,71,0.4228888855526477
ds000164,sub-023,1,72,stroop,congruent,310.954,1.0,0.881,881.0,1.0,0.0,730.0,0.0,72,1.5431734771043988
ds000164,sub-023,1,73,stroop,neutral,313.955,1.0,0.8,800.0,1.0,0.0,881.0,1.0,73,0.9422261134243204
ds000164,sub-023,1,74,stroop,neutral,316.956,1.0,0.637,637.0,1.0,0.0,800.0,1.0,74,-0.26708771719114593
ds000164,sub-023,1,75,stroop,neutral,319.957,1.0,0.688,688.0,1.0,0.0,637.0,1.0,75,0.11128654882964413
ds000164,sub-023,1,76,stroop,neutral,324.458,1.0,0.774,774.0,1.0,0.0,688.0,1.0,76,0.7493294287862705
ds000164,sub-023,1,77,stroop,congruent,327.459,1.0,0.688,688.0,1.0,0.0,774.0,1.0,77,0.11128654882964413
ds000164,sub-023,1,78,stroop,congruent,330.46,1.0,0.642,642.0,1.0,0.0,688.0,1.0,78,-0.22999220091459788
ds000164,sub-023,1,79,stroop,neutral,333.461,1.0,0.548,548.0,1.0,0.0,642.0,1.0,79,-0.9273879069137011
ds000164,sub-023,1,80,stroop,neutral,337.962,1.0,1.3,1300.0,1.0,0.0,548.0,1.0,80,4.651777741079125
ds000164,sub-023,1,81,stroop,neutral,340.964,1.0,0.696,696.0,1.0,0.0,1300.0,1.0,81,0.170639374872121
ds000164,sub-023,1,82,stroop,congruent,348.465,1.0,0.627,627.0,1.0,0.0,696.0,1.0,82,-0.341278749744242
ds000164,sub-023,1,83,stroop,neutral,351.467,1.0,0.668,668.0,1.0,0.0,627.0,1.0,83,-0.03709551627654804
ds000164,sub-023,1,84,stroop,incongruent,354.468,1.0,0.665,665.0,1.0,1.0,668.0,1.0,84,-0.059352826042476874
ds000164,sub-023,1,85,stroop,incongruent,360.469,1.0,0.643,643.0,1.0,1.0,665.0,1.0,85,-0.22257309765928826
ds000164,sub-023,1,86,stroop,incongruent,370.971,1.0,0.65,650.0,1.0,1.0,643.0,1.0,86,-0.170639374872121
ds000164,sub-023,1,87,stroop,neutral,373.975,1.0,0.791,791.0,1.0,0.0,650.0,1.0,87,0.8754541841265339
ds000164,sub-023,1,88,stroop,congruent,376.976,1.0,0.615,615.0,1.0,0.0,791.0,1.0,88,-0.43030798880795734
ds000164,sub-023,1,89,stroop,neutral,385.977,1.0,0.815,815.0,1.0,0.0,615.0,1.0,89,1.0535126622539646
ds000164,sub-023,1,90,stroop,neutral,390.48,1.0,0.66,660.0,1.0,0.0,815.0,1.0,90,-0.09644834231902492
ds000164,sub-023,1,91,stroop,incongruent,405.481,1.0,0.811,811.0,1.0,1.0,660.0,1.0,91,1.023836249232726
ds000164,sub-023,1,92,stroop,neutral,412.986,1.0,0.622,622.0,1.0,0.0,811.0,1.0,92,-0.37837426602079005
ds000164,sub-023,1,93,stroop,incongruent,415.989,1.0,0.691,691.0,1.0,1.0,622.0,1.0,93,0.13354385859557297
ds000164,sub-023,1,94,stroop,neutral,418.99,1.0,0.675,675.0,1.0,0.0,691.0,1.0,94,0.014838206510619218
ds000164,sub-023,1,95,stroop,incongruent,423.491,1.0,0.673,673.0,1.0,1.0,675.0,1.0,95,0.0
ds000164,sub-023,1,96,stroop,incongruent,426.492,1.0,1.112,1112.0,1.0,1.0,673.0,1.0,96,3.2569863290809185
ds000164,sub-023,1,97,stroop,incongruent,433.993,1.0,0.852,852.0,1.0,1.0,1112.0,1.0,97,1.32801948270042
ds000164,sub-023,1,98,stroop,congruent,439.996,1.0,0.605,605.0,1.0,0.0,852.0,1.0,98,-0.5044990213610534
ds000164,sub-023,1,99,stroop,incongruent,442.998,1.0,0.718,718.0,1.0,1.0,605.0,1.0,99,0.3338596464889324
ds000164,sub-023,1,100,stroop,incongruent,445.999,1.0,0.662,662.0,1.0,1.0,718.0,1.0,100,-0.0816101358084057
ds000164,sub-023,1,101,stroop,neutral,449.0,1.0,0.688,688.0,1.0,0.0,662.0,1.0,101,0.11128654882964413
ds000164,sub-023,1,102,stroop,congruent,453.501,1.0,0.576,576.0,1.0,0.0,688.0,1.0,102,-0.719653015765032
ds000164,sub-023,1,103,stroop,congruent,456.502,1.0,0.565,565.0,1.0,0.0,576.0,1.0,103,-0.8012631515734377
ds000164,sub-023,1,104,stroop,congruent,470.003,1.0,0.674,674.0,1.0,0.0,565.0,1.0,104,0.007419103255309609
ds000164,sub-023,1,105,stroop,incongruent,473.008,1.0,0.648,648.0,1.0,1.0,674.0,1.0,105,-0.18547758138274023
ds000164,sub-023,1,106,stroop,neutral,476.009,1.0,0.584,584.0,1.0,0.0,648.0,1.0,106,-0.6603001897225552
ds000164,sub-023,1,107,stroop,congruent,479.01,1.0,0.781,781.0,1.0,0.0,584.0,1.0,107,0.8012631515734377
ds000164,sub-023,1,108,stroop,congruent,483.511,1.0,0.656,656.0,1.0,0.0,781.0,1.0,108,-0.12612475534026335
ds000164,sub-023,1,109,stroop,congruent,488.012,1.0,0.689,689.0,1.0,0.0,656.0,1.0,109,0.11870565208495375
ds000164,sub-023,1,110,stroop,incongruent,494.014,1.0,1.059,1059.0,1.0,1.0,689.0,1.0,110,2.8637738565495092
ds000164,sub-023,1,111,stroop,neutral,500.016,1.0,0.955,955.0,1.0,0.0,1059.0,1.0,111,2.0921871179973097
ds000164,sub-023,1,112,stroop,incongruent,503.018,1.0,0.853,853.0,1.0,1.0,955.0,1.0,112,1.3354385859557296
ds000164,sub-023,1,113,stroop,neutral,509.019,1.0,0.687,687.0,1.0,0.0,853.0,1.0,113,0.10386744557433453
ds000164,sub-023,1,114,stroop,neutral,513.521,1.0,0.677,677.0,1.0,0.0,687.0,1.0,114,0.029676413021238437
ds000164,sub-023,1,115,stroop,neutral,516.522,1.0,0.659,659.0,1.0,0.0,677.0,1.0,115,-0.10386744557433453
ds000164,sub-023,1,116,stroop,incongruent,522.523,1.0,0.632,632.0,1.0,1.0,659.0,1.0,116,-0.304183233467694
ds000164,sub-023,1,117,stroop,incongruent,527.025,1.0,0.7,700.0,1.0,1.0,632.0,1.0,117,0.20031578789335944
ds000164,sub-023,1,118,stroop,neutral,530.027,1.0,0.659,659.0,1.0,0.0,700.0,1.0,118,-0.10386744557433453
ds000164,sub-023,1,119,stroop,congruent,533.028,1.0,0.565,565.0,1.0,0.0,659.0,1.0,119,-0.8012631515734377
ds000164,sub-024,1,1,stroop,incongruent,0.396,1.0,0.971,971.0,1.0,1.0,,,1,1.578451368104208
ds000164,sub-024,1,2,stroop,congruent,3.409,1.0,0.675,675.0,1.0,0.0,971.0,1.0,2,-0.30550671640726607
ds000164,sub-024,1,3,stroop,congruent,15.41,1.0,0.641,641.0,1.0,0.0,675.0,1.0,3,-0.5219073071957462
ds000164,sub-024,1,4,stroop,incongruent,19.914,1.0,0.712,712.0,1.0,1.0,641.0,1.0,4,-0.07001195584333181
ds000164,sub-024,1,5,stroop,neutral,28.916,1.0,0.682,682.0,1.0,0.0,712.0,1.0,5,-0.2609536535978731
ds000164,sub-024,1,6,stroop,incongruent,33.419,1.0,0.501,501.0,1.0,1.0,682.0,1.0,6,-1.4129685633836058
ds000164,sub-024,1,7,stroop,neutral,39.42,1.0,0.549,549.0,1.0,0.0,501.0,1.0,7,-1.1074618469763395
ds000164,sub-024,1,8,stroop,incongruent,43.922,1.0,0.543,543.0,1.0,1.0,549.0,1.0,8,-1.145650186527248
ds000164,sub-024,1,9,stroop,congruent,46.924,1.0,0.597,597.0,1.0,0.0,543.0,1.0,9,-0.8019551305690735
ds000164,sub-024,1,10,stroop,congruent,49.925,1.0,0.528,528.0,1.0,0.0,597.0,1.0,10,-1.2411210354045186
ds000164,sub-024,1,11,stroop,congruent,52.926,1.0,0.572,572.0,1.0,0.0,528.0,1.0,11,-0.9610732120311912
ds000164,sub-024,1,12,stroop,incongruent,55.927,1.0,0.384,384.0,1.0,1.0,572.0,1.0,12,-2.157641184626317
ds000164,sub-024,1,13,stroop,neutral,58.928,1.0,0.808,808.0,0.0,0.0,384.0,1.0,13,0.5410014769712004
ds000164,sub-024,1,14,stroop,incongruent,64.929,1.0,0.811,811.0,1.0,1.0,808.0,0.0,14,0.5600956467466545
ds000164,sub-024,1,15,stroop,neutral,67.931,1.0,0.56,560.0,1.0,0.0,811.0,1.0,15,-1.0374498911330077
ds000164,sub-024,1,16,stroop,neutral,85.932,1.0,0.667,667.0,1.0,0.0,560.0,1.0,16,-0.3564245024751438
ds000164,sub-024,1,17,stroop,congruent,88.938,1.0,0.649,649.0,1.0,0.0,667.0,1.0,17,-0.47098952112786857
ds000164,sub-024,1,18,stroop,congruent,93.439,1.0,0.754,754.0,1.0,0.0,649.0,1.0,18,0.197306421013026
ds000164,sub-024,1,19,stroop,neutral,96.44,1.0,0.698,698.0,1.0,0.0,754.0,1.0,19,-0.15911808146211776
ds000164,sub-024,1,20,stroop,incongruent,99.441,1.0,0.922,922.0,1.0,1.0,698.0,1.0,20,1.2665799284384573
ds000164,sub-024,1,21,stroop,incongruent,102.442,1.0,0.451,451.0,1.0,1.0,922.0,1.0,21,-1.7312047263078412
ds000164,sub-024,1,22,stroop,neutral,105.443,1.0,0.71,710.0,1.0,0.0,451.0,1.0,22,-0.08274140236030124
ds000164,sub-024,1,23,stroop,incongruent,112.944,1.0,0.881,881.0,1.0,1.0,710.0,1.0,23,1.0056262748405842
ds000164,sub-024,1,24,stroop,incongruent,117.447,1.0,0.651,651.0,1.0,1.0,881.0,1.0,24,-0.4582600746108991
ds000164,sub-024,1,25,stroop,neutral,121.948,1.0,0.88,880.0,0.0,0.0,651.0,1.0,25,0.9992615515820995
ds000164,sub-024,1,26,stroop,neutral,124.95,1.0,0.925,925.0,1.0,0.0,880.0,0.0,26,1.2856740982139114
ds000164,sub-024,1,27,stroop,incongruent,127.951,1.0,0.747,747.0,1.0,1.0,925.0,1.0,27,0.15275335820363303
ds000164,sub-024,1,28,stroop,incongruent,132.452,1.0,0.975,975.0,1.0,1.0,747.0,1.0,28,1.603910261138147
ds000164,sub-024,1,29,stroop,congruent,136.953,1.0,0.854,854.0,1.0,0.0,975.0,1.0,29,0.833778746861497
ds000164,sub-024,1,30,stroop,congruent,139.955,1.0,0.548,548.0,1.0,0.0,854.0,1.0,30,-1.1138265702348242
ds000164,sub-024,1,31,stroop,neutral,142.956,1.0,0.967,967.0,1.0,0.0,548.0,1.0,31,1.5529924750702693
ds000164,sub-024,1,32,stroop,congruent,151.957,1.0,0.849,849.0,1.0,0.0,967.0,1.0,32,0.8019551305690735
ds000164,sub-024,1,33,stroop,congruent,157.96,1.0,0.642,642.0,1.0,0.0,849.0,1.0,33,-0.5155425839372615
ds000164,sub-024,1,34,stroop,incongruent,160.962,1.0,0.608,608.0,1.0,1.0,642.0,1.0,34,-0.7319431747257417
ds000164,sub-024,1,35,stroop,congruent,166.963,1.0,0.739,739.0,1.0,0.0,608.0,1.0,35,0.10183557213575536
ds000164,sub-024,1,36,stroop,congruent,169.965,1.0,0.495,495.0,1.0,0.0,739.0,1.0,36,-1.451156902934514
ds000164,sub-024,1,37,stroop,incongruent,172.966,1.0,1.068,1068.0,1.0,1.0,495.0,1.0,37,2.195829524177225
ds000164,sub-024,1,38,stroop,congruent,178.967,1.0,0.461,461.0,1.0,0.0,1068.0,1.0,38,-1.667557493722994
ds000164,sub-024,1,39,stroop,incongruent,181.969,1.0,0.835,835.0,1.0,1.0,461.0,1.0,39,0.7128490049502876
ds000164,sub-024,1,40,stroop,incongruent,184.97,1.0,0.783,783.0,0.0,1.0,835.0,1.0,40,0.3818833955090826
ds000164,sub-024,1,41,stroop,congruent,189.471,1.0,0.872,872.0,1.0,0.0,783.0,0.0,41,0.9483437655142218
ds000164,sub-024,1,42,stroop,neutral,192.472,1.0,0.636,636.0,1.0,0.0,872.0,1.0,42,-0.5537309234881698
ds000164,sub-024,1,43,stroop,neutral,195.473,1.0,0.535,535.0,1.0,0.0,636.0,1.0,43,-1.1965679725951255
ds000164,sub-024,1,44,stroop,neutral,199.974,1.0,1.03,1030.0,1.0,0.0,535.0,1.0,44,1.953970040354806
ds000164,sub-024,1,45,stroop,neutral,202.976,1.0,0.649,649.0,1.0,0.0,1030.0,1.0,45,-0.47098952112786857
ds000164,sub-024,1,46,stroop,incongruent,207.477,1.0,0.683,683.0,1.0,1.0,649.0,1.0,46,-0.2545889303393884
ds000164,sub-024,1,47,stroop,neutral,210.478,1.0,0.745,745.0,1.0,0.0,683.0,1.0,47,0.14002391168666362
ds000164,sub-024,1,48,stroop,neutral,214.979,1.0,0.595,595.0,1.0,0.0,745.0,1.0,48,-0.8146845770860429
ds000164,sub-024,1,49,stroop,incongruent,219.481,1.0,0.502,502.0,1.0,1.0,595.0,1.0,49,-1.4066038401251209
ds000164,sub-024,1,50,stroop,neutral,222.482,1.0,0.722,722.0,1.0,0.0,502.0,1.0,50,-0.00636472325848471
ds000164,sub-024,1,51,stroop,neutral,225.483,1.0,0.506,506.0,1.0,0.0,722.0,1.0,51,-1.381144947091182
ds000164,sub-024,1,52,stroop,incongruent,235.984,1.0,0.942,942.0,1.0,1.0,506.0,1.0,52,1.3938743936081515
ds000164,sub-024,1,53,stroop,congruent,238.988,1.0,0.506,506.0,1.0,0.0,942.0,1.0,53,-1.381144947091182
ds000164,sub-024,1,54,stroop,neutral,243.489,1.0,0.552,552.0,1.0,0.0,506.0,1.0,54,-1.0883676772008855
ds000164,sub-024,1,55,stroop,congruent,246.49,1.0,0.646,646.0,1.0,0.0,552.0,1.0,55,-0.4900836909033227
ds000164,sub-024,1,56,stroop,neutral,249.491,1.0,0.948,948.0,1.0,0.0,646.0,1.0,56,1.4320627331590599
ds000164,sub-024,1,57,stroop,congruent,252.492,1.0,0.857,857.0,1.0,0.0,948.0,1.0,57,0.8528729166369512
ds000164,sub-024,1,58,stroop,congruent,255.493,1.0,0.621,621.0,1.0,0.0,857.0,1.0,58,-0.6492017723654404
ds000164,sub-024,1,59,stroop,congruent,259.994,1.0,0.686,686.0,1.0,0.0,621.0,1.0,59,-0.23549476056393429
ds000164,sub-024,1,60,stroop,incongruent,264.496,1.0,0.723,723.0,1.0,1.0,686.0,1.0,60,0.0
ds000164,sub-024,1,61,stroop,congruent,267.497,1.0,0.524,524.0,1.0,0.0,723.0,1.0,61,-1.2665799284384573
ds000164,sub-024,1,62,stroop,neutral,270.498,1.0,0.839,839.0,1.0,0.0,524.0,1.0,62,0.7383078979842264
ds000164,sub-024,1,63,stroop,neutral,277.999,1.0,0.944,944.0,1.0,0.0,839.0,1.0,63,1.4066038401251209
ds000164,sub-024,1,64,stroop,congruent,284.002,1.0,0.704,704.0,1.0,0.0,944.0,1.0,64,-0.12092974191120949
ds000164,sub-024,1,65,stroop,neutral,287.004,1.0,1.131,1131.0,1.0,0.0,704.0,1.0,65,2.5968070894617616
ds000164,sub-024,1,66,stroop,congruent,291.505,1.0,0.71,710.0,1.0,0.0,1131.0,1.0,66,-0.08274140236030124
ds000164,sub-024,1,67,stroop,neutral,299.006,1.0,0.679,679.0,1.0,0.0,710.0,1.0,67,-0.28004782337332723
ds000164,sub-024,1,68,stroop,congruent,303.509,1.0,0.566,566.0,1.0,0.0,679.0,1.0,68,-0.9992615515820995
ds000164,sub-024,1,69,stroop,incongruent,306.51,1.0,0.885,885.0,1.0,1.0,566.0,1.0,69,1.031085167874523
ds000164,sub-024,1,70,stroop,incongruent,309.511,1.0,0.806,806.0,1.0,1.0,885.0,1.0,70,0.528272030454231
ds000164,sub-024,1,71,stroop,incongruent,312.512,1.0,0.845,845.0,1.0,1.0,806.0,1.0,71,0.7764962375351346
ds000164,sub-024,1,72,stroop,congruent,315.513,1.0,0.628,628.0,1.0,0.0,845.0,1.0,72,-0.6046487095560474
ds000164,sub-024,1,73,stroop,neutral,323.014,1.0,0.765,765.0,1.0,0.0,628.0,1.0,73,0.26731837685635784
ds000164,sub-024,1,74,stroop,neutral,326.017,1.0,0.726,726.0,1.0,0.0,765.0,1.0,74,0.01909416977545413
ds000164,sub-024,1,75,stroop,incongruent,330.518,1.0,0.723,723.0,1.0,1.0,726.0,1.0,75,0.0
ds000164,sub-024,1,76,stroop,incongruent,333.519,1.0,0.712,712.0,1.0,1.0,723.0,1.0,76,-0.07001195584333181
ds000164,sub-024,1,77,stroop,congruent,336.52,1.0,0.751,751.0,1.0,0.0,712.0,1.0,77,0.1782122512375719
ds000164,sub-024,1,78,stroop,neutral,339.521,1.0,0.795,795.0,1.0,0.0,751.0,1.0,78,0.4582600746108991
ds000164,sub-024,1,79,stroop,incongruent,345.522,1.0,1.035,1035.0,0.0,1.0,795.0,1.0,79,1.9857936566472296
ds000164,sub-024,1,80,stroop,congruent,348.524,1.0,0.594,594.0,1.0,0.0,1035.0,0.0,80,-0.8210493003445276
ds000164,sub-024,1,81,stroop,congruent,353.025,1.0,0.56,560.0,0.0,0.0,594.0,1.0,81,-1.0374498911330077
ds000164,sub-024,1,82,stroop,neutral,362.027,1.0,0.845,845.0,1.0,0.0,560.0,0.0,82,0.7764962375351346
ds000164,sub-024,1,83,stroop,congruent,368.03,1.0,0.823,823.0,1.0,0.0,845.0,1.0,83,0.636472325848471
ds000164,sub-024,1,84,stroop,neutral,371.032,1.0,0.672,672.0,1.0,0.0,823.0,1.0,84,-0.3246008861827202
ds000164,sub-024,1,85,stroop,congruent,381.533,1.0,1.009,1008.9999999999999,1.0,0.0,672.0,1.0,85,1.8203108519266264
ds000164,sub-024,1,86,stroop,congruent,384.537,1.0,0.608,608.0,1.0,0.0,1008.9999999999999,1.0,86,-0.7319431747257417
ds000164,sub-024,1,87,stroop,neutral,387.538,1.0,0.632,632.0,1.0,0.0,608.0,1.0,87,-0.5791898165221087
ds000164,sub-024,1,88,stroop,congruent,392.038,1.0,0.678,678.0,1.0,0.0,632.0,1.0,88,-0.286412546631812
ds000164,sub-024,1,89,stroop,neutral,395.04,1.0,0.744,744.0,1.0,0.0,678.0,1.0,89,0.13365918842817892
ds000164,sub-024,1,90,stroop,neutral,398.041,1.0,0.623,623.0,1.0,0.0,744.0,1.0,90,-0.636472325848471
ds000164,sub-024,1,91,stroop,neutral,401.042,1.0,0.97,970.0,1.0,0.0,623.0,1.0,91,1.5720866448457234
ds000164,sub-024,1,92,stroop,incongruent,404.043,1.0,0.821,821.0,1.0,1.0,970.0,1.0,92,0.6237428793315016
ds000164,sub-024,1,93,stroop,neutral,407.044,1.0,0.795,795.0,1.0,0.0,821.0,1.0,93,0.4582600746108991
ds000164,sub-024,1,94,stroop,incongruent,414.545,1.0,0.777,777.0,1.0,1.0,795.0,1.0,94,0.34369505595817434
ds000164,sub-024,1,95,stroop,neutral,417.548,1.0,0.841,841.0,1.0,0.0,777.0,1.0,95,0.7510373445011957
ds000164,sub-024,1,96,stroop,congruent,420.549,1.0,0.0,,0.0,0.0,841.0,1.0,96,
ds000164,sub-024,1,97,stroop,congruent,423.55,1.0,0.0,,0.0,0.0,,0.0,97,
ds000164,sub-024,1,98,stroop,congruent,426.551,1.0,0.735,735.0,1.0,0.0,,0.0,98,0.07637667910181652
ds000164,sub-024,1,99,stroop,incongruent,432.552,1.0,0.686,686.0,0.0,1.0,735.0,1.0,99,-0.23549476056393429
ds000164,sub-024,1,100,stroop,congruent,437.054,1.0,0.716,716.0,1.0,0.0,686.0,0.0,100,-0.044553062809392974
ds000164,sub-024,1,101,stroop,incongruent,440.055,1.0,0.873,873.0,1.0,1.0,716.0,1.0,101,0.9547084887727065
ds000164,sub-024,1,102,stroop,incongruent,443.056,1.0,0.997,997.0,1.0,1.0,873.0,1.0,102,1.7439341728248106
ds000164,sub-024,1,103,stroop,neutral,446.057,1.0,1.076,1076.0,1.0,0.0,997.0,1.0,103,2.2467473102451025
ds000164,sub-024,1,104,stroop,incongruent,449.058,1.0,0.575,575.0,1.0,1.0,1076.0,1.0,104,-0.9419790422557371
ds000164,sub-024,1,105,stroop,neutral,453.559,1.0,0.686,686.0,1.0,0.0,575.0,1.0,105,-0.23549476056393429
ds000164,sub-024,1,106,stroop,neutral,461.061,1.0,0.617,617.0,1.0,0.0,686.0,1.0,106,-0.6746606653993793
ds000164,sub-024,1,107,stroop,neutral,468.563,1.0,0.797,797.0,1.0,0.0,617.0,1.0,107,0.47098952112786857
ds000164,sub-024,1,108,stroop,neutral,473.066,1.0,0.903,903.0,1.0,0.0,797.0,1.0,108,1.145650186527248
ds000164,sub-024,1,109,stroop,incongruent,479.067,1.0,0.803,803.0,1.0,1.0,903.0,1.0,109,0.5091778606787768
ds000164,sub-024,1,110,stroop,congruent,491.069,1.0,0.712,712.0,1.0,0.0,803.0,1.0,110,-0.07001195584333181
ds000164,sub-024,1,111,stroop,congruent,495.573,1.0,0.773,773.0,1.0,0.0,712.0,1.0,111,0.3182361629242355
ds000164,sub-024,1,112,stroop,incongruent,503.075,1.0,1.009,1008.9999999999999,1.0,1.0,773.0,1.0,112,1.8203108519266264
ds000164,sub-024,1,113,stroop,congruent,507.577,1.0,0.808,808.0,1.0,0.0,1008.9999999999999,1.0,113,0.5410014769712004
ds000164,sub-024,1,114,stroop,neutral,512.079,1.0,0.0,,0.0,0.0,808.0,1.0,114,
ds000164,sub-024,1,115,stroop,congruent,515.08,1.0,0.807,807.0,1.0,0.0,,0.0,115,0.5346367537127157
ds000164,sub-024,1,116,stroop,congruent,521.081,1.0,0.0,,0.0,0.0,807.0,1.0,116,
ds000164,sub-024,1,117,stroop,neutral,524.083,1.0,0.934,934.0,1.0,0.0,,0.0,117,1.342956607540274
ds000164,sub-024,1,118,stroop,incongruent,527.084,1.0,0.936,936.0,1.0,1.0,934.0,1.0,118,1.3556860540572433
ds000164,sub-024,1,119,stroop,congruent,530.085,1.0,0.56,560.0,1.0,0.0,936.0,1.0,119,-1.0374498911330077
ds000164,sub-025,1,1,stroop,congruent,0.396,1.0,0.877,877.0,1.0,0.0,,,1,1.1034501360145268
ds000164,sub-025,1,2,stroop,neutral,3.401,1.0,0.501,501.0,1.0,0.0,877.0,1.0,2,-1.3809645414792582
ds000164,sub-025,1,3,stroop,congruent,6.402,1.0,0.448,448.0,1.0,0.0,501.0,1.0,3,-1.7311612912323715
ds000164,sub-025,1,4,stroop,congruent,9.403,1.0,0.634,634.0,1.0,0.0,448.0,1.0,4,-0.5021689241742757
ds000164,sub-025,1,5,stroop,congruent,15.404,1.0,0.755,755.0,1.0,0.0,634.0,1.0,5,0.2973368629979264
ds000164,sub-025,1,6,stroop,incongruent,18.406,1.0,0.552,552.0,1.0,1.0,755.0,1.0,6,-1.0439827634149417
ds000164,sub-025,1,7,stroop,congruent,21.407,1.0,0.611,611.0,1.0,0.0,552.0,1.0,7,-0.6541410985954381
ds000164,sub-025,1,8,stroop,incongruent,27.408,1.0,1.039,1039.0,1.0,1.0,611.0,1.0,8,2.173862842807062
ds000164,sub-025,1,9,stroop,neutral,37.91,1.0,0.908,908.0,1.0,0.0,1039.0,1.0,9,1.3082821971908762
ds000164,sub-025,1,10,stroop,neutral,40.913,1.0,0.642,642.0,1.0,0.0,908.0,1.0,10,-0.4493090374190888
ds000164,sub-025,1,11,stroop,neutral,43.914,1.0,0.598,598.0,1.0,0.0,642.0,1.0,11,-0.7400384145726169
ds000164,sub-025,1,12,stroop,neutral,46.915,1.0,0.817,817.0,1.0,0.0,598.0,1.0,12,0.707000985350625
ds000164,sub-025,1,13,stroop,congruent,49.916,1.0,0.851,851.0,1.0,0.0,817.0,1.0,13,0.9316555040601694
ds000164,sub-025,1,14,stroop,congruent,52.917,1.0,0.618,618.0,1.0,0.0,851.0,1.0,14,-0.6078886976846496
ds000164,sub-025,1,15,stroop,neutral,57.418,1.0,0.624,624.0,1.0,0.0,618.0,1.0,15,-0.5682437826182594
ds000164,sub-025,1,16,stroop,neutral,60.42,1.0,0.821,821.0,1.0,0.0,624.0,1.0,16,0.7334309287282185
ds000164,sub-025,1,17,stroop,congruent,66.421,1.0,0.702,702.0,1.0,0.0,821.0,1.0,17,-0.052859886755186915
ds000164,sub-025,1,18,stroop,neutral,69.423,1.0,0.691,691.0,1.0,0.0,702.0,1.0,18,-0.12554223104356893
ds000164,sub-025,1,19,stroop,incongruent,73.924,1.0,0.624,624.0,1.0,1.0,691.0,1.0,19,-0.5682437826182594
ds000164,sub-025,1,20,stroop,neutral,76.925,1.0,0.608,608.0,1.0,0.0,624.0,1.0,20,-0.6739635561286332
ds000164,sub-025,1,21,stroop,incongruent,81.426,1.0,0.617,617.0,1.0,1.0,608.0,1.0,21,-0.6144961835290479
ds000164,sub-025,1,22,stroop,congruent,84.428,1.0,0.661,661.0,0.0,0.0,617.0,1.0,22,-0.32376680637551986
ds000164,sub-025,1,23,stroop,neutral,87.429,1.0,0.718,718.0,1.0,0.0,661.0,0.0,23,0.052859886755186915
ds000164,sub-025,1,24,stroop,neutral,90.43,1.0,0.999,999.0,1.0,0.0,718.0,1.0,24,1.9095634090311273
ds000164,sub-025,1,25,stroop,neutral,94.931,1.0,0.647,647.0,1.0,0.0,999.0,1.0,25,-0.41627160819709697
ds000164,sub-025,1,26,stroop,congruent,97.932,1.0,0.596,596.0,1.0,0.0,647.0,1.0,26,-0.7532533862614136
ds000164,sub-025,1,27,stroop,congruent,100.933,1.0,0.71,710.0,1.0,0.0,596.0,1.0,27,0.0
ds000164,sub-025,1,28,stroop,incongruent,103.934,1.0,0.652,652.0,1.0,1.0,710.0,1.0,28,-0.38323417897510514
ds000164,sub-025,1,29,stroop,congruent,112.935,1.0,0.662,662.0,1.0,0.0,652.0,1.0,29,-0.3171593205311215
ds000164,sub-025,1,30,stroop,congruent,118.938,1.0,0.61,610.0,1.0,0.0,662.0,1.0,30,-0.6607485844398364
ds000164,sub-025,1,31,stroop,incongruent,123.44,1.0,0.572,572.0,1.0,1.0,610.0,1.0,31,-0.9118330465269743
ds000164,sub-025,1,32,stroop,neutral,126.442,1.0,0.648,648.0,1.0,0.0,572.0,1.0,32,-0.4096641223526986
ds000164,sub-025,1,33,stroop,congruent,129.443,1.0,0.605,605.0,1.0,0.0,648.0,1.0,33,-0.6937860136618283
ds000164,sub-025,1,34,stroop,incongruent,132.444,1.0,0.806,806.0,1.0,1.0,605.0,1.0,34,0.634318641062243
ds000164,sub-025,1,35,stroop,incongruent,135.445,1.0,0.56,560.0,1.0,1.0,806.0,1.0,35,-0.9911228766597547
ds000164,sub-025,1,36,stroop,congruent,138.446,1.0,0.629,629.0,1.0,0.0,560.0,1.0,36,-0.5352063533962675
ds000164,sub-025,1,37,stroop,incongruent,141.447,1.0,0.563,563.0,1.0,1.0,629.0,1.0,37,-0.9713004191265596
ds000164,sub-025,1,38,stroop,congruent,148.948,1.0,0.683,683.0,1.0,0.0,563.0,1.0,38,-0.17840211779875584
ds000164,sub-025,1,39,stroop,neutral,160.95,1.0,0.585,585.0,1.0,0.0,683.0,1.0,39,-0.8259357305497956
ds000164,sub-025,1,40,stroop,incongruent,163.954,1.0,0.809,809.0,1.0,1.0,585.0,1.0,40,0.6541410985954381
ds000164,sub-025,1,41,stroop,incongruent,168.455,1.0,0.605,605.0,1.0,1.0,809.0,1.0,41,-0.6937860136618283
ds000164,sub-025,1,42,stroop,incongruent,172.957,1.0,0.846,846.0,1.0,1.0,605.0,1.0,42,0.8986180748381776
ds000164,sub-025,1,43,stroop,congruent,177.458,1.0,0.684,684.0,1.0,0.0,846.0,1.0,43,-0.17179463195435749
ds000164,sub-025,1,44,stroop,neutral,181.96,1.0,0.688,688.0,1.0,0.0,684.0,1.0,44,-0.14536468857676402
ds000164,sub-025,1,45,stroop,incongruent,186.461,1.0,0.737,737.0,0.0,1.0,688.0,1.0,45,0.17840211779875584
ds000164,sub-025,1,46,stroop,congruent,189.463,1.0,0.977,977.0,1.0,0.0,737.0,0.0,46,1.7641987204543634
ds000164,sub-025,1,47,stroop,congruent,192.464,1.0,0.786,786.0,1.0,0.0,977.0,1.0,47,0.5021689241742757
ds000164,sub-025,1,48,stroop,incongruent,196.965,1.0,1.088,1088.0,1.0,1.0,786.0,1.0,48,2.497629649182582
ds000164,sub-025,1,49,stroop,neutral,199.966,1.0,1.232,1232.0,1.0,0.0,1088.0,1.0,49,3.4491076107759464
ds000164,sub-025,1,50,stroop,congruent,208.967,1.0,0.832,832.0,1.0,0.0,1232.0,1.0,50,0.8061132730166005
ds000164,sub-025,1,51,stroop,congruent,214.97,1.0,0.703,703.0,1.0,0.0,832.0,1.0,51,-0.046252400910788555
ds000164,sub-025,1,52,stroop,congruent,222.472,1.0,0.82,820.0,1.0,0.0,703.0,1.0,52,0.7268234428838202
ds000164,sub-025,1,53,stroop,neutral,225.475,1.0,0.759,759.0,1.0,0.0,820.0,1.0,53,0.32376680637551986
ds000164,sub-025,1,54,stroop,congruent,228.476,1.0,0.633,633.0,1.0,0.0,759.0,1.0,54,-0.5087764100186741
ds000164,sub-025,1,55,stroop,congruent,232.977,1.0,0.639,639.0,1.0,0.0,633.0,1.0,55,-0.4691314949522839
ds000164,sub-025,1,56,stroop,neutral,238.978,1.0,0.62,620.0,1.0,0.0,639.0,1.0,56,-0.5946737259958528
ds000164,sub-025,1,57,stroop,incongruent,243.48,1.0,0.608,608.0,1.0,1.0,620.0,1.0,57,-0.6739635561286332
ds000164,sub-025,1,58,stroop,congruent,246.482,1.0,0.534,534.0,1.0,0.0,608.0,1.0,58,-1.1629175086141121
ds000164,sub-025,1,59,stroop,incongruent,249.483,1.0,0.719,719.0,1.0,1.0,534.0,1.0,59,0.05946737259958528
ds000164,sub-025,1,60,stroop,congruent,252.484,1.0,0.488,488.0,0.0,0.0,719.0,1.0,60,-1.466861857456437
ds000164,sub-025,1,61,stroop,congruent,258.485,1.0,0.714,714.0,1.0,0.0,488.0,0.0,61,0.026429943377593457
ds000164,sub-025,1,62,stroop,neutral,262.987,1.0,0.755,755.0,1.0,0.0,714.0,1.0,62,0.2973368629979264
ds000164,sub-025,1,63,stroop,incongruent,268.988,1.0,0.748,748.0,1.0,1.0,755.0,1.0,63,0.25108446208713786
ds000164,sub-025,1,64,stroop,incongruent,271.99,1.0,1.105,1105.0,1.0,1.0,748.0,1.0,64,2.609956908537354
ds000164,sub-025,1,65,stroop,neutral,276.491,1.0,0.925,925.0,0.0,0.0,1105.0,1.0,65,1.4206094565456484
ds000164,sub-025,1,66,stroop,neutral,280.993,1.0,0.802,802.0,1.0,0.0,925.0,0.0,66,0.6078886976846496
ds000164,sub-025,1,67,stroop,congruent,283.994,1.0,0.671,671.0,1.0,0.0,802.0,1.0,67,-0.2576919479315362
ds000164,sub-025,1,68,stroop,congruent,286.995,1.0,0.862,862.0,1.0,0.0,671.0,1.0,68,1.0043378483485514
ds000164,sub-025,1,69,stroop,neutral,295.996,1.0,0.858,858.0,1.0,0.0,862.0,1.0,69,0.977907904970958
ds000164,sub-025,1,70,stroop,neutral,298.999,1.0,0.817,817.0,1.0,0.0,858.0,1.0,70,0.707000985350625
ds000164,sub-025,1,71,stroop,neutral,302.0,1.0,0.636,636.0,1.0,0.0,817.0,1.0,71,-0.488953952485479
ds000164,sub-025,1,72,stroop,neutral,305.001,1.0,0.587,587.0,1.0,0.0,636.0,1.0,72,-0.8127207588609988
ds000164,sub-025,1,73,stroop,incongruent,308.002,1.0,0.654,654.0,1.0,1.0,587.0,1.0,73,-0.37001920728630844
ds000164,sub-025,1,74,stroop,incongruent,315.503,1.0,0.731,731.0,1.0,1.0,654.0,1.0,74,0.13875720273236566
ds000164,sub-025,1,75,stroop,incongruent,318.506,1.0,0.82,820.0,1.0,1.0,731.0,1.0,75,0.7268234428838202
ds000164,sub-025,1,76,stroop,incongruent,324.507,1.0,0.56,560.0,1.0,1.0,820.0,1.0,76,-0.9911228766597547
ds000164,sub-025,1,77,stroop,congruent,330.509,1.0,0.763,763.0,1.0,0.0,560.0,1.0,77,0.3501967497531133
ds000164,sub-025,1,78,stroop,neutral,341.011,1.0,0.655,655.0,1.0,0.0,763.0,1.0,78,-0.3634117214419101
ds000164,sub-025,1,79,stroop,congruent,347.015,1.0,0.869,869.0,1.0,0.0,655.0,1.0,79,1.05059024925934
ds000164,sub-025,1,80,stroop,neutral,351.516,1.0,0.687,687.0,1.0,0.0,869.0,1.0,80,-0.1519721744211624
ds000164,sub-025,1,81,stroop,incongruent,354.518,1.0,0.916,916.0,1.0,1.0,687.0,1.0,81,1.361142083946063
ds000164,sub-025,1,82,stroop,neutral,359.019,1.0,0.628,628.0,1.0,0.0,916.0,1.0,82,-0.541813839240666
ds000164,sub-025,1,83,stroop,neutral,368.02,1.0,0.712,712.0,1.0,0.0,628.0,1.0,83,0.013214971688796729
ds000164,sub-025,1,84,stroop,incongruent,374.024,1.0,0.96,960.0,1.0,1.0,712.0,1.0,84,1.6518714610995913
ds000164,sub-025,1,85,stroop,neutral,380.026,1.0,0.818,818.0,1.0,0.0,960.0,1.0,85,0.7136084711950234
ds000164,sub-025,1,86,stroop,congruent,383.028,1.0,0.65,650.0,1.0,0.0,818.0,1.0,86,-0.3964491506639019
ds000164,sub-025,1,87,stroop,incongruent,386.029,1.0,0.644,644.0,1.0,1.0,650.0,1.0,87,-0.4360940657302921
ds000164,sub-025,1,88,stroop,congruent,389.03,1.0,0.675,675.0,1.0,0.0,644.0,1.0,88,-0.23126200455394277
ds000164,sub-025,1,89,stroop,incongruent,392.031,1.0,1.163,1163.0,1.0,1.0,675.0,1.0,89,2.993191087512459
ds000164,sub-025,1,90,stroop,congruent,398.032,1.0,0.926,926.0,1.0,0.0,1163.0,1.0,90,1.4272169423900467
ds000164,sub-025,1,91,stroop,congruent,401.034,1.0,0.632,632.0,1.0,0.0,926.0,1.0,91,-0.5153838958630724
ds000164,sub-025,1,92,stroop,incongruent,405.535,1.0,0.758,758.0,1.0,1.0,632.0,1.0,92,0.3171593205311215
ds000164,sub-025,1,93,stroop,neutral,414.536,1.0,0.722,722.0,1.0,0.0,758.0,1.0,93,0.07928983013278038
ds000164,sub-025,1,94,stroop,incongruent,422.039,1.0,0.965,965.0,1.0,1.0,722.0,1.0,94,1.684908890321583
ds000164,sub-025,1,95,stroop,neutral,425.042,1.0,0.807,807.0,0.0,0.0,965.0,1.0,95,0.6409261269066414
ds000164,sub-025,1,96,stroop,incongruent,428.043,1.0,1.111,1111.0,1.0,1.0,807.0,0.0,96,2.6496018236037444
ds000164,sub-025,1,97,stroop,incongruent,437.044,1.0,0.834,834.0,1.0,1.0,1111.0,1.0,97,0.8193282447053972
ds000164,sub-025,1,98,stroop,neutral,440.047,1.0,0.67,670.0,1.0,0.0,834.0,1.0,98,-0.26429943377593457
ds000164,sub-025,1,99,stroop,neutral,443.048,1.0,0.792,792.0,1.0,0.0,670.0,1.0,99,0.541813839240666
ds000164,sub-025,1,100,stroop,neutral,449.049,1.0,0.632,632.0,1.0,0.0,792.0,1.0,100,-0.5153838958630724
ds000164,sub-025,1,101,stroop,congruent,455.051,1.0,0.675,675.0,1.0,0.0,632.0,1.0,101,-0.23126200455394277
ds000164,sub-025,1,102,stroop,neutral,459.553,1.0,0.883,883.0,1.0,0.0,675.0,1.0,102,1.143095051080917
ds000164,sub-025,1,103,stroop,incongruent,462.554,1.0,0.685,685.0,1.0,1.0,883.0,1.0,103,-0.1651871461099591
ds000164,sub-025,1,104,stroop,congruent,467.055,1.0,0.651,651.0,1.0,0.0,685.0,1.0,104,-0.3898416648195035
ds000164,sub-025,1,105,stroop,incongruent,470.057,1.0,0.713,713.0,1.0,1.0,651.0,1.0,105,0.019822457533195094
ds000164,sub-025,1,106,stroop,neutral,473.058,1.0,0.682,682.0,1.0,0.0,713.0,1.0,106,-0.18500960364315422
ds000164,sub-025,1,107,stroop,incongruent,476.059,1.0,1.158,1158.0,1.0,1.0,682.0,1.0,107,2.9601536582904675
ds000164,sub-025,1,108,stroop,neutral,482.06,1.0,0.649,649.0,1.0,0.0,1158.0,1.0,108,-0.40305663650830026
ds000164,sub-025,1,109,stroop,congruent,488.062,1.0,0.858,858.0,1.0,0.0,649.0,1.0,109,0.977907904970958
ds000164,sub-025,1,110,stroop,congruent,491.064,1.0,0.872,872.0,1.0,0.0,858.0,1.0,110,1.070412706792535
ds000164,sub-025,1,111,stroop,congruent,500.065,1.0,0.891,891.0,1.0,0.0,872.0,1.0,111,1.195954937836104
ds000164,sub-025,1,112,stroop,congruent,504.568,1.0,0.764,764.0,1.0,0.0,891.0,1.0,112,0.3568042355975117
ds000164,sub-025,1,113,stroop,neutral,509.069,1.0,0.713,713.0,1.0,0.0,764.0,1.0,113,0.019822457533195094
ds000164,sub-025,1,114,stroop,incongruent,512.071,1.0,0.982,982.0,1.0,1.0,713.0,1.0,114,1.7972361496763551
ds000164,sub-025,1,115,stroop,neutral,515.072,1.0,0.771,771.0,1.0,0.0,982.0,1.0,115,0.40305663650830026
ds000164,sub-025,1,116,stroop,neutral,518.073,1.0,0.65,650.0,1.0,0.0,771.0,1.0,116,-0.3964491506639019
ds000164,sub-025,1,117,stroop,congruent,522.574,1.0,0.703,703.0,1.0,0.0,650.0,1.0,117,-0.046252400910788555
ds000164,sub-025,1,118,stroop,incongruent,525.575,1.0,0.977,977.0,1.0,1.0,703.0,1.0,118,1.7641987204543634
ds000164,sub-025,1,119,stroop,neutral,528.576,1.0,0.809,809.0,1.0,0.0,977.0,1.0,119,0.6541410985954381
ds000164,sub-026,1,1,stroop,congruent,0.371,1.0,0.898,898.0,1.0,0.0,,,1,0.46851310288920023
ds000164,sub-026,1,2,stroop,incongruent,3.376,1.0,0.664,664.0,0.0,1.0,898.0,1.0,2,-0.9018877230617104
ds000164,sub-026,1,3,stroop,incongruent,9.377,1.0,1.07,1070.0,1.0,1.0,664.0,0.0,3,1.4758162741009806
ds000164,sub-026,1,4,stroop,neutral,12.379,1.0,0.701,701.0,1.0,0.0,1070.0,1.0,4,-0.6852004129754553
ds000164,sub-026,1,5,stroop,congruent,18.38,1.0,0.687,687.0,1.0,0.0,701.0,1.0,5,-0.7671902059810654
ds000164,sub-026,1,6,stroop,neutral,21.382,1.0,0.756,756.0,1.0,0.0,687.0,1.0,6,-0.3630976547391302
ds000164,sub-026,1,7,stroop,neutral,30.383,1.0,0.721,721.0,1.0,0.0,756.0,1.0,7,-0.5680721372531553
ds000164,sub-026,1,8,stroop,neutral,33.386,1.0,0.728,728.0,1.0,0.0,721.0,1.0,8,-0.5270772407503502
ds000164,sub-026,1,9,stroop,congruent,36.387,1.0,0.734,734.0,1.0,0.0,728.0,1.0,9,-0.4919387580336602
ds000164,sub-026,1,10,stroop,neutral,39.388,1.0,0.808,808.0,1.0,0.0,734.0,1.0,10,-0.05856413786115003
ds000164,sub-026,1,11,stroop,incongruent,42.389,1.0,0.772,772.0,0.0,1.0,808.0,1.0,11,-0.2693950341612901
ds000164,sub-026,1,12,stroop,incongruent,49.89,1.0,0.852,852.0,1.0,1.0,772.0,0.0,12,0.1991180687279101
ds000164,sub-026,1,13,stroop,neutral,52.893,1.0,0.748,748.0,1.0,0.0,852.0,1.0,13,-0.40994896502805017
ds000164,sub-026,1,14,stroop,neutral,55.894,1.0,0.702,702.0,1.0,0.0,748.0,1.0,14,-0.6793439991893403
ds000164,sub-026,1,15,stroop,incongruent,58.895,1.0,0.921,921.0,1.0,1.0,702.0,1.0,15,0.6032106199698453
ds000164,sub-026,1,16,stroop,neutral,61.896,1.0,0.728,728.0,1.0,0.0,921.0,1.0,16,-0.5270772407503502
ds000164,sub-026,1,17,stroop,incongruent,66.397,1.0,1.154,1154.0,1.0,1.0,728.0,1.0,17,1.9677550321346409
ds000164,sub-026,1,18,stroop,incongruent,73.898,1.0,0.937,937.0,1.0,1.0,1154.0,1.0,18,0.6969132405476853
ds000164,sub-026,1,19,stroop,neutral,76.901,1.0,0.886,886.0,1.0,0.0,937.0,1.0,19,0.3982361374558202
ds000164,sub-026,1,20,stroop,incongruent,79.902,1.0,1.063,1063.0,1.0,1.0,886.0,1.0,20,1.4348213775981757
ds000164,sub-026,1,21,stroop,neutral,82.903,1.0,0.862,862.0,1.0,0.0,1063.0,1.0,21,0.2576822065890601
ds000164,sub-026,1,22,stroop,congruent,85.904,1.0,0.713,713.0,1.0,0.0,862.0,1.0,22,-0.6149234475420753
ds000164,sub-026,1,23,stroop,incongruent,91.905,1.0,1.266,1266.0,1.0,1.0,713.0,1.0,23,2.623673376179521
ds000164,sub-026,1,24,stroop,congruent,94.907,1.0,0.798,798.0,1.0,0.0,1266.0,1.0,24,-0.11712827572230006
ds000164,sub-026,1,25,stroop,incongruent,97.908,1.0,0.807,807.0,1.0,1.0,798.0,1.0,25,-0.06442055164726503
ds000164,sub-026,1,26,stroop,neutral,100.909,1.0,0.751,751.0,1.0,0.0,807.0,1.0,26,-0.3923797236697052
ds000164,sub-026,1,27,stroop,congruent,103.91,1.0,0.67,670.0,1.0,0.0,751.0,1.0,27,-0.8667492403450204
ds000164,sub-026,1,28,stroop,incongruent,106.911,1.0,0.904,904.0,1.0,1.0,670.0,1.0,28,0.5036515856058902
ds000164,sub-026,1,29,stroop,incongruent,109.912,1.0,0.69,690.0,1.0,1.0,904.0,1.0,29,-0.7496209646227203
ds000164,sub-026,1,30,stroop,incongruent,114.413,1.0,0.722,722.0,1.0,1.0,690.0,1.0,30,-0.5622157234670403
ds000164,sub-026,1,31,stroop,incongruent,120.414,1.0,0.986,986.0,1.0,1.0,722.0,1.0,31,0.9838775160673204
ds000164,sub-026,1,32,stroop,incongruent,123.416,1.0,1.06,1060.0,1.0,1.0,986.0,1.0,32,1.4172521362398307
ds000164,sub-026,1,33,stroop,neutral,127.917,1.0,0.77,770.0,1.0,0.0,1060.0,1.0,33,-0.28110786173352015
ds000164,sub-026,1,34,stroop,congruent,130.919,1.0,0.724,724.0,1.0,0.0,770.0,1.0,34,-0.5505028958948103
ds000164,sub-026,1,35,stroop,neutral,133.92,1.0,0.766,766.0,1.0,0.0,724.0,1.0,35,-0.30453351687798014
ds000164,sub-026,1,36,stroop,neutral,139.921,1.0,0.654,654.0,1.0,0.0,766.0,1.0,36,-0.9604518609228604
ds000164,sub-026,1,37,stroop,congruent,148.923,1.0,0.818,818.0,1.0,0.0,654.0,1.0,37,0.0
ds000164,sub-026,1,38,stroop,congruent,151.926,1.0,0.637,637.0,1.0,0.0,818.0,1.0,38,-1.0600108952868155
ds000164,sub-026,1,39,stroop,neutral,156.427,1.0,0.769,769.0,1.0,0.0,637.0,1.0,39,-0.28696427551963516
ds000164,sub-026,1,40,stroop,congruent,162.429,1.0,0.932,932.0,1.0,0.0,769.0,1.0,40,0.6676311716171103
ds000164,sub-026,1,41,stroop,neutral,165.431,1.0,1.057,1057.0,1.0,0.0,932.0,1.0,41,1.3996828948814857
ds000164,sub-026,1,42,stroop,neutral,171.432,1.0,0.887,887.0,1.0,0.0,1057.0,1.0,42,0.40409255124193516
ds000164,sub-026,1,43,stroop,congruent,174.434,1.0,0.731,731.0,1.0,0.0,887.0,1.0,43,-0.5095079993920052
ds000164,sub-026,1,44,stroop,neutral,177.435,1.0,0.768,768.0,1.0,0.0,731.0,1.0,44,-0.2928206893057501
ds000164,sub-026,1,45,stroop,neutral,183.436,1.0,0.718,718.0,1.0,0.0,768.0,1.0,45,-0.5856413786115002
ds000164,sub-026,1,46,stroop,congruent,186.438,1.0,0.657,657.0,1.0,0.0,718.0,1.0,46,-0.9428826195645155
ds000164,sub-026,1,47,stroop,incongruent,195.439,1.0,0.899,899.0,0.0,1.0,657.0,1.0,47,0.47436951667531524
ds000164,sub-026,1,48,stroop,incongruent,199.942,1.0,0.982,982.0,1.0,1.0,899.0,0.0,48,0.9604518609228604
ds000164,sub-026,1,49,stroop,congruent,202.943,1.0,0.804,804.0,1.0,0.0,982.0,1.0,49,-0.08198979300561003
ds000164,sub-026,1,50,stroop,neutral,205.944,1.0,0.793,793.0,1.0,0.0,804.0,1.0,50,-0.14641034465287506
ds000164,sub-026,1,51,stroop,neutral,208.945,1.0,0.747,747.0,1.0,0.0,793.0,1.0,51,-0.4158053788141652
ds000164,sub-026,1,52,stroop,congruent,214.946,1.0,0.968,968.0,1.0,0.0,747.0,1.0,52,0.8784620679172505
ds000164,sub-026,1,53,stroop,congruent,217.948,1.0,0.665,665.0,1.0,0.0,968.0,1.0,53,-0.8960313092755954
ds000164,sub-026,1,54,stroop,congruent,226.949,1.0,0.639,639.0,1.0,0.0,665.0,1.0,54,-1.0482980677145854
ds000164,sub-026,1,55,stroop,incongruent,229.952,1.0,0.648,648.0,0.0,1.0,639.0,1.0,55,-0.9955903436395505
ds000164,sub-026,1,56,stroop,congruent,234.453,1.0,0.842,842.0,1.0,0.0,648.0,0.0,56,0.14055393086676007
ds000164,sub-026,1,57,stroop,neutral,237.455,1.0,0.816,816.0,1.0,0.0,842.0,1.0,57,-0.011712827572230005
ds000164,sub-026,1,58,stroop,congruent,240.456,1.0,0.758,758.0,1.0,0.0,816.0,1.0,58,-0.35138482716690017
ds000164,sub-026,1,59,stroop,incongruent,243.457,1.0,1.024,1024.0,1.0,1.0,758.0,1.0,59,1.2064212399396905
ds000164,sub-026,1,60,stroop,neutral,253.958,1.0,0.708,708.0,1.0,0.0,1024.0,1.0,60,-0.6442055164726503
ds000164,sub-026,1,61,stroop,neutral,256.961,1.0,0.799,799.0,1.0,0.0,708.0,1.0,61,-0.11127186193618505
ds000164,sub-026,1,62,stroop,congruent,259.962,1.0,0.847,847.0,1.0,0.0,799.0,1.0,62,0.16983599979733507
ds000164,sub-026,1,63,stroop,congruent,262.963,1.0,0.726,726.0,1.0,0.0,847.0,1.0,63,-0.5387900683225803
ds000164,sub-026,1,64,stroop,neutral,268.964,1.0,0.749,749.0,1.0,0.0,726.0,1.0,64,-0.40409255124193516
ds000164,sub-026,1,65,stroop,congruent,273.466,1.0,0.84,840.0,1.0,0.0,749.0,1.0,65,0.12884110329453005
ds000164,sub-026,1,66,stroop,incongruent,277.968,1.0,0.911,911.0,1.0,1.0,840.0,1.0,66,0.5446464821086953
ds000164,sub-026,1,67,stroop,neutral,291.469,1.0,0.957,957.0,1.0,0.0,911.0,1.0,67,0.8140415162699853
ds000164,sub-026,1,68,stroop,congruent,294.474,1.0,0.871,871.0,1.0,0.0,957.0,1.0,68,0.31038993066409515
ds000164,sub-026,1,69,stroop,neutral,298.975,1.0,1.119,1119.0,1.0,0.0,871.0,1.0,69,1.762780549620616
ds000164,sub-026,1,70,stroop,congruent,303.476,1.0,0.825,825.0,1.0,0.0,1119.0,1.0,70,0.040994896502805016
ds000164,sub-026,1,71,stroop,congruent,306.478,1.0,0.75,750.0,1.0,0.0,825.0,1.0,71,-0.3982361374558202
ds000164,sub-026,1,72,stroop,incongruent,309.479,1.0,0.857,857.0,1.0,1.0,750.0,1.0,72,0.2284001376584851
ds000164,sub-026,1,73,stroop,neutral,313.98,1.0,0.795,795.0,1.0,0.0,857.0,1.0,73,-0.13469751708064506
ds000164,sub-026,1,74,stroop,congruent,316.981,1.0,0.741,741.0,1.0,0.0,795.0,1.0,74,-0.4509438615308552
ds000164,sub-026,1,75,stroop,congruent,325.982,1.0,0.876,876.0,1.0,0.0,741.0,1.0,75,0.33967199959467015
ds000164,sub-026,1,76,stroop,neutral,333.485,1.0,0.766,766.0,1.0,0.0,876.0,1.0,76,-0.30453351687798014
ds000164,sub-026,1,77,stroop,incongruent,336.488,1.0,0.803,803.0,1.0,1.0,766.0,1.0,77,-0.08784620679172504
ds000164,sub-026,1,78,stroop,incongruent,339.489,1.0,1.049,1049.0,1.0,1.0,803.0,1.0,78,1.3528315845925656
ds000164,sub-026,1,79,stroop,neutral,343.99,1.0,0.89,890.0,1.0,0.0,1049.0,1.0,79,0.4216617926002802
ds000164,sub-026,1,80,stroop,incongruent,346.991,1.0,1.069,1069.0,0.0,1.0,890.0,1.0,80,1.4699598603148656
ds000164,sub-026,1,81,stroop,congruent,357.492,1.0,0.812,812.0,1.0,0.0,1069.0,0.0,81,-0.03513848271669002
ds000164,sub-026,1,82,stroop,incongruent,361.996,1.0,0.697,697.0,0.0,1.0,812.0,1.0,82,-0.7086260681199154
ds000164,sub-026,1,83,stroop,congruent,364.997,1.0,0.801,801.0,1.0,0.0,697.0,0.0,83,-0.09955903436395505
ds000164,sub-026,1,84,stroop,neutral,369.498,1.0,0.858,858.0,1.0,0.0,801.0,1.0,84,0.23425655144460011
ds000164,sub-026,1,85,stroop,neutral,372.5,1.0,1.164,1164.0,1.0,0.0,858.0,1.0,85,2.0263191699957908
ds000164,sub-026,1,86,stroop,incongruent,378.501,1.0,1.065,1065.0,1.0,1.0,1164.0,1.0,86,1.4465342051704058
ds000164,sub-026,1,87,stroop,incongruent,386.003,1.0,0.999,999.0,1.0,1.0,1065.0,1.0,87,1.0600108952868155
ds000164,sub-026,1,88,stroop,incongruent,390.505,1.0,1.028,1028.0,1.0,1.0,999.0,1.0,88,1.2298468950841506
ds000164,sub-026,1,89,stroop,incongruent,393.507,1.0,0.87,870.0,1.0,1.0,1028.0,1.0,89,0.30453351687798014
ds000164,sub-026,1,90,stroop,incongruent,396.508,1.0,1.417,1417.0,1.0,1.0,870.0,1.0,90,3.5079918578828866
ds000164,sub-026,1,91,stroop,neutral,401.009,1.0,1.173,1173.0,1.0,0.0,1417.0,1.0,91,2.079026894070826
ds000164,sub-026,1,92,stroop,congruent,405.51,1.0,1.139,1139.0,1.0,0.0,1173.0,1.0,92,1.879908825342916
ds000164,sub-026,1,93,stroop,neutral,410.012,1.0,0.8,800.0,1.0,0.0,1139.0,1.0,93,-0.10541544815007005
ds000164,sub-026,1,94,stroop,congruent,417.513,1.0,0.748,748.0,1.0,0.0,800.0,1.0,94,-0.40994896502805017
ds000164,sub-026,1,95,stroop,neutral,422.016,1.0,0.818,818.0,1.0,0.0,748.0,1.0,95,0.0
ds000164,sub-026,1,96,stroop,neutral,425.017,1.0,1.422,1422.0,1.0,0.0,818.0,1.0,96,3.5372739268134614
ds000164,sub-026,1,97,stroop,neutral,431.018,1.0,0.753,753.0,1.0,0.0,1422.0,1.0,97,-0.38066689609747517
ds000164,sub-026,1,98,stroop,incongruent,435.52,1.0,1.152,1152.0,1.0,1.0,753.0,1.0,98,1.9560422045624108
ds000164,sub-026,1,99,stroop,congruent,438.522,1.0,1.038,1038.0,1.0,0.0,1152.0,1.0,99,1.2884110329453007
ds000164,sub-026,1,100,stroop,congruent,441.528,1.0,0.862,862.0,1.0,0.0,1038.0,1.0,100,0.2576822065890601
ds000164,sub-026,1,101,stroop,incongruent,444.524,1.0,0.985,985.0,1.0,1.0,862.0,1.0,101,0.9780211022812054
ds000164,sub-026,1,102,stroop,congruent,455.025,1.0,0.663,663.0,1.0,0.0,985.0,1.0,102,-0.9077441368478254
ds000164,sub-026,1,103,stroop,incongruent,461.028,1.0,0.791,791.0,1.0,1.0,663.0,1.0,103,-0.15812317222510508
ds000164,sub-026,1,104,stroop,neutral,467.03,1.0,1.227,1227.0,1.0,0.0,791.0,1.0,104,2.3952732385210362
ds000164,sub-026,1,105,stroop,incongruent,471.532,1.0,1.013,1012.9999999999999,1.0,1.0,1227.0,1.0,105,1.142000688292425
ds000164,sub-026,1,106,stroop,neutral,477.534,1.0,1.341,1341.0,1.0,0.0,1012.9999999999999,1.0,106,3.0629044101381466
ds000164,sub-026,1,107,stroop,neutral,480.536,1.0,0.923,923.0,1.0,0.0,1341.0,1.0,107,0.6149234475420753
ds000164,sub-026,1,108,stroop,neutral,483.537,1.0,1.074,1074.0,1.0,0.0,923.0,1.0,108,1.4992419292454406
ds000164,sub-026,1,109,stroop,congruent,486.538,1.0,0.866,866.0,1.0,0.0,1074.0,1.0,109,0.28110786173352015
ds000164,sub-026,1,110,stroop,congruent,489.539,1.0,0.707,707.0,1.0,0.0,866.0,1.0,110,-0.6500619302587654
ds000164,sub-026,1,111,stroop,incongruent,492.54,1.0,0.905,905.0,1.0,1.0,707.0,1.0,111,0.5095079993920052
ds000164,sub-026,1,112,stroop,neutral,498.541,1.0,1.188,1188.0,1.0,0.0,905.0,1.0,112,2.166873100862551
ds000164,sub-026,1,113,stroop,incongruent,503.043,1.0,0.896,896.0,1.0,1.0,1188.0,1.0,113,0.4568002753169702
ds000164,sub-026,1,114,stroop,congruent,506.044,1.0,0.825,825.0,1.0,0.0,896.0,1.0,114,0.040994896502805016
ds000164,sub-026,1,115,stroop,congruent,509.045,1.0,0.736,736.0,1.0,0.0,825.0,1.0,115,-0.4802259304614302
ds000164,sub-026,1,116,stroop,congruent,512.046,1.0,0.983,983.0,1.0,0.0,736.0,1.0,116,0.9663082747089754
ds000164,sub-026,1,117,stroop,congruent,524.047,1.0,0.984,984.0,0.0,0.0,983.0,1.0,117,0.9721646884950904
ds000164,sub-026,1,118,stroop,congruent,527.051,1.0,0.755,755.0,1.0,0.0,984.0,0.0,118,-0.36895406852524515
ds000164,sub-026,1,119,stroop,congruent,530.052,1.0,0.559,559.0,1.0,0.0,755.0,1.0,119,-1.5168111706037857
ds000164,sub-027,1,1,stroop,congruent,0.396,1.0,0.562,562.0,1.0,0.0,,,1,-1.3846827155274204
ds000164,sub-027,1,2,stroop,congruent,3.399,1.0,0.731,731.0,1.0,0.0,562.0,1.0,2,-0.2676832934551815
ds000164,sub-027,1,3,stroop,incongruent,12.4,1.0,0.917,917.0,1.0,1.0,731.0,1.0,3,0.9616770172278744
ds000164,sub-027,1,4,stroop,congruent,16.903,1.0,0.887,887.0,1.0,0.0,917.0,1.0,4,0.7633930961499621
ds000164,sub-027,1,5,stroop,neutral,19.905,1.0,0.684,684.0,1.0,0.0,887.0,1.0,5,-0.5783281031439107
ds000164,sub-027,1,6,stroop,congruent,22.906,1.0,0.618,618.0,1.0,0.0,684.0,1.0,6,-1.0145527295153176
ds000164,sub-027,1,7,stroop,incongruent,25.907,1.0,0.724,724.0,1.0,1.0,618.0,1.0,7,-0.31394954170669437
ds000164,sub-027,1,8,stroop,congruent,28.908,1.0,0.621,621.0,1.0,0.0,724.0,1.0,8,-0.9947243374075263
ds000164,sub-027,1,9,stroop,unknown,31.909,1.0,0.63,630.0,1.0,,621.0,1.0,9,-0.9352391610841527
ds000164,sub-027,1,10,stroop,congruent,34.91,1.0,0.576,576.0,1.0,0.0,630.0,1.0,10,-1.2921502190243948
ds000164,sub-027,1,11,stroop,neutral,37.911,1.0,0.58,580.0,1.0,0.0,576.0,1.0,11,-1.265712362880673
ds000164,sub-027,1,12,stroop,incongruent,40.912,1.0,0.687,687.0,1.0,1.0,580.0,1.0,12,-0.5584997110361194
ds000164,sub-027,1,13,stroop,incongruent,43.913,1.0,0.711,711.0,1.0,1.0,687.0,1.0,13,-0.3998725741737897
ds000164,sub-027,1,14,stroop,neutral,46.914,1.0,0.657,657.0,1.0,0.0,711.0,1.0,14,-0.7567836321140317
ds000164,sub-027,1,15,stroop,neutral,54.415,1.0,0.793,793.0,1.0,0.0,657.0,1.0,15,0.14210347677250376
ds000164,sub-027,1,16,stroop,incongruent,57.417,1.0,0.745,745.0,1.0,1.0,793.0,1.0,16,-0.1751507969521558
ds000164,sub-027,1,17,stroop,neutral,60.418,1.0,0.719,719.0,1.0,0.0,745.0,1.0,17,-0.3469968618863464
ds000164,sub-027,1,18,stroop,incongruent,63.419,1.0,0.821,821.0,1.0,1.0,719.0,1.0,18,0.3271684697785552
ds000164,sub-027,1,19,stroop,congruent,72.42,1.0,0.695,695.0,1.0,0.0,821.0,1.0,19,-0.5056239987486761
ds000164,sub-027,1,20,stroop,congruent,87.423,1.0,0.73,730.0,1.0,0.0,695.0,1.0,20,-0.2742927574911119
ds000164,sub-027,1,21,stroop,neutral,90.428,1.0,0.652,652.0,1.0,0.0,730.0,1.0,21,-0.7898309522936837
ds000164,sub-027,1,22,stroop,incongruent,93.429,1.0,0.703,703.0,1.0,1.0,652.0,1.0,22,-0.45274828646123294
ds000164,sub-027,1,23,stroop,incongruent,100.93,1.0,0.936,936.0,1.0,1.0,703.0,1.0,23,1.0872568339105522
ds000164,sub-027,1,24,stroop,incongruent,105.433,1.0,0.693,693.0,1.0,1.0,936.0,1.0,24,-0.518842926820537
ds000164,sub-027,1,25,stroop,incongruent,108.434,1.0,0.562,562.0,1.0,1.0,693.0,1.0,25,-1.3846827155274204
ds000164,sub-027,1,26,stroop,congruent,111.435,1.0,0.591,591.0,1.0,0.0,562.0,1.0,26,-1.1930082584854387
ds000164,sub-027,1,27,stroop,neutral,114.436,1.0,0.77,770.0,1.0,0.0,591.0,1.0,27,-0.009914196053895612
ds000164,sub-027,1,28,stroop,congruent,117.437,1.0,0.678,678.0,1.0,0.0,770.0,1.0,28,-0.6179848873594931
ds000164,sub-027,1,29,stroop,congruent,121.938,1.0,0.771,771.0,1.0,0.0,678.0,1.0,29,-0.003304732017965204
ds000164,sub-027,1,30,stroop,incongruent,126.44,1.0,0.78,780.0,1.0,1.0,771.0,1.0,30,0.056180444305408465
ds000164,sub-027,1,31,stroop,neutral,130.941,1.0,0.978,978.0,1.0,0.0,780.0,1.0,31,1.364854323419629
ds000164,sub-027,1,32,stroop,congruent,133.943,1.0,0.675,675.0,1.0,0.0,978.0,1.0,32,-0.6378132794672844
ds000164,sub-027,1,33,stroop,neutral,141.444,1.0,0.786,786.0,1.0,0.0,675.0,1.0,33,0.09583722852099091
ds000164,sub-027,1,34,stroop,incongruent,144.446,1.0,0.913,913.0,0.0,1.0,786.0,1.0,34,0.9352391610841527
ds000164,sub-027,1,35,stroop,incongruent,147.448,1.0,1.229,1229.0,1.0,1.0,913.0,0.0,35,3.0238297964381613
ds000164,sub-027,1,36,stroop,neutral,150.449,1.0,0.801,801.0,1.0,0.0,1229.0,1.0,36,0.19497918905994702
ds000164,sub-027,1,37,stroop,incongruent,157.95,1.0,0.868,868.0,1.0,1.0,801.0,1.0,37,0.6378132794672844
ds000164,sub-027,1,38,stroop,neutral,165.452,1.0,0.961,961.0,1.0,0.0,868.0,1.0,38,1.2524934348088121
ds000164,sub-027,1,39,stroop,neutral,168.455,1.0,0.915,915.0,1.0,0.0,961.0,1.0,39,0.9484580891560135
ds000164,sub-027,1,40,stroop,neutral,171.456,1.0,0.581,581.0,1.0,0.0,915.0,1.0,40,-1.2591028988447426
ds000164,sub-027,1,41,stroop,congruent,181.957,1.0,0.76,760.0,1.0,0.0,581.0,1.0,41,-0.07600883641319969
ds000164,sub-027,1,42,stroop,congruent,184.96,1.0,0.64,640.0,1.0,0.0,760.0,1.0,42,-0.8691445207248486
ds000164,sub-027,1,43,stroop,congruent,189.461,1.0,0.726,726.0,1.0,0.0,640.0,1.0,43,-0.30073061363483355
ds000164,sub-027,1,44,stroop,neutral,192.463,1.0,0.695,695.0,1.0,0.0,726.0,1.0,44,-0.5056239987486761
ds000164,sub-027,1,45,stroop,neutral,196.964,1.0,0.718,718.0,1.0,0.0,695.0,1.0,45,-0.3536063259222768
ds000164,sub-027,1,46,stroop,neutral,204.465,1.0,0.889,889.0,1.0,0.0,718.0,1.0,46,0.7766120242218228
ds000164,sub-027,1,47,stroop,neutral,208.968,1.0,0.819,819.0,1.0,0.0,889.0,1.0,47,0.31394954170669437
ds000164,sub-027,1,48,stroop,neutral,211.969,1.0,0.636,636.0,1.0,0.0,819.0,1.0,48,-0.8955823768685702
ds000164,sub-027,1,49,stroop,congruent,214.97,1.0,0.712,712.0,1.0,0.0,636.0,1.0,49,-0.39326311013785925
ds000164,sub-027,1,50,stroop,incongruent,217.971,1.0,0.739,739.0,1.0,1.0,712.0,1.0,50,-0.21480758116773824
ds000164,sub-027,1,51,stroop,congruent,222.472,1.0,0.85,850.0,1.0,0.0,739.0,1.0,51,0.518842926820537
ds000164,sub-027,1,52,stroop,congruent,225.474,1.0,0.722,722.0,1.0,0.0,850.0,1.0,52,-0.3271684697785552
ds000164,sub-027,1,53,stroop,congruent,228.475,1.0,0.558,558.0,1.0,0.0,722.0,1.0,53,-1.4111205716711421
ds000164,sub-027,1,54,stroop,incongruent,231.476,1.0,0.696,696.0,1.0,1.0,558.0,1.0,54,-0.49901453471274576
ds000164,sub-027,1,55,stroop,congruent,238.977,1.0,0.738,738.0,1.0,0.0,696.0,1.0,55,-0.22141704520366864
ds000164,sub-027,1,56,stroop,incongruent,244.979,1.0,0.723,723.0,1.0,1.0,738.0,1.0,56,-0.32055900574262475
ds000164,sub-027,1,57,stroop,incongruent,247.981,1.0,0.815,815.0,1.0,1.0,723.0,1.0,57,0.28751168556297274
ds000164,sub-027,1,58,stroop,neutral,253.982,1.0,0.713,713.0,1.0,0.0,815.0,1.0,58,-0.38665364610192887
ds000164,sub-027,1,59,stroop,congruent,256.984,1.0,0.792,792.0,1.0,0.0,713.0,1.0,59,0.13549401273657335
ds000164,sub-027,1,60,stroop,congruent,259.985,1.0,0.766,766.0,1.0,0.0,792.0,1.0,60,-0.036352052197617245
ds000164,sub-027,1,61,stroop,congruent,262.986,1.0,0.807,807.0,1.0,0.0,766.0,1.0,61,0.23463597327552949
ds000164,sub-027,1,62,stroop,incongruent,265.987,1.0,1.131,1131.0,1.0,1.0,807.0,1.0,62,2.3761023209169814
ds000164,sub-027,1,63,stroop,congruent,271.988,1.0,0.719,719.0,1.0,0.0,1131.0,1.0,63,-0.3469968618863464
ds000164,sub-027,1,64,stroop,neutral,280.99,1.0,0.965,965.0,1.0,0.0,719.0,1.0,64,1.2789312909525339
ds000164,sub-027,1,65,stroop,incongruent,283.993,1.0,0.884,884.0,1.0,1.0,965.0,1.0,65,0.7435647040421709
ds000164,sub-027,1,66,stroop,congruent,295.994,1.0,1.052,1052.0,1.0,0.0,884.0,1.0,66,1.8539546620784793
ds000164,sub-027,1,67,stroop,neutral,298.998,1.0,0.989,989.0,1.0,0.0,1052.0,1.0,67,1.4375584278148636
ds000164,sub-027,1,68,stroop,incongruent,301.999,1.0,1.095,1095.0,1.0,1.0,989.0,1.0,68,2.138161615623487
ds000164,sub-027,1,69,stroop,neutral,309.5,1.0,0.846,846.0,1.0,0.0,1095.0,1.0,69,0.4924050706768154
ds000164,sub-027,1,70,stroop,congruent,315.503,1.0,0.704,704.0,1.0,0.0,846.0,1.0,70,-0.4461388224253025
ds000164,sub-027,1,71,stroop,neutral,318.505,1.0,0.69,690.0,1.0,0.0,704.0,1.0,71,-0.5386713189283282
ds000164,sub-027,1,72,stroop,congruent,321.506,1.0,0.849,849.0,1.0,0.0,690.0,1.0,72,0.5122334627846066
ds000164,sub-027,1,73,stroop,neutral,327.507,1.0,0.646,646.0,1.0,0.0,849.0,1.0,73,-0.8294877365092662
ds000164,sub-027,1,74,stroop,neutral,335.009,1.0,0.723,723.0,1.0,0.0,646.0,1.0,74,-0.32055900574262475
ds000164,sub-027,1,75,stroop,congruent,338.011,1.0,0.647,647.0,1.0,0.0,723.0,1.0,75,-0.8228782724733358
ds000164,sub-027,1,76,stroop,neutral,350.012,1.0,0.813,813.0,1.0,0.0,647.0,1.0,76,0.2742927574911119
ds000164,sub-027,1,77,stroop,neutral,353.016,1.0,0.929,929.0,1.0,0.0,813.0,1.0,77,1.0409905856590391
ds000164,sub-027,1,78,stroop,neutral,357.517,1.0,0.848,848.0,1.0,0.0,929.0,1.0,78,0.5056239987486761
ds000164,sub-027,1,79,stroop,congruent,365.019,1.0,0.793,793.0,1.0,0.0,848.0,1.0,79,0.14210347677250376
ds000164,sub-027,1,80,stroop,neutral,369.521,1.0,0.602,602.0,1.0,0.0,793.0,1.0,80,-1.1203041540902041
ds000164,sub-027,1,81,stroop,incongruent,372.523,1.0,0.842,842.0,1.0,1.0,602.0,1.0,81,0.46596721453309375
ds000164,sub-027,1,82,stroop,neutral,375.524,1.0,0.651,651.0,1.0,0.0,842.0,1.0,82,-0.7964404163296142
ds000164,sub-027,1,83,stroop,incongruent,378.525,1.0,0.975,975.0,1.0,1.0,651.0,1.0,83,1.345025931311838
ds000164,sub-027,1,84,stroop,congruent,383.026,1.0,0.903,903.0,1.0,0.0,975.0,1.0,84,0.8691445207248486
ds000164,sub-027,1,85,stroop,incongruent,386.027,1.0,1.269,1269.0,1.0,1.0,903.0,1.0,85,3.288208357875378
ds000164,sub-027,1,86,stroop,neutral,389.028,1.0,0.646,646.0,1.0,0.0,1269.0,1.0,86,-0.8294877365092662
ds000164,sub-027,1,87,stroop,congruent,393.529,1.0,0.832,832.0,1.0,0.0,646.0,1.0,87,0.3998725741737897
ds000164,sub-027,1,88,stroop,neutral,401.031,1.0,1.092,1092.0,1.0,0.0,832.0,1.0,88,2.1183332235156955
ds000164,sub-027,1,89,stroop,neutral,405.533,1.0,0.738,738.0,1.0,0.0,1092.0,1.0,89,-0.22141704520366864
ds000164,sub-027,1,90,stroop,incongruent,408.535,1.0,0.785,785.0,1.0,1.0,738.0,1.0,90,0.0892277644850605
ds000164,sub-027,1,91,stroop,incongruent,411.536,1.0,0.689,689.0,1.0,1.0,785.0,1.0,91,-0.5452807829642586
ds000164,sub-027,1,92,stroop,incongruent,414.537,1.0,0.0,,0.0,1.0,689.0,1.0,92,
ds000164,sub-027,1,93,stroop,incongruent,417.538,1.0,0.66,660.0,1.0,1.0,,0.0,93,-0.7369552400062405
ds000164,sub-027,1,94,stroop,incongruent,420.539,1.0,0.894,894.0,1.0,1.0,660.0,1.0,94,0.8096593444014749
ds000164,sub-027,1,95,stroop,congruent,423.54,1.0,0.713,713.0,1.0,0.0,894.0,1.0,95,-0.38665364610192887
ds000164,sub-027,1,96,stroop,neutral,428.041,1.0,0.784,784.0,1.0,0.0,713.0,1.0,96,0.0826183004491301
ds000164,sub-027,1,97,stroop,incongruent,432.542,1.0,0.94,940.0,0.0,1.0,784.0,1.0,97,1.1136946900542737
ds000164,sub-027,1,98,stroop,neutral,435.544,1.0,0.729,729.0,1.0,0.0,940.0,0.0,98,-0.2809022215270423
ds000164,sub-027,1,99,stroop,congruent,438.545,1.0,0.866,866.0,1.0,0.0,729.0,1.0,99,0.6245943513954235
ds000164,sub-027,1,100,stroop,congruent,441.546,1.0,0.787,787.0,1.0,0.0,866.0,1.0,100,0.10244669255692132
ds000164,sub-027,1,101,stroop,neutral,444.547,1.0,0.771,771.0,1.0,0.0,787.0,1.0,101,-0.003304732017965204
ds000164,sub-027,1,102,stroop,congruent,450.548,1.0,0.817,817.0,1.0,0.0,771.0,1.0,102,0.30073061363483355
ds000164,sub-027,1,103,stroop,incongruent,453.55,1.0,1.063,1063.0,1.0,1.0,817.0,1.0,103,1.9266587664737138
ds000164,sub-027,1,104,stroop,neutral,459.551,1.0,0.799,799.0,1.0,0.0,1063.0,1.0,104,0.1817602609880862
ds000164,sub-027,1,105,stroop,congruent,465.553,1.0,0.94,940.0,1.0,0.0,799.0,1.0,105,1.1136946900542737
ds000164,sub-027,1,106,stroop,incongruent,468.555,1.0,0.719,719.0,0.0,1.0,940.0,1.0,106,-0.3469968618863464
ds000164,sub-027,1,107,stroop,neutral,473.056,1.0,0.792,792.0,1.0,0.0,719.0,0.0,107,0.13549401273657335
ds000164,sub-027,1,108,stroop,incongruent,476.057,1.0,0.699,699.0,1.0,1.0,792.0,1.0,108,-0.47918614260495457
ds000164,sub-027,1,109,stroop,congruent,479.058,1.0,0.598,598.0,1.0,0.0,699.0,1.0,109,-1.1467420102339256
ds000164,sub-027,1,110,stroop,neutral,482.059,1.0,0.772,772.0,1.0,0.0,598.0,1.0,110,0.003304732017965204
ds000164,sub-027,1,111,stroop,incongruent,489.56,1.0,1.079,1079.0,0.0,1.0,772.0,1.0,111,2.0324101910486005
ds000164,sub-027,1,112,stroop,incongruent,495.563,1.0,0.807,807.0,1.0,1.0,1079.0,0.0,112,0.23463597327552949
ds000164,sub-027,1,113,stroop,congruent,501.565,1.0,1.065,1065.0,1.0,0.0,807.0,1.0,113,1.9398776945455747
ds000164,sub-027,1,114,stroop,congruent,504.567,1.0,0.841,841.0,1.0,0.0,1065.0,1.0,114,0.4593577504971633
ds000164,sub-027,1,115,stroop,congruent,509.068,1.0,0.788,788.0,1.0,0.0,841.0,1.0,115,0.10905615659285173
ds000164,sub-027,1,116,stroop,neutral,512.069,1.0,0.785,785.0,1.0,0.0,788.0,1.0,116,0.0892277644850605
ds000164,sub-027,1,117,stroop,incongruent,518.07,1.0,1.086,1086.0,1.0,1.0,785.0,1.0,117,2.0786764393001134
ds000164,sub-027,1,118,stroop,neutral,521.072,1.0,1.33,1330.0,1.0,0.0,1086.0,1.0,118,3.6913856640671328
ds000164,sub-027,1,119,stroop,congruent,525.573,1.0,0.795,795.0,1.0,0.0,1330.0,1.0,119,0.15532240484436458
ds000164,sub-028,1,1,stroop,incongruent,0.366,1.0,0.868,868.0,1.0,1.0,,,1,-0.2695206296231756
ds000164,sub-028,1,2,stroop,neutral,3.378,1.0,0.796,796.0,1.0,0.0,868.0,1.0,2,-0.5902724533069548
ds000164,sub-028,1,3,stroop,incongruent,9.379,1.0,1.104,1104.0,1.0,1.0,796.0,1.0,3,0.7818325702292117
ds000164,sub-028,1,4,stroop,neutral,16.881,1.0,0.729,729.0,0.0,0.0,1104.0,1.0,4,-0.8887498447904715
ds000164,sub-028,1,5,stroop,neutral,24.384,1.0,0.524,524.0,1.0,0.0,729.0,0.0,5,-1.8020015650012315
ds000164,sub-028,1,6,stroop,congruent,27.386,1.0,0.9,900.0,1.0,0.0,524.0,1.0,6,-0.12696426354149593
ds000164,sub-028,1,7,stroop,congruent,31.887,1.0,0.669,669.0,1.0,0.0,900.0,1.0,7,-1.1560430311936207
ds000164,sub-028,1,8,stroop,neutral,34.889,1.0,0.881,881.0,1.0,0.0,669.0,1.0,8,-0.2116071059024932
ds000164,sub-028,1,9,stroop,congruent,45.39,1.0,0.759,759.0,1.0,0.0,881.0,1.0,9,-0.7551032515888968
ds000164,sub-028,1,10,stroop,incongruent,54.393,1.0,0.83,830.0,1.0,1.0,759.0,1.0,10,-0.43880631434517015
ds000164,sub-028,1,11,stroop,neutral,60.396,1.0,0.723,723.0,1.0,0.0,830.0,1.0,11,-0.9154791634307864
ds000164,sub-028,1,12,stroop,incongruent,63.398,1.0,0.984,984.0,1.0,1.0,723.0,1.0,12,0.24724619742291312
ds000164,sub-028,1,13,stroop,neutral,69.399,1.0,0.8,800.0,1.0,0.0,984.0,1.0,13,-0.5724529075467448
ds000164,sub-028,1,14,stroop,incongruent,73.901,1.0,0.974,974.0,0.0,1.0,800.0,1.0,14,0.20269733302238824
ds000164,sub-028,1,15,stroop,congruent,78.403,1.0,0.907,907.0,1.0,0.0,974.0,0.0,15,-0.0957800584611285
ds000164,sub-028,1,16,stroop,incongruent,84.404,1.0,0.697,697.0,1.0,1.0,907.0,1.0,16,-1.0313062108721511
ds000164,sub-028,1,17,stroop,neutral,93.406,1.0,0.652,652.0,1.0,0.0,697.0,1.0,17,-1.2317761006745132
ds000164,sub-028,1,18,stroop,incongruent,96.409,1.0,0.639,639.0,1.0,1.0,652.0,1.0,18,-1.2896896243951954
ds000164,sub-028,1,19,stroop,incongruent,100.91,1.0,0.721,721.0,1.0,1.0,639.0,1.0,19,-0.9243889363108914
ds000164,sub-028,1,20,stroop,congruent,105.412,1.0,0.751,751.0,1.0,0.0,721.0,1.0,20,-0.7907423431093167
ds000164,sub-028,1,21,stroop,incongruent,112.913,1.0,1.049,1049.0,1.0,1.0,751.0,1.0,21,0.5368138160263248
ds000164,sub-028,1,22,stroop,neutral,115.916,1.0,1.281,1281.0,1.0,0.0,1049.0,1.0,22,1.5703474701185023
ds000164,sub-028,1,23,stroop,congruent,118.917,1.0,0.817,817.0,1.0,0.0,1281.0,1.0,23,-0.49671983806585246
ds000164,sub-028,1,24,stroop,neutral,121.918,1.0,0.934,934.0,1.0,0.0,817.0,1.0,24,0.02450187542028869
ds000164,sub-028,1,25,stroop,congruent,127.919,1.0,1.387,1387.0,1.0,0.0,934.0,1.0,25,2.042565432764066
ds000164,sub-028,1,26,stroop,congruent,130.921,1.0,0.706,706.0,1.0,0.0,1387.0,1.0,26,-0.9912122329116787
ds000164,sub-028,1,27,stroop,incongruent,135.422,1.0,0.924,924.0,1.0,1.0,706.0,1.0,27,-0.0200469889802362
ds000164,sub-028,1,28,stroop,neutral,139.923,1.0,0.778,778.0,1.0,0.0,924.0,1.0,28,-0.6704604092278995
ds000164,sub-028,1,29,stroop,neutral,147.425,1.0,0.898,898.0,1.0,0.0,778.0,1.0,29,-0.1358740364216009
ds000164,sub-028,1,30,stroop,congruent,153.427,1.0,0.626,626.0,1.0,0.0,898.0,1.0,30,-1.3476031481158777
ds000164,sub-028,1,31,stroop,congruent,157.929,1.0,1.01,1010.0,1.0,0.0,626.0,1.0,31,0.36307324486427783
ds000164,sub-028,1,32,stroop,congruent,162.431,1.0,0.821,821.0,1.0,0.0,1010.0,1.0,32,-0.4789002923056425
ds000164,sub-028,1,33,stroop,congruent,165.432,1.0,0.592,592.0,1.0,0.0,821.0,1.0,33,-1.4990692870776623
ds000164,sub-028,1,34,stroop,incongruent,169.933,1.0,0.636,636.0,1.0,1.0,592.0,1.0,34,-1.303054283715353
ds000164,sub-028,1,35,stroop,incongruent,172.935,1.0,0.865,865.0,1.0,1.0,636.0,1.0,35,-0.28288528894333304
ds000164,sub-028,1,36,stroop,incongruent,175.936,1.0,0.552,552.0,1.0,1.0,865.0,1.0,36,-1.677264744679762
ds000164,sub-028,1,37,stroop,incongruent,178.937,1.0,0.821,821.0,1.0,1.0,552.0,1.0,37,-0.4789002923056425
ds000164,sub-028,1,38,stroop,neutral,181.938,1.0,0.772,772.0,1.0,0.0,821.0,1.0,38,-0.6971897278682144
ds000164,sub-028,1,39,stroop,congruent,186.439,1.0,1.09,1090.0,1.0,0.0,772.0,1.0,39,0.7194641600684769
ds000164,sub-028,1,40,stroop,neutral,195.44,1.0,0.806,806.0,0.0,0.0,1090.0,1.0,40,-0.5457235889064298
ds000164,sub-028,1,41,stroop,neutral,201.443,1.0,0.814,814.0,1.0,0.0,806.0,0.0,41,-0.5100844973860099
ds000164,sub-028,1,42,stroop,incongruent,214.945,1.0,1.057,1057.0,1.0,1.0,814.0,1.0,42,0.5724529075467448
ds000164,sub-028,1,43,stroop,congruent,217.95,1.0,0.931,931.0,0.0,0.0,1057.0,1.0,43,0.011137216100131221
ds000164,sub-028,1,44,stroop,neutral,220.951,1.0,0.813,813.0,1.0,0.0,931.0,0.0,44,-0.5145393838260625
ds000164,sub-028,1,45,stroop,incongruent,226.952,1.0,0.926,926.0,1.0,1.0,813.0,1.0,45,-0.011137216100131221
ds000164,sub-028,1,46,stroop,neutral,229.954,1.0,0.815,815.0,1.0,0.0,926.0,1.0,46,-0.5056296109459575
ds000164,sub-028,1,47,stroop,neutral,232.955,1.0,0.924,924.0,1.0,0.0,815.0,1.0,47,-0.0200469889802362
ds000164,sub-028,1,48,stroop,neutral,237.456,1.0,1.285,1285.0,1.0,0.0,924.0,1.0,48,1.5881670158787122
ds000164,sub-028,1,49,stroop,congruent,240.457,1.0,0.987,987.0,1.0,0.0,1285.0,1.0,49,0.26061085674307055
ds000164,sub-028,1,50,stroop,neutral,243.458,1.0,0.831,831.0,1.0,0.0,987.0,1.0,50,-0.4343514279051176
ds000164,sub-028,1,51,stroop,congruent,246.459,1.0,0.785,785.0,1.0,0.0,831.0,1.0,51,-0.6392762041475321
ds000164,sub-028,1,52,stroop,incongruent,267.46,1.0,1.05,1050.0,1.0,1.0,785.0,1.0,52,0.5412687024663774
ds000164,sub-028,1,53,stroop,congruent,270.467,1.0,1.434,1434.0,1.0,0.0,1050.0,1.0,53,2.251945095446533
ds000164,sub-028,1,54,stroop,neutral,273.468,1.0,0.881,881.0,1.0,0.0,1434.0,1.0,54,-0.2116071059024932
ds000164,sub-028,1,55,stroop,neutral,276.469,1.0,1.035,1035.0,1.0,0.0,881.0,1.0,55,0.47444540586559003
ds000164,sub-028,1,56,stroop,congruent,279.47,1.0,0.771,771.0,1.0,0.0,1035.0,1.0,56,-0.701644614308267
ds000164,sub-028,1,57,stroop,incongruent,282.471,1.0,1.006,1006.0,1.0,1.0,771.0,1.0,57,0.34525369910406783
ds000164,sub-028,1,58,stroop,congruent,285.472,1.0,0.798,798.0,1.0,0.0,1006.0,1.0,58,-0.5813626804268498
ds000164,sub-028,1,59,stroop,congruent,288.473,1.0,0.944,944.0,1.0,0.0,798.0,1.0,59,0.06905073982081357
ds000164,sub-028,1,60,stroop,neutral,291.474,1.0,0.933,933.0,1.0,0.0,944.0,1.0,60,0.0200469889802362
ds000164,sub-028,1,61,stroop,incongruent,294.475,1.0,0.925,925.0,0.0,1.0,933.0,1.0,61,-0.01559210254018371
ds000164,sub-028,1,62,stroop,congruent,297.476,1.0,0.681,681.0,1.0,0.0,925.0,0.0,62,-1.102584393912991
ds000164,sub-028,1,63,stroop,incongruent,304.977,1.0,1.119,1119.0,1.0,1.0,681.0,1.0,63,0.848655866829999
ds000164,sub-028,1,64,stroop,neutral,309.48,1.0,1.03,1030.0,1.0,0.0,1119.0,1.0,64,0.4521709736653276
ds000164,sub-028,1,65,stroop,congruent,312.481,1.0,0.899,899.0,1.0,0.0,1030.0,1.0,65,-0.1314191499815484
ds000164,sub-028,1,66,stroop,congruent,316.982,1.0,0.893,893.0,1.0,0.0,899.0,1.0,66,-0.15814846862186335
ds000164,sub-028,1,67,stroop,incongruent,321.484,1.0,1.216,1216.0,1.0,1.0,893.0,1.0,67,1.2807798515150906
ds000164,sub-028,1,68,stroop,congruent,324.485,1.0,0.865,865.0,1.0,0.0,1216.0,1.0,68,-0.28288528894333304
ds000164,sub-028,1,69,stroop,congruent,327.486,1.0,0.747,747.0,1.0,0.0,865.0,1.0,69,-0.8085618888695266
ds000164,sub-028,1,70,stroop,congruent,333.487,1.0,1.01,1010.0,1.0,0.0,747.0,1.0,70,0.36307324486427783
ds000164,sub-028,1,71,stroop,neutral,336.489,1.0,0.952,952.0,1.0,0.0,1010.0,1.0,71,0.10468983134123348
ds000164,sub-028,1,72,stroop,incongruent,340.99,1.0,1.158,1158.0,1.0,1.0,952.0,1.0,72,1.022396437992046
ds000164,sub-028,1,73,stroop,congruent,343.992,1.0,0.847,847.0,1.0,0.0,1158.0,1.0,73,-0.36307324486427783
ds000164,sub-028,1,74,stroop,incongruent,346.993,1.0,1.249,1249.0,1.0,1.0,847.0,1.0,74,1.4277911040368225
ds000164,sub-028,1,75,stroop,neutral,351.494,1.0,1.249,1249.0,1.0,0.0,1249.0,1.0,75,1.4277911040368225
ds000164,sub-028,1,76,stroop,incongruent,355.995,1.0,1.248,1248.0,1.0,1.0,1249.0,1.0,76,1.42333621759677
ds000164,sub-028,1,77,stroop,neutral,358.997,1.0,0.972,972.0,1.0,0.0,1248.0,1.0,77,0.19378756014228324
ds000164,sub-028,1,78,stroop,neutral,361.998,1.0,0.663,663.0,1.0,0.0,972.0,1.0,78,-1.1827723498339358
ds000164,sub-028,1,79,stroop,incongruent,364.999,1.0,1.169,1169.0,1.0,1.0,663.0,1.0,79,1.0714001888326234
ds000164,sub-028,1,80,stroop,congruent,369.5,1.0,1.093,1093.0,1.0,0.0,1169.0,1.0,80,0.7328288193886343
ds000164,sub-028,1,81,stroop,neutral,372.501,1.0,1.02,1020.0,1.0,0.0,1093.0,1.0,81,0.4076221092648027
ds000164,sub-028,1,82,stroop,congruent,375.502,1.0,0.867,867.0,1.0,0.0,1020.0,1.0,82,-0.27397551606322806
ds000164,sub-028,1,83,stroop,incongruent,378.503,1.0,1.326,1326.0,1.0,1.0,867.0,1.0,83,1.770817359920864
ds000164,sub-028,1,84,stroop,congruent,381.504,1.0,0.908,908.0,1.0,0.0,1326.0,1.0,84,-0.09132517202107601
ds000164,sub-028,1,85,stroop,neutral,390.505,1.0,1.145,1145.0,1.0,0.0,908.0,1.0,85,0.9644829142713638
ds000164,sub-028,1,86,stroop,congruent,393.508,1.0,0.734,734.0,1.0,0.0,1145.0,1.0,86,-0.866475412590209
ds000164,sub-028,1,87,stroop,incongruent,398.009,1.0,1.732,1732.0,0.0,1.0,734.0,1.0,87,3.5795012545821745
ds000164,sub-028,1,88,stroop,incongruent,402.511,1.0,1.116,1116.0,1.0,1.0,1732.0,0.0,88,0.8352912075098416
ds000164,sub-028,1,89,stroop,neutral,405.512,1.0,0.832,832.0,1.0,0.0,1116.0,1.0,89,-0.4298965414650651
ds000164,sub-028,1,90,stroop,neutral,408.513,1.0,0.811,811.0,1.0,0.0,832.0,1.0,90,-0.5234491567061674
ds000164,sub-028,1,91,stroop,neutral,416.014,1.0,1.306,1306.0,1.0,0.0,811.0,1.0,91,1.6817196311198144
ds000164,sub-028,1,92,stroop,neutral,423.517,1.0,1.092,1092.0,1.0,0.0,1306.0,1.0,92,0.7283739329485819
ds000164,sub-028,1,93,stroop,congruent,426.519,1.0,1.016,1016.0,1.0,0.0,1092.0,1.0,93,0.38980256350459275
ds000164,sub-028,1,94,stroop,incongruent,432.52,1.0,1.047,1047.0,1.0,1.0,1016.0,1.0,94,0.5279040431462199
ds000164,sub-028,1,95,stroop,congruent,441.522,1.0,0.0,,0.0,0.0,1047.0,1.0,95,
ds000164,sub-028,1,96,stroop,neutral,446.025,1.0,0.959,959.0,1.0,0.0,,0.0,96,0.1358740364216009
ds000164,sub-028,1,97,stroop,neutral,449.027,1.0,1.071,1071.0,1.0,0.0,959.0,1.0,97,0.6348213177074796
ds000164,sub-028,1,98,stroop,neutral,452.028,1.0,1.007,1006.9999999999999,0.0,0.0,1071.0,1.0,98,0.3497085855441198
ds000164,sub-028,1,99,stroop,neutral,455.029,1.0,1.049,1049.0,1.0,0.0,1006.9999999999999,0.0,99,0.5368138160263248
ds000164,sub-028,1,100,stroop,congruent,458.03,1.0,1.028,1028.0,1.0,0.0,1049.0,1.0,100,0.44326120078522263
ds000164,sub-028,1,101,stroop,incongruent,461.031,1.0,1.415,1415.0,1.0,1.0,1028.0,1.0,101,2.1673022530855355
ds000164,sub-028,1,102,stroop,incongruent,464.032,1.0,1.006,1006.0,0.0,1.0,1415.0,1.0,102,0.34525369910406783
ds000164,sub-028,1,103,stroop,neutral,470.033,1.0,1.742,1742.0,0.0,0.0,1006.0,0.0,103,3.6240501189826992
ds000164,sub-028,1,104,stroop,neutral,473.035,1.0,1.126,1126.0,1.0,0.0,1742.0,0.0,104,0.8798400719103665
ds000164,sub-028,1,105,stroop,congruent,480.536,1.0,1.102,1102.0,1.0,0.0,1126.0,1.0,105,0.7729227973491067
ds000164,sub-028,1,106,stroop,congruent,483.538,1.0,1.146,1146.0,1.0,0.0,1102.0,1.0,106,0.9689378007114162
ds000164,sub-028,1,107,stroop,neutral,486.539,1.0,1.007,1006.9999999999999,1.0,0.0,1146.0,1.0,107,0.3497085855441198
ds000164,sub-028,1,108,stroop,incongruent,489.54,1.0,1.311,1311.0,1.0,1.0,1006.9999999999999,1.0,108,1.703994063320077
ds000164,sub-028,1,109,stroop,incongruent,492.541,1.0,0.76,760.0,1.0,1.0,1311.0,1.0,109,-0.7506483651488444
ds000164,sub-028,1,110,stroop,incongruent,495.542,1.0,1.377,1377.0,1.0,1.0,760.0,1.0,110,1.9980165683635411
ds000164,sub-028,1,111,stroop,neutral,498.543,1.0,1.071,1071.0,1.0,0.0,1377.0,1.0,111,0.6348213177074796
ds000164,sub-028,1,112,stroop,congruent,501.544,1.0,0.82,820.0,1.0,0.0,1071.0,1.0,112,-0.483355178745695
ds000164,sub-028,1,113,stroop,incongruent,504.545,1.0,0.891,891.0,1.0,1.0,820.0,1.0,113,-0.16705824150196832
ds000164,sub-028,1,114,stroop,congruent,507.546,1.0,0.88,880.0,1.0,0.0,891.0,1.0,114,-0.2160619923425457
ds000164,sub-028,1,115,stroop,congruent,510.547,1.0,0.834,834.0,1.0,0.0,880.0,1.0,115,-0.42098676858496015
ds000164,sub-028,1,116,stroop,congruent,513.548,1.0,1.326,1326.0,1.0,0.0,834.0,1.0,116,1.770817359920864
ds000164,sub-028,1,117,stroop,neutral,519.549,1.0,1.242,1242.0,1.0,0.0,1326.0,1.0,117,1.396606898956455
ds000164,sub-028,1,118,stroop,incongruent,522.551,1.0,1.256,1256.0,1.0,1.0,1242.0,1.0,118,1.45897530911719
ds000164,sub-028,1,119,stroop,congruent,531.552,1.0,1.131,1131.0,1.0,0.0,1256.0,1.0,119,0.9021145041106289
